{"type": "FeatureCollection", "features": [{"type": "Feature", "properties": {"district": 1}, "geometry": {"type": "Polygon", "coordinates": [[[-87.86706099903843, 41.84904700021307], [-87.86742699999222, 41.85635200023497], [-87.8814939999768, 41.85595599942086], [-87.88207999990371, 41.8558229997984], [-87.88311499927869, 41.87786099953731], [-87.89780699952566, 41.877396999965946], [-87.89787000031293, 41.88013500048566], [-87.89909900005092, 41.88010099952841], [-87.89937099984533, 41.883121999263636], [-87.89926599940328, 41.88318800015115], [-87.89935099974059, 41.886702000422375], [-87.89803999993397, 41.88673699953245], [-87.8981060007269, 41.88913599960558], [-87.89856299938822, 41.88914700060377], [-87.89846599988749, 41.8925089997234], [-87.89551100076315, 41.89265100021568], [-87.89304000020513, 41.89248000073079], [-87.88351800004776, 41.892406999851175], [-87.87848500075663, 41.89274400024797], [-87.86401299991549, 41.89292299985021], [-87.86394900026245, 41.89115500007347], [-87.84045700016189, 41.88853099962059], [-87.84055999974572, 41.890798999749194], [-87.839340000437, 41.890824000720585], [-87.83929800009436, 41.8896999998165], [-87.83562200056156, 41.88902800029717], [-87.83565800044067, 41.889977999807925], [-87.83444299948725, 41.88999700026031], [-87.83458799987623, 41.89362900040458], [-87.83361200058857, 41.89373199984632], [-87.83255699965027, 41.89297099974721], [-87.83148300054808, 41.892589000418674], [-87.8301610005786, 41.89155499956432], [-87.82963799979741, 41.890123999429186], [-87.83013900030424, 41.889715999744965], [-87.83184699965028, 41.88891200038379], [-87.83273300057812, 41.888208000339596], [-87.83365600011888, 41.8865730006966], [-87.83365800013863, 41.88600600030882], [-87.83345400047922, 41.88545700067404], [-87.83301299973806, 41.88474900039997], [-87.83249899994597, 41.88427900002985], [-87.8307780002351, 41.88313300000724], [-87.82863500042357, 41.881363000691046], [-87.82731100056759, 41.880539999847535], [-87.82698400035396, 41.879957000262685], [-87.827324999397, 41.87917500042173], [-87.81444999966429, 41.879446000172265], [-87.81471599977952, 41.88686699945102], [-87.80498600033975, 41.88698299914667], [-87.80582600010486, 41.91070599969479], [-87.80400099992613, 41.91072800046897], [-87.80428999929862, 41.91987100027022], [-87.79884800003762, 41.91991900080643], [-87.79876900021583, 41.91919299983149], [-87.79609599993387, 41.91921899972476], [-87.79509500017308, 41.91886700049734], [-87.79511600055498, 41.919537999742104], [-87.78790399919474, 41.916943999651735], [-87.78561400030567, 41.9164799998301], [-87.76403599955133, 41.916582000044656], [-87.74601000026927, 41.914493000239204], [-87.74589800014341, 41.91084199962703], [-87.74611399930306, 41.910072000109615], [-87.74611499945107, 41.90920299984026], [-87.74597799946574, 41.9023519996383], [-87.73614600060996, 41.902513000003744], [-87.73615500023189, 41.9029660001266], [-87.726502999467, 41.903141000069276], [-87.72631599983715, 41.903138000354105], [-87.72630299991744, 41.90267099975697], [-87.71458299981386, 41.90276999971438], [-87.7115510003968, 41.90014799974393], [-87.7118839998236, 41.9000529997125], [-87.71157900020128, 41.89978800047557], [-87.71155599903663, 41.8991489998812], [-87.7102099993148, 41.89915599948299], [-87.70660100000698, 41.896857000178734], [-87.7066739997099, 41.899194999480024], [-87.69679100066423, 41.89928300002357], [-87.6970340003697, 41.91022700053181], [-87.69211199994923, 41.91021800009071], [-87.69210500045033, 41.91044599924508], [-87.69220300057073, 41.91395000037548], [-87.6970940000248, 41.91390700036448], [-87.69720100036095, 41.91748900007137], [-87.69408000091069, 41.917519000605985], [-87.69536100055764, 41.91837200045579], [-87.69314700006137, 41.92032899996], [-87.69271199996425, 41.92006500029177], [-87.69273199969217, 41.92077100002507], [-87.69137800006766, 41.92078399991889], [-87.69135199907369, 41.919956000679896], [-87.68748700039433, 41.91997999947424], [-87.68745999960558, 41.91908699936646], [-87.6825639994568, 41.91918499999509], [-87.68194899977354, 41.89582700033739], [-87.67705200072533, 41.89591199991472], [-87.67689699996453, 41.89041100053563], [-87.68179099978846, 41.89032700006158], [-87.68173999944095, 41.88864099964655], [-87.68418400041395, 41.888601999232144], [-87.6840130004766, 41.88302799983063], [-87.69223100026056, 41.88294100045531], [-87.69227699971121, 41.884403000614256], [-87.69760400004282, 41.88420600044043], [-87.69757499925032, 41.88288500062283], [-87.69879200004458, 41.88287199968278], [-87.69876900033329, 41.881969000328496], [-87.70123099967171, 41.88194100029481], [-87.70141200000434, 41.88823499947046], [-87.70633500045162, 41.88817499939106], [-87.70604500025904, 41.878369999540695], [-87.71092600064979, 41.878328999663964], [-87.71088600026442, 41.877277000224105], [-87.70978599992894, 41.87728900015537], [-87.70965199941793, 41.87698500025994], [-87.70964499917831, 41.876206999679226], [-87.7108480008115, 41.876188000142925], [-87.71080300037637, 41.87426299987054], [-87.7203860004552, 41.874143999915425], [-87.72052300088983, 41.875330000204386], [-87.73283499987444, 41.8751750003016], [-87.73286700084324, 41.87608599972622], [-87.73531699959497, 41.8760570005071], [-87.73534899934299, 41.87696599947947], [-87.74576899996454, 41.87677399982629], [-87.7456859998015, 41.87496800058738], [-87.74506700040094, 41.87499999985194], [-87.74475400048853, 41.86589700014374], [-87.80419900059374, 41.864979999919576], [-87.80379200028594, 41.85036899979783], [-87.84830199918298, 41.8495849995525], [-87.86706099903843, 41.84904700021307]]]}}, {"type": "Feature", "properties": {"district": 2}, "geometry": {"type": "Polygon", "coordinates": [[[-87.67846600025707, 41.75745200037347], [-87.67864599998917, 41.76293299974163], [-87.67942000031054, 41.7629249997855], [-87.67932699970544, 41.75927199947619], [-87.69776900012661, 41.7591049998905], [-87.69781900026652, 41.76081299997457], [-87.70026499966309, 41.76077299979411], [-87.70021200044934, 41.75905999974742], [-87.70248500022606, 41.75904699995885], [-87.70252000070349, 41.76073799986076], [-87.70271000013994, 41.76075600027677], [-87.70281299994929, 41.764389000011604], [-87.69302899969703, 41.764539999786216], [-87.69339200027689, 41.779115999896916], [-87.6909590002979, 41.77915300003066], [-87.69097200004694, 41.77962699917136], [-87.69036199987609, 41.77963600002708], [-87.6903999991936, 41.78098499985738], [-87.68115599955772, 41.7810580002887], [-87.68122700000049, 41.782891000081], [-87.67996999936952, 41.78282899937703], [-87.68020199991695, 41.791346000332425], [-87.67993400036778, 41.79348800013739], [-87.67880600063428, 41.79350000004456], [-87.67881500020357, 41.79386800021456], [-87.67673500059945, 41.79389000006713], [-87.67678700030352, 41.79572999988064], [-87.66281000053203, 41.795878000094184], [-87.66285900011047, 41.79770000021577], [-87.659824000209, 41.79774100065985], [-87.65987200025543, 41.79956299998799], [-87.65501199952992, 41.79961899958736], [-87.65505899947775, 41.80145200014536], [-87.65020399941452, 41.80151700019325], [-87.65029299967898, 41.80517300010958], [-87.64544100044095, 41.80521799944512], [-87.6454319997354, 41.80493999957854], [-87.64127500002917, 41.805024999580795], [-87.64048799972488, 41.80529399951022], [-87.64064799913209, 41.805372999753104], [-87.64067900028816, 41.80895199997614], [-87.63583899986499, 41.80904600032647], [-87.63615100045143, 41.821832999671074], [-87.636354000506, 41.8235829991714], [-87.63376299939623, 41.82361600020274], [-87.63384199942561, 41.82726500038107], [-87.6314210003612, 41.827295999726914], [-87.63190800028852, 41.8440809999072], [-87.63180000031079, 41.845529999801684], [-87.63221499958384, 41.847176000515], [-87.63196500051018, 41.84825200034845], [-87.63840899984065, 41.84816200002544], [-87.63844799994806, 41.84952300001606], [-87.6404780000508, 41.84946699984837], [-87.64070400066058, 41.849725000118625], [-87.63981600051521, 41.85042699955976], [-87.63848800036341, 41.851091999844364], [-87.63856000019602, 41.85396600027589], [-87.63887799994865, 41.85598400004122], [-87.6394319998946, 41.874305000208416], [-87.6396260003403, 41.87551599966476], [-87.65184199996537, 41.87532399968193], [-87.65176600010837, 41.87318900046612], [-87.65124700054636, 41.87267499940865], [-87.65082200012681, 41.85985300066084], [-87.6907640009343, 41.859284000251265], [-87.69081100025629, 41.86111000020008], [-87.69325600056514, 41.86107499993574], [-87.6932849997653, 41.862189000280225], [-87.69575500006218, 41.8613170007389], [-87.69564799966905, 41.857386999779415], [-87.69625199948112, 41.85737799995238], [-87.69641400014694, 41.859035000491], [-87.70170200074817, 41.85925100069845], [-87.70105900053589, 41.858108000223744], [-87.70085799981375, 41.85679200036622], [-87.70025499986349, 41.85635099946742], [-87.69923700034589, 41.856109999937416], [-87.69908900009969, 41.851853000375414], [-87.71089000010585, 41.85164500013655], [-87.71114299984909, 41.851991000177875], [-87.71258200047282, 41.85169000022244], [-87.71254800090009, 41.85144199969448], [-87.73919799984647, 41.84547299965646], [-87.73984600054192, 41.86031200010694], [-87.73993200018889, 41.86595999915192], [-87.74475400048853, 41.86589700014374], [-87.74506700040094, 41.87499999985194], [-87.7456859998015, 41.87496800058738], [-87.74576899996454, 41.87677399982629], [-87.73534899934299, 41.87696599947947], [-87.73531699959497, 41.8760570005071], [-87.73286700084324, 41.87608599972622], [-87.73283499987444, 41.8751750003016], [-87.72052300088983, 41.875330000204386], [-87.7203860004552, 41.874143999915425], [-87.71080300037637, 41.87426299987054], [-87.7108480008115, 41.876188000142925], [-87.70964499917831, 41.876206999679226], [-87.70965199941793, 41.87698500025994], [-87.70978599992894, 41.87728900015537], [-87.71088600026442, 41.877277000224105], [-87.71092600064979, 41.878328999663964], [-87.70604500025904, 41.878369999540695], [-87.70633500045162, 41.88817499939106], [-87.70141200000434, 41.88823499947046], [-87.70123099967171, 41.88194100029481], [-87.69876900033329, 41.881969000328496], [-87.69879200004458, 41.88287199968278], [-87.69757499925032, 41.88288500062283], [-87.69760400004282, 41.88420600044043], [-87.69227699971121, 41.884403000614256], [-87.69223100026056, 41.88294100045531], [-87.6840130004766, 41.88302799983063], [-87.68418400041395, 41.888601999232144], [-87.68173999944095, 41.88864099964655], [-87.68179099978846, 41.89032700006158], [-87.67689699996453, 41.89041100053563], [-87.67705200072533, 41.89591199991472], [-87.68194899977354, 41.89582700033739], [-87.68204600053399, 41.89946599934895], [-87.66096100069419, 41.89982900005878], [-87.66021399944007, 41.89934500017874], [-87.65955099954805, 41.89778999948171], [-87.65864299989335, 41.8963879994366], [-87.65844500013543, 41.89621200011492], [-87.65750999977787, 41.89622799948369], [-87.65738499986067, 41.89522700026657], [-87.65124400007582, 41.891142999899415], [-87.64762600032131, 41.89118099961889], [-87.64760600037448, 41.892363000002796], [-87.64186099943132, 41.892428999405126], [-87.64196000016788, 41.892538000773705], [-87.64073800049859, 41.89258199961465], [-87.63987799947395, 41.891498000238265], [-87.63557600040988, 41.891566999771186], [-87.63544499996438, 41.88742499980216], [-87.62800400056156, 41.88750600058838], [-87.62803800054705, 41.890865999667255], [-87.62534699990512, 41.890914000187934], [-87.62533000049103, 41.89051899965636], [-87.62421500011122, 41.89053999971609], [-87.62419499944629, 41.88986400006216], [-87.62455600040494, 41.88777499989186], [-87.6244380001053, 41.88039499963811], [-87.62545300043422, 41.88039199977676], [-87.62545799918175, 41.88006200006475], [-87.6244319994683, 41.88006700016165], [-87.62439700071592, 41.8782789997943], [-87.63078499971759, 41.87814800052085], [-87.63074899988864, 41.876883999828074], [-87.631772000837, 41.876875000300906], [-87.63162200009218, 41.872182999717566], [-87.6335729997421, 41.87215099983963], [-87.63362900010851, 41.869942999657255], [-87.63461499971011, 41.869922999996675], [-87.63457300015996, 41.869223999760514], [-87.63437800064538, 41.86737099990947], [-87.6209740000859, 41.8675869998223], [-87.61953099997407, 41.86419200019646], [-87.62255699950103, 41.86413500034953], [-87.62247299933907, 41.86025000015857], [-87.62085799969013, 41.860236999895285], [-87.62076700051725, 41.85792100052614], [-87.61984099927659, 41.857933000002284], [-87.61955300001425, 41.85778600034625], [-87.61913799999148, 41.856820999827825], [-87.61904099989317, 41.85300199970952], [-87.62226900016707, 41.85280800035659], [-87.62219400029572, 41.84930999933813], [-87.62371500009247, 41.84928799928832], [-87.62366899948597, 41.84746800046973], [-87.6234050002425, 41.846082999957645], [-87.6233129995572, 41.83834599942885], [-87.62658300023215, 41.838303000697074], [-87.62650000059168, 41.83466599989784], [-87.62968400038716, 41.83462499968385], [-87.62935699999917, 41.82367600007231], [-87.62759300018782, 41.823699000552466], [-87.62755199984342, 41.82180099978099], [-87.62639700007207, 41.82181199954243], [-87.6261299996847, 41.81105399964736], [-87.62450900054814, 41.81107099999452], [-87.6244580006015, 41.80926200059149], [-87.62608499923547, 41.809236000100036], [-87.6258899994016, 41.801946000216965], [-87.616111000065, 41.802102999678176], [-87.61526200012155, 41.76571100021385], [-87.63712200024335, 41.76531799963277], [-87.63705700048243, 41.7634930005116], [-87.63931400061061, 41.76346599998005], [-87.63927299964523, 41.75982400031204], [-87.64427499943993, 41.75974500018187], [-87.64424099995443, 41.7583780002214], [-87.64545299949444, 41.75835899955782], [-87.64543499987167, 41.75771199960797], [-87.649074999317, 41.75766700014055], [-87.64908099955652, 41.757920000047214], [-87.67846600025707, 41.75745200037347]]]}}, {"type": "Feature", "properties": {"district": 3}, "geometry": {"type": "Polygon", "coordinates": [[[-87.61319426148168, 41.88306739535437], [-87.61421543194723, 41.8825921830167], [-87.61586719391673, 41.882412473476116], [-87.6164384620354, 41.88195003696474], [-87.61649758145218, 41.881413732340974], [-87.61576741948541, 41.8814177957288], [-87.61572399920391, 41.880586999544825], [-87.61648100072006, 41.88056000033465], [-87.61617100033716, 41.87503599965698], [-87.61619799995657, 41.87198100030654], [-87.61634400019112, 41.871864000507756], [-87.61625699988366, 41.86890000010554], [-87.61570000003857, 41.8686199998159], [-87.61536199939985, 41.86825000034822], [-87.61367500058941, 41.868433000458296], [-87.61263699967975, 41.868284999839084], [-87.61237899951499, 41.8681140000814], [-87.61217899965567, 41.867686000333535], [-87.61223799961583, 41.86736699971042], [-87.61262100094592, 41.866947000335216], [-87.61240899985826, 41.86670000058926], [-87.60776400012517, 41.8667689998959], [-87.60691299982734, 41.86718200015628], [-87.60614999969658, 41.86705499957403], [-87.60570700009814, 41.86665099954978], [-87.60568199973424, 41.86613200018643], [-87.60607799968189, 41.86561299980343], [-87.60607499972102, 41.86473499954098], [-87.60630799956954, 41.86464799993974], [-87.6063230002166, 41.8649060006324], [-87.60661699933743, 41.86503500048923], [-87.60703899960652, 41.864925000307814], [-87.60738099952601, 41.864538999878334], [-87.60745700021562, 41.86398300027213], [-87.60697299936689, 41.86259799999397], [-87.60633600058976, 41.861899000391304], [-87.60598699985022, 41.8619489997081], [-87.60596899971561, 41.86006100009481], [-87.6070940005709, 41.85997200072681], [-87.60657899930631, 41.853462999605355], [-87.60643099972535, 41.853271000094324], [-87.60900500042214, 41.85310299975822], [-87.60981900016117, 41.853512999945835], [-87.61069499929349, 41.85322099995514], [-87.60925600006797, 41.85095800056394], [-87.60920299989675, 41.85037800033024], [-87.60945400056688, 41.84909300002114], [-87.60938400010387, 41.84780999959838], [-87.60850800076497, 41.84612799973217], [-87.60911800021749, 41.8441870000799], [-87.60865700017341, 41.84295600026238], [-87.6081219993791, 41.84227799980734], [-87.6081269994528, 41.84143300010604], [-87.60757199991849, 41.840570999306394], [-87.6072090002271, 41.839623999763255], [-87.60620500038384, 41.838749000376], [-87.6059730000686, 41.83642199960202], [-87.60556599993649, 41.83578500030729], [-87.60463499962093, 41.83489599959932], [-87.60510099999445, 41.8344200002849], [-87.60504199978199, 41.83374799978021], [-87.60439599976681, 41.83309700069594], [-87.60347899959525, 41.83303200031932], [-87.60282399979918, 41.832374000687714], [-87.60289700018701, 41.83145800059299], [-87.60272500048286, 41.830857999197875], [-87.60171000024835, 41.829831000013], [-87.60191100023901, 41.82952800047671], [-87.60176000076521, 41.82873299973079], [-87.60051200054563, 41.82689700048369], [-87.59959399986998, 41.82665900053689], [-87.59903200012741, 41.82633100021708], [-87.59861600051315, 41.82570100000622], [-87.59850000041453, 41.82446500003373], [-87.59763299971445, 41.82359599987666], [-87.5972710002404, 41.82264999935217], [-87.59566300036285, 41.82041599993465], [-87.59486200006953, 41.81978600011999], [-87.59447299943125, 41.81915000041631], [-87.59400499997804, 41.81914999986378], [-87.59356200045674, 41.818672000146826], [-87.59281799990308, 41.81834399971065], [-87.59231799995979, 41.81757700002609], [-87.59237400010217, 41.816878999961624], [-87.59224999967064, 41.81661600027722], [-87.5916879995874, 41.816240000242736], [-87.59093799960142, 41.81497200012828], [-87.59044099992248, 41.81453400086896], [-87.59029000022173, 41.81377900022677], [-87.58915800013983, 41.81289699935087], [-87.58883300003059, 41.81232700036387], [-87.5882459990912, 41.81201999965381], [-87.58757600060262, 41.81197300040477], [-87.5871510001037, 41.811631999608665], [-87.58693200006184, 41.81007400014933], [-87.58638800054989, 41.80940300014862], [-87.58523100041239, 41.807290999734896], [-87.58128599935046, 41.80431500007116], [-87.5806289999476, 41.80424099983518], [-87.58003099969059, 41.80386500076867], [-87.58005699927521, 41.8035359993094], [-87.58065800025092, 41.802545999727634], [-87.58088199983149, 41.80042700002225], [-87.57998599946363, 41.798421999975204], [-87.57825499975587, 41.79701900056327], [-87.577575000871, 41.79680799980957], [-87.57597999981954, 41.7970309997456], [-87.57524400022386, 41.79655300013491], [-87.575166999842, 41.796051999731354], [-87.57552100018773, 41.795391999567094], [-87.5762550001746, 41.795032999729045], [-87.57830799962362, 41.7946510002308], [-87.57904999971392, 41.79414399996509], [-87.57949599982317, 41.7934469997643], [-87.57952200061042, 41.792316999907], [-87.5783330007356, 41.79005200042123], [-87.57654599978488, 41.78867599976369], [-87.57669200057708, 41.788530999805246], [-87.5778159993656, 41.788374000160196], [-87.57791599941974, 41.788176999598534], [-87.5772779997563, 41.788263000772886], [-87.57713000038227, 41.78815300014599], [-87.57733199970457, 41.788022000212685], [-87.57724700086999, 41.78659799986464], [-87.57595500044992, 41.783756000005425], [-87.57451899929805, 41.782804999219465], [-87.57308400060612, 41.78212199998915], [-87.57103599973925, 41.78155699948749], [-87.56951200022988, 41.78138899971422], [-87.5695469997149, 41.781209999784664], [-87.57314799986676, 41.78026800046973], [-87.57304200018287, 41.77990799991612], [-87.57432800011661, 41.77942099961256], [-87.57370299981396, 41.77898500000569], [-87.57285999936141, 41.779343000419935], [-87.5722819997379, 41.779267999806585], [-87.57144299958371, 41.77831600020091], [-87.56845100072003, 41.77627399984399], [-87.56695699963235, 41.774371999985895], [-87.56609100017104, 41.77370799969304], [-87.56601599926205, 41.773303000610355], [-87.56437799939808, 41.772242999502836], [-87.56339599994588, 41.77208799982164], [-87.56328499909282, 41.771923000393436], [-87.5634640000943, 41.77093399969294], [-87.56260300002927, 41.76937100009164], [-87.56229399948344, 41.76911799929455], [-87.56004400028003, 41.76843999960743], [-87.55943800017636, 41.769323000210406], [-87.55942400006042, 41.766466999705386], [-87.56083399962321, 41.76630099977081], [-87.56648399938288, 41.766317999796826], [-87.5664869993733, 41.76443499945914], [-87.56769899973543, 41.76442300033689], [-87.56766499999273, 41.76260600009721], [-87.5713019993954, 41.762567000146284], [-87.57126399981992, 41.76075100009795], [-87.57369399978552, 41.760726000304686], [-87.57373400061918, 41.762542999697395], [-87.5762209999757, 41.762515000192444], [-87.5762109998912, 41.76206100020761], [-87.57743800057217, 41.76204599980784], [-87.57744200018213, 41.76249999983883], [-87.57928600046597, 41.76248099998035], [-87.57937299981431, 41.76611299945572], [-87.58533900028993, 41.766061999798055], [-87.58527400033157, 41.76424199978634], [-87.58587299972487, 41.76423800046289], [-87.58589700040395, 41.765146000323575], [-87.58853399991278, 41.765126999771375], [-87.58841600015397, 41.76056799977288], [-87.58577899984888, 41.760592999725205], [-87.58583200010884, 41.76241400026496], [-87.58051099974632, 41.762468000147365], [-87.58047100030862, 41.760648000081595], [-87.57618200015493, 41.7606969997335], [-87.57615099966822, 41.75930400052894], [-87.57551899998742, 41.75929800050775], [-87.57560999916244, 41.76070400058553], [-87.57431300016668, 41.760718999876644], [-87.57419800072078, 41.759315999601114], [-87.5749100002913, 41.7593059999451], [-87.57490999993448, 41.758890999799675], [-87.57124599985943, 41.758934000386844], [-87.57118000051106, 41.75530000014108], [-87.57362199934609, 41.75526999946696], [-87.57358099958367, 41.75345500077576], [-87.57602599930391, 41.7534239999251], [-87.57598200010209, 41.751605999642386], [-87.59723500002463, 41.751368999852964], [-87.59891999991511, 41.74404500042615], [-87.60624400016181, 41.743948999803635], [-87.60640000058996, 41.74943700079746], [-87.60518899974389, 41.74945700061828], [-87.60534400017586, 41.75675800031993], [-87.62959100008187, 41.75632999968913], [-87.62959699938108, 41.75450800016048], [-87.62711299973478, 41.75455199956442], [-87.62703500012032, 41.75091099981338], [-87.62539500011451, 41.75093599987451], [-87.62529500017669, 41.74722400018305], [-87.64068200036698, 41.74702799977112], [-87.64000000007331, 41.74886400019232], [-87.6536899999661, 41.74867700076381], [-87.65372699985004, 41.75009099999945], [-87.6628150004251, 41.74995500010112], [-87.66282600004676, 41.75036899995926], [-87.66404600070823, 41.75034500022112], [-87.66403600029747, 41.749890999633685], [-87.66524699939573, 41.749875000125606], [-87.6652110000257, 41.748509999551274], [-87.6676390002008, 41.748481000391145], [-87.66759300002636, 41.74665999988979], [-87.66820199990961, 41.74665199959506], [-87.66815699981223, 41.74483000060916], [-87.66694300047368, 41.744846000043346], [-87.66689699982068, 41.74302299934911], [-87.68735699989996, 41.742738999952635], [-87.68755599985707, 41.74143500010894], [-87.68739500002982, 41.73544399986242], [-87.72143599981491, 41.734862000203634], [-87.72149599966724, 41.73668499987616], [-87.72005500077735, 41.736710999549594], [-87.7166989998398, 41.73933899992147], [-87.71671300014245, 41.73951399956945], [-87.71631499975508, 41.73963100007559], [-87.71433900031414, 41.74119999999325], [-87.71434499912783, 41.74138400001168], [-87.71409999972407, 41.74138800015462], [-87.71167499974777, 41.74337599931513], [-87.71189000014263, 41.74965499948786], [-87.71207499970072, 41.74965299993408], [-87.71240299996731, 41.76059299960782], [-87.71224099950523, 41.760596999425005], [-87.71209999998602, 41.758315999619654], [-87.70755399974978, 41.75840800079311], [-87.70753600006066, 41.76069299923387], [-87.70252000070349, 41.76073799986076], [-87.70248500022606, 41.75904699995885], [-87.70021200044934, 41.75905999974742], [-87.70026499966309, 41.76077299979411], [-87.69781900026652, 41.76081299997457], [-87.69776900012661, 41.7591049998905], [-87.67932699970544, 41.75927199947619], [-87.67942000031054, 41.7629249997855], [-87.67864599998917, 41.76293299974163], [-87.67846600025707, 41.75745200037347], [-87.64908099955652, 41.757920000047214], [-87.649074999317, 41.75766700014055], [-87.64543499987167, 41.75771199960797], [-87.64545299949444, 41.75835899955782], [-87.64424099995443, 41.7583780002214], [-87.64427499943993, 41.75974500018187], [-87.63927299964523, 41.75982400031204], [-87.63931400061061, 41.76346599998005], [-87.63705700048243, 41.7634930005116], [-87.63712200024335, 41.76531799963277], [-87.61526200012155, 41.76571100021385], [-87.616111000065, 41.802102999678176], [-87.6258899994016, 41.801946000216965], [-87.62608499923547, 41.809236000100036], [-87.6244580006015, 41.80926200059149], [-87.62450900054814, 41.81107099999452], [-87.6261299996847, 41.81105399964736], [-87.62639700007207, 41.82181199954243], [-87.62755199984342, 41.82180099978099], [-87.62759300018782, 41.823699000552466], [-87.62935699999917, 41.82367600007231], [-87.62968400038716, 41.83462499968385], [-87.62650000059168, 41.83466599989784], [-87.62658300023215, 41.838303000697074], [-87.6233129995572, 41.83834599942885], [-87.6234050002425, 41.846082999957645], [-87.62366899948597, 41.84746800046973], [-87.62371500009247, 41.84928799928832], [-87.62219400029572, 41.84930999933813], [-87.62226900016707, 41.85280800035659], [-87.61904099989317, 41.85300199970952], [-87.61913799999148, 41.856820999827825], [-87.61955300001425, 41.85778600034625], [-87.61984099927659, 41.857933000002284], [-87.62076700051725, 41.85792100052614], [-87.62085799969013, 41.860236999895285], [-87.62247299933907, 41.86025000015857], [-87.62255699950103, 41.86413500034953], [-87.61953099997407, 41.86419200019646], [-87.6209740000859, 41.8675869998223], [-87.63437800064538, 41.86737099990947], [-87.63457300015996, 41.869223999760514], [-87.63461499971011, 41.869922999996675], [-87.63362900010851, 41.869942999657255], [-87.6335729997421, 41.87215099983963], [-87.63162200009218, 41.872182999717566], [-87.631772000837, 41.876875000300906], [-87.63074899988864, 41.876883999828074], [-87.63078499971759, 41.87814800052085], [-87.62439700071592, 41.8782789997943], [-87.6244319994683, 41.88006700016165], [-87.62545799918175, 41.88006200006475], [-87.62545300043422, 41.88039199977676], [-87.6244380001053, 41.88039499963811], [-87.62455600040494, 41.88777499989186], [-87.62419499944629, 41.88986400006216], [-87.6242429999847, 41.89673399940941], [-87.62561399977704, 41.89671200052251], [-87.62677300062846, 41.899167000571246], [-87.62826499958916, 41.89914000012186], [-87.62831299956298, 41.90059300072744], [-87.62988900043986, 41.900573000778124], [-87.62996300007642, 41.90315399997529], [-87.63282599993327, 41.903115999824244], [-87.63278600076067, 41.90182499942205], [-87.63294200032031, 41.901823000619565], [-87.63292999979679, 41.90133400025861], [-87.63438199986098, 41.901325000088285], [-87.63447800053123, 41.903852999555816], [-87.63744500048811, 41.903804000065676], [-87.63717200031937, 41.89655099988238], [-87.64384500074345, 41.896460999413804], [-87.64399500055008, 41.8972140000659], [-87.64527199995928, 41.89866300075888], [-87.64635600070451, 41.900635999429866], [-87.64802700033685, 41.90230099960614], [-87.64836100005928, 41.913826999713656], [-87.64444900012121, 41.91388599992151], [-87.64435600026289, 41.91098700034968], [-87.6398059997657, 41.911095999602495], [-87.63986100034033, 41.91287499975334], [-87.63322400030778, 41.91291300000925], [-87.63285500038319, 41.913173999517596], [-87.63168199925767, 41.91118100033159], [-87.62709599983845, 41.91125600035909], [-87.6260570003742, 41.91110899992291], [-87.62460599958553, 41.911304999335236], [-87.62471699936364, 41.910674000019576], [-87.62521800071796, 41.909998999352254], [-87.62526999981857, 41.90958699958439], [-87.62480922114423, 41.9075273265802], [-87.62357267538746, 41.90407738853567], [-87.62372268117929, 41.904049160926654], [-87.62259114781163, 41.90318814406311], [-87.62175397105138, 41.902004311384715], [-87.61987596470618, 41.90154625971487], [-87.61915599994727, 41.90105700053561], [-87.6172410002573, 41.89806900028038], [-87.61370999979871, 41.89312299997892], [-87.61254299997235, 41.89311900041537], [-87.61203600013692, 41.89343200033283], [-87.61024700005062, 41.89619199940865], [-87.60689600036017, 41.89621800033302], [-87.6067929990585, 41.89637700011596], [-87.60584500042904, 41.896408999684276], [-87.60565399954581, 41.896239000551354], [-87.60236899984002, 41.89633499977601], [-87.60235099954741, 41.89327700053691], [-87.60979500060985, 41.89312799971694], [-87.60978899975989, 41.892073999235244], [-87.5985090000372, 41.892191999797014], [-87.59856899971325, 41.89137999984984], [-87.60090600003545, 41.891375999698354], [-87.60092800005572, 41.891058000174304], [-87.60952500023163, 41.89096499972271], [-87.60950499912137, 41.88924100025943], [-87.61129099959766, 41.88922599988674], [-87.6113727489168, 41.88952089395575], [-87.61233588988648, 41.88950381090987], [-87.61218284235565, 41.88406413817316], [-87.61273602969175, 41.88405862172502], [-87.61282695729295, 41.88348324241663], [-87.61319426148168, 41.88306739535437]]]}}, {"type": "Feature", "properties": {"district": 4}, "geometry": {"type": "Polygon", "coordinates": [[[-87.5586359999545, 41.54282499957336], [-87.55866100035813, 41.557451000226905], [-87.58369200014425, 41.55747199954644], [-87.58375400007016, 41.571491999771425], [-87.583306000581, 41.57392300034087], [-87.58232100018566, 41.57626699974102], [-87.58195399944296, 41.57782100039764], [-87.57825400015881, 41.577784000267435], [-87.57826600004825, 41.57815200016793], [-87.57343199954742, 41.57819700007041], [-87.5734400007631, 41.57925799989942], [-87.56855199927104, 41.579247000775624], [-87.5685819995738, 41.58651500015492], [-87.56985100027765, 41.58651800044025], [-87.5695819998122, 41.587122000441205], [-87.56959399969467, 41.58953199959772], [-87.5705439993493, 41.58953500036215], [-87.5705599995618, 41.592283000193994], [-87.56861999994312, 41.5922790001447], [-87.5685939996405, 41.59276299937819], [-87.57071299995683, 41.59309499958249], [-87.57301500090712, 41.59422200041304], [-87.57353900011903, 41.59419599960309], [-87.57442500013902, 41.59384699976357], [-87.57612900019683, 41.59404000038202], [-87.5766549998511, 41.594284999526224], [-87.57709899937991, 41.594789000491595], [-87.57725999988466, 41.59527100003889], [-87.57748500003248, 41.60095100014832], [-87.57804400059142, 41.600950000173285], [-87.57790300061195, 41.603218999332654], [-87.5777439999346, 41.60353400018495], [-87.57800500065045, 41.60707599989054], [-87.5791140004343, 41.608140000130994], [-87.57864700022687, 41.60929999999497], [-87.5788079999869, 41.615476000284914], [-87.58510100036737, 41.615422999734754], [-87.58513299982313, 41.61875899990166], [-87.58609599986812, 41.61875000045791], [-87.58611500049882, 41.62089299959781], [-87.58807099988947, 41.62085199953095], [-87.58808499975535, 41.62263700059814], [-87.5790770001707, 41.62271999932906], [-87.57906000036421, 41.62715000027847], [-87.57862899985211, 41.62992900028773], [-87.57841799963184, 41.629940000364385], [-87.5783469996981, 41.63103099994299], [-87.57848299960995, 41.64472900004815], [-87.57995500000574, 41.64473100072949], [-87.58161899931383, 41.6457879992576], [-87.58352000045694, 41.64731400019475], [-87.58522199986182, 41.64909200032417], [-87.59459600027459, 41.659924000159485], [-87.59424399971934, 41.65998000035798], [-87.60980600050527, 41.67808699944752], [-87.61215299985301, 41.683996999888045], [-87.61158300060922, 41.68400200034126], [-87.61108099990514, 41.6854450005091], [-87.6082659998906, 41.68547100053893], [-87.6083039995527, 41.68735899987559], [-87.61109000039225, 41.687327999839674], [-87.6106769999389, 41.689145999632785], [-87.61148199952079, 41.689130000049424], [-87.61064900009008, 41.69276300021385], [-87.60985999962712, 41.69277099938024], [-87.60751000060043, 41.70302100042147], [-87.60735399982335, 41.70375699979232], [-87.60829500014545, 41.703741999927885], [-87.60747000076566, 41.70741000063065], [-87.60651800093419, 41.70743299945821], [-87.60512399956298, 41.713586999902276], [-87.61724199972073, 41.71341400022061], [-87.61897700071832, 41.71360800007646], [-87.62031400029345, 41.71400999961255], [-87.6201369997446, 41.7126819994422], [-87.62363099982862, 41.712626000194504], [-87.62352300063137, 41.707164999612125], [-87.63919100012629, 41.70696499949168], [-87.63938500038077, 41.71424899993882], [-87.63697100003631, 41.714274000078], [-87.63705200001445, 41.717906999272365], [-87.64311500020962, 41.717826999492075], [-87.64310799920419, 41.71762000025323], [-87.65204199998068, 41.71752599999184], [-87.65332000088678, 41.71408400002674], [-87.65976399939026, 41.71400399928686], [-87.66302900023712, 41.71838699984408], [-87.66345199976297, 41.72120099963244], [-87.66571699969984, 41.725612999571226], [-87.66743599998293, 41.728451000499724], [-87.66772900056547, 41.72839599943789], [-87.66795099921745, 41.728606999911705], [-87.66789099900588, 41.728414999929164], [-87.66934800008754, 41.72817900011594], [-87.67134499989409, 41.727166000797844], [-87.6713859991652, 41.72838900000973], [-87.67743199928177, 41.72830700026653], [-87.6775249995913, 41.73191800047593], [-87.67632099922453, 41.731943000754676], [-87.67636000036008, 41.733348999319674], [-87.67599400002564, 41.733068000309146], [-87.67496900097375, 41.73340200051165], [-87.67425999986538, 41.73392699977443], [-87.67600099997134, 41.7353360004679], [-87.6760499994143, 41.735615000080905], [-87.68251399995022, 41.73552499975723], [-87.68206700070525, 41.72094000030923], [-87.72135799961414, 41.720462999969335], [-87.72173800028015, 41.73083200001523], [-87.72143599981491, 41.734862000203634], [-87.68739500002982, 41.73544399986242], [-87.68755599985707, 41.74143500010894], [-87.68735699989996, 41.742738999952635], [-87.66689699982068, 41.74302299934911], [-87.66694300047368, 41.744846000043346], [-87.66815699981223, 41.74483000060916], [-87.66820199990961, 41.74665199959506], [-87.66759300002636, 41.74665999988979], [-87.6676390002008, 41.748481000391145], [-87.6652110000257, 41.748509999551274], [-87.66524699939573, 41.749875000125606], [-87.66403600029747, 41.749890999633685], [-87.66404600070823, 41.75034500022112], [-87.66282600004676, 41.75036899995926], [-87.6628150004251, 41.74995500010112], [-87.65372699985004, 41.75009099999945], [-87.6536899999661, 41.74867700076381], [-87.64000000007331, 41.74886400019232], [-87.64068200036698, 41.74702799977112], [-87.62529500017669, 41.74722400018305], [-87.62539500011451, 41.75093599987451], [-87.62703500012032, 41.75091099981338], [-87.62711299973478, 41.75455199956442], [-87.62959699938108, 41.75450800016048], [-87.62959100008187, 41.75632999968913], [-87.60534400017586, 41.75675800031993], [-87.60518899974389, 41.74945700061828], [-87.60640000058996, 41.74943700079746], [-87.60624400016181, 41.743948999803635], [-87.59891999991511, 41.74404500042615], [-87.59723500002463, 41.751368999852964], [-87.57598200010209, 41.751605999642386], [-87.57602599930391, 41.7534239999251], [-87.57358099958367, 41.75345500077576], [-87.57362199934609, 41.75526999946696], [-87.57118000051106, 41.75530000014108], [-87.57124599985943, 41.758934000386844], [-87.57490999993448, 41.758890999799675], [-87.5749100002913, 41.7593059999451], [-87.57419800072078, 41.759315999601114], [-87.57431300016668, 41.760718999876644], [-87.57560999916244, 41.76070400058553], [-87.57551899998742, 41.75929800050775], [-87.57615099966822, 41.75930400052894], [-87.57618200015493, 41.7606969997335], [-87.58047100030862, 41.760648000081595], [-87.58051099974632, 41.762468000147365], [-87.58583200010884, 41.76241400026496], [-87.58577899984888, 41.760592999725205], [-87.58841600015397, 41.76056799977288], [-87.58853399991278, 41.765126999771375], [-87.58589700040395, 41.765146000323575], [-87.58587299972487, 41.76423800046289], [-87.58527400033157, 41.76424199978634], [-87.58533900028993, 41.766061999798055], [-87.57937299981431, 41.76611299945572], [-87.57928600046597, 41.76248099998035], [-87.57744200018213, 41.76249999983883], [-87.57743800057217, 41.76204599980784], [-87.5762109998912, 41.76206100020761], [-87.5762209999757, 41.762515000192444], [-87.57373400061918, 41.762542999697395], [-87.57369399978552, 41.760726000304686], [-87.57126399981992, 41.76075100009795], [-87.5713019993954, 41.762567000146284], [-87.56766499999273, 41.76260600009721], [-87.56769899973543, 41.76442300033689], [-87.5664869993733, 41.76443499945914], [-87.56648399938288, 41.766317999796826], [-87.56083399962321, 41.76630099977081], [-87.55955499995096, 41.76643800014946], [-87.56056100032788, 41.7661420002995], [-87.56062900033156, 41.76593899962438], [-87.5603829996324, 41.765379999852634], [-87.560078000495, 41.76501699991917], [-87.55964699941295, 41.76499800078287], [-87.55943499993764, 41.76479900048212], [-87.55946100023179, 41.76442799999926], [-87.55871500036389, 41.763929000043206], [-87.5585239999834, 41.764038999785065], [-87.55829399963108, 41.7638580001388], [-87.55760200023259, 41.76320300034719], [-87.5575460006361, 41.76285300016392], [-87.55704899952217, 41.762534999884984], [-87.55683900002306, 41.76257400048912], [-87.55629800038717, 41.76203299989265], [-87.55500899961213, 41.761733999649095], [-87.5545139995832, 41.76196099970504], [-87.55405299961836, 41.761178999228385], [-87.55173300041636, 41.760007999560855], [-87.54888700003293, 41.759082000000724], [-87.5474000001095, 41.75892099975111], [-87.54647500003736, 41.75909399971631], [-87.54497399948878, 41.75973899969788], [-87.54401099998965, 41.75988200002986], [-87.5436430007312, 41.760128999726525], [-87.54249300066341, 41.75903399939013], [-87.54258300038377, 41.75875200037103], [-87.54148800037633, 41.757766000024866], [-87.5411109998337, 41.75776699979457], [-87.5404850000804, 41.75717700006107], [-87.54203799952849, 41.75621500004691], [-87.54400699976813, 41.7535480001042], [-87.54331699976073, 41.75230400036771], [-87.54270000051667, 41.751940999475494], [-87.54024100044991, 41.75182300002237], [-87.53259700009326, 41.74885799975007], [-87.53087399962794, 41.7480229998236], [-87.53000400051766, 41.74190600052673], [-87.5298209993945, 41.74155500058983], [-87.52942500036964, 41.741318000270155], [-87.53000500025826, 41.740532999793146], [-87.528879000516, 41.733921999656275], [-87.5294370004898, 41.732258999636095], [-87.52517399984772, 41.731511000618596], [-87.52472100019564, 41.73124200003717], [-87.52447699990627, 41.7229589994433], [-87.52415399986775, 41.722958999619586], [-87.5243199990292, 41.718321000135234], [-87.5241649998654, 41.7083140000226], [-87.52446800023054, 41.70330300006425], [-87.52481299982712, 41.686937999858195], [-87.52474300037893, 41.65673700043217], [-87.52508099937658, 41.635467000446646], [-87.52519600035359, 41.595585000343924], [-87.5252569990827, 41.59370199931738], [-87.52538199991481, 41.5935310003184], [-87.52542800059618, 41.58785899979102], [-87.5252809998458, 41.576620999445176], [-87.52543699990062, 41.53988700031776], [-87.52951399979183, 41.53954999998678], [-87.53919699998418, 41.53915900009055], [-87.53920300008659, 41.5413629999138], [-87.54024400002731, 41.541376999476626], [-87.54026100024328, 41.54105300042176], [-87.54394599974006, 41.54100200046128], [-87.54378899961024, 41.54280399974391], [-87.5586359999545, 41.54282499957336]]]}}, {"type": "Feature", "properties": {"district": 5}, "geometry": {"type": "Polygon", "coordinates": [[[-87.6863630003452, 41.67720499925303], [-87.67322900012412, 41.67732199963339], [-87.67301600051302, 41.67912299965297], [-87.67371300050819, 41.6791730003513], [-87.67305300002948, 41.68460500035832], [-87.6718339994521, 41.6846270003904], [-87.67143200033922, 41.68791900039168], [-87.67016399970672, 41.68784000017884], [-87.66658900014143, 41.686698000226066], [-87.66407200025081, 41.691049000490715], [-87.65932199981299, 41.69784399951852], [-87.65601900016324, 41.70678600048772], [-87.6586410006515, 41.7067480004263], [-87.6615929994232, 41.71398300003831], [-87.65332000088678, 41.71408400002674], [-87.65204199998068, 41.71752599999184], [-87.64310799920419, 41.71762000025323], [-87.64311500020962, 41.717826999492075], [-87.63705200001445, 41.717906999272365], [-87.63697100003631, 41.714274000078], [-87.63938500038077, 41.71424899993882], [-87.63919100012629, 41.70696499949168], [-87.62352300063137, 41.707164999612125], [-87.62363099982862, 41.712626000194504], [-87.6201369997446, 41.7126819994422], [-87.62031400029345, 41.71400999961255], [-87.61897700071832, 41.71360800007646], [-87.61724199972073, 41.71341400022061], [-87.60512399956298, 41.713586999902276], [-87.60651800093419, 41.70743299945821], [-87.60747000076566, 41.70741000063065], [-87.60829500014545, 41.703741999927885], [-87.60735399982335, 41.70375699979232], [-87.60751000060043, 41.70302100042147], [-87.60985999962712, 41.69277099938024], [-87.61064900009008, 41.69276300021385], [-87.61148199952079, 41.689130000049424], [-87.6106769999389, 41.689145999632785], [-87.61109000039225, 41.687327999839674], [-87.6083039995527, 41.68735899987559], [-87.6082659998906, 41.68547100053893], [-87.61108099990514, 41.6854450005091], [-87.61158300060922, 41.68400200034126], [-87.61215299985301, 41.683996999888045], [-87.60980600050527, 41.67808699944752], [-87.59424399971934, 41.65998000035798], [-87.59459600027459, 41.659924000159485], [-87.58522199986182, 41.64909200032417], [-87.58352000045694, 41.64731400019475], [-87.58161899931383, 41.6457879992576], [-87.57995500000574, 41.64473100072949], [-87.57848299960995, 41.64472900004815], [-87.57834299967939, 41.63684199955834], [-87.57841799963184, 41.629940000364385], [-87.57862899985211, 41.62992900028773], [-87.57909700072828, 41.62660699976402], [-87.5808440004813, 41.62636499985827], [-87.5808599996506, 41.628134000528675], [-87.58752600000975, 41.628073000342866], [-87.58754699943614, 41.62937600019337], [-87.58693600009187, 41.62937899977825], [-87.58694099984639, 41.629841000063784], [-87.58815400038539, 41.62983200044262], [-87.58814800071316, 41.62937000001444], [-87.58875499911574, 41.6293650007441], [-87.58935899929187, 41.629363999952176], [-87.58936199921558, 41.62982400008601], [-87.59057299985736, 41.62981499980615], [-87.59053899967857, 41.624453999641844], [-87.5929490000852, 41.62443399936281], [-87.59296499993316, 41.62621700041051], [-87.59440499976924, 41.62620300021127], [-87.59399100027282, 41.62442299999461], [-87.5938859992451, 41.62258300014129], [-87.5948560004688, 41.62257600009653], [-87.58733299911759, 41.615403000509616], [-87.60822100018633, 41.615403000213036], [-87.60811200062507, 41.61716099927351], [-87.60870499951089, 41.61904700033113], [-87.60953500050726, 41.61907299928448], [-87.60983599997203, 41.62261500028756], [-87.61711799946137, 41.622657000662585], [-87.61702700001125, 41.60087899952941], [-87.61216200010651, 41.60085599968132], [-87.61213100083867, 41.58645300020291], [-87.62749800028274, 41.58640599959055], [-87.6274880001364, 41.58286400036023], [-87.62853200000555, 41.58279000051246], [-87.62852600017908, 41.58095099988568], [-87.63518100004119, 41.58091400025209], [-87.6351920003861, 41.581261999919434], [-87.63579000005385, 41.58126800026529], [-87.63579000067934, 41.58234299986823], [-87.63675800015163, 41.58233999987623], [-87.6368760004928, 41.58224600036153], [-87.63696900026832, 41.580987999461804], [-87.63750000055092, 41.58012999966888], [-87.63837500048612, 41.57951199988595], [-87.63970700000209, 41.57914900016697], [-87.66553199980487, 41.579025000001785], [-87.66552900000246, 41.5785880000469], [-87.66615300009626, 41.578508999516785], [-87.67033199917103, 41.57845599955453], [-87.67210000060874, 41.57853199947842], [-87.67509399971566, 41.57910700031534], [-87.6748539993595, 41.57529299932145], [-87.67502400068105, 41.57173099987269], [-87.67986899994273, 41.571765999483546], [-87.6800290004843, 41.568119000313544], [-87.68444600060059, 41.568033999166566], [-87.68438000036292, 41.56439299970556], [-87.68501399942902, 41.56429799967304], [-87.68513499968748, 41.565245999763235], [-87.68532500042018, 41.564957999480846], [-87.68571400089792, 41.564830000080484], [-87.68989099945416, 41.564815000345575], [-87.69137299969783, 41.5655619996285], [-87.69198600060096, 41.56491100044185], [-87.69127600002575, 41.56440899953683], [-87.69124599986601, 41.5625229995302], [-87.69430699967643, 41.56246600027714], [-87.69429699910454, 41.561229000009], [-87.69008200049316, 41.561223000009505], [-87.69022800045035, 41.56438600020711], [-87.68944900047019, 41.564425999184984], [-87.68944199958166, 41.56080399991549], [-87.69429500090496, 41.560801999972355], [-87.69419600030764, 41.557165000577946], [-87.69900899982973, 41.557157999489554], [-87.6987540006504, 41.551240000691024], [-87.6985289996092, 41.549832000136504], [-87.69403200031081, 41.549836000503106], [-87.69405200037941, 41.55151500037171], [-87.68414100008022, 41.55180700061287], [-87.68322900015926, 41.551681000097624], [-87.67480800027451, 41.55173399982114], [-87.67453400017766, 41.52789200001815], [-87.63459500016744, 41.52779699998235], [-87.62267799983331, 41.52806399984053], [-87.62278200075916, 41.5347970006326], [-87.62360299961979, 41.542473000267634], [-87.61098599988388, 41.542531999985606], [-87.61071199988673, 41.54280199970034], [-87.61041300051694, 41.54280799968096], [-87.60998900025612, 41.542631999717194], [-87.60939199949505, 41.541911999679876], [-87.60746299940516, 41.54257500009437], [-87.60610000026625, 41.542626999886245], [-87.58263199916995, 41.542621000391456], [-87.58247999925115, 41.52922100052895], [-87.58226399924912, 41.52605599970642], [-87.5813160002798, 41.523020000185355], [-87.57924699946102, 41.519095000215266], [-87.57852300005358, 41.51717300041463], [-87.57839000060123, 41.51721799984414], [-87.57795100010259, 41.515274999995114], [-87.57783299989238, 41.51354000059705], [-87.55827399941049, 41.513595999864954], [-87.5582230000334, 41.50730200014596], [-87.55963000055654, 41.507260000433874], [-87.55965300080554, 41.50646799991285], [-87.56021100039821, 41.506460999818884], [-87.56023800030124, 41.50727200000149], [-87.5614909994476, 41.50728199984639], [-87.56150700050269, 41.506448999206334], [-87.56207899947037, 41.50644099992016], [-87.56209699921901, 41.507302999936066], [-87.56279899932558, 41.507256000145134], [-87.56282300021276, 41.5064309997842], [-87.57266800025457, 41.506311999359696], [-87.57423199956962, 41.50602700021351], [-87.57666400010196, 41.5040429998456], [-87.57750000057345, 41.50272899977179], [-87.5777610000862, 41.50270300051142], [-87.57771400061262, 41.49863599990951], [-87.58693099976114, 41.498667999795266], [-87.58692800047429, 41.498974999960964], [-87.6482779999777, 41.49893499998577], [-87.64804699999848, 41.49836299992073], [-87.64825499954749, 41.49778600041438], [-87.64850100011184, 41.49755899976071], [-87.64841799971077, 41.49719599994331], [-87.64904699993492, 41.49720200038829], [-87.64952100018918, 41.49661100022634], [-87.6510069997797, 41.49664199979246], [-87.65079600031146, 41.49592399947934], [-87.6504950007945, 41.49566399962028], [-87.65057700014167, 41.49521700001808], [-87.65222700044528, 41.49513400037966], [-87.65243500010394, 41.494557000116835], [-87.65368300037883, 41.49402100064439], [-87.65428300032191, 41.49314200057995], [-87.65446700027368, 41.49153099982984], [-87.65507300004093, 41.491525000200326], [-87.65493700053216, 41.49120400016064], [-87.65572000073739, 41.491130000013385], [-87.65486999930476, 41.49036699983738], [-87.65482200057937, 41.4888959992121], [-87.65543400037434, 41.488122999810884], [-87.65634799986559, 41.48748500021538], [-87.65586800056779, 41.48652399964623], [-87.65595799910852, 41.48573400017308], [-87.65805400023498, 41.48507399918567], [-87.65903799925151, 41.48515499975685], [-87.65879099945118, 41.4849360007815], [-87.659182999407, 41.48471000024394], [-87.659201000389, 41.48448999970645], [-87.65899399974913, 41.4843139992833], [-87.6604289994091, 41.48253999999275], [-87.66122899991966, 41.48189999991886], [-87.66137399975774, 41.48156399922154], [-87.6619489995359, 41.481543000172955], [-87.66242299978492, 41.48123399967142], [-87.66262699904662, 41.48069800000639], [-87.66353400050292, 41.480614999874966], [-87.66398000015077, 41.48017500035678], [-87.66436899977994, 41.48029300034578], [-87.66562800013409, 41.47959799952012], [-87.66624900017821, 41.47976900033141], [-87.666448000022, 41.47872500035617], [-87.66669300000564, 41.47840999990999], [-87.66614000012923, 41.477788999707045], [-87.66631700010763, 41.47742499996636], [-87.66684599941367, 41.477290000322256], [-87.66670800037312, 41.47702199954177], [-87.66723699958246, 41.476707000181236], [-87.66729099925395, 41.47644199991641], [-87.67035499997777, 41.475964000042914], [-87.67320599964852, 41.474375000353156], [-87.67418099995272, 41.47403300060408], [-87.67418500015195, 41.47604800009543], [-87.67533399964756, 41.476017000385596], [-87.6769459992902, 41.476260999966286], [-87.67728499995705, 41.47653500005509], [-87.67732700014457, 41.477160999609744], [-87.67680800016842, 41.47747099991441], [-87.67710600051615, 41.477838000563324], [-87.67727000083443, 41.47838999937997], [-87.67711200005934, 41.47932599952671], [-87.67670899960251, 41.48010199937623], [-87.67771900068186, 41.48029799976017], [-87.67674200043933, 41.48122299989689], [-87.67776800027974, 41.48159300044446], [-87.6777139996247, 41.483159999957195], [-87.6784730002398, 41.484847999633274], [-87.67915800031146, 41.487311999901785], [-87.67926699984089, 41.48851499983733], [-87.67904699974613, 41.49036899986931], [-87.67930099946162, 41.49074499995089], [-87.67937100031173, 41.491240999824164], [-87.67924300004117, 41.49182299932836], [-87.67925299982154, 41.494355000346395], [-87.67964399970971, 41.494434000478506], [-87.67945000077658, 41.49494599944299], [-87.67427399960036, 41.49493699983811], [-87.67430000018344, 41.49902900010369], [-87.69075699985675, 41.49907300049637], [-87.69077199965241, 41.49893400029187], [-87.6983660002629, 41.49880000013346], [-87.6984109999822, 41.50217000002138], [-87.70054399944904, 41.502136000734616], [-87.69831000020855, 41.50616500043061], [-87.70935499974398, 41.506220999608416], [-87.71312799978699, 41.506104999975456], [-87.71323199944676, 41.520673999850764], [-87.71345400036049, 41.52067400004753], [-87.71343400017484, 41.52388000027421], [-87.71324300059138, 41.523914999959906], [-87.71328700053543, 41.52793700031105], [-87.7427910000812, 41.52796299957044], [-87.74329799995355, 41.55700099987046], [-87.74353100001211, 41.560623999195855], [-87.7433890001502, 41.560775000338715], [-87.74367399948984, 41.562594999527334], [-87.74453199909372, 41.56593200012262], [-87.74457999974142, 41.56677199958525], [-87.74365300055638, 41.57043100079163], [-87.74271600068397, 41.57337899975687], [-87.74197100038842, 41.57501400029458], [-87.74114099968997, 41.576355000040216], [-87.74312499986597, 41.57792900024664], [-87.74354699992905, 41.57802499982982], [-87.74493199956285, 41.576980000567325], [-87.74482799926793, 41.576396000375674], [-87.74351899952518, 41.57542200036218], [-87.74393399939144, 41.575101999549496], [-87.74536099944417, 41.57610500028408], [-87.7453490009438, 41.57553099974213], [-87.74565199942073, 41.5755519999757], [-87.74584299985969, 41.57576800001175], [-87.74583999903417, 41.57538699994757], [-87.74791999970755, 41.57542100041492], [-87.74844400040053, 41.57706900020578], [-87.74784100051436, 41.57708599993939], [-87.74784400033342, 41.57684400032917], [-87.74584399924052, 41.576889999887], [-87.74584399983527, 41.57820699992669], [-87.74874000023564, 41.57820899980997], [-87.74817500080675, 41.57959000012753], [-87.74593600099482, 41.57956399952039], [-87.74593999943706, 41.580128999865025], [-87.74805299991917, 41.58010799984299], [-87.74802999940378, 41.58092400011719], [-87.74594699949611, 41.5809829999068], [-87.74495300066333, 41.581731999624985], [-87.74509500080558, 41.582021999606035], [-87.74520700041273, 41.587343999714065], [-87.74507600006987, 41.587592000523614], [-87.74523300070489, 41.58852600012539], [-87.73598799997292, 41.588653000194704], [-87.73599299994544, 41.588891999893065], [-87.73587100088127, 41.58888800032405], [-87.73590599968631, 41.5900080006424], [-87.73604800043958, 41.59000699979215], [-87.73620799998936, 41.59594399949257], [-87.74100799958622, 41.5959249998347], [-87.74605099975805, 41.595695000200564], [-87.75099699971561, 41.59572100003805], [-87.75087099902173, 41.5960229998164], [-87.75111899998568, 41.60302699951673], [-87.74134200007417, 41.603167000259305], [-87.74137999977793, 41.60234900012674], [-87.74148700027847, 41.602345999900365], [-87.74138700000829, 41.60210399977917], [-87.73659400043032, 41.60603899994623], [-87.73750100013757, 41.63128499990551], [-87.73681099984182, 41.63131300039728], [-87.73673299918735, 41.63257999991772], [-87.73754500025005, 41.63252999943484], [-87.73821600011746, 41.65081600078103], [-87.73646500025951, 41.650845999811374], [-87.73562699959018, 41.65165899941646], [-87.73830000038785, 41.65316599994853], [-87.73882400028765, 41.66354900043635], [-87.73911000006626, 41.67512700005307], [-87.73880399972732, 41.677184000810065], [-87.73881100058428, 41.67852500000989], [-87.73890099987982, 41.68015099940494], [-87.73936200054959, 41.68208599942057], [-87.73944899987931, 41.683631999965485], [-87.71151599937019, 41.684092999684395], [-87.7113259995023, 41.68180799982589], [-87.71159899986318, 41.68180300063875], [-87.71157599951893, 41.68135600044709], [-87.71139000019464, 41.681268000016615], [-87.71135999919221, 41.68043799990278], [-87.7052850002659, 41.680578999183695], [-87.70541699948419, 41.68418699941216], [-87.70055300073481, 41.68426300078478], [-87.70062400028448, 41.6861340002221], [-87.69939799995822, 41.68614899978258], [-87.69947299969809, 41.687932999523476], [-87.69571699992636, 41.688031999532285], [-87.69562600028492, 41.68433700069697], [-87.6858640004948, 41.684474999899486], [-87.68566300026991, 41.679491000081754], [-87.68575999928137, 41.67861899995894], [-87.6863630003452, 41.67720499925303]]]}}, {"type": "Feature", "properties": {"district": 6}, "geometry": {"type": "Polygon", "coordinates": [[[-87.59440499976924, 41.62620300021127], [-87.59296499993316, 41.62621700041051], [-87.5929490000852, 41.62443399936281], [-87.59053899967857, 41.624453999641844], [-87.59057299985736, 41.62981499980615], [-87.58936199921558, 41.62982400008601], [-87.58935899929187, 41.629363999952176], [-87.58875499911574, 41.6293650007441], [-87.58814800071316, 41.62937000001444], [-87.58815400038539, 41.62983200044262], [-87.58694099984639, 41.629841000063784], [-87.58693600009187, 41.62937899977825], [-87.58754699943614, 41.62937600019337], [-87.58752600000975, 41.628073000342866], [-87.5808599996506, 41.628134000528675], [-87.5808440004813, 41.62636499985827], [-87.57909700072828, 41.62660699976402], [-87.5790770001707, 41.62271999932906], [-87.58808499975535, 41.62263700059814], [-87.58807099988947, 41.62085199953095], [-87.58611500049882, 41.62089299959781], [-87.58609599986812, 41.61875000045791], [-87.58513299982313, 41.61875899990166], [-87.58510100036737, 41.615422999734754], [-87.5788079999869, 41.615476000284914], [-87.57864700022687, 41.60929999999497], [-87.5791140004343, 41.608140000130994], [-87.57800500065045, 41.60707599989054], [-87.5777439999346, 41.60353400018495], [-87.57790300061195, 41.603218999332654], [-87.57804400059142, 41.600950000173285], [-87.57748500003248, 41.60095100014832], [-87.57725999988466, 41.59527100003889], [-87.57709899937991, 41.594789000491595], [-87.5766549998511, 41.594284999526224], [-87.57612900019683, 41.59404000038202], [-87.57442500013902, 41.59384699976357], [-87.57353900011903, 41.59419599960309], [-87.57301500090712, 41.59422200041304], [-87.57071299995683, 41.59309499958249], [-87.5685939996405, 41.59276299937819], [-87.56861999994312, 41.5922790001447], [-87.5705599995618, 41.592283000193994], [-87.5705439993493, 41.58953500036215], [-87.56959399969467, 41.58953199959772], [-87.5695819998122, 41.587122000441205], [-87.56985100027765, 41.58651800044025], [-87.5685819995738, 41.58651500015492], [-87.56855199927104, 41.579247000775624], [-87.5734400007631, 41.57925799989942], [-87.57343199954742, 41.57819700007041], [-87.57826600004825, 41.57815200016793], [-87.57825400015881, 41.577784000267435], [-87.58195399944296, 41.57782100039764], [-87.58232100018566, 41.57626699974102], [-87.583306000581, 41.57392300034087], [-87.58375400007016, 41.571491999771425], [-87.58369200014425, 41.55747199954644], [-87.55866100035813, 41.557451000226905], [-87.5586359999545, 41.54282499957336], [-87.54378899961024, 41.54280399974391], [-87.54394599974006, 41.54100200046128], [-87.54026100024328, 41.54105300042176], [-87.54024400002731, 41.541376999476626], [-87.53920300008659, 41.5413629999138], [-87.53919699998418, 41.53915900009055], [-87.52951399979183, 41.53954999998678], [-87.52543699990062, 41.53988700031776], [-87.5256069999083, 41.52834400044134], [-87.52553800033965, 41.47524699998888], [-87.52570499911275, 41.470283000125825], [-87.64139299956271, 41.46976300065362], [-87.72889499936296, 41.46970500003031], [-87.79030300000966, 41.46984599928033], [-87.79041600015317, 41.513509999324945], [-87.79032299967, 41.5384040000365], [-87.79036599968872, 41.53964999984634], [-87.7921320000671, 41.538309000318414], [-87.79279299962799, 41.55854000001849], [-87.82193300052296, 41.558146000843486], [-87.82212100046061, 41.5604959997469], [-87.82264900055797, 41.57827800011562], [-87.82467200018137, 41.578014000650114], [-87.82751299919988, 41.576749000577394], [-87.82927500044043, 41.57668000006203], [-87.8290999996938, 41.57261699952316], [-87.8322309995598, 41.572568999934106], [-87.8324540002715, 41.579828000408455], [-87.85206499915087, 41.579490000082956], [-87.85295100012239, 41.60136000004204], [-87.83571299973192, 41.601655999688354], [-87.83576199904489, 41.603695999846316], [-87.83329000027751, 41.60373099970319], [-87.83327900056824, 41.60337900039118], [-87.83364499993695, 41.60337499945445], [-87.83363000067618, 41.60296399929447], [-87.83326599907015, 41.602966999541984], [-87.83268200020805, 41.58708799998036], [-87.82772599969633, 41.587170999633436], [-87.82762600071413, 41.58068100011263], [-87.82921299980931, 41.58065699952876], [-87.82920299971506, 41.57988099978754], [-87.81316200011156, 41.580127999601245], [-87.8131880004449, 41.579255999772435], [-87.81284500067498, 41.57932999933753], [-87.81240900052515, 41.56319500040619], [-87.79324200037476, 41.571497999698025], [-87.79366000026786, 41.5877450002646], [-87.80883299927217, 41.58747499996014], [-87.80895899971853, 41.58764800015515], [-87.8096150000071, 41.58747600044495], [-87.813190000463, 41.587403000049086], [-87.81342099958415, 41.594168999793496], [-87.81502800008954, 41.59413699966063], [-87.8160569999872, 41.593830999972724], [-87.81687199998649, 41.59379699981108], [-87.8181500004704, 41.59417200009592], [-87.821521000163, 41.59412999952862], [-87.82316799990947, 41.59369500021381], [-87.82321700015018, 41.59516099968562], [-87.82199100077256, 41.595135000248604], [-87.82191499994482, 41.594987999737214], [-87.8197050001471, 41.595039000494715], [-87.81909999979634, 41.59487499957927], [-87.81915499959341, 41.59660499939049], [-87.81973000026153, 41.59659399980153], [-87.81973499940055, 41.596719000503036], [-87.82326900032493, 41.59667399973251], [-87.82344800007594, 41.60184099983212], [-87.8136850000447, 41.60197800039238], [-87.813839000483, 41.60549200059865], [-87.81282300011911, 41.605511000595584], [-87.80882300063391, 41.60534600005259], [-87.80870300019559, 41.602051999648715], [-87.79416000068402, 41.60228399984512], [-87.79477599951993, 41.620936000254446], [-87.79464600000459, 41.624512999626944], [-87.79485700014561, 41.629016999690656], [-87.79515000015623, 41.63032399940287], [-87.79570799937147, 41.646230000180424], [-87.7564549994234, 41.646850999827286], [-87.75649200006967, 41.64788199979131], [-87.75588300003074, 41.647912999674595], [-87.75340400014214, 41.64873299944347], [-87.75334399997607, 41.65015100021071], [-87.75148999992425, 41.65018299987379], [-87.75116499999756, 41.65037400014398], [-87.75116899929073, 41.651005000209715], [-87.7520130002767, 41.65140200067287], [-87.7523320004498, 41.652018999633604], [-87.752574999929, 41.65791799940748], [-87.7579860001043, 41.65788499963976], [-87.75818399967001, 41.66497600040417], [-87.76240299945454, 41.667491999292245], [-87.76312399969532, 41.66748800007047], [-87.76301499971673, 41.668979999835024], [-87.76655099912378, 41.6707329999403], [-87.77815899960306, 41.67408200018184], [-87.778571999427, 41.6829709997819], [-87.77316599955915, 41.68304900054027], [-87.77344400006425, 41.69034700071845], [-87.77147600068459, 41.6903580003305], [-87.77161300005473, 41.694102999919124], [-87.76916599979187, 41.694127000418035], [-87.769182999173, 41.69460799955297], [-87.76857900012284, 41.694620999264004], [-87.7686829994788, 41.69734999944409], [-87.76928799974677, 41.69735099951462], [-87.76930499964607, 41.69779099995446], [-87.76871399986136, 41.6977920000513], [-87.76869499932955, 41.700896000318814], [-87.76943999953527, 41.7012880000111], [-87.76934799955035, 41.698897999687446], [-87.7713040006088, 41.699962000734295], [-87.7718829999804, 41.699237999959884], [-87.77174299971215, 41.69916200074161], [-87.77175799926513, 41.69776999993448], [-87.78951600001399, 41.69744699987445], [-87.78975400047533, 41.702999000374476], [-87.79418300059538, 41.70013500022156], [-87.79778399984302, 41.69830000012193], [-87.79746099907429, 41.68993300012845], [-87.79806599927059, 41.68989500020149], [-87.80177299948133, 41.68701300054609], [-87.80658299974641, 41.6825479994156], [-87.8068090003142, 41.68268999944292], [-87.80685300008886, 41.68443200034978], [-87.80941799978103, 41.68431900023511], [-87.80983699973315, 41.68297899969618], [-87.81119099959919, 41.68070600023686], [-87.81725599992897, 41.68183599970325], [-87.82699300035661, 41.68322999929759], [-87.82668699985486, 41.686435999747594], [-87.82868900003409, 41.686619000634785], [-87.8283519996895, 41.68923899979319], [-87.83122500016006, 41.68917999991812], [-87.83135699994374, 41.692172999781846], [-87.83163800053332, 41.69290700015033], [-87.83139599969137, 41.69304799984825], [-87.83152000023637, 41.69645199986832], [-87.82672899992441, 41.69655399970894], [-87.8268820002695, 41.700155000180835], [-87.8316520001777, 41.69918900000923], [-87.83177600068699, 41.70023500035244], [-87.832315000122, 41.70112299976466], [-87.83313900008616, 41.701756999929124], [-87.83407799991473, 41.70196099989127], [-87.83425199966473, 41.703685000618265], [-87.83667099999789, 41.703624000055605], [-87.83724699927484, 41.71819799952646], [-87.84684199936555, 41.71796399955706], [-87.84746600003425, 41.732564000377444], [-87.84784900019528, 41.73580400012487], [-87.84818799974937, 41.74367999983413], [-87.84834400017422, 41.744125999926155], [-87.84832600025817, 41.74704999987219], [-87.85220800017494, 41.747101999404386], [-87.85436500068691, 41.74695200041913], [-87.8559420008285, 41.74831800036825], [-87.85241700003527, 41.75083300041001], [-87.84880500082994, 41.75442900081698], [-87.85192799945968, 41.75437699951433], [-87.84897500028325, 41.75753599937857], [-87.84900100076516, 41.75841899992493], [-87.84829900051155, 41.75917099944704], [-87.84836199974046, 41.76164000041633], [-87.84650099964539, 41.76173500005016], [-87.84622499977007, 41.761933000386904], [-87.83945800058767, 41.76207399999208], [-87.83804199994982, 41.761888999779295], [-87.83613100041642, 41.76190699950089], [-87.82532099974327, 41.762169000479865], [-87.8224499995437, 41.764953000196165], [-87.82093099973432, 41.766722999649254], [-87.81534699981646, 41.77508000071899], [-87.81224999935674, 41.77458399961878], [-87.81203900055975, 41.77437800068571], [-87.80569199938559, 41.774431999967184], [-87.80584899966571, 41.77238700057146], [-87.80452699946802, 41.772506000486366], [-87.80436200014854, 41.77238599988029], [-87.80101600038758, 41.7762649998719], [-87.80080500057835, 41.775510000387605], [-87.8004959999783, 41.76798200074696], [-87.80065500058053, 41.76623200011003], [-87.80033399991446, 41.76395499984796], [-87.79910199918098, 41.733499999836795], [-87.77985399980362, 41.733846999935274], [-87.78032299922766, 41.73317899944368], [-87.78038400002465, 41.73225299985638], [-87.77993899954625, 41.719600000740655], [-87.76768599933207, 41.719679999840395], [-87.76740800013827, 41.712269999508585], [-87.7672859997164, 41.712331000081306], [-87.7671870004973, 41.71137699977642], [-87.76705500016232, 41.70509100029633], [-87.75979299971308, 41.705251999722755], [-87.75964799980873, 41.70157100025604], [-87.75740200002818, 41.70162099946173], [-87.75663100022753, 41.701082000330814], [-87.75589600039045, 41.700233000048335], [-87.75445800068496, 41.69948700047466], [-87.75312900008569, 41.69807499932537], [-87.74000100063078, 41.69824400033366], [-87.73939300007979, 41.68238100037431], [-87.73890099987982, 41.68015099940494], [-87.73881100058428, 41.67852500000989], [-87.73880399972732, 41.677184000810065], [-87.73911000006626, 41.67512700005307], [-87.73882400028765, 41.66354900043635], [-87.73830000038785, 41.65316599994853], [-87.73562699959018, 41.65165899941646], [-87.73646500025951, 41.650845999811374], [-87.73821600011746, 41.65081600078103], [-87.73754500025005, 41.63252999943484], [-87.73673299918735, 41.63257999991772], [-87.73681099984182, 41.63131300039728], [-87.73750100013757, 41.63128499990551], [-87.73659400043032, 41.60603899994623], [-87.74138700000829, 41.60210399977917], [-87.74148700027847, 41.602345999900365], [-87.74137999977793, 41.60234900012674], [-87.74134200007417, 41.603167000259305], [-87.75111899998568, 41.60302699951673], [-87.75087099902173, 41.5960229998164], [-87.75099699971561, 41.59572100003805], [-87.74605099975805, 41.595695000200564], [-87.74100799958622, 41.5959249998347], [-87.73620799998936, 41.59594399949257], [-87.73604800043958, 41.59000699979215], [-87.73590599968631, 41.5900080006424], [-87.73587100088127, 41.58888800032405], [-87.73599299994544, 41.588891999893065], [-87.73598799997292, 41.588653000194704], [-87.74523300070489, 41.58852600012539], [-87.74507600006987, 41.587592000523614], [-87.74520700041273, 41.587343999714065], [-87.74509500080558, 41.582021999606035], [-87.74495300066333, 41.581731999624985], [-87.74594699949611, 41.5809829999068], [-87.74802999940378, 41.58092400011719], [-87.74805299991917, 41.58010799984299], [-87.74593999943706, 41.580128999865025], [-87.74593600099482, 41.57956399952039], [-87.74817500080675, 41.57959000012753], [-87.74874000023564, 41.57820899980997], [-87.74584399983527, 41.57820699992669], [-87.74584399924052, 41.576889999887], [-87.74784400033342, 41.57684400032917], [-87.74784100051436, 41.57708599993939], [-87.74844400040053, 41.57706900020578], [-87.74791999970755, 41.57542100041492], [-87.74583999903417, 41.57538699994757], [-87.74584299985969, 41.57576800001175], [-87.74565199942073, 41.5755519999757], [-87.7453490009438, 41.57553099974213], [-87.74536099944417, 41.57610500028408], [-87.74393399939144, 41.575101999549496], [-87.74351899952518, 41.57542200036218], [-87.74482799926793, 41.576396000375674], [-87.74493199956285, 41.576980000567325], [-87.74354699992905, 41.57802499982982], [-87.74312499986597, 41.57792900024664], [-87.74114099968997, 41.576355000040216], [-87.74197100038842, 41.57501400029458], [-87.74271600068397, 41.57337899975687], [-87.74365300055638, 41.57043100079163], [-87.74457999974142, 41.56677199958525], [-87.74453199909372, 41.56593200012262], [-87.74367399948984, 41.562594999527334], [-87.7433890001502, 41.560775000338715], [-87.74353100001211, 41.560623999195855], [-87.74329799995355, 41.55700099987046], [-87.7427910000812, 41.52796299957044], [-87.71328700053543, 41.52793700031105], [-87.71324300059138, 41.523914999959906], [-87.71343400017484, 41.52388000027421], [-87.71345400036049, 41.52067400004753], [-87.71323199944676, 41.520673999850764], [-87.71312799978699, 41.506104999975456], [-87.70935499974398, 41.506220999608416], [-87.69831000020855, 41.50616500043061], [-87.70054399944904, 41.502136000734616], [-87.6984109999822, 41.50217000002138], [-87.6983660002629, 41.49880000013346], [-87.69077199965241, 41.49893400029187], [-87.69075699985675, 41.49907300049637], [-87.67430000018344, 41.49902900010369], [-87.67427399960036, 41.49493699983811], [-87.67945000077658, 41.49494599944299], [-87.67964399970971, 41.494434000478506], [-87.67925299982154, 41.494355000346395], [-87.67924300004117, 41.49182299932836], [-87.67937100031173, 41.491240999824164], [-87.67930099946162, 41.49074499995089], [-87.67904699974613, 41.49036899986931], [-87.67926699984089, 41.48851499983733], [-87.67915800031146, 41.487311999901785], [-87.6784730002398, 41.484847999633274], [-87.6777139996247, 41.483159999957195], [-87.67776800027974, 41.48159300044446], [-87.67674200043933, 41.48122299989689], [-87.67771900068186, 41.48029799976017], [-87.67670899960251, 41.48010199937623], [-87.67711200005934, 41.47932599952671], [-87.67727000083443, 41.47838999937997], [-87.67710600051615, 41.477838000563324], [-87.67680800016842, 41.47747099991441], [-87.67732700014457, 41.477160999609744], [-87.67728499995705, 41.47653500005509], [-87.6769459992902, 41.476260999966286], [-87.67533399964756, 41.476017000385596], [-87.67418500015195, 41.47604800009543], [-87.67418099995272, 41.47403300060408], [-87.67320599964852, 41.474375000353156], [-87.67035499997777, 41.475964000042914], [-87.66729099925395, 41.47644199991641], [-87.66723699958246, 41.476707000181236], [-87.66670800037312, 41.47702199954177], [-87.66684599941367, 41.477290000322256], [-87.66631700010763, 41.47742499996636], [-87.66614000012923, 41.477788999707045], [-87.66669300000564, 41.47840999990999], [-87.666448000022, 41.47872500035617], [-87.66624900017821, 41.47976900033141], [-87.66562800013409, 41.47959799952012], [-87.66436899977994, 41.48029300034578], [-87.66398000015077, 41.48017500035678], [-87.66353400050292, 41.480614999874966], [-87.66262699904662, 41.48069800000639], [-87.66242299978492, 41.48123399967142], [-87.6619489995359, 41.481543000172955], [-87.66137399975774, 41.48156399922154], [-87.66122899991966, 41.48189999991886], [-87.6604289994091, 41.48253999999275], [-87.65899399974913, 41.4843139992833], [-87.659201000389, 41.48448999970645], [-87.659182999407, 41.48471000024394], [-87.65879099945118, 41.4849360007815], [-87.65903799925151, 41.48515499975685], [-87.65805400023498, 41.48507399918567], [-87.65595799910852, 41.48573400017308], [-87.65586800056779, 41.48652399964623], [-87.65634799986559, 41.48748500021538], [-87.65543400037434, 41.488122999810884], [-87.65482200057937, 41.4888959992121], [-87.65486999930476, 41.49036699983738], [-87.65572000073739, 41.491130000013385], [-87.65493700053216, 41.49120400016064], [-87.65507300004093, 41.491525000200326], [-87.65446700027368, 41.49153099982984], [-87.65428300032191, 41.49314200057995], [-87.65368300037883, 41.49402100064439], [-87.65243500010394, 41.494557000116835], [-87.65222700044528, 41.49513400037966], [-87.65057700014167, 41.49521700001808], [-87.6504950007945, 41.49566399962028], [-87.65079600031146, 41.49592399947934], [-87.6510069997797, 41.49664199979246], [-87.64952100018918, 41.49661100022634], [-87.64904699993492, 41.49720200038829], [-87.64841799971077, 41.49719599994331], [-87.64850100011184, 41.49755899976071], [-87.64825499954749, 41.49778600041438], [-87.64804699999848, 41.49836299992073], [-87.6482779999777, 41.49893499998577], [-87.58692800047429, 41.498974999960964], [-87.58693099976114, 41.498667999795266], [-87.57771400061262, 41.49863599990951], [-87.5777610000862, 41.50270300051142], [-87.57750000057345, 41.50272899977179], [-87.57666400010196, 41.5040429998456], [-87.57423199956962, 41.50602700021351], [-87.57266800025457, 41.506311999359696], [-87.56282300021276, 41.5064309997842], [-87.56279899932558, 41.507256000145134], [-87.56209699921901, 41.507302999936066], [-87.56207899947037, 41.50644099992016], [-87.56150700050269, 41.506448999206334], [-87.5614909994476, 41.50728199984639], [-87.56023800030124, 41.50727200000149], [-87.56021100039821, 41.506460999818884], [-87.55965300080554, 41.50646799991285], [-87.55963000055654, 41.507260000433874], [-87.5582230000334, 41.50730200014596], [-87.55827399941049, 41.513595999864954], [-87.57783299989238, 41.51354000059705], [-87.57795100010259, 41.515274999995114], [-87.57839000060123, 41.51721799984414], [-87.57852300005358, 41.51717300041463], [-87.57924699946102, 41.519095000215266], [-87.5813160002798, 41.523020000185355], [-87.58226399924912, 41.52605599970642], [-87.58247999925115, 41.52922100052895], [-87.58263199916995, 41.542621000391456], [-87.60610000026625, 41.542626999886245], [-87.60746299940516, 41.54257500009437], [-87.60939199949505, 41.541911999679876], [-87.60998900025612, 41.542631999717194], [-87.61041300051694, 41.54280799968096], [-87.61071199988673, 41.54280199970034], [-87.61098599988388, 41.542531999985606], [-87.62360299961979, 41.542473000267634], [-87.62278200075916, 41.5347970006326], [-87.62267799983331, 41.52806399984053], [-87.63459500016744, 41.52779699998235], [-87.67453400017766, 41.52789200001815], [-87.67480800027451, 41.55173399982114], [-87.68322900015926, 41.551681000097624], [-87.68414100008022, 41.55180700061287], [-87.69405200037941, 41.55151500037171], [-87.69403200031081, 41.549836000503106], [-87.6985289996092, 41.549832000136504], [-87.6987540006504, 41.551240000691024], [-87.69900899982973, 41.557157999489554], [-87.69419600030764, 41.557165000577946], [-87.69429500090496, 41.560801999972355], [-87.68944199958166, 41.56080399991549], [-87.68944900047019, 41.564425999184984], [-87.69022800045035, 41.56438600020711], [-87.69008200049316, 41.561223000009505], [-87.69429699910454, 41.561229000009], [-87.69430699967643, 41.56246600027714], [-87.69124599986601, 41.5625229995302], [-87.69127600002575, 41.56440899953683], [-87.69198600060096, 41.56491100044185], [-87.69137299969783, 41.5655619996285], [-87.68989099945416, 41.564815000345575], [-87.68571400089792, 41.564830000080484], [-87.68532500042018, 41.564957999480846], [-87.68513499968748, 41.565245999763235], [-87.68501399942902, 41.56429799967304], [-87.68438000036292, 41.56439299970556], [-87.68444600060059, 41.568033999166566], [-87.6800290004843, 41.568119000313544], [-87.67986899994273, 41.571765999483546], [-87.67502400068105, 41.57173099987269], [-87.6748539993595, 41.57529299932145], [-87.67509399971566, 41.57910700031534], [-87.67210000060874, 41.57853199947842], [-87.67033199917103, 41.57845599955453], [-87.66615300009626, 41.578508999516785], [-87.66552900000246, 41.5785880000469], [-87.66553199980487, 41.579025000001785], [-87.63970700000209, 41.57914900016697], [-87.63837500048612, 41.57951199988595], [-87.63750000055092, 41.58012999966888], [-87.63696900026832, 41.580987999461804], [-87.6368760004928, 41.58224600036153], [-87.63675800015163, 41.58233999987623], [-87.63579000067934, 41.58234299986823], [-87.63579000005385, 41.58126800026529], [-87.6351920003861, 41.581261999919434], [-87.63518100004119, 41.58091400025209], [-87.62852600017908, 41.58095099988568], [-87.62853200000555, 41.58279000051246], [-87.6274880001364, 41.58286400036023], [-87.62749800028274, 41.58640599959055], [-87.61213100083867, 41.58645300020291], [-87.61216200010651, 41.60085599968132], [-87.61702700001125, 41.60087899952941], [-87.61711799946137, 41.622657000662585], [-87.60983599997203, 41.62261500028756], [-87.60953500050726, 41.61907299928448], [-87.60870499951089, 41.61904700033113], [-87.60811200062507, 41.61716099927351], [-87.60822100018633, 41.615403000213036], [-87.58733299911759, 41.615403000509616], [-87.5948560004688, 41.62257600009653], [-87.5938859992451, 41.62258300014129], [-87.59399100027282, 41.62442299999461], [-87.59440499976924, 41.62620300021127]]]}}, {"type": "Feature", "properties": {"district": 7}, "geometry": {"type": "Polygon", "coordinates": [[[-87.72745299985753, 41.771317000236245], [-87.72806199975949, 41.79316099979834], [-87.73798399968936, 41.793070999844645], [-87.73785299995517, 41.795432000207484], [-87.73807399975009, 41.80043000037712], [-87.75273600068387, 41.80018700016396], [-87.75296100010047, 41.81297399980085], [-87.75311900032435, 41.81344200024654], [-87.74494899997835, 41.81599799919289], [-87.74494899963449, 41.821981000314054], [-87.74125400068108, 41.822232000465085], [-87.73865400025689, 41.82213200049419], [-87.73880999971053, 41.83292000066524], [-87.73916199973316, 41.83632199954613], [-87.73915199930042, 41.836717999767906], [-87.73890799985834, 41.8371369995911], [-87.73919799984647, 41.84547299965646], [-87.71254800090009, 41.85144199969448], [-87.71258200047282, 41.85169000022244], [-87.71114299984909, 41.851991000177875], [-87.71089000010585, 41.85164500013655], [-87.69908900009969, 41.851853000375414], [-87.69923700034589, 41.856109999937416], [-87.70025499986349, 41.85635099946742], [-87.70085799981375, 41.85679200036622], [-87.70105900053589, 41.858108000223744], [-87.70170200074817, 41.85925100069845], [-87.69641400014694, 41.859035000491], [-87.69625199948112, 41.85737799995238], [-87.69564799966905, 41.857386999779415], [-87.69575500006218, 41.8613170007389], [-87.6932849997653, 41.862189000280225], [-87.69325600056514, 41.86107499993574], [-87.69081100025629, 41.86111000020008], [-87.6907640009343, 41.859284000251265], [-87.65082200012681, 41.85985300066084], [-87.65124700054636, 41.87267499940865], [-87.65176600010837, 41.87318900046612], [-87.65184199996537, 41.87532399968193], [-87.6396260003403, 41.87551599966476], [-87.6394319998946, 41.874305000208416], [-87.63887799994865, 41.85598400004122], [-87.63856000019602, 41.85396600027589], [-87.63848800036341, 41.851091999844364], [-87.63981600051521, 41.85042699955976], [-87.64070400066058, 41.849725000118625], [-87.6404780000508, 41.84946699984837], [-87.63844799994806, 41.84952300001606], [-87.63838699924369, 41.847272000460116], [-87.64177300025858, 41.847227000211824], [-87.64315899969901, 41.848098999251015], [-87.64416099927736, 41.849436999847434], [-87.64541399957541, 41.84934200007724], [-87.64624599923799, 41.84925299961484], [-87.65039400073567, 41.84801700061456], [-87.65314400028095, 41.84760800076966], [-87.65611799990755, 41.847932000464105], [-87.6578010005042, 41.84750499986016], [-87.65804299920255, 41.84772400057379], [-87.66154599967034, 41.84544100021801], [-87.66314900071737, 41.84468499934361], [-87.66444899942933, 41.8446169997271], [-87.66433099962407, 41.84270000005765], [-87.66495099922687, 41.84184600039428], [-87.66498300071522, 41.8414610001333], [-87.66468299949058, 41.840841000061815], [-87.66436000094707, 41.8393750005826], [-87.66396100021545, 41.83875200073958], [-87.66424200063756, 41.83859900063276], [-87.66367199998662, 41.837888000154926], [-87.66343799972762, 41.83714199946988], [-87.66278100030055, 41.83612999948914], [-87.66230299964207, 41.83587399946466], [-87.66040999997215, 41.83410400020091], [-87.65808400025337, 41.83168800052309], [-87.65759399992803, 41.83107599976147], [-87.65752800053568, 41.83059799994304], [-87.67039900010633, 41.8304470000267], [-87.67021300004149, 41.82317000055029], [-87.66546199959218, 41.82315000051716], [-87.66524899978589, 41.82026200061887], [-87.66506399926033, 41.81222200000632], [-87.65524599953531, 41.812369999463414], [-87.65515400061527, 41.80509299989983], [-87.65758199998365, 41.805060999847264], [-87.65753600011689, 41.80323900054108], [-87.65996400027046, 41.80320599925092], [-87.65991800019985, 41.80138200053166], [-87.6842240001975, 41.80114600007552], [-87.6841780002278, 41.79933400033074], [-87.6848569993848, 41.79932100050019], [-87.68475700030544, 41.79568499967846], [-87.68531099993626, 41.79567400047201], [-87.68527999972979, 41.795222000619965], [-87.68587599973272, 41.79520900002905], [-87.68583799927926, 41.79383800015671], [-87.68893100010045, 41.79378300063024], [-87.68887299982336, 41.791953999984436], [-87.68765700034291, 41.791970999781114], [-87.68759799967042, 41.79015500068823], [-87.68881900003743, 41.79013400042726], [-87.68871799985689, 41.78648699982687], [-87.69115599997943, 41.78644699993889], [-87.69105899963665, 41.78279799995308], [-87.69836800018066, 41.782683999880724], [-87.69812499974508, 41.77357500010774], [-87.69934200056566, 41.77356000040792], [-87.69928400038017, 41.77172600035098], [-87.72745299985753, 41.771317000236245]]]}}, {"type": "Feature", "properties": {"district": 8}, "geometry": {"type": "Polygon", "coordinates": [[[-87.70660100000698, 41.896857000178734], [-87.7102099993148, 41.89915599948299], [-87.71155599903663, 41.8991489998812], [-87.71157900020128, 41.89978800047557], [-87.7118839998236, 41.9000529997125], [-87.7115510003968, 41.90014799974393], [-87.71458299981386, 41.90276999971438], [-87.72630299991744, 41.90267099975697], [-87.72631599983715, 41.903138000354105], [-87.726502999467, 41.903141000069276], [-87.73615500023189, 41.9029660001266], [-87.73614600060996, 41.902513000003744], [-87.74597799946574, 41.9023519996383], [-87.74611499945107, 41.90920299984026], [-87.74611399930306, 41.910072000109615], [-87.74589800014341, 41.91084199962703], [-87.74601000026927, 41.914493000239204], [-87.76403599955133, 41.916582000044656], [-87.78561400030567, 41.9164799998301], [-87.78790399919474, 41.916943999651735], [-87.79511600055498, 41.919537999742104], [-87.79509500017308, 41.91886700049734], [-87.79609599993387, 41.91921899972476], [-87.79876900021583, 41.91919299983149], [-87.79884800003762, 41.91991900080643], [-87.80428999929862, 41.91987100027022], [-87.80400099992613, 41.91072800046897], [-87.80582600010486, 41.91070599969479], [-87.80662400045945, 41.934510999760406], [-87.81638999999117, 41.934313000117996], [-87.81664000037516, 41.94135200036673], [-87.80317100011202, 41.94169199981198], [-87.80310199932765, 41.93986999998733], [-87.79946500039642, 41.93992800030027], [-87.79948799915768, 41.941747999332115], [-87.79584000010705, 41.94181300017765], [-87.79627199990814, 41.95274299926738], [-87.7792210007216, 41.95301400046463], [-87.77893900001895, 41.94574699971427], [-87.77650299956179, 41.94577099958291], [-87.77677500002824, 41.953055999234934], [-87.74323399987199, 41.95347399982831], [-87.7427499997891, 41.95347399967607], [-87.74255699964118, 41.95310300031659], [-87.74252600010092, 41.95347399963101], [-87.72761799986634, 41.95366200014493], [-87.72772299905645, 41.957301000621634], [-87.72282000034876, 41.95736499924527], [-87.72292899962675, 41.96100900063015], [-87.70824800045504, 41.96118699986251], [-87.70766399987663, 41.938885999832884], [-87.70261900012463, 41.935923000290714], [-87.70264100071135, 41.936276000413535], [-87.69997699958859, 41.93471100017393], [-87.69999200015064, 41.935064000058446], [-87.69495700016466, 41.93211099971379], [-87.68790399974391, 41.932169999220356], [-87.68770899940974, 41.92673900003311], [-87.68785500056777, 41.926731999683604], [-87.68770800011713, 41.92667800036582], [-87.68748700039433, 41.91997999947424], [-87.69135199907369, 41.919956000679896], [-87.69137800006766, 41.92078399991889], [-87.69273199969217, 41.92077100002507], [-87.69271199996425, 41.92006500029177], [-87.69314700006137, 41.92032899996], [-87.69536100055764, 41.91837200045579], [-87.69408000091069, 41.917519000605985], [-87.69720100036095, 41.91748900007137], [-87.6970940000248, 41.91390700036448], [-87.69220300057073, 41.91395000037548], [-87.69210500045033, 41.91044599924508], [-87.69211199994923, 41.91021800009071], [-87.6970340003697, 41.91022700053181], [-87.69679100066423, 41.89928300002357], [-87.7066739997099, 41.899194999480024], [-87.70660100000698, 41.896857000178734]]]}}, {"type": "Feature", "properties": {"district": 9}, "geometry": {"type": "Polygon", "coordinates": [[[-87.83474100033122, 41.896516000250394], [-87.83349600066128, 41.901554000083145], [-87.83263599997343, 41.90324600001575], [-87.83185400002115, 41.904088000068995], [-87.83492799935344, 41.90629299945349], [-87.83484799927822, 41.9046320000034], [-87.83987699914228, 41.904636999606005], [-87.8399520000519, 41.908355000666354], [-87.84969600064676, 41.90816800016402], [-87.84996199934973, 41.915398000019294], [-87.84734699999939, 41.915468000007166], [-87.85217199967663, 41.9190509997192], [-87.8519070005606, 41.91905600047259], [-87.85249299955441, 41.919596000113444], [-87.85260900026174, 41.92249899988392], [-87.85206100032366, 41.923060000606355], [-87.85225500001462, 41.92919499982781], [-87.85123199944609, 41.929193999859315], [-87.85155100063282, 41.93725899973119], [-87.84958799996139, 41.9372859996754], [-87.84988900018016, 41.93764500038719], [-87.8510840003339, 41.938415999491], [-87.85188399980777, 41.93942399939714], [-87.85220900039283, 41.94111400027036], [-87.85362699929678, 41.944779000261526], [-87.85524899941899, 41.94828399999428], [-87.8550779998603, 41.94915999945942], [-87.85411699935885, 41.951327999997396], [-87.84776500001958, 41.951675999763445], [-87.84739199984217, 41.955757999899795], [-87.85795399983097, 41.955337999384234], [-87.85864500021084, 41.95615899968593], [-87.85888400070877, 41.95695400074055], [-87.8588009998934, 41.95744399945434], [-87.85569400025929, 41.96262000041789], [-87.85579599961058, 41.96432000010009], [-87.85487100060996, 41.96599300027323], [-87.85477800016014, 41.96669999996167], [-87.85512000014133, 41.96824400043419], [-87.85498500002191, 41.96894899918928], [-87.854196999329, 41.97065999986927], [-87.85409899970719, 41.971152999690766], [-87.85421399951355, 41.97156799978032], [-87.8548910007029, 41.972296000294776], [-87.85556400004732, 41.972537999994294], [-87.85631499989596, 41.97241700070983], [-87.85807599963397, 41.971578000283756], [-87.85935200058434, 41.97151400046122], [-87.8609239996023, 41.97233199962112], [-87.86165900009038, 41.97299000012947], [-87.86185399958048, 41.97335900006383], [-87.87255800067487, 41.97306399942379], [-87.87290600080208, 41.97398399967993], [-87.87587300086278, 41.97400099976324], [-87.87576699966395, 41.976720000109836], [-87.87379900015539, 41.97672999926203], [-87.87596200039536, 41.98265100028061], [-87.87587300057572, 41.98475199979407], [-87.87633300042103, 41.98535099986756], [-87.8778960004882, 41.98892099944412], [-87.88009800018607, 41.99523699921228], [-87.88453200043942, 41.99513199981918], [-87.88453100012204, 41.998222999864026], [-87.88907600012104, 41.999237999472065], [-87.89596399930102, 42.00029799999286], [-87.896043999213, 42.002269999847016], [-87.89013100027466, 42.002319999600374], [-87.8900150001203, 42.00332600056875], [-87.89186999992684, 42.00410200050492], [-87.89312699971585, 42.00417199963533], [-87.89312699977103, 42.00328400039306], [-87.89347299994417, 42.00327299946119], [-87.89348799908787, 42.00289900041387], [-87.89411800027868, 42.002887999589326], [-87.89407199927814, 42.00570800053995], [-87.89227400024382, 42.00578999981261], [-87.8931050000173, 42.006967999768754], [-87.89277399961391, 42.00697699989246], [-87.89278699945949, 42.009410000455105], [-87.88585000012274, 42.009623000530674], [-87.88501800030366, 42.00722500010296], [-87.88466399981789, 42.00555399926378], [-87.88453399986987, 42.0010339999318], [-87.88210999998637, 41.99992199958341], [-87.88122099985121, 41.99744699995001], [-87.87335200006953, 41.99534200026991], [-87.87315799986568, 41.99547299995921], [-87.86559700003194, 41.99568599948013], [-87.86551599975631, 41.99708999940322], [-87.86578800067856, 41.99852500031933], [-87.86784400002465, 42.00338200046792], [-87.86834700057078, 42.0054700006457], [-87.86828799985518, 42.01352300016694], [-87.86771099933631, 42.015367999938675], [-87.8666490004376, 42.017444000171054], [-87.86710899995803, 42.01780900037764], [-87.86781499982354, 42.01791799944438], [-87.86913299946163, 42.01720199999954], [-87.87045200096269, 42.01611299979032], [-87.87114099993222, 42.01595099985525], [-87.87256599958901, 42.016316000174], [-87.87363399937263, 42.01711100024759], [-87.87406199948659, 42.01767199970171], [-87.8741090001817, 42.018179999703335], [-87.87394999933139, 42.01858999992215], [-87.87227700045236, 42.01965100047023], [-87.87204600062088, 42.02028799969128], [-87.87221600041713, 42.020806000063885], [-87.87395700046268, 42.021859999336336], [-87.87445700028823, 42.02245800016339], [-87.87487199967266, 42.023945999682844], [-87.87486699943246, 42.025042999697575], [-87.87343600067123, 42.02517699964622], [-87.86567400017368, 42.02462099998263], [-87.86561700035374, 42.02864299974222], [-87.86580100035414, 42.0304060002792], [-87.86869000046438, 42.03907899956815], [-87.8524929993252, 42.03961500021242], [-87.8524539990109, 42.04337900006111], [-87.84928800061509, 42.04345199981861], [-87.84928599993468, 42.04366099948646], [-87.849764999065, 42.043701999698456], [-87.84994599964737, 42.04421500028658], [-87.84986599924198, 42.04649900007078], [-87.85026599980189, 42.04660899981119], [-87.85026700066432, 42.04612500007671], [-87.85085200082187, 42.046100000148705], [-87.85086799962204, 42.046965999885], [-87.85021900048103, 42.04698700049292], [-87.85020500055188, 42.052384999736894], [-87.85024300024665, 42.052796999973836], [-87.85046999927923, 42.052890000067165], [-87.85030300009097, 42.05292499943484], [-87.85028199959339, 42.054276000007675], [-87.87429899998875, 42.05337999971165], [-87.87637000047035, 42.05357300026646], [-87.87928099956794, 42.05436799995318], [-87.88142800016932, 42.054647000241054], [-87.9102709997932, 42.05371500045436], [-87.91228400084461, 42.05053399966223], [-87.9126530007036, 42.05029299961439], [-87.92118500029784, 42.048816999646085], [-87.92110399994752, 42.04352799998794], [-87.92220400071638, 42.043523999259946], [-87.92222600029005, 42.04403099946086], [-87.92334699964138, 42.04402400010958], [-87.92336199977692, 42.04262599933115], [-87.92659500065332, 42.04292299954961], [-87.92907500034993, 42.04340099987118], [-87.92895400043149, 42.04201200028553], [-87.93157099979884, 42.04203700024868], [-87.93155599942617, 42.042589999929014], [-87.93535100073676, 42.04261700017587], [-87.93524399984422, 42.041747999380185], [-87.94071099979486, 42.04179500002772], [-87.94072799962925, 42.04353800042251], [-87.94100300008813, 42.04353300045416], [-87.94361900009906, 42.043159999670785], [-87.94409599930472, 42.042796000116766], [-87.94436699914779, 42.04197400009099], [-87.94477900025721, 42.04168200011578], [-87.94578599982005, 42.041576999830035], [-87.94592400089248, 42.04198800005275], [-87.94673399985368, 42.04194599969649], [-87.94690199920048, 42.04265199963354], [-87.94755300056717, 42.04264300041041], [-87.94832499910143, 42.04204199993466], [-87.94919300029353, 42.04179299956819], [-87.94990499974375, 42.04136500017423], [-87.95049600027858, 42.04146899997744], [-87.95047699959682, 42.04360999978788], [-87.9529179995159, 42.04355700069574], [-87.95258299957395, 42.04443100002152], [-87.9547720004245, 42.04442600005521], [-87.95480399966141, 42.046538000137076], [-87.9568380003347, 42.04654999945793], [-87.9602530002416, 42.04698599998158], [-87.96026499964333, 42.04825400037634], [-87.96651300054755, 42.04912499949462], [-87.96831000026103, 42.049652000060405], [-87.9686210005974, 42.04978000037687], [-87.96831999946247, 42.05084099968697], [-87.96831599955111, 42.05153899981845], [-87.9700539993767, 42.0515130002206], [-87.9700979996503, 42.05050900009607], [-87.97163399983366, 42.05115099960032], [-87.97344599939458, 42.05144199958955], [-87.99389700043443, 42.05146100001713], [-87.99733299946044, 42.053916999170376], [-87.99677600054407, 42.05436900004784], [-87.99904500089075, 42.05611600041761], [-87.99931400013573, 42.05725999991867], [-87.99809299902279, 42.0572849998325], [-87.99872700060048, 42.06039599965734], [-87.98233499938776, 42.060571999473844], [-87.98240899994151, 42.066526000328004], [-88.0437939996318, 42.06682900001555], [-88.0439189999853, 42.069331999675335], [-88.04391500021109, 42.069725999763975], [-88.0437530001043, 42.06972800036512], [-88.04376699974038, 42.07262700026616], [-88.05012299973923, 42.072802999578194], [-88.05036299959465, 42.07285599990198], [-88.05039599912571, 42.073562999756156], [-88.0505300007235, 42.073693999245144], [-88.05199300020044, 42.07354900053543], [-88.05203400009837, 42.074037000430565], [-88.05180299941856, 42.07453499938984], [-88.05287900024331, 42.07453399931978], [-88.0528739998601, 42.07529399974071], [-88.05343999954518, 42.07524099973675], [-88.05308099976835, 42.07534300004066], [-88.0535569992172, 42.07707300025193], [-88.05371399935679, 42.077170000273185], [-88.05342099957103, 42.07718299961982], [-88.05359799940938, 42.077855000079474], [-88.0534650000616, 42.078722999578844], [-88.05431200061786, 42.08116599960707], [-88.05393599979584, 42.082257999755775], [-88.0540840001285, 42.08511300050933], [-88.05338300023637, 42.08587599988919], [-88.05327299966739, 42.086638999973225], [-88.05288900047479, 42.08663399999931], [-88.05236599914227, 42.087364000030426], [-88.05230000000395, 42.08901600016563], [-88.05101699995684, 42.0908280005693], [-88.05098000017053, 42.09334800015451], [-88.05061099920142, 42.093886000197806], [-88.04955000034514, 42.09459899966988], [-88.04966699982216, 42.096218999485366], [-88.04850999954569, 42.097223000096314], [-88.04855400000939, 42.10056699972453], [-88.04636399956549, 42.103689999596625], [-88.04634899979692, 42.10413499956109], [-88.04660299981327, 42.10454699940252], [-88.03880200033463, 42.10437500028133], [-88.03775299996047, 42.10407400018888], [-88.03399599934465, 42.10404600038624], [-88.03418699981025, 42.08943499976503], [-88.03415300022013, 42.08850299998101], [-88.03385200058302, 42.088496000003886], [-88.00473200050614, 42.08831400052187], [-88.0046170000326, 42.10727900016141], [-88.00437400005143, 42.11015800055981], [-87.98523699979354, 42.110081999975385], [-87.98251700026819, 42.10991099994898], [-87.97263699967696, 42.109846000835475], [-87.96586200003453, 42.10997899978604], [-87.96587000018314, 42.10912599981314], [-87.96603900029943, 42.10863899961723], [-87.9660250006083, 42.103438999509144], [-87.96601000079451, 42.10310199935528], [-87.9657270002218, 42.10271500019061], [-87.96558200022827, 42.100986999807375], [-87.96575699996978, 42.10081999997439], [-87.96576099961788, 42.09974400031142], [-87.96542199988056, 42.09907800063013], [-87.96582300003743, 42.0990790001699], [-87.96582599960433, 42.09544699985117], [-87.96524300026681, 42.09544300026397], [-87.96530100009535, 42.08818799976167], [-87.95294699973549, 42.088102999452396], [-87.95295400024811, 42.089845999729256], [-87.95616700009752, 42.08985100020443], [-87.95602100003057, 42.09469400059267], [-87.95380900000836, 42.094729000271606], [-87.95484100007421, 42.0954209997406], [-87.90207900018092, 42.09510799934736], [-87.90206999956479, 42.09588000051064], [-87.90144100014884, 42.09601099983655], [-87.90162299973886, 42.096424000201885], [-87.9020100001562, 42.0967819993885], [-87.90291499994748, 42.09701699974694], [-87.90336999990912, 42.097654000056345], [-87.90175899995873, 42.098059000400106], [-87.89455999965362, 42.09800000016768], [-87.89454399945274, 42.10031000025539], [-87.89286499951922, 42.10028499985799], [-87.89222099928327, 42.10010199946025], [-87.89097899970429, 42.099394999659125], [-87.89118400063714, 42.09805199945909], [-87.89035699995956, 42.0979800001722], [-87.89002099948566, 42.10011800008663], [-87.8897150005377, 42.10093300025159], [-87.88862300059331, 42.10218199997817], [-87.88807399989035, 42.10212599921271], [-87.88797799960925, 42.07213700022992], [-87.88826199945561, 42.06919200008915], [-87.8882679999212, 42.0659969997615], [-87.80588599965097, 42.06558599956239], [-87.80674999968538, 42.00150500007197], [-87.79981400070095, 42.00152900022803], [-87.79948099978446, 41.99998500041086], [-87.79712599987224, 42.0000049997671], [-87.79718500055401, 41.99882300019528], [-87.79925199978425, 41.99856400028814], [-87.80102799995004, 41.99796300039001], [-87.80085300002466, 41.997130999487716], [-87.8048959994854, 41.99777599976158], [-87.804918999861, 41.99585900038144], [-87.80680100007969, 41.996977999754776], [-87.806808999693, 41.9960389996417], [-87.80300800022098, 41.993890000516785], [-87.80096600006893, 41.995038000345204], [-87.80031700038005, 41.995605000161355], [-87.79854300050401, 41.99576899961567], [-87.79879000031575, 41.9968010001456], [-87.79717200037943, 41.996973999351475], [-87.79720000041449, 41.99788999945759], [-87.79557799949153, 41.9982069995494], [-87.79556900020283, 41.99718600037648], [-87.79482000006475, 41.99367399993141], [-87.79389800041511, 41.99370399955623], [-87.79249600056808, 41.99292499981518], [-87.7956640000995, 41.98974099941095], [-87.79961500000861, 41.991969999651104], [-87.7997180003456, 41.99183799999769], [-87.79949699966319, 41.991268999920955], [-87.80037900059385, 41.990398000763854], [-87.79968900017157, 41.98974099985527], [-87.79951199969106, 41.9887280001141], [-87.79980400035373, 41.98771900016836], [-87.80043099950346, 41.986841000284215], [-87.79890900030449, 41.98650899962799], [-87.79757099970435, 41.98642699954513], [-87.79760700042041, 41.98228799939907], [-87.80694099987028, 41.98220200013027], [-87.8069420002686, 41.982771000119385], [-87.81312399954211, 41.98263600019161], [-87.81819699979906, 41.98382400026123], [-87.83661800077033, 41.98636499952302], [-87.83659300038408, 41.98421899987132], [-87.84187799970634, 41.98394599969331], [-87.84150499973727, 41.9810190000099], [-87.84152099994841, 41.97921900019789], [-87.84644500076678, 41.979128999358174], [-87.84649299943986, 41.97370600043353], [-87.84155000000435, 41.973787999561125], [-87.84155399953092, 41.97469500053489], [-87.83662900039303, 41.974789999682145], [-87.83662699983978, 41.97522200054321], [-87.83356100031607, 41.97539699988393], [-87.83368000025229, 41.974994999569766], [-87.83341400054802, 41.974916999354534], [-87.83342000076287, 41.97392000075048], [-87.83176299927983, 41.97394799963001], [-87.83172799924112, 41.97305600013797], [-87.82674099998707, 41.97314099939814], [-87.82673499964176, 41.97403400063879], [-87.81940099973632, 41.974223000330205], [-87.81943499980066, 41.97322099963454], [-87.81898200041236, 41.973220999405726], [-87.81896400027368, 41.970610000023704], [-87.8185249997587, 41.97061900010498], [-87.81695300041642, 41.97066000065064], [-87.81691700077634, 41.97428899997152], [-87.80706700024511, 41.97453799978972], [-87.80715599920549, 41.96827000001037], [-87.80254200011366, 41.96829700000537], [-87.8025250003691, 41.968751000045906], [-87.78800999941258, 41.96886700053671], [-87.78801300062524, 41.968410999670276], [-87.78675200053273, 41.96832600000892], [-87.7867959997984, 41.96348300055785], [-87.78695999987636, 41.96303100050966], [-87.78655899939582, 41.952916000563825], [-87.79627199990814, 41.95274299926738], [-87.79584000010705, 41.94181300017765], [-87.79948799915768, 41.941747999332115], [-87.79946500039642, 41.93992800030027], [-87.80310199932765, 41.93986999998733], [-87.80317100011202, 41.94169199981198], [-87.81664000037516, 41.94135200036673], [-87.81638999999117, 41.934313000117996], [-87.80662400045945, 41.934510999760406], [-87.80498600033975, 41.88698299914667], [-87.81471599977952, 41.88686699945102], [-87.81444999966429, 41.879446000172265], [-87.827324999397, 41.87917500042173], [-87.82698400035396, 41.879957000262685], [-87.82731100056759, 41.880539999847535], [-87.82863500042357, 41.881363000691046], [-87.8307780002351, 41.88313300000724], [-87.83249899994597, 41.88427900002985], [-87.83301299973806, 41.88474900039997], [-87.83345400047922, 41.88545700067404], [-87.83365800013863, 41.88600600030882], [-87.83365600011888, 41.8865730006966], [-87.83287699908911, 41.88802800028164], [-87.83184699965028, 41.88891200038379], [-87.82983000050662, 41.8898860003547], [-87.82964099936234, 41.890231000279826], [-87.8301610005786, 41.89155499956432], [-87.83148300054808, 41.892589000418674], [-87.83299199956356, 41.89320899975162], [-87.83391299983444, 41.894073000185685], [-87.83463699932425, 41.89530999930278], [-87.83474100033122, 41.896516000250394]]]}}, {"type": "Feature", "properties": {"district": 10}, "geometry": {"type": "Polygon", "coordinates": [[[-87.63911599949078, 41.92561200031969], [-87.63932699953511, 41.931361999729596], [-87.64344600050677, 41.930013999741014], [-87.64286600000653, 41.929620999611394], [-87.64223199964775, 41.928532999735225], [-87.6444460003872, 41.92801000034118], [-87.64641400030193, 41.92785700024449], [-87.64658100001326, 41.932767999985494], [-87.65871000026394, 41.93255600022463], [-87.65896900023843, 41.939838000116325], [-87.66866200059076, 41.93969699974161], [-87.66925799965489, 41.96159200064811], [-87.68868299958397, 41.961313000354004], [-87.68896500073016, 41.97041199982947], [-87.67923899985131, 41.9705739997206], [-87.67940400015779, 41.97603299965743], [-87.72823299959425, 41.975531999655395], [-87.72833099918208, 41.97908999972152], [-87.7379930004864, 41.97904999990334], [-87.73834999999208, 41.9816269999332], [-87.7373949991023, 41.982770000576664], [-87.7471100000459, 41.9826290003248], [-87.74736400014517, 41.98317500013707], [-87.74825699899776, 41.98356700047985], [-87.74785800049139, 41.969851000172916], [-87.7475590000536, 41.96853500029856], [-87.74772199982904, 41.96802900069201], [-87.76075000028051, 41.967876999785716], [-87.76135499996133, 41.967595000163435], [-87.76524599937548, 41.967811000406144], [-87.78674599981613, 41.96748699925048], [-87.78677200093051, 41.96842699966612], [-87.78801300062524, 41.968410999670276], [-87.78800999941258, 41.96886700053671], [-87.8025250003691, 41.968751000045906], [-87.80254200011366, 41.96829700000537], [-87.80715599920549, 41.96827000001037], [-87.80706700024511, 41.97453799978972], [-87.81691700077634, 41.97428899997152], [-87.81695300041642, 41.97066000065064], [-87.8185249997587, 41.97061900010498], [-87.81896400027368, 41.970610000023704], [-87.81898200041236, 41.973220999405726], [-87.81943499980066, 41.97322099963454], [-87.81940099973632, 41.974223000330205], [-87.82673499964176, 41.97403400063879], [-87.82674099998707, 41.97314099939814], [-87.83172799924112, 41.97305600013797], [-87.83176299927983, 41.97394799963001], [-87.83342000076287, 41.97392000075048], [-87.83341400054802, 41.974916999354534], [-87.83368000025229, 41.974994999569766], [-87.83356100031607, 41.97539699988393], [-87.83662699983978, 41.97522200054321], [-87.83662900039303, 41.974789999682145], [-87.84155399953092, 41.97469500053489], [-87.84155000000435, 41.973787999561125], [-87.84649299943986, 41.97370600043353], [-87.84644500076678, 41.979128999358174], [-87.84152099994841, 41.97921900019789], [-87.84150499973727, 41.9810190000099], [-87.84187799970634, 41.98394599969331], [-87.83659300038408, 41.98421899987132], [-87.83661800077033, 41.98636499952302], [-87.81819699979906, 41.98382400026123], [-87.81312399954211, 41.98263600019161], [-87.8069420002686, 41.982771000119385], [-87.80694099987028, 41.98220200013027], [-87.79760700042041, 41.98228799939907], [-87.79757099970435, 41.98642699954513], [-87.79890900030449, 41.98650899962799], [-87.80043099950346, 41.986841000284215], [-87.79970999974445, 41.98792500007618], [-87.79949799971155, 41.988963999743305], [-87.79968900017157, 41.98974099985527], [-87.80037900059385, 41.990398000763854], [-87.79949699966319, 41.991268999920955], [-87.79972999984203, 41.99163300019387], [-87.79961500000861, 41.991969999651104], [-87.7956640000995, 41.98974099941095], [-87.79249600056808, 41.99292499981518], [-87.79389800041511, 41.99370399955623], [-87.79482000006475, 41.99367399993141], [-87.79556900020283, 41.99718600037648], [-87.79557799949153, 41.9982069995494], [-87.79720000041449, 41.99788999945759], [-87.79717200037943, 41.996973999351475], [-87.79879000031575, 41.9968010001456], [-87.79854300050401, 41.99576899961567], [-87.80031700038005, 41.995605000161355], [-87.80096600006893, 41.995038000345204], [-87.80300800022098, 41.993890000516785], [-87.806808999693, 41.9960389996417], [-87.80680100007969, 41.996977999754776], [-87.804918999861, 41.99585900038144], [-87.8048959994854, 41.99777599976158], [-87.80085300002466, 41.997130999487716], [-87.80102799995004, 41.99796300039001], [-87.79925199978425, 41.99856400028814], [-87.79718500055401, 41.99882300019528], [-87.79712400036584, 42.00094000017809], [-87.79116599950213, 42.000980000150676], [-87.79076600000322, 42.00053100003617], [-87.78690899986556, 42.00248800056571], [-87.78271399983115, 42.004229999935696], [-87.78221499948008, 42.00463699965094], [-87.78320799987482, 42.00554200021667], [-87.78872300006984, 42.011997000046854], [-87.77906000037426, 42.01199099949078], [-87.77911799958615, 42.01553899987883], [-87.77692200034193, 42.015457000268476], [-87.77694399896176, 42.01198200037022], [-87.77334499983213, 42.011949000017516], [-87.77043599959677, 42.006341000212515], [-87.77015700005995, 42.00645099993185], [-87.76939300084913, 42.0049539995571], [-87.76579499947833, 42.003324999916636], [-87.7654810002193, 42.00371800041509], [-87.76775899898156, 42.00473499926235], [-87.7675340003154, 42.008431999977255], [-87.76166300006878, 42.008413000289934], [-87.7618630005236, 42.00348500060352], [-87.7622699996883, 42.00168700051127], [-87.75290999968765, 41.997303000441455], [-87.72152799965377, 41.99727199949499], [-87.72135700033907, 41.9902300001867], [-87.67526099985861, 41.99075299978421], [-87.67553799953626, 41.997982999910214], [-87.66055300045493, 41.99818900025687], [-87.66040599965618, 41.99455300001143], [-87.65695300023823, 41.99459299990516], [-87.6568830005536, 41.99233700015483], [-87.65429799947063, 41.99237599982349], [-87.65438300036847, 41.99020200044657], [-87.65412499975281, 41.989058000114305], [-87.65012300028155, 41.98494399946698], [-87.65047799909324, 41.98412400009294], [-87.65072300069372, 41.982925000171484], [-87.65067600037305, 41.980683999855636], [-87.65022600019272, 41.97972100005725], [-87.65037099958012, 41.97959699936172], [-87.6496959995794, 41.97903899972396], [-87.64678000007169, 41.97745700024565], [-87.64648599946825, 41.977132999752946], [-87.64631100054231, 41.97358100045637], [-87.6461200004395, 41.97287299940442], [-87.64510600036819, 41.97100599974601], [-87.64416499971615, 41.96976999975331], [-87.64298899913346, 41.96859999993218], [-87.64173200014537, 41.96765500038237], [-87.63920200066163, 41.966204999622164], [-87.63643599998373, 41.96552299960524], [-87.63197099974475, 41.96524099996157], [-87.63139099997831, 41.96313199998585], [-87.63146499939751, 41.96292399957327], [-87.63183299906727, 41.962578000259846], [-87.63442400045724, 41.96134899988459], [-87.63558699962604, 41.960285000677594], [-87.63652899989324, 41.95974699936271], [-87.63752899908182, 41.959494999717684], [-87.63902300040137, 41.95952899994768], [-87.64075800003974, 41.96002299990652], [-87.64089000010061, 41.960659999518164], [-87.6403900004856, 41.960857999873724], [-87.63886799981849, 41.96032400028408], [-87.63682199976544, 41.96072400010534], [-87.63632200008215, 41.96101500010449], [-87.63556300008634, 41.96195900019613], [-87.63543099951474, 41.96240399963374], [-87.63583499925444, 41.962738999885616], [-87.63648200032684, 41.962866000111354], [-87.64141099947473, 41.96231299985303], [-87.64203700015479, 41.96198899942468], [-87.64233099930435, 41.96141300007668], [-87.6422579999348, 41.96105600015975], [-87.64158200089267, 41.960363999974575], [-87.64153799959426, 41.96013899942072], [-87.64171600034838, 41.95856899983651], [-87.64114400021653, 41.95502699963216], [-87.6405569998553, 41.953275999474954], [-87.63884600040504, 41.94947599980872], [-87.63783999985355, 41.94746000005998], [-87.63724499955688, 41.94663600074963], [-87.63520899949366, 41.94441200062452], [-87.63375400035142, 41.94313700030508], [-87.63329899986886, 41.94238000013552], [-87.63354200034256, 41.942160000107805], [-87.63401700014046, 41.94247800014056], [-87.63440300028832, 41.94156400012246], [-87.63394699961322, 41.94127599936332], [-87.63401399999427, 41.94035400031137], [-87.63344099991502, 41.93874499944661], [-87.63230999969527, 41.9370479999713], [-87.63181199994727, 41.935405999837364], [-87.63057800021542, 41.93364900052014], [-87.6305709992797, 41.93325900042181], [-87.63139700054315, 41.93283799975907], [-87.63076299956424, 41.931991000477055], [-87.6311540003217, 41.9303710004204], [-87.6310890001612, 41.92919600004464], [-87.6307000000414, 41.92815799974584], [-87.6295990005659, 41.92665300013182], [-87.629598999517, 41.92653100048074], [-87.63068300005283, 41.926226999957244], [-87.63323300062328, 41.92579299960742], [-87.63911599949078, 41.92561200031969]]]}}, {"type": "Feature", "properties": {"district": 11}, "geometry": {"type": "Polygon", "coordinates": [[[-87.6863630003452, 41.67720499925303], [-87.68575999928137, 41.67861899995894], [-87.68566300026991, 41.679491000081754], [-87.6858640004948, 41.684474999899486], [-87.69562600028492, 41.68433700069697], [-87.69571699992636, 41.688031999532285], [-87.69947299969809, 41.687932999523476], [-87.69939799995822, 41.68614899978258], [-87.70062400028448, 41.6861340002221], [-87.70055300073481, 41.68426300078478], [-87.70541699948419, 41.68418699941216], [-87.7052850002659, 41.680578999183695], [-87.71135999919221, 41.68043799990278], [-87.71139000019464, 41.681268000016615], [-87.71157599951893, 41.68135600044709], [-87.71159899986318, 41.68180300063875], [-87.7113259995023, 41.68180799982589], [-87.71151599937019, 41.684092999684395], [-87.73944899987931, 41.683631999965485], [-87.74000100063078, 41.69824400033366], [-87.75312900008569, 41.69807499932537], [-87.75445800068496, 41.69948700047466], [-87.75589600039045, 41.700233000048335], [-87.75663100022753, 41.701082000330814], [-87.75740200002818, 41.70162099946173], [-87.75964799980873, 41.70157100025604], [-87.75979299971308, 41.705251999722755], [-87.76705500016232, 41.70509100029633], [-87.7671870004973, 41.71137699977642], [-87.7672859997164, 41.712331000081306], [-87.76740800013827, 41.712269999508585], [-87.76768599933207, 41.719679999840395], [-87.77993899954625, 41.719600000740655], [-87.78038400002465, 41.73225299985638], [-87.78032299922766, 41.73317899944368], [-87.77985399980362, 41.733846999935274], [-87.79910199918098, 41.733499999836795], [-87.80033399991446, 41.76395499984796], [-87.80065500058053, 41.76623200011003], [-87.8004959999783, 41.76798200074696], [-87.80080500057835, 41.775510000387605], [-87.80101600038758, 41.7762649998719], [-87.80086699997409, 41.776800999425106], [-87.80145000041362, 41.79013199999377], [-87.76528499929317, 41.790842999722344], [-87.76533600072777, 41.79222100035099], [-87.76594699979083, 41.79220899993052], [-87.7659640007486, 41.79266399989804], [-87.76414900094454, 41.79270200039279], [-87.76353599972471, 41.7927139993188], [-87.76351799952862, 41.79234699941983], [-87.76350000028354, 41.79193399937654], [-87.76410399969234, 41.7919220001454], [-87.76406600069238, 41.79086699977042], [-87.76224000010437, 41.79089999971586], [-87.76253800000838, 41.8000579998001], [-87.73807399975009, 41.80043000037712], [-87.73785299995517, 41.795432000207484], [-87.73798399968936, 41.793070999844645], [-87.72806199975949, 41.79316099979834], [-87.72745299985753, 41.771317000236245], [-87.69928400038017, 41.77172600035098], [-87.69934200056566, 41.77356000040792], [-87.69812499974508, 41.77357500010774], [-87.69836800018066, 41.782683999880724], [-87.69105899963665, 41.78279799995308], [-87.69115599997943, 41.78644699993889], [-87.68871799985689, 41.78648699982687], [-87.68881900003743, 41.79013400042726], [-87.68759799967042, 41.79015500068823], [-87.68765700034291, 41.791970999781114], [-87.68887299982336, 41.791953999984436], [-87.68893100010045, 41.79378300063024], [-87.68583799927926, 41.79383800015671], [-87.68587599973272, 41.79520900002905], [-87.68527999972979, 41.795222000619965], [-87.68531099993626, 41.79567400047201], [-87.68475700030544, 41.79568499967846], [-87.6848569993848, 41.79932100050019], [-87.6841780002278, 41.79933400033074], [-87.6842240001975, 41.80114600007552], [-87.65991800019985, 41.80138200053166], [-87.65996400027046, 41.80320599925092], [-87.65753600011689, 41.80323900054108], [-87.65758199998365, 41.805060999847264], [-87.65515400061527, 41.80509299989983], [-87.65524599953531, 41.812369999463414], [-87.66506399926033, 41.81222200000632], [-87.66524899978589, 41.82026200061887], [-87.66546199959218, 41.82315000051716], [-87.67021300004149, 41.82317000055029], [-87.67039900010633, 41.8304470000267], [-87.65752800053568, 41.83059799994304], [-87.65759399992803, 41.83107599976147], [-87.65808400025337, 41.83168800052309], [-87.66040999997215, 41.83410400020091], [-87.66230299964207, 41.83587399946466], [-87.66278100030055, 41.83612999948914], [-87.66343799972762, 41.83714199946988], [-87.66367199998662, 41.837888000154926], [-87.66424200063756, 41.83859900063276], [-87.66396100021545, 41.83875200073958], [-87.66436000094707, 41.8393750005826], [-87.66468299949058, 41.840841000061815], [-87.66498300071522, 41.8414610001333], [-87.66495099922687, 41.84184600039428], [-87.66433099962407, 41.84270000005765], [-87.66444899942933, 41.8446169997271], [-87.66314900071737, 41.84468499934361], [-87.66154599967034, 41.84544100021801], [-87.65804299920255, 41.84772400057379], [-87.6578010005042, 41.84750499986016], [-87.65611799990755, 41.847932000464105], [-87.65314400028095, 41.84760800076966], [-87.65039400073567, 41.84801700061456], [-87.64624599923799, 41.84925299961484], [-87.64416099927736, 41.849436999847434], [-87.64315899969901, 41.848098999251015], [-87.64177300025858, 41.847227000211824], [-87.63838699924369, 41.847272000460116], [-87.63840899984065, 41.84816200002544], [-87.63196500051018, 41.84825200034845], [-87.63221499958384, 41.847176000515], [-87.63180000031079, 41.845529999801684], [-87.63190800028852, 41.8440809999072], [-87.6314210003612, 41.827295999726914], [-87.63384199942561, 41.82726500038107], [-87.63376299939623, 41.82361600020274], [-87.636354000506, 41.8235829991714], [-87.63615100045143, 41.821832999671074], [-87.63583899986499, 41.80904600032647], [-87.64067900028816, 41.80895199997614], [-87.64064799913209, 41.805372999753104], [-87.64048799972488, 41.80529399951022], [-87.64127500002917, 41.805024999580795], [-87.6454319997354, 41.80493999957854], [-87.64544100044095, 41.80521799944512], [-87.65029299967898, 41.80517300010958], [-87.65020399941452, 41.80151700019325], [-87.65505899947775, 41.80145200014536], [-87.65501199952992, 41.79961899958736], [-87.65987200025543, 41.79956299998799], [-87.659824000209, 41.79774100065985], [-87.66285900011047, 41.79770000021577], [-87.66281000053203, 41.795878000094184], [-87.67678700030352, 41.79572999988064], [-87.67673500059945, 41.79389000006713], [-87.67881500020357, 41.79386800021456], [-87.67880600063428, 41.79350000004456], [-87.67993400036778, 41.79348800013739], [-87.68020199991695, 41.791346000332425], [-87.67996999936952, 41.78282899937703], [-87.68122700000049, 41.782891000081], [-87.68115599955772, 41.7810580002887], [-87.6903999991936, 41.78098499985738], [-87.69036199987609, 41.77963600002708], [-87.69097200004694, 41.77962699917136], [-87.6909590002979, 41.77915300003066], [-87.69339200027689, 41.779115999896916], [-87.69302899969703, 41.764539999786216], [-87.70281299994929, 41.764389000011604], [-87.70271000013994, 41.76075600027677], [-87.70758800050172, 41.76068000034025], [-87.70748400027456, 41.75856900018903], [-87.70762799993808, 41.75838300013714], [-87.7121310005754, 41.75833000038218], [-87.71224099950523, 41.760596999425005], [-87.71240299996731, 41.76059299960782], [-87.71207499970072, 41.74965299993408], [-87.71189000014263, 41.74965499948786], [-87.71167499974777, 41.74337599931513], [-87.71409999972407, 41.74138800015462], [-87.71434499912783, 41.74138400001168], [-87.71433900031414, 41.74119999999325], [-87.71631499975508, 41.73963100007559], [-87.71671300014245, 41.73951399956945], [-87.7166989998398, 41.73933899992147], [-87.72005500077735, 41.736710999549594], [-87.72149599966724, 41.73668499987616], [-87.72144599949993, 41.73373600042572], [-87.72173800028015, 41.73083200001523], [-87.72135799961414, 41.720462999969335], [-87.68206700070525, 41.72094000030923], [-87.68251399995022, 41.73552499975723], [-87.6760499994143, 41.735615000080905], [-87.67600099997134, 41.7353360004679], [-87.67425999986538, 41.73392699977443], [-87.67496900097375, 41.73340200051165], [-87.67599400002564, 41.733068000309146], [-87.67636000036008, 41.733348999319674], [-87.67632099922453, 41.731943000754676], [-87.6775249995913, 41.73191800047593], [-87.67743199928177, 41.72830700026653], [-87.6713859991652, 41.72838900000973], [-87.67134499989409, 41.727166000797844], [-87.66946400067465, 41.728138999988175], [-87.66789099900588, 41.728414999929164], [-87.66795099921745, 41.728606999911705], [-87.66772900056547, 41.72839599943789], [-87.66743599998293, 41.728451000499724], [-87.66714900009892, 41.72813000008882], [-87.66345199976297, 41.72120099963244], [-87.66302900023712, 41.71838699984408], [-87.65976399939026, 41.71400399928686], [-87.6615929994232, 41.71398300003831], [-87.6586410006515, 41.7067480004263], [-87.65601900016324, 41.70678600048772], [-87.65932199981299, 41.69784399951852], [-87.66407200025081, 41.691049000490715], [-87.66658900014143, 41.686698000226066], [-87.67016399970672, 41.68784000017884], [-87.67143200033922, 41.68791900039168], [-87.6718339994521, 41.6846270003904], [-87.67305300002948, 41.68460500035832], [-87.67371300050819, 41.6791730003513], [-87.67301600051302, 41.67912299965297], [-87.67322900012412, 41.67732199963339], [-87.6863630003452, 41.67720499925303]]]}}, {"type": "Feature", "properties": {"district": 12}, "geometry": {"type": "Polygon", "coordinates": [[[-87.63544499996438, 41.88742499980216], [-87.63557600040988, 41.891566999771186], [-87.63987799947395, 41.891498000238265], [-87.64073800049859, 41.89258199961465], [-87.64196000016788, 41.892538000773705], [-87.64186099943132, 41.892428999405126], [-87.64760600037448, 41.892363000002796], [-87.64762600032131, 41.89118099961889], [-87.65124400007582, 41.891142999899415], [-87.65738499986067, 41.89522700026657], [-87.65750999977787, 41.89622799948369], [-87.65844500013543, 41.89621200011492], [-87.65864299989335, 41.8963879994366], [-87.65955099954805, 41.89778999948171], [-87.66021399944007, 41.89934500017874], [-87.66096100069419, 41.89982900005878], [-87.68204600053399, 41.89946599934895], [-87.6825639994568, 41.91918499999509], [-87.68745999960558, 41.91908699936646], [-87.68770800011713, 41.92667800036582], [-87.68785500056777, 41.926731999683604], [-87.68770899940974, 41.92673900003311], [-87.68790399974391, 41.932169999220356], [-87.69495700016466, 41.93211099971379], [-87.69999200015064, 41.935064000058446], [-87.69997699958859, 41.93471100017393], [-87.70264100071135, 41.936276000413535], [-87.70261900012463, 41.935923000290714], [-87.70766399987663, 41.938885999832884], [-87.70824800045504, 41.96118699986251], [-87.72292899962675, 41.96100900063015], [-87.72282000034876, 41.95736499924527], [-87.72772299905645, 41.957301000621634], [-87.72761799986634, 41.95366200014493], [-87.74252600010092, 41.95347399963101], [-87.74255699964118, 41.95310300031659], [-87.7427499997891, 41.95347399967607], [-87.74323399987199, 41.95347399982831], [-87.77677500002824, 41.953055999234934], [-87.77650299956179, 41.94577099958291], [-87.77893900001895, 41.94574699971427], [-87.7792210007216, 41.95301400046463], [-87.78655899939582, 41.952916000563825], [-87.78695999987636, 41.96303100050966], [-87.7867959997984, 41.96348300055785], [-87.78674599981613, 41.96748699925048], [-87.76524599937548, 41.967811000406144], [-87.76135499996133, 41.967595000163435], [-87.76075000028051, 41.967876999785716], [-87.74772199982904, 41.96802900069201], [-87.7475590000536, 41.96853500029856], [-87.74785800049139, 41.969851000172916], [-87.74825699899776, 41.98356700047985], [-87.74736400014517, 41.98317500013707], [-87.7471100000459, 41.9826290003248], [-87.7373949991023, 41.982770000576664], [-87.73834999999208, 41.9816269999332], [-87.7379930004864, 41.97904999990334], [-87.72833099918208, 41.97908999972152], [-87.72823299959425, 41.975531999655395], [-87.67940400015779, 41.97603299965743], [-87.67923899985131, 41.9705739997206], [-87.68896500073016, 41.97041199982947], [-87.68868299958397, 41.961313000354004], [-87.66925799965489, 41.96159200064811], [-87.66866200059076, 41.93969699974161], [-87.65896900023843, 41.939838000116325], [-87.65871000026394, 41.93255600022463], [-87.64658100001326, 41.932767999985494], [-87.64641400030193, 41.92785700024449], [-87.6444460003872, 41.92801000034118], [-87.64223199964775, 41.928532999735225], [-87.64286600000653, 41.929620999611394], [-87.64344600050677, 41.930013999741014], [-87.63932699953511, 41.931361999729596], [-87.63911599949078, 41.92561200031969], [-87.63396199991807, 41.92571700017151], [-87.63068300005283, 41.926226999957244], [-87.629598999517, 41.92653100048074], [-87.6296139996769, 41.92612600009751], [-87.62984200037627, 41.92603300002073], [-87.62962899943173, 41.92519300009728], [-87.62929899922369, 41.92461599991389], [-87.62954900008357, 41.92439700036027], [-87.62949100014696, 41.92416099964916], [-87.62867599947256, 41.92293600021582], [-87.62927100002616, 41.92254599995663], [-87.62935999977643, 41.92228299993958], [-87.62854499979191, 41.92100299962086], [-87.62896399984896, 41.9207839994071], [-87.62895700002319, 41.92065800063303], [-87.6280610002243, 41.9193999998986], [-87.62851000066962, 41.91915800012553], [-87.62747400001352, 41.917873000166786], [-87.62773200026588, 41.91769799968741], [-87.627651000375, 41.9173129996431], [-87.62602099943395, 41.91558299992762], [-87.62445599989697, 41.91448399962152], [-87.62307499981144, 41.91378599994747], [-87.62259699993926, 41.91361500012928], [-87.62162000040506, 41.91361499977299], [-87.62020099947676, 41.91415199945618], [-87.62031099962391, 41.913630999701475], [-87.62087100084493, 41.91305500030513], [-87.6229589998929, 41.91262700036831], [-87.62460599958553, 41.911304999335236], [-87.62621899999597, 41.91110699953217], [-87.62709599983845, 41.91125600035909], [-87.63168199925767, 41.91118100033159], [-87.63285500038319, 41.913173999517596], [-87.63322400030778, 41.91291300000925], [-87.63986100034033, 41.91287499975334], [-87.6398059997657, 41.911095999602495], [-87.64435600026289, 41.91098700034968], [-87.64444900012121, 41.91388599992151], [-87.64836100005928, 41.913826999713656], [-87.64802700033685, 41.90230099960614], [-87.64635600070451, 41.900635999429866], [-87.64527199995928, 41.89866300075888], [-87.64399500055008, 41.8972140000659], [-87.64384500074345, 41.896460999413804], [-87.63717200031937, 41.89655099988238], [-87.63744500048811, 41.903804000065676], [-87.63447800053123, 41.903852999555816], [-87.63438199986098, 41.901325000088285], [-87.63292999979679, 41.90133400025861], [-87.63294200032031, 41.901823000619565], [-87.63278600076067, 41.90182499942205], [-87.63282599993327, 41.903115999824244], [-87.62996300007642, 41.90315399997529], [-87.62988900043986, 41.900573000778124], [-87.62831299956298, 41.90059300072744], [-87.62826499958916, 41.89914000012186], [-87.62677300062846, 41.899167000571246], [-87.62561399977704, 41.89671200052251], [-87.6242429999847, 41.89673399940941], [-87.62421500011122, 41.89053999971609], [-87.62533000049103, 41.89051899965636], [-87.62534699990512, 41.890914000187934], [-87.62803800054705, 41.890865999667255], [-87.62800400056156, 41.88750600058838], [-87.63544499996438, 41.88742499980216]]]}}, {"type": "Feature", "properties": {"district": 13}, "geometry": {"type": "Polygon", "coordinates": [[[-87.80674999968538, 42.00150500007197], [-87.80588599965097, 42.06558599956239], [-87.781093999969, 42.06537699983671], [-87.76121399967879, 42.064944999587595], [-87.75799900001101, 42.06504000004797], [-87.75442999983876, 42.06488700017111], [-87.7477620005731, 42.06491000022874], [-87.7466159997782, 42.06473000040851], [-87.74486300080241, 42.06483700085772], [-87.73242000021243, 42.06466599935189], [-87.73235199937287, 42.06891499979692], [-87.72916300085218, 42.06961800002119], [-87.72910399979142, 42.06911199985462], [-87.7226159997885, 42.06916899925346], [-87.68912000048279, 42.06876500025307], [-87.68921599946037, 42.069649000149056], [-87.68284499979227, 42.06948899967322], [-87.68275199974175, 42.071695000025045], [-87.67959399963486, 42.07170799944955], [-87.67811300011105, 42.069223000002694], [-87.67715499952187, 42.06796499968453], [-87.67724300057272, 42.067916000048136], [-87.67663199923516, 42.06708099951493], [-87.67590999962906, 42.06657599955298], [-87.67563000066376, 42.065982999829245], [-87.6757179994638, 42.06579100020022], [-87.67540900018732, 42.06486300023002], [-87.67399499929247, 42.064045000038874], [-87.67420100010264, 42.06385799998958], [-87.6737660002167, 42.06322199932024], [-87.67337599972737, 42.06181599924549], [-87.67305899984795, 42.06135500002751], [-87.67127700016285, 42.059729999670814], [-87.67086400020197, 42.06007500052546], [-87.6698700004149, 42.05993800004146], [-87.66954500058723, 42.05972400064432], [-87.67000299997405, 42.05787400080096], [-87.67010600042069, 42.05592500086039], [-87.66986399919118, 42.05399199992972], [-87.66931900010272, 42.05232300005053], [-87.66949599941331, 42.05208200053418], [-87.67015899996531, 42.05196100037406], [-87.67037699959462, 42.05227299978745], [-87.67104200041871, 42.05234100010281], [-87.67113099923115, 42.05054499974953], [-87.67121300021154, 42.050719999765306], [-87.67206699933652, 42.0506980003935], [-87.6726199998961, 42.04973800054665], [-87.67264899967299, 42.0490790000889], [-87.67221500037354, 42.04822799988224], [-87.6731730003424, 42.04793699997926], [-87.67225200029361, 42.0456039999559], [-87.67208300091863, 42.04547200077885], [-87.67214199990082, 42.044681000159265], [-87.67196500012336, 42.043792000718035], [-87.6702419999713, 42.0419360000206], [-87.66937299955464, 42.04126599998708], [-87.66910899996627, 42.03954799963596], [-87.66952899963388, 42.03901500048615], [-87.66956600067374, 42.0375490002242], [-87.66986799959055, 42.03739599990125], [-87.67004500051407, 42.03692900043592], [-87.66986099980826, 42.03645099947773], [-87.66908000024432, 42.03550700049899], [-87.66964699922755, 42.03547399956672], [-87.66939700013766, 42.03435900001842], [-87.66958899913924, 42.034309999738944], [-87.66929400020338, 42.033810000195885], [-87.66849299989545, 42.028308999978826], [-87.66697600018487, 42.026854000138684], [-87.66722700049912, 42.026706000607454], [-87.6666819995609, 42.02613500024837], [-87.6651729998922, 42.02339500035674], [-87.66510000027829, 42.02277399997174], [-87.66463599931676, 42.021939999853316], [-87.66475399969518, 42.02191800010311], [-87.66426100007604, 42.021291999446774], [-87.66405499997506, 42.02134699999191], [-87.6637900004685, 42.0203799998825], [-87.66407699981974, 42.020160999973164], [-87.66385699990568, 42.019523999696084], [-87.66371000045963, 42.01955699962923], [-87.66367999912966, 42.019398000149906], [-87.66384200005764, 42.019342999316294], [-87.66375400063245, 42.01894800021879], [-87.66323100020324, 42.01845300001742], [-87.66328999910858, 42.01808600052883], [-87.66307699971034, 42.017607999865994], [-87.66314300051637, 42.016915999728255], [-87.66281200049748, 42.016619999658545], [-87.66267300055645, 42.015818000090334], [-87.66246700062013, 42.0157630003662], [-87.66100300009046, 42.01218899980324], [-87.65869999961961, 42.01001400025834], [-87.65864799959375, 42.009657000114856], [-87.65554300057495, 42.006752000266424], [-87.65527799935609, 42.00672999970353], [-87.6557639995774, 42.00630200004137], [-87.6572949997159, 42.006274999777574], [-87.65731800033859, 42.00524299953042], [-87.65678800015269, 42.00423199939118], [-87.65728900043769, 42.00418299985488], [-87.65676700051114, 42.002371000461224], [-87.65619299951821, 42.001267000092454], [-87.65634099996578, 42.00103699983945], [-87.6558700000336, 42.00003200037198], [-87.6558130004592, 41.99939399984972], [-87.65512900050388, 41.998728999763124], [-87.65499700088249, 41.998296000174484], [-87.65512899968647, 41.99830099993454], [-87.65512199926677, 41.998157999955055], [-87.65473299941223, 41.99815300002559], [-87.65472500013102, 41.99728399913698], [-87.65451299992563, 41.99727800006381], [-87.65445999975036, 41.99648899938977], [-87.65471799989744, 41.99636799996887], [-87.65483599991, 41.995463000540376], [-87.654681000113, 41.99531400005604], [-87.6547410000943, 41.99456800043913], [-87.6544760001797, 41.99439200048528], [-87.65443200044741, 41.99409500005587], [-87.65480000042352, 41.993184000486956], [-87.65474899940038, 41.99284900019729], [-87.65424099905074, 41.99256300013718], [-87.65429799947063, 41.99237599982349], [-87.6568830005536, 41.99233700015483], [-87.65695300023823, 41.99459299990516], [-87.66040599965618, 41.99455300001143], [-87.66055300045493, 41.99818900025687], [-87.67553799953626, 41.997982999910214], [-87.67526099985861, 41.99075299978421], [-87.72135700033907, 41.9902300001867], [-87.72152799965377, 41.99727199949499], [-87.75290999968765, 41.997303000441455], [-87.7622699996883, 42.00168700051127], [-87.7618630005236, 42.00348500060352], [-87.76166300006878, 42.008413000289934], [-87.7675340003154, 42.008431999977255], [-87.76775899898156, 42.00473499926235], [-87.7654810002193, 42.00371800041509], [-87.76579499947833, 42.003324999916636], [-87.76939300084913, 42.0049539995571], [-87.77015700005995, 42.00645099993185], [-87.77043599959677, 42.006341000212515], [-87.77334499983213, 42.011949000017516], [-87.77694399896176, 42.01198200037022], [-87.77692200034193, 42.015457000268476], [-87.77911799958615, 42.01553899987883], [-87.77906000037426, 42.01199099949078], [-87.78872300006984, 42.011997000046854], [-87.78320799987482, 42.00554200021667], [-87.78221499948008, 42.00463699965094], [-87.78271399983115, 42.004229999935696], [-87.78690899986556, 42.00248800056571], [-87.7902049992942, 42.00075300057406], [-87.79076600000322, 42.00053100003617], [-87.79116599950213, 42.000980000150676], [-87.79712400036584, 42.00094000017809], [-87.79712599987224, 42.0000049997671], [-87.79948099978446, 41.99998500041086], [-87.79981400070095, 42.00152900022803], [-87.80674999968538, 42.00150500007197]]]}}, {"type": "Feature", "properties": {"district": 14}, "geometry": {"type": "Polygon", "coordinates": [[[-87.95228100030913, 42.15346499994269], [-87.88726800005183, 42.15295300001263], [-87.82466399995398, 42.152692999135695], [-87.81838600014306, 42.152517999549445], [-87.7938310000903, 42.1525500000727], [-87.75882899963631, 42.152268999679364], [-87.7586230004554, 42.152137000366054], [-87.75874200072688, 42.15195100011881], [-87.75823200027695, 42.15160499998328], [-87.75835099950031, 42.15155000015509], [-87.7573929993794, 42.15024300022892], [-87.7574449992385, 42.15004000034538], [-87.75675100003114, 42.14925900056627], [-87.7568710002927, 42.14920400007563], [-87.75675999997577, 42.14885799954437], [-87.7543280003597, 42.14558499985462], [-87.75445400026076, 42.14553499999214], [-87.75404800036709, 42.145124000599104], [-87.75344499980555, 42.143903999741724], [-87.75273000031297, 42.143273000422916], [-87.75286999991745, 42.14315699997197], [-87.75113800030788, 42.14093899960074], [-87.74791399991332, 42.13780900029633], [-87.7486440007347, 42.13747900029037], [-87.74717400041337, 42.13544900038528], [-87.7459929999614, 42.13424699937133], [-87.7455059999323, 42.13394499977414], [-87.74568299938004, 42.133758999914434], [-87.74434699974982, 42.13266699974892], [-87.74447900033023, 42.132572999575615], [-87.74305400024797, 42.13101500026408], [-87.74274399994476, 42.13059199995943], [-87.74295099980925, 42.13048799981877], [-87.74240400025897, 42.129890000442806], [-87.74256700032191, 42.129817999835765], [-87.74176899998993, 42.128895999866636], [-87.74192399972621, 42.12878100001297], [-87.74145099937309, 42.128155000657905], [-87.74132599976905, 42.127667000538736], [-87.74071299955266, 42.12709099965214], [-87.74089000029677, 42.12700800085724], [-87.73950999944596, 42.12566399918048], [-87.73969400015079, 42.12558100062145], [-87.73809400031506, 42.123650000662], [-87.73827800003478, 42.12354600022885], [-87.737738999955, 42.12291499992541], [-87.7374510001918, 42.12284900050962], [-87.73734800067858, 42.12246999996604], [-87.73668299951524, 42.12181199985539], [-87.7366829994756, 42.121477000014245], [-87.73598999986719, 42.120905999724414], [-87.73621800032569, 42.12078500065881], [-87.73560600008211, 42.12017099956758], [-87.73444700085297, 42.11938599959348], [-87.73453500036867, 42.11930400080716], [-87.73192399939722, 42.117515000072764], [-87.73055100013535, 42.11637900062568], [-87.73019700051731, 42.11632399989544], [-87.72973999940837, 42.11653899992361], [-87.7294599994806, 42.11620400039258], [-87.73035899946817, 42.115719999863785], [-87.7304989994949, 42.11549500001522], [-87.730233000465, 42.115193000048144], [-87.73001199968353, 42.11525900016527], [-87.73009300000616, 42.11502899997044], [-87.72982000049826, 42.11502900041673], [-87.73055699944071, 42.114677000577416], [-87.72937700068086, 42.113415000455255], [-87.72954600057876, 42.113255999997186], [-87.728196000193, 42.11204800068878], [-87.72777499982391, 42.1113290008526], [-87.72695599993605, 42.11064899945506], [-87.72691900022618, 42.11026499968538], [-87.72635099969887, 42.10969399943923], [-87.72615200008747, 42.109216000193086], [-87.72458000068433, 42.107920999735725], [-87.72445500005698, 42.10748799927771], [-87.72266200027406, 42.1060830008604], [-87.72120200039207, 42.104442000613346], [-87.7203309989756, 42.103838000154], [-87.72011000024557, 42.10340400016723], [-87.71783799928205, 42.10161000053593], [-87.71466699982513, 42.09838199928342], [-87.71254300065873, 42.09663700023277], [-87.71145200075861, 42.09604999968198], [-87.71122999979575, 42.09569900043104], [-87.70707200001061, 42.09304199949385], [-87.70592899981185, 42.09176300006343], [-87.70386499986274, 42.09058299934755], [-87.70388700065632, 42.09044599934286], [-87.70326699920714, 42.08992500010883], [-87.70023000003242, 42.08838800034751], [-87.70022300054205, 42.088052999803466], [-87.69845300017232, 42.086928000381995], [-87.69819599985831, 42.08708100025608], [-87.69752499996652, 42.08653299964375], [-87.69773799950642, 42.08640100036709], [-87.69734800037179, 42.086043999667915], [-87.696676999979, 42.085780000339625], [-87.69452500000791, 42.08438099945426], [-87.68941000038971, 42.08187800005011], [-87.68340299976877, 42.07941800018508], [-87.68146499938445, 42.07844100003592], [-87.67996899999038, 42.07879700035731], [-87.67991699968307, 42.07868799989334], [-87.68103699968856, 42.07841299923853], [-87.68083099980466, 42.07750699969898], [-87.67983600049338, 42.07757300001852], [-87.67934299934078, 42.07720499941586], [-87.67945999969628, 42.077138999904705], [-87.67985099962058, 42.07747999960283], [-87.6822309995298, 42.07719400042596], [-87.68209900025454, 42.077140000750994], [-87.68215000005547, 42.07692500061927], [-87.6814279992923, 42.07675499939569], [-87.68008700002656, 42.07689199979311], [-87.68146499953792, 42.07664499981712], [-87.68187799945613, 42.076711000615354], [-87.68218000046174, 42.07542699935291], [-87.68105200048473, 42.07348299948631], [-87.68002099953961, 42.072406999430115], [-87.67959399963486, 42.07170799944955], [-87.68275199974175, 42.071695000025045], [-87.68284499979227, 42.06948899967322], [-87.68921599946037, 42.069649000149056], [-87.68912000048279, 42.06876500025307], [-87.7226159997885, 42.06916899925346], [-87.72910399979142, 42.06911199985462], [-87.72916300085218, 42.06961800002119], [-87.73235199937287, 42.06891499979692], [-87.73242000021243, 42.06466599935189], [-87.74486300080241, 42.06483700085772], [-87.7466159997782, 42.06473000040851], [-87.7477620005731, 42.06491000022874], [-87.75442999983876, 42.06488700017111], [-87.75799900001101, 42.06504000004797], [-87.76146799974822, 42.06494800043189], [-87.78545599939031, 42.065435000255526], [-87.8882679999212, 42.0659969997615], [-87.88826199945561, 42.06919200008915], [-87.88797799960925, 42.07213700022992], [-87.88807399989035, 42.10212599921271], [-87.88862300059331, 42.10218199997817], [-87.8897150005377, 42.10093300025159], [-87.89002099948566, 42.10011800008663], [-87.89035699995956, 42.0979800001722], [-87.89118400063714, 42.09805199945909], [-87.89097899970429, 42.099394999659125], [-87.89222099928327, 42.10010199946025], [-87.89286499951922, 42.10028499985799], [-87.89454399945274, 42.10031000025539], [-87.89455999965362, 42.09800000016768], [-87.90175899995873, 42.098059000400106], [-87.90336999990912, 42.097654000056345], [-87.90291499994748, 42.09701699974694], [-87.9020100001562, 42.0967819993885], [-87.90162299973886, 42.096424000201885], [-87.90144100014884, 42.09601099983655], [-87.90206999956479, 42.09588000051064], [-87.90207900018092, 42.09510799934736], [-87.95484100007421, 42.0954209997406], [-87.95380900000836, 42.094729000271606], [-87.95602100003057, 42.09469400059267], [-87.95616700009752, 42.08985100020443], [-87.95295400024811, 42.089845999729256], [-87.95294699973549, 42.088102999452396], [-87.96530100009535, 42.08818799976167], [-87.96524300026681, 42.09544300026397], [-87.96582599960433, 42.09544699985117], [-87.96582300003743, 42.0990790001699], [-87.96542199988056, 42.09907800063013], [-87.96576099961788, 42.09974400031142], [-87.96575699996978, 42.10081999997439], [-87.96558200022827, 42.100986999807375], [-87.9657270002218, 42.10271500019061], [-87.96601000079451, 42.10310199935528], [-87.9660250006083, 42.103438999509144], [-87.96603900029943, 42.10863899961723], [-87.96587000018314, 42.10912599981314], [-87.96586200003453, 42.10997899978604], [-87.97263699967696, 42.109846000835475], [-87.98251700026819, 42.10991099994898], [-87.98523699979354, 42.110081999975385], [-88.00437400005143, 42.11015800055981], [-88.0046170000326, 42.10727900016141], [-88.00473200050614, 42.08831400052187], [-88.03415300022013, 42.08850299998101], [-88.03399599934465, 42.10404600038624], [-88.03775299996047, 42.10407400018888], [-88.03880200033463, 42.10437500028133], [-88.04660299981327, 42.10454699940252], [-88.04634899979692, 42.10413499956109], [-88.04636399956549, 42.103689999596625], [-88.04855400000939, 42.10056699972453], [-88.04850999954569, 42.097223000096314], [-88.04966699982216, 42.096218999485366], [-88.04955000034514, 42.09459899966988], [-88.05061099920142, 42.093886000197806], [-88.05098000017053, 42.09334800015451], [-88.05101699995684, 42.0908280005693], [-88.05230000000395, 42.08901600016563], [-88.05236599914227, 42.087364000030426], [-88.05288900047479, 42.08663399999931], [-88.05327299966739, 42.086638999973225], [-88.05338300023637, 42.08587599988919], [-88.0540840001285, 42.08511300050933], [-88.05393599979584, 42.082257999755775], [-88.05431200061786, 42.08116599960707], [-88.0534650000616, 42.078722999578844], [-88.05359799940938, 42.077855000079474], [-88.05342099957103, 42.07718299961982], [-88.05371399935679, 42.077170000273185], [-88.0535569992172, 42.07707300025193], [-88.05308099976835, 42.07534300004066], [-88.05343999954518, 42.07524099973675], [-88.05804900019446, 42.07542200059431], [-88.05968899958356, 42.07571400046135], [-88.05948499929585, 42.076362000654946], [-88.0594890002407, 42.077165999470004], [-88.06229900026938, 42.07720599987128], [-88.06228299959746, 42.07809100036954], [-88.06776600072865, 42.078112000431055], [-88.06790100016738, 42.075543000184105], [-88.0728349998, 42.07685999987063], [-88.07680499959598, 42.07820599986966], [-88.08260600075994, 42.081375999917576], [-88.08512999953999, 42.08249900007991], [-88.08771600070793, 42.08342699971636], [-88.08761400001383, 42.08863099957935], [-88.09243100009766, 42.088735000047336], [-88.09245299963115, 42.10540099965892], [-88.09258799952536, 42.10598900004459], [-88.0933999996562, 42.10700300008824], [-88.093557999766, 42.10742600039825], [-88.09548399978418, 42.11600700062608], [-88.10451100072413, 42.11606300038114], [-88.10450200030597, 42.11786100026956], [-88.12162499995803, 42.117862999735934], [-88.12157600102235, 42.138198000284945], [-88.12169499937737, 42.14679399990267], [-88.12184800045284, 42.14703400000024], [-88.12162000013493, 42.14774199995964], [-88.12154500028068, 42.154193000629874], [-88.07669300034512, 42.15389900040851], [-87.95228100030913, 42.15346499994269]]]}}, {"type": "Feature", "properties": {"district": 15}, "geometry": {"type": "Polygon", "coordinates": [[[-88.26364100027165, 42.066873000130165], [-88.24844100020326, 42.067073000435016], [-88.2381860002264, 42.0669849995417], [-88.23834400018966, 42.103115000250895], [-88.23829200073985, 42.14196699946735], [-88.23844900052438, 42.154248999891145], [-88.12154500028068, 42.154193000629874], [-88.12162000013493, 42.14774199995964], [-88.12184800045284, 42.14703400000024], [-88.12169499937737, 42.14679399990267], [-88.12157600102235, 42.138198000284945], [-88.12162499995803, 42.117862999735934], [-88.10450200030597, 42.11786100026956], [-88.10451100072413, 42.11606300038114], [-88.09548399978418, 42.11600700062608], [-88.093557999766, 42.10742600039825], [-88.0933999996562, 42.10700300008824], [-88.09258799952536, 42.10598900004459], [-88.09245299963115, 42.10540099965892], [-88.09243100009766, 42.088735000047336], [-88.08761400001383, 42.08863099957935], [-88.08771600070793, 42.08342699971636], [-88.08512999953999, 42.08249900007991], [-88.08260600075994, 42.081375999917576], [-88.07680499959598, 42.07820599986966], [-88.0728349998, 42.07685999987063], [-88.06790100016738, 42.075543000184105], [-88.06776600072865, 42.078112000431055], [-88.06228299959746, 42.07809100036954], [-88.06229900026938, 42.07720599987128], [-88.0594890002407, 42.077165999470004], [-88.05948499929585, 42.076362000654946], [-88.05968899958356, 42.07571400046135], [-88.05804900019446, 42.07542200059431], [-88.0528739998601, 42.07529399974071], [-88.05287900024331, 42.07453399931978], [-88.05180299941856, 42.07453499938984], [-88.05203400009837, 42.074037000430565], [-88.05199300020044, 42.07354900053543], [-88.0505300007235, 42.073693999245144], [-88.05040100009424, 42.07358599986112], [-88.05034100007161, 42.07284199975573], [-88.04376699974038, 42.07262700026616], [-88.0437530001043, 42.06972800036512], [-88.04391500021109, 42.069725999763975], [-88.0439189999853, 42.069331999675335], [-88.0437939996318, 42.06682900001555], [-87.98240899994151, 42.066526000328004], [-87.98233499938776, 42.060571999473844], [-87.99872700060048, 42.06039599965734], [-87.99809299902279, 42.0572849998325], [-87.99931400013573, 42.05725999991867], [-87.99897199996116, 42.05599100001127], [-87.99677600054407, 42.05436900004784], [-87.99733299946044, 42.053916999170376], [-87.99389700043443, 42.05146100001713], [-87.97344599939458, 42.05144199958955], [-87.97163399983366, 42.05115099960032], [-87.9700979996503, 42.05050900009607], [-87.9700539993767, 42.0515130002206], [-87.96831599955111, 42.05153899981845], [-87.96831999946247, 42.05084099968697], [-87.9686210005974, 42.04978000037687], [-87.96831000026103, 42.049652000060405], [-87.96651300054755, 42.04912499949462], [-87.96026499964333, 42.04825400037634], [-87.9602530002416, 42.04698599998158], [-87.9568380003347, 42.04654999945793], [-87.95480399966141, 42.046538000137076], [-87.9547720004245, 42.04442600005521], [-87.95258299957395, 42.04443100002152], [-87.9529179995159, 42.04355700069574], [-87.95047699959682, 42.04360999978788], [-87.95049600027858, 42.04146899997744], [-87.94990499974375, 42.04136500017423], [-87.94919300029353, 42.04179299956819], [-87.94832499910143, 42.04204199993466], [-87.94755300056717, 42.04264300041041], [-87.94690199920048, 42.04265199963354], [-87.94673399985368, 42.04194599969649], [-87.94592400089248, 42.04198800005275], [-87.94578599982005, 42.041576999830035], [-87.94477900025721, 42.04168200011578], [-87.94436699914779, 42.04197400009099], [-87.94409599930472, 42.042796000116766], [-87.94361900009906, 42.043159999670785], [-87.94100300008813, 42.04353300045416], [-87.94072799962925, 42.04353800042251], [-87.94071099979486, 42.04179500002772], [-87.93524399984422, 42.041747999380185], [-87.93535100073676, 42.04261700017587], [-87.93155599942617, 42.042589999929014], [-87.93157099979884, 42.04203700024868], [-87.92895400043149, 42.04201200028553], [-87.92907500034993, 42.04340099987118], [-87.92659500065332, 42.04292299954961], [-87.92336199977692, 42.04262599933115], [-87.92334699964138, 42.04402400010958], [-87.92222600029005, 42.04403099946086], [-87.92220400071638, 42.043523999259946], [-87.92110399994752, 42.04352799998794], [-87.92118500029784, 42.048816999646085], [-87.9126530007036, 42.05029299961439], [-87.91228400084461, 42.05053399966223], [-87.9102709997932, 42.05371500045436], [-87.88183900082358, 42.0546490004351], [-87.8789279997126, 42.0542809997999], [-87.878087999449, 42.054034999388726], [-87.88179399970286, 42.052548000582924], [-87.88109299975744, 42.05033999988552], [-87.88086999974841, 42.050023999715165], [-87.87973699912709, 42.04901200028966], [-87.87876100101158, 42.048709999367546], [-87.88083399934544, 42.04546900036959], [-87.87849100020101, 42.044614000266144], [-87.87865599994022, 42.04364499956018], [-87.87832000038755, 42.041447999838894], [-87.87835000084752, 42.040205000673026], [-87.87868000065012, 42.0397370004698], [-87.87949000009154, 42.039529000149386], [-87.88030899943142, 42.03953199977244], [-87.88099499999316, 42.039731000292726], [-87.88209299976411, 42.039698000420174], [-87.88254799957576, 42.039382000626276], [-87.88271600066679, 42.038978000733366], [-87.88339599988771, 42.03935099970279], [-87.88214299993301, 42.03540299995086], [-87.88004800018092, 42.030715999539396], [-87.87884899982048, 42.03089900042529], [-87.87832100025712, 42.03000200005099], [-87.87962699974378, 42.02988199996714], [-87.87873799976464, 42.028081999944455], [-87.89159300048163, 42.027722999926866], [-87.89261599994396, 42.03129400011482], [-87.90862499959766, 42.030698999608255], [-87.92092299982113, 42.03043500082132], [-87.92100500005124, 42.03751200020142], [-87.92703099910236, 42.03732799963802], [-87.93579800006023, 42.037373000570234], [-87.93570800012078, 42.03013199967132], [-87.92643000016707, 42.03032399983516], [-87.9264120005107, 42.02953700065737], [-87.92668299964986, 42.02907299968009], [-87.92641100001454, 42.02837699965955], [-87.92665900020317, 42.02726900030867], [-87.92664699997107, 42.02619699971564], [-87.92581999917529, 42.02476000035056], [-87.92576000046243, 42.02280399976078], [-87.91586700018213, 42.02317900002013], [-87.91568600014239, 42.02049299934967], [-87.92080700027324, 42.02030399971996], [-87.92068500034497, 42.010996000093336], [-87.92044299936464, 42.00535500007646], [-87.92075399953899, 42.003968000471254], [-87.92280000000903, 42.00613500039335], [-87.92544800091314, 42.00726899975038], [-87.92941800012724, 42.00485399952221], [-87.9296010009697, 42.00488900063393], [-87.9334240001609, 42.00199500012015], [-87.93602199954812, 41.99936400010721], [-87.93741900002863, 41.99722299999493], [-87.93751199951957, 41.9983300000406], [-87.94003199994461, 41.998131000240825], [-87.9400420001775, 41.9985909998686], [-87.96154500078082, 41.99819500023626], [-87.96191600040405, 41.998752999580404], [-87.96271300001571, 41.9990339998867], [-87.97023299980596, 41.998944999863156], [-87.97020999919452, 41.99806499940241], [-87.97874299970093, 41.997937999987464], [-87.97881100028688, 41.999464000231434], [-87.98049399959893, 41.99941299972439], [-87.98206899930787, 41.99963899984312], [-87.98222900011444, 42.00329700017259], [-87.98331699997108, 42.0032379994508], [-87.9844720001798, 42.0027319997435], [-87.98582200087303, 42.00375500059826], [-87.9865519995941, 42.0048980003057], [-87.98752599962154, 42.004571000420285], [-87.98816100029781, 42.00403499974892], [-87.98930700027432, 42.00377400051593], [-87.98851299998793, 42.00238800048275], [-87.99004100026714, 42.00207400039491], [-87.99210500029206, 42.0023419999794], [-87.99418200017335, 42.0021959999136], [-87.99475300066791, 42.00427899983641], [-87.99450300007983, 42.005201000611315], [-87.99478500032842, 42.00571399956838], [-87.99590800006469, 42.00527400061005], [-87.9959840001789, 42.00587699976288], [-87.99626299970181, 42.006274999238414], [-87.99705300067765, 42.00672900007566], [-87.9998710000889, 42.00768300001718], [-88.00006799939125, 42.00795799963949], [-88.0008850000777, 42.008413999792786], [-88.00114899964642, 42.00899600014915], [-88.00057299974276, 42.01075799996876], [-88.00099000018137, 42.01223299962859], [-87.99838499935966, 42.01278099985086], [-87.99498200048708, 42.01438799921196], [-87.9913930005258, 42.017929000403385], [-87.98914199998947, 42.02050500061405], [-87.98853900020387, 42.0218140004657], [-87.9883210009445, 42.025260000187075], [-87.98749799987806, 42.02821300054756], [-87.99377800072388, 42.02886800018624], [-87.99766599919384, 42.02980900036368], [-88.00835699958735, 42.03068399971609], [-88.02638800090234, 42.03570599928616], [-88.03531299988174, 42.037665000218816], [-88.06029700074494, 42.04085800026195], [-88.06078300025264, 42.039403000347455], [-88.06074900025173, 42.03913599941346], [-88.06030299996054, 42.03915499942503], [-88.0602020002882, 42.03556700003632], [-88.05313200019575, 42.0358350005261], [-88.05332199999155, 42.03460099982591], [-88.05404399919055, 42.033607000390816], [-88.05404399925094, 42.03334299968978], [-88.05358000013979, 42.03264100002925], [-88.0536319999115, 42.0321300000043], [-88.05491300032658, 42.03041700069783], [-88.05524500057302, 42.02919900019529], [-88.05585200031742, 42.02833599939585], [-88.03830999964902, 42.02884800011932], [-88.03764799974802, 42.028784999982776], [-88.0374140002789, 42.02844999979306], [-88.03706199934874, 42.02860100060923], [-88.03718099995133, 42.02883399984439], [-88.03455400031795, 42.02876800008224], [-88.03460499966329, 42.030545999859996], [-88.03353599976226, 42.03054600013466], [-88.03343400023705, 42.02786100075506], [-88.03287400057614, 42.02759599990447], [-88.03272200029582, 42.02691599999601], [-88.03323099977668, 42.026347999725914], [-88.03531699980243, 42.02589499974023], [-88.03460499985248, 42.02570599957004], [-88.03473899952999, 42.025253000127435], [-88.0317009998583, 42.02523899963262], [-88.03125400000421, 42.02504200011263], [-88.0313150003936, 42.02159500001599], [-88.03172700045822, 42.021464000333076], [-88.03436500077486, 42.02140799946286], [-88.03510100045187, 42.021212000266445], [-88.041021999516, 42.02111799941172], [-88.04100499954248, 42.02093100014205], [-88.0411229995422, 42.020923999863705], [-88.04336900011813, 42.02089400036073], [-88.04336599949352, 42.02112099969691], [-88.04427499980672, 42.021088000556304], [-88.04427600026234, 42.020764999953926], [-88.04570800054566, 42.02048200040388], [-88.04571200083309, 42.01756899957102], [-88.0479779997117, 42.01746600025858], [-88.05069100022806, 42.01758200033147], [-88.05059799988409, 42.021217000142826], [-88.05576299950312, 42.02102900030231], [-88.05571200026887, 42.02123199919342], [-88.05861799953908, 42.02111200007459], [-88.05854100068312, 42.0208849996897], [-88.06042099929023, 42.020808000135084], [-88.06034100062216, 42.02631199968286], [-88.0610459998614, 42.02810899973147], [-88.06965299997314, 42.02772999989894], [-88.06961500001397, 42.0265299998355], [-88.07023899962101, 42.024820999912514], [-88.06965800038951, 42.0228029998318], [-88.06997599971777, 42.02168599950408], [-88.07087199993241, 42.021757000390664], [-88.07206699925275, 42.02078100072253], [-88.0737219990697, 42.02065099990589], [-88.07456900063289, 42.020236000821605], [-88.07835899994535, 42.02006399935516], [-88.07965799979989, 42.020425999955116], [-88.08209299962479, 42.02040200032708], [-88.08376699977667, 42.02125499964991], [-88.0842909998259, 42.02137099935946], [-88.08433699957709, 42.02232899959194], [-88.08505099923805, 42.02287800025412], [-88.08539000052882, 42.02368300005942], [-88.084773000862, 42.024020000336016], [-88.08489300018022, 42.024865000178174], [-88.08471600093333, 42.02590499999026], [-88.08501000061104, 42.02615500004874], [-88.08576200038259, 42.02606400002244], [-88.08635000074496, 42.02635500000841], [-88.0862750001698, 42.027044999917464], [-88.0996940005395, 42.02656099941732], [-88.0997110005073, 42.02492099990452], [-88.10023399997307, 42.023585999760286], [-88.1023970004929, 42.024333000015154], [-88.1029650001181, 42.02320999979579], [-88.1036759991354, 42.02335100005118], [-88.10446500007163, 42.023199000367974], [-88.10492899971571, 42.02287299960905], [-88.10551199971468, 42.02191400058335], [-88.10312999916, 42.020755000176734], [-88.10268400032395, 42.02011900028383], [-88.10250999949349, 42.01903800013319], [-88.09174799979753, 42.01945799969373], [-88.09167800033524, 42.01846399958512], [-88.0913369996709, 42.01776599994111], [-88.09031000020042, 42.018154999964594], [-88.08782000019154, 42.01862799991607], [-88.08727499980469, 42.019106999764574], [-88.08710500030291, 42.019903000656484], [-88.08380299997506, 42.019937000505415], [-88.0837920000867, 42.01928799980712], [-88.08212300085779, 42.01903299938882], [-88.079981999413, 42.01915399994816], [-88.0800360006138, 42.01285100017294], [-88.07735700004409, 42.01299599972261], [-88.0767459995735, 42.01329799952872], [-88.07481700033662, 42.01348300008955], [-88.07443399968207, 42.013665000290075], [-88.07335099982981, 42.01481200028501], [-88.07291300040947, 42.01500199982354], [-88.07086000018926, 42.01509100001516], [-88.0699300004227, 42.01485499933635], [-88.07028200073314, 42.01411399934654], [-88.07040999992289, 42.01336700053846], [-88.07046699936164, 42.00939300022091], [-88.07027500035687, 42.008837000374086], [-88.07268200048443, 42.00829099957964], [-88.07587600025961, 42.00892500064993], [-88.07668799919135, 42.00879400006669], [-88.07794400070429, 42.00827499985443], [-88.08194400027446, 42.008335000387085], [-88.08306199993996, 42.00870700045122], [-88.0847670000281, 42.0098540001898], [-88.08507399973661, 42.010214999541645], [-88.08537800060827, 42.011207000640866], [-88.08643099970764, 42.01181299948369], [-88.08706799988806, 42.011402000388735], [-88.08881000040584, 42.011086999836195], [-88.09054399977336, 42.01016199999425], [-88.09164100009028, 42.01217500043506], [-88.09964400031784, 42.011866000424945], [-88.09961000014879, 42.01341999961431], [-88.10143299943692, 42.01331000017268], [-88.10333900014214, 42.01248299945905], [-88.1049819995844, 42.01236500028122], [-88.10575000004545, 42.01248500033348], [-88.10721400041801, 42.01310499966318], [-88.10892200014044, 42.01317499992451], [-88.10910800015205, 42.012677999771725], [-88.10956099983775, 42.01214099998594], [-88.10999399941515, 42.01212699958053], [-88.11096500066972, 42.0124639996634], [-88.11175500005183, 42.011041000192755], [-88.11159299977841, 42.01052099994975], [-88.11063300089047, 42.009761000709034], [-88.11016300063416, 42.00896899955952], [-88.11008700083441, 42.00420899986579], [-88.08492900022135, 42.005118000047666], [-88.0849609998851, 42.00289199967895], [-88.08482600001581, 42.002514999599384], [-88.08496100035157, 42.00231799935316], [-88.08497499944272, 42.001448999919106], [-88.08011400021691, 42.001655999319595], [-88.08015599936444, 41.99799899970506], [-88.06996999988795, 41.99840199944844], [-88.07043199967168, 42.001301000084204], [-88.069437999886, 42.001281999336896], [-88.06889700038131, 42.00107399950236], [-88.06779399911464, 42.00207900023226], [-88.06638500031163, 42.001382000104634], [-88.06569300024924, 42.00158600025118], [-88.06397800009236, 42.001662000168004], [-88.06401999975277, 42.00232799994037], [-88.06543000006852, 42.002291000567986], [-88.06548200044048, 42.00288700010816], [-88.0639000005578, 42.00278899937287], [-88.0637510007223, 42.003250000765576], [-88.06358999957914, 42.0057650000258], [-88.06050899949769, 42.00602799969343], [-88.06047600075362, 42.011144000036786], [-88.05973699988401, 42.01116299986504], [-88.0596799995363, 42.012228999531374], [-88.05922399987728, 42.0126779997968], [-88.0586760002215, 42.012810999622374], [-88.0575529998097, 42.01267199957762], [-88.056975000291, 42.0123930002865], [-88.05639199983787, 42.011584000086], [-88.05576199984223, 42.0112210001954], [-88.05376000007071, 42.01116400025713], [-88.05177300000004, 42.0103429998114], [-88.0509229993974, 42.010259000083295], [-88.04875500048205, 42.01116700061171], [-88.04795999984319, 42.01237300062189], [-88.04677199993948, 42.01304699962334], [-88.04660300061417, 42.01354999923811], [-88.0457890004129, 42.01358600002821], [-88.0457829994192, 42.01396999999224], [-88.03844299940434, 42.014189000360446], [-88.03851400050482, 42.00807999997737], [-88.03130400008075, 42.008253999706405], [-88.0313170000684, 42.00704300025779], [-88.03607199950521, 42.0069039997357], [-88.03609499964097, 42.00632899993229], [-88.03661999994115, 42.00576100049803], [-88.03670799915402, 42.00008500030372], [-88.03794900006595, 41.999106000291754], [-88.03570100006858, 41.99775499941741], [-88.03140599940852, 41.99609499975529], [-88.03136000082846, 42.003331999344525], [-88.0269700007533, 42.00339899988598], [-88.02448399976656, 41.99547899967229], [-88.02377799944917, 41.99248899941337], [-88.0314489996863, 41.99252699995388], [-88.04924499903385, 41.991858000605575], [-88.05106600034243, 41.99191700028908], [-88.06971199943229, 41.99104200056369], [-88.07670000002378, 41.990894999634904], [-88.14592099933078, 41.98821599913915], [-88.16910199986579, 41.98773099932244], [-88.20326999947521, 41.98745099984892], [-88.22781199956931, 41.98704200049747], [-88.22836899966035, 41.98703099949322], [-88.22870799987865, 41.98670500021015], [-88.23138299975302, 41.986645999870554], [-88.23226600023197, 41.98695699956449], [-88.26287499949237, 41.986378000372056], [-88.26332199949523, 42.01993700023256], [-88.26321999933376, 42.021951000660906], [-88.26364100027165, 42.066873000130165]]]}}, {"type": "Feature", "properties": {"district": 16}, "geometry": {"type": "Polygon", "coordinates": [[[-87.80419900059374, 41.864979999919576], [-87.73993200018889, 41.86595999915192], [-87.73984600054192, 41.86031200010694], [-87.73890799985834, 41.8371369995911], [-87.73915199930042, 41.836717999767906], [-87.73916199973316, 41.83632199954613], [-87.73880999971053, 41.83292000066524], [-87.73865400025689, 41.82213200049419], [-87.74125400068108, 41.822232000465085], [-87.74494899963449, 41.821981000314054], [-87.74494899997835, 41.81599799919289], [-87.75311900032435, 41.81344200024654], [-87.75296100010047, 41.81297399980085], [-87.75273600068387, 41.80018700016396], [-87.76253800000838, 41.8000579998001], [-87.76224000010437, 41.79089999971586], [-87.76406600069238, 41.79086699977042], [-87.76410399969234, 41.7919220001454], [-87.76350000028354, 41.79193399937654], [-87.76351799952862, 41.79234699941983], [-87.76353599972471, 41.7927139993188], [-87.76414900094454, 41.79270200039279], [-87.7659640007486, 41.79266399989804], [-87.76594699979083, 41.79220899993052], [-87.76533600072777, 41.79222100035099], [-87.76528499929317, 41.790842999722344], [-87.80145000041362, 41.79013199999377], [-87.80086699997409, 41.776800999425106], [-87.80103899988998, 41.77622099961075], [-87.80436200014854, 41.77238599988029], [-87.80452699946802, 41.772506000486366], [-87.80584899966571, 41.77238700057146], [-87.80569199938559, 41.774431999967184], [-87.81203900055975, 41.77437800068571], [-87.81224999935674, 41.77458399961878], [-87.81534699981646, 41.77508000071899], [-87.82093099973432, 41.766722999649254], [-87.8224499995437, 41.764953000196165], [-87.82532099974327, 41.762169000479865], [-87.83613100041642, 41.76190699950089], [-87.83804199994982, 41.761888999779295], [-87.83945800058767, 41.76207399999208], [-87.84622499977007, 41.761933000386904], [-87.84650099964539, 41.76173500005016], [-87.85415400022833, 41.76135399976468], [-87.85165899922633, 41.76426300017932], [-87.85314700036388, 41.763863000549776], [-87.85865899958863, 41.76309599999785], [-87.85791099968826, 41.76378800074388], [-87.85779600087356, 41.76426600001154], [-87.859458999753, 41.80528099974732], [-87.86928899965088, 41.8050750005809], [-87.86969000073232, 41.81617699976959], [-87.8644349996208, 41.817359000077516], [-87.86464399915525, 41.81785399988272], [-87.86470799977785, 41.81914900001274], [-87.86455899985677, 41.819248000019236], [-87.86455299943441, 41.81962400028717], [-87.86438800040217, 41.81963099962324], [-87.86440399987896, 41.81992799987753], [-87.86097600003161, 41.820030000284326], [-87.86158099959327, 41.834601000768195], [-87.85181300000771, 41.834854000619806], [-87.85213600024164, 41.84216899973461], [-87.86465900069659, 41.8418310001445], [-87.86525399974715, 41.841705999839355], [-87.86548200017934, 41.84382899972534], [-87.86625900088093, 41.843830999693736], [-87.86628300020251, 41.8444129999173], [-87.87145900050734, 41.84443099994243], [-87.87156100011548, 41.84313099988112], [-87.87821599985433, 41.84271899995661], [-87.87911700000718, 41.844922999567586], [-87.88122799943308, 41.848658000244015], [-87.90139599978882, 41.84814900024132], [-87.90277399956476, 41.878842999705526], [-87.90327500039292, 41.88115899967987], [-87.90326599950956, 41.892665999847054], [-87.90315200039905, 41.893631000793384], [-87.90340900033354, 41.896559999332375], [-87.9033620004103, 41.8998300005481], [-87.8984019997636, 41.89999000016537], [-87.89839600081437, 41.900814000002775], [-87.90516199972664, 41.90219499954996], [-87.90798899964314, 41.90303999977022], [-87.90802600009447, 41.90671100009464], [-87.90815299945103, 41.9070609998582], [-87.91301800042467, 41.90700600049874], [-87.9133859993817, 41.91409300003346], [-87.9145030002435, 41.91402699988805], [-87.9148540000411, 41.92132699932392], [-87.91499799964839, 41.9274110000682], [-87.91410900046405, 41.92974999958448], [-87.91436099964099, 41.93668499999251], [-87.91174099993, 41.937482000369656], [-87.89273799957151, 41.94074600034944], [-87.89323000083859, 41.94089999984938], [-87.89075799981043, 41.94153599962598], [-87.88796899912913, 41.94294000011351], [-87.88790799937183, 41.9425690001], [-87.88519700048026, 41.94194899968378], [-87.88520899964868, 41.94222900032605], [-87.88251099986687, 41.941236000854104], [-87.85808999912317, 41.93406999989194], [-87.8514090001211, 41.93348700010906], [-87.85123199944609, 41.929193999859315], [-87.85225500001462, 41.92919499982781], [-87.85206100032366, 41.923060000606355], [-87.85260900026174, 41.92249899988392], [-87.85249299955441, 41.919596000113444], [-87.8519070005606, 41.91905600047259], [-87.85217199967663, 41.9190509997192], [-87.84734699999939, 41.915468000007166], [-87.84996199934973, 41.915398000019294], [-87.84969600064676, 41.90816800016402], [-87.8399520000519, 41.908355000666354], [-87.83987699914228, 41.904636999606005], [-87.83484799927822, 41.9046320000034], [-87.83492799935344, 41.90629299945349], [-87.83185400002115, 41.904088000068995], [-87.83263599997343, 41.90324600001575], [-87.83349600066128, 41.901554000083145], [-87.83424299929945, 41.89839599972934], [-87.8346540000136, 41.89725900023157], [-87.83474699988037, 41.89626599964591], [-87.83463699932425, 41.89530999930278], [-87.83428400019064, 41.89457399938264], [-87.83361200058857, 41.89373199984632], [-87.83458799987623, 41.89362900040458], [-87.83444299948725, 41.88999700026031], [-87.83565800044067, 41.889977999807925], [-87.83562200056156, 41.88902800029717], [-87.83929800009436, 41.8896999998165], [-87.839340000437, 41.890824000720585], [-87.84055999974572, 41.890798999749194], [-87.84045700016189, 41.88853099962059], [-87.86394900026245, 41.89115500007347], [-87.86401299991549, 41.89292299985021], [-87.87848500075663, 41.89274400024797], [-87.88351800004776, 41.892406999851175], [-87.89304000020513, 41.89248000073079], [-87.89551100076315, 41.89265100021568], [-87.89846599988749, 41.8925089997234], [-87.89856299938822, 41.88914700060377], [-87.8981060007269, 41.88913599960558], [-87.89803999993397, 41.88673699953245], [-87.89935099974059, 41.886702000422375], [-87.89926599940328, 41.88318800015115], [-87.89937099984533, 41.883121999263636], [-87.89909900005092, 41.88010099952841], [-87.89787000031293, 41.88013500048566], [-87.89780699952566, 41.877396999965946], [-87.88311499927869, 41.87786099953731], [-87.88207999990371, 41.8558229997984], [-87.8814939999768, 41.85595599942086], [-87.86742699999222, 41.85635200023497], [-87.86706099903843, 41.84904700021307], [-87.84830199918298, 41.8495849995525], [-87.80379200028594, 41.85036899979783], [-87.80419900059374, 41.864979999919576]]]}}, {"type": "Feature", "properties": {"district": 17}, "geometry": {"type": "Polygon", "coordinates": [[[-88.02897300015042, 41.685241999975375], [-87.9818337363119, 41.68621647187743], [-87.98127212773025, 41.68671379906994], [-87.97896827253574, 41.68780840988422], [-87.97790772248631, 41.688058822196396], [-87.97664145310402, 41.68786268689027], [-87.97536696510421, 41.68707773447341], [-87.97462182822954, 41.68683270038434], [-87.97396893443707, 41.68682693138212], [-87.97260569682443, 41.68723162411578], [-87.97150740779013, 41.68732817372587], [-87.96874492162014, 41.68681305574433], [-87.96649725947887, 41.686652603662566], [-87.96081739346914, 41.689835345611414], [-87.95834131238837, 41.690989199777164], [-87.9556505055266, 41.69297003755831], [-87.95140274437503, 41.6938933609516], [-87.94767414026902, 41.6954676331703], [-87.94228450583437, 41.69920258789405], [-87.94239511906382, 41.700431607988826], [-87.94207672166478, 41.70156299453626], [-87.94234100745769, 41.70271526632524], [-87.94216419590873, 41.70321249272623], [-87.94177637352325, 41.7036371448681], [-87.94065630622528, 41.70416556069368], [-87.93784919359402, 41.704761063655475], [-87.93627283135729, 41.705978966362224], [-87.93530055616108, 41.70764995922638], [-87.93455286411127, 41.70842011620511], [-87.93028599961356, 41.710063999622], [-87.92723900007323, 41.71263400014118], [-87.92560999934882, 41.71275300009366], [-87.92500000053775, 41.71294399990914], [-87.92153200025868, 41.716238000271154], [-87.92045799925654, 41.7165100003762], [-87.91820700032652, 41.71657300024789], [-87.91700899932317, 41.71614200031298], [-87.91513200065819, 41.716586999916316], [-87.91426400012335, 41.71659799971608], [-87.9176349996336, 41.80474300034429], [-87.91908099966342, 41.83601399969617], [-87.91976399989281, 41.83960700038229], [-87.91944299994006, 41.84420299985138], [-87.91963771935657, 41.845245453169454], [-87.92041700059033, 41.86412999959466], [-87.9206260004449, 41.88952099961783], [-87.9205559995016, 41.90112199959298], [-87.9204399995592, 41.90210099972598], [-87.92011300012999, 41.96479599995678], [-87.92047599975066, 41.99388600066876], [-87.97934599962758, 41.99287400039828], [-88.01526900058282, 41.99246000054616], [-88.02377799944917, 41.99248899941337], [-88.02448399976656, 41.99547899967229], [-88.0269700007533, 42.00339899988598], [-88.03136000082846, 42.003331999344525], [-88.03140599940852, 41.99609499975529], [-88.03570100006858, 41.99775499941741], [-88.03794900006595, 41.999106000291754], [-88.03670799915402, 42.00008500030372], [-88.03661999994115, 42.00576100049803], [-88.03609499964097, 42.00632899993229], [-88.03607199950521, 42.0069039997357], [-88.0313170000684, 42.00704300025779], [-88.03130400008075, 42.008253999706405], [-88.03851400050482, 42.00807999997737], [-88.03844299940434, 42.014189000360446], [-88.0457829994192, 42.01396999999224], [-88.0457890004129, 42.01358600002821], [-88.04660300061417, 42.01354999923811], [-88.04677199993948, 42.01304699962334], [-88.04795999984319, 42.01237300062189], [-88.04875500048205, 42.01116700061171], [-88.0509229993974, 42.010259000083295], [-88.05177300000004, 42.0103429998114], [-88.05376000007071, 42.01116400025713], [-88.05576199984223, 42.0112210001954], [-88.05639199983787, 42.011584000086], [-88.056975000291, 42.0123930002865], [-88.0575529998097, 42.01267199957762], [-88.0586760002215, 42.012810999622374], [-88.05922399987728, 42.0126779997968], [-88.0596799995363, 42.012228999531374], [-88.05973699988401, 42.01116299986504], [-88.06047600075362, 42.011144000036786], [-88.06050899949769, 42.00602799969343], [-88.06358999957914, 42.0057650000258], [-88.0637510007223, 42.003250000765576], [-88.0639000005578, 42.00278899937287], [-88.06548200044048, 42.00288700010816], [-88.06543000006852, 42.002291000567986], [-88.06401999975277, 42.00232799994037], [-88.06397800009236, 42.001662000168004], [-88.06569300024924, 42.00158600025118], [-88.06638500031163, 42.001382000104634], [-88.06779399911464, 42.00207900023226], [-88.06889700038131, 42.00107399950236], [-88.069437999886, 42.001281999336896], [-88.07043199967168, 42.001301000084204], [-88.06996999988795, 41.99840199944844], [-88.0774659993178, 41.99809299985118], [-88.08015599936444, 41.99799899970506], [-88.08011400021691, 42.001655999319595], [-88.08497499944272, 42.001448999919106], [-88.08496100035157, 42.00231799935316], [-88.08482600001581, 42.002514999599384], [-88.0849609998851, 42.00289199967895], [-88.08492900022135, 42.005118000047666], [-88.11008700083441, 42.00420899986579], [-88.11013500023509, 42.00884700034413], [-88.11050599971956, 42.00961599971236], [-88.11161799967167, 42.01055900060836], [-88.11168899997182, 42.011284000555754], [-88.11096500066972, 42.0124639996634], [-88.10999399941515, 42.01212699958053], [-88.10956099983775, 42.01214099998594], [-88.10910800015205, 42.012677999771725], [-88.10892200014044, 42.01317499992451], [-88.10721400041801, 42.01310499966318], [-88.10575000004545, 42.01248500033348], [-88.1049819995844, 42.01236500028122], [-88.10333900014214, 42.01248299945905], [-88.10143299943692, 42.01331000017268], [-88.09961000014879, 42.01341999961431], [-88.09964400031784, 42.011866000424945], [-88.09164100009028, 42.01217500043506], [-88.09054399977336, 42.01016199999425], [-88.08881000040584, 42.011086999836195], [-88.08706799988806, 42.011402000388735], [-88.08643099970764, 42.01181299948369], [-88.08537800060827, 42.011207000640866], [-88.08507399973661, 42.010214999541645], [-88.0847670000281, 42.0098540001898], [-88.08306199993996, 42.00870700045122], [-88.08194400027446, 42.008335000387085], [-88.07794400070429, 42.00827499985443], [-88.07668799919135, 42.00879400006669], [-88.07587600025961, 42.00892500064993], [-88.07268200048443, 42.00829099957964], [-88.07027500035687, 42.008837000374086], [-88.07046699936164, 42.00939300022091], [-88.07040999992289, 42.01336700053846], [-88.07028200073314, 42.01411399934654], [-88.0699300004227, 42.01485499933635], [-88.07086000018926, 42.01509100001516], [-88.07291300040947, 42.01500199982354], [-88.07335099982981, 42.01481200028501], [-88.07443399968207, 42.013665000290075], [-88.07481700033662, 42.01348300008955], [-88.0767459995735, 42.01329799952872], [-88.07735700004409, 42.01299599972261], [-88.0800360006138, 42.01285100017294], [-88.079981999413, 42.01915399994816], [-88.08212300085779, 42.01903299938882], [-88.0837920000867, 42.01928799980712], [-88.08380299997506, 42.019937000505415], [-88.08710500030291, 42.019903000656484], [-88.08727499980469, 42.019106999764574], [-88.08782000019154, 42.01862799991607], [-88.09031000020042, 42.018154999964594], [-88.0913369996709, 42.01776599994111], [-88.09167800033524, 42.01846399958512], [-88.09174799979753, 42.01945799969373], [-88.10250999949349, 42.01903800013319], [-88.10268400032395, 42.02011900028383], [-88.10312999916, 42.020755000176734], [-88.10551199971468, 42.02191400058335], [-88.10492899971571, 42.02287299960905], [-88.10446500007163, 42.023199000367974], [-88.1036759991354, 42.02335100005118], [-88.1029650001181, 42.02320999979579], [-88.1023970004929, 42.024333000015154], [-88.10023399997307, 42.023585999760286], [-88.0997110005073, 42.02492099990452], [-88.0996940005395, 42.02656099941732], [-88.0862750001698, 42.027044999917464], [-88.08635000074496, 42.02635500000841], [-88.08576200038259, 42.02606400002244], [-88.08501000061104, 42.02615500004874], [-88.08471600093333, 42.02590499999026], [-88.08489300018022, 42.024865000178174], [-88.084773000862, 42.024020000336016], [-88.08539000052882, 42.02368300005942], [-88.08505099923805, 42.02287800025412], [-88.08433699957709, 42.02232899959194], [-88.0842909998259, 42.02137099935946], [-88.08376699977667, 42.02125499964991], [-88.08209299962479, 42.02040200032708], [-88.07965799979989, 42.020425999955116], [-88.07835899994535, 42.02006399935516], [-88.07456900063289, 42.020236000821605], [-88.0737219990697, 42.02065099990589], [-88.07206699925275, 42.02078100072253], [-88.07087199993241, 42.021757000390664], [-88.06997599971777, 42.02168599950408], [-88.06965800038951, 42.0228029998318], [-88.07023899962101, 42.024820999912514], [-88.06961500001397, 42.0265299998355], [-88.06965299997314, 42.02772999989894], [-88.0610459998614, 42.02810899973147], [-88.06034100062216, 42.02631199968286], [-88.06042099929023, 42.020808000135084], [-88.05854100068312, 42.0208849996897], [-88.05861799953908, 42.02111200007459], [-88.05571200026887, 42.02123199919342], [-88.05576299950312, 42.02102900030231], [-88.05059799988409, 42.021217000142826], [-88.05069100022806, 42.01758200033147], [-88.0479779997117, 42.01746600025858], [-88.04571200083309, 42.01756899957102], [-88.04570800054566, 42.02048200040388], [-88.04427600026234, 42.020764999953926], [-88.04427499980672, 42.021088000556304], [-88.04336599949352, 42.02112099969691], [-88.04336900011813, 42.02089400036073], [-88.0411229995422, 42.020923999863705], [-88.04100499954248, 42.02093100014205], [-88.041021999516, 42.02111799941172], [-88.03510100045187, 42.021212000266445], [-88.03436500077486, 42.02140799946286], [-88.03172700045822, 42.021464000333076], [-88.0313150003936, 42.02159500001599], [-88.03125400000421, 42.02504200011263], [-88.0317009998583, 42.02523899963262], [-88.03473899952999, 42.025253000127435], [-88.03460499985248, 42.02570599957004], [-88.03531699980243, 42.02589499974023], [-88.03323099977668, 42.026347999725914], [-88.03272200029582, 42.02691599999601], [-88.03287400057614, 42.02759599990447], [-88.03343400023705, 42.02786100075506], [-88.03353599976226, 42.03054600013466], [-88.03460499966329, 42.030545999859996], [-88.03455400031795, 42.02876800008224], [-88.03718099995133, 42.02883399984439], [-88.03706199934874, 42.02860100060923], [-88.0374140002789, 42.02844999979306], [-88.03764799974802, 42.028784999982776], [-88.03830999964902, 42.02884800011932], [-88.05585200031742, 42.02833599939585], [-88.05524500057302, 42.02919900019529], [-88.05491300032658, 42.03041700069783], [-88.0536319999115, 42.0321300000043], [-88.05358000013979, 42.03264100002925], [-88.05404399925094, 42.03334299968978], [-88.05404399919055, 42.033607000390816], [-88.05332199999155, 42.03460099982591], [-88.05313200019575, 42.0358350005261], [-88.0602020002882, 42.03556700003632], [-88.06030299996054, 42.03915499942503], [-88.06074900025173, 42.03913599941346], [-88.06078300025264, 42.039403000347455], [-88.06029700074494, 42.04085800026195], [-88.03531299988174, 42.037665000218816], [-88.02638800090234, 42.03570599928616], [-88.00835699958735, 42.03068399971609], [-87.99766599919384, 42.02980900036368], [-87.99377800072388, 42.02886800018624], [-87.98749799987806, 42.02821300054756], [-87.9883210009445, 42.025260000187075], [-87.98853900020387, 42.0218140004657], [-87.98914199998947, 42.02050500061405], [-87.9913930005258, 42.017929000403385], [-87.99498200048708, 42.01438799921196], [-87.99838499935966, 42.01278099985086], [-88.00099000018137, 42.01223299962859], [-88.00057299974276, 42.01075799996876], [-88.00113400011811, 42.00928699971601], [-88.0010099997851, 42.00857400035537], [-87.9998710000889, 42.00768300001718], [-87.99705300067765, 42.00672900007566], [-87.99626299970181, 42.006274999238414], [-87.9959840001789, 42.00587699976288], [-87.99590800006469, 42.00527400061005], [-87.99478500032842, 42.00571399956838], [-87.99450300007983, 42.005201000611315], [-87.99475300066791, 42.00427899983641], [-87.99418200017335, 42.0021959999136], [-87.99210500029206, 42.0023419999794], [-87.99004100026714, 42.00207400039491], [-87.98851299998793, 42.00238800048275], [-87.98930700027432, 42.00377400051593], [-87.98816100029781, 42.00403499974892], [-87.98752599962154, 42.004571000420285], [-87.9865519995941, 42.0048980003057], [-87.98582200087303, 42.00375500059826], [-87.9844720001798, 42.0027319997435], [-87.98331699997108, 42.0032379994508], [-87.98222900011444, 42.00329700017259], [-87.98206899930787, 41.99963899984312], [-87.98049399959893, 41.99941299972439], [-87.97881100028688, 41.999464000231434], [-87.97874299970093, 41.997937999987464], [-87.97020999919452, 41.99806499940241], [-87.97023299980596, 41.998944999863156], [-87.96271300001571, 41.9990339998867], [-87.96191600040405, 41.998752999580404], [-87.96154500078082, 41.99819500023626], [-87.9400420001775, 41.9985909998686], [-87.94003199994461, 41.998131000240825], [-87.93751199951957, 41.9983300000406], [-87.93741900002863, 41.99722299999493], [-87.93602199954812, 41.99936400010721], [-87.9334240001609, 42.00199500012015], [-87.9296010009697, 42.00488900063393], [-87.92941800012724, 42.00485399952221], [-87.92544800091314, 42.00726899975038], [-87.92280000000903, 42.00613500039335], [-87.92075399953899, 42.003968000471254], [-87.92044299936464, 42.00535500007646], [-87.92068500034497, 42.010996000093336], [-87.92080700027324, 42.02030399971996], [-87.91568600014239, 42.02049299934967], [-87.91586700018213, 42.02317900002013], [-87.92576000046243, 42.02280399976078], [-87.92581999917529, 42.02476000035056], [-87.92664699997107, 42.02619699971564], [-87.92665900020317, 42.02726900030867], [-87.92641100001454, 42.02837699965955], [-87.92668299964986, 42.02907299968009], [-87.9264120005107, 42.02953700065737], [-87.92643000016707, 42.03032399983516], [-87.93570800012078, 42.03013199967132], [-87.93579800006023, 42.037373000570234], [-87.92703099910236, 42.03732799963802], [-87.92100500005124, 42.03751200020142], [-87.92092299982113, 42.03043500082132], [-87.90862499959766, 42.030698999608255], [-87.89261599994396, 42.03129400011482], [-87.89159300048163, 42.027722999926866], [-87.87873799976464, 42.028081999944455], [-87.87962699974378, 42.02988199996714], [-87.8783240002104, 42.03002600010389], [-87.87884899982048, 42.03089900042529], [-87.88004800018092, 42.030715999539396], [-87.88214299993301, 42.03540299995086], [-87.88339599988771, 42.03935099970279], [-87.88271600066679, 42.038978000733366], [-87.88252200063663, 42.0394119998079], [-87.88204800042794, 42.03971000032433], [-87.88099499999316, 42.039731000292726], [-87.88006800033529, 42.03951799996234], [-87.87887899948862, 42.03963600021458], [-87.87861099950572, 42.039787000078356], [-87.87827999923482, 42.04048499987885], [-87.87865599994022, 42.04364499956018], [-87.87849100020101, 42.044614000266144], [-87.88083399934544, 42.04546900036959], [-87.87876100101158, 42.048709999367546], [-87.87973699912709, 42.04901200028966], [-87.88086999974841, 42.050023999715165], [-87.88109299975744, 42.05033999988552], [-87.8817879994203, 42.05258400049257], [-87.878087999449, 42.054034999388726], [-87.87637000047035, 42.05357300026646], [-87.87429899998875, 42.05337999971165], [-87.85028199959339, 42.054276000007675], [-87.85030300009097, 42.05292499943484], [-87.85046999927923, 42.052890000067165], [-87.85024300024665, 42.052796999973836], [-87.85020500055188, 42.052384999736894], [-87.85021900048103, 42.04698700049292], [-87.85086799962204, 42.046965999885], [-87.85085200082187, 42.046100000148705], [-87.85026700066432, 42.04612500007671], [-87.85026599980189, 42.04660899981119], [-87.84986599924198, 42.04649900007078], [-87.84994599964737, 42.04421500028658], [-87.849764999065, 42.043701999698456], [-87.84928599993468, 42.04366099948646], [-87.84928800061509, 42.04345199981861], [-87.8524539990109, 42.04337900006111], [-87.8524929993252, 42.03961500021242], [-87.86869000046438, 42.03907899956815], [-87.86580100035414, 42.0304060002792], [-87.86561700035374, 42.02864299974222], [-87.86567400017368, 42.02462099998263], [-87.87343600067123, 42.02517699964622], [-87.87486699943246, 42.025042999697575], [-87.87487199967266, 42.023945999682844], [-87.87445700028823, 42.02245800016339], [-87.87395700046268, 42.021859999336336], [-87.87221600041713, 42.020806000063885], [-87.87204600062088, 42.02028799969128], [-87.87227700045236, 42.01965100047023], [-87.87394999933139, 42.01858999992215], [-87.8741090001817, 42.018179999703335], [-87.87406199948659, 42.01767199970171], [-87.87363399937263, 42.01711100024759], [-87.87256599958901, 42.016316000174], [-87.87114099993222, 42.01595099985525], [-87.87045200096269, 42.01611299979032], [-87.86913299946163, 42.01720199999954], [-87.86781499982354, 42.01791799944438], [-87.86710899995803, 42.01780900037764], [-87.8666490004376, 42.017444000171054], [-87.86771099933631, 42.015367999938675], [-87.86828799985518, 42.01352300016694], [-87.86834700057078, 42.0054700006457], [-87.86784400002465, 42.00338200046792], [-87.86578800067856, 41.99852500031933], [-87.86551599975631, 41.99708999940322], [-87.86559700003194, 41.99568599948013], [-87.87315799986568, 41.99547299995921], [-87.87335200006953, 41.99534200026991], [-87.88122099985121, 41.99744699995001], [-87.88210999998637, 41.99992199958341], [-87.88453399986987, 42.0010339999318], [-87.88466399981789, 42.00555399926378], [-87.88501800030366, 42.00722500010296], [-87.88585000012274, 42.009623000530674], [-87.89278699945949, 42.009410000455105], [-87.89277399961391, 42.00697699989246], [-87.8931050000173, 42.006967999768754], [-87.89227400024382, 42.00578999981261], [-87.89407199927814, 42.00570800053995], [-87.89411800027868, 42.002887999589326], [-87.89348799908787, 42.00289900041387], [-87.89347299994417, 42.00327299946119], [-87.89312699977103, 42.00328400039306], [-87.89312699971585, 42.00417199963533], [-87.89186999992684, 42.00410200050492], [-87.8900150001203, 42.00332600056875], [-87.89013100027466, 42.002319999600374], [-87.896043999213, 42.002269999847016], [-87.89596399930102, 42.00029799999286], [-87.88907600012104, 41.999237999472065], [-87.88453100012204, 41.998222999864026], [-87.88453200043942, 41.99513199981918], [-87.88009800018607, 41.99523699921228], [-87.8778960004882, 41.98892099944412], [-87.87633300042103, 41.98535099986756], [-87.87587300057572, 41.98475199979407], [-87.87596200039536, 41.98265100028061], [-87.87379900015539, 41.97672999926203], [-87.87576699966395, 41.976720000109836], [-87.87587300086278, 41.97400099976324], [-87.87290600080208, 41.97398399967993], [-87.87255800067487, 41.97306399942379], [-87.86185399958048, 41.97335900006383], [-87.86165900009038, 41.97299000012947], [-87.8609239996023, 41.97233199962112], [-87.85921299955402, 41.971482000473074], [-87.85807599963397, 41.971578000283756], [-87.85631499989596, 41.97241700070983], [-87.85575800027736, 41.972531000421725], [-87.85503299937949, 41.972393000217664], [-87.8543379997637, 41.971759999413784], [-87.85411599992169, 41.970975000649915], [-87.85498500002191, 41.96894899918928], [-87.85512000014133, 41.96824400043419], [-87.85478299945271, 41.96641499944745], [-87.85487100060996, 41.96599300027323], [-87.85579599961058, 41.96432000010009], [-87.85569400025929, 41.96262000041789], [-87.8588009998934, 41.95744399945434], [-87.85880199942103, 41.95649500006269], [-87.85839900083555, 41.9557719998417], [-87.85795399983097, 41.955337999384234], [-87.84739199984217, 41.955757999899795], [-87.84776500001958, 41.951675999763445], [-87.85411699935885, 41.951327999997396], [-87.85517900049419, 41.948780000354276], [-87.85516599948508, 41.947933999824876], [-87.85375799985563, 41.945085000318436], [-87.85220900039283, 41.94111400027036], [-87.85188399980777, 41.93942399939714], [-87.8510840003339, 41.938415999491], [-87.84988900018016, 41.93764500038719], [-87.84958799996139, 41.9372859996754], [-87.85155100063282, 41.93725899973119], [-87.8514090001211, 41.93348700010906], [-87.85808999912317, 41.93406999989194], [-87.88251099986687, 41.941236000854104], [-87.88520899964868, 41.94222900032605], [-87.88519700048026, 41.94194899968378], [-87.88790799937183, 41.9425690001], [-87.88796899912913, 41.94294000011351], [-87.89075799981043, 41.94153599962598], [-87.89323000083859, 41.94089999984938], [-87.89273799957151, 41.94074600034944], [-87.91174099993, 41.937482000369656], [-87.91436099964099, 41.93668499999251], [-87.91410900046405, 41.92974999958448], [-87.91499799964839, 41.9274110000682], [-87.9148540000411, 41.92132699932392], [-87.9145030002435, 41.91402699988805], [-87.9133859993817, 41.91409300003346], [-87.91301800042467, 41.90700600049874], [-87.90815299945103, 41.9070609998582], [-87.90802600009447, 41.90671100009464], [-87.90798899964314, 41.90303999977022], [-87.90516199972664, 41.90219499954996], [-87.89839600081437, 41.900814000002775], [-87.8984019997636, 41.89999000016537], [-87.9033620004103, 41.8998300005481], [-87.90340900033354, 41.896559999332375], [-87.90315200039905, 41.893631000793384], [-87.90326599950956, 41.892665999847054], [-87.90327500039292, 41.88115899967987], [-87.90277399956476, 41.878842999705526], [-87.90139599978882, 41.84814900024132], [-87.88122799943308, 41.848658000244015], [-87.87911700000718, 41.844922999567586], [-87.87821599985433, 41.84271899995661], [-87.87156100011548, 41.84313099988112], [-87.87145900050734, 41.84443099994243], [-87.86628300020251, 41.8444129999173], [-87.86625900088093, 41.843830999693736], [-87.86548200017934, 41.84382899972534], [-87.86525399974715, 41.841705999839355], [-87.86465900069659, 41.8418310001445], [-87.85213600024164, 41.84216899973461], [-87.85181300000771, 41.834854000619806], [-87.86158099959327, 41.834601000768195], [-87.86097600003161, 41.820030000284326], [-87.86440399987896, 41.81992799987753], [-87.86438800040217, 41.81963099962324], [-87.86455299943441, 41.81962400028717], [-87.86455899985677, 41.819248000019236], [-87.86470799977785, 41.81914900001274], [-87.86464399915525, 41.81785399988272], [-87.8644349996208, 41.817359000077516], [-87.86969000073232, 41.81617699976959], [-87.86928899965088, 41.8050750005809], [-87.859458999753, 41.80528099974732], [-87.85779600087356, 41.76426600001154], [-87.85791099968826, 41.76378800074388], [-87.85865899958863, 41.76309599999785], [-87.85314700036388, 41.763863000549776], [-87.85165899922633, 41.76426300017932], [-87.85415400022833, 41.76135399976468], [-87.84836199974046, 41.76164000041633], [-87.84829900051155, 41.75917099944704], [-87.84900100076516, 41.75841899992493], [-87.84897500028325, 41.75753599937857], [-87.85192799945968, 41.75437699951433], [-87.84880500082994, 41.75442900081698], [-87.85241700003527, 41.75083300041001], [-87.8559420008285, 41.74831800036825], [-87.85436500068691, 41.74695200041913], [-87.85220800017494, 41.747101999404386], [-87.84832600025817, 41.74704999987219], [-87.84834400017422, 41.744125999926155], [-87.84818799974937, 41.74367999983413], [-87.84784900019528, 41.73580400012487], [-87.84746600003425, 41.732564000377444], [-87.84684199936555, 41.71796399955706], [-87.83724699927484, 41.71819799952646], [-87.83667099999789, 41.703624000055605], [-87.83425199966473, 41.703685000618265], [-87.83407799991473, 41.70196099989127], [-87.83313900008616, 41.701756999929124], [-87.832315000122, 41.70112299976466], [-87.83177600068699, 41.70023500035244], [-87.8316520001777, 41.69918900000923], [-87.8268820002695, 41.700155000180835], [-87.82672899992441, 41.69655399970894], [-87.83152000023637, 41.69645199986832], [-87.83139599969137, 41.69304799984825], [-87.83163800053332, 41.69290700015033], [-87.83135699994374, 41.692172999781846], [-87.83122500016006, 41.68917999991812], [-87.8283519996895, 41.68923899979319], [-87.82868900003409, 41.686619000634785], [-87.82668699985486, 41.686435999747594], [-87.82699300035661, 41.68322999929759], [-87.81725599992897, 41.68183599970325], [-87.81119099959919, 41.68070600023686], [-87.80983699973315, 41.68297899969618], [-87.80941799978103, 41.68431900023511], [-87.80685300008886, 41.68443200034978], [-87.8068090003142, 41.68268999944292], [-87.80658299974641, 41.6825479994156], [-87.80177299948133, 41.68701300054609], [-87.79806599927059, 41.68989500020149], [-87.79746099907429, 41.68993300012845], [-87.79778399984302, 41.69830000012193], [-87.79418300059538, 41.70013500022156], [-87.78975400047533, 41.702999000374476], [-87.78951600001399, 41.69744699987445], [-87.77175799926513, 41.69776999993448], [-87.77174299971215, 41.69916200074161], [-87.7718829999804, 41.699237999959884], [-87.7713040006088, 41.699962000734295], [-87.76934799955035, 41.698897999687446], [-87.76943999953527, 41.7012880000111], [-87.76869499932955, 41.700896000318814], [-87.76871399986136, 41.6977920000513], [-87.76930499964607, 41.69779099995446], [-87.76928799974677, 41.69735099951462], [-87.7686829994788, 41.69734999944409], [-87.76857900012284, 41.694620999264004], [-87.769182999173, 41.69460799955297], [-87.76916599979187, 41.694127000418035], [-87.77161300005473, 41.694102999919124], [-87.77147600068459, 41.6903580003305], [-87.77344400006425, 41.69034700071845], [-87.77316599955915, 41.68304900054027], [-87.778571999427, 41.6829709997819], [-87.77815899960306, 41.67408200018184], [-87.76655099912378, 41.6707329999403], [-87.76301499971673, 41.668979999835024], [-87.76312399969532, 41.66748800007047], [-87.76240299945454, 41.667491999292245], [-87.75818399967001, 41.66497600040417], [-87.7579860001043, 41.65788499963976], [-87.752574999929, 41.65791799940748], [-87.7523320004498, 41.652018999633604], [-87.7520130002767, 41.65140200067287], [-87.75116899929073, 41.651005000209715], [-87.75116499999756, 41.65037400014398], [-87.75148999992425, 41.65018299987379], [-87.75334399997607, 41.65015100021071], [-87.75340400014214, 41.64873299944347], [-87.75588300003074, 41.647912999674595], [-87.75649200006967, 41.64788199979131], [-87.7564549994234, 41.646850999827286], [-87.79570799937147, 41.646230000180424], [-87.79515000015623, 41.63032399940287], [-87.79485700014561, 41.629016999690656], [-87.79464600000459, 41.624512999626944], [-87.79477599951993, 41.620936000254446], [-87.79416000068402, 41.60228399984512], [-87.80870300019559, 41.602051999648715], [-87.80882300063391, 41.60534600005259], [-87.81282300011911, 41.605511000595584], [-87.813839000483, 41.60549200059865], [-87.8136850000447, 41.60197800039238], [-87.82344800007594, 41.60184099983212], [-87.82326900032493, 41.59667399973251], [-87.81973499940055, 41.596719000503036], [-87.81973000026153, 41.59659399980153], [-87.81915499959341, 41.59660499939049], [-87.81909999979634, 41.59487499957927], [-87.8197050001471, 41.595039000494715], [-87.82191499994482, 41.594987999737214], [-87.82199100077256, 41.595135000248604], [-87.82321700015018, 41.59516099968562], [-87.82316799990947, 41.59369500021381], [-87.821521000163, 41.59412999952862], [-87.8181500004704, 41.59417200009592], [-87.81687199998649, 41.59379699981108], [-87.8160569999872, 41.593830999972724], [-87.81502800008954, 41.59413699966063], [-87.81342099958415, 41.594168999793496], [-87.813190000463, 41.587403000049086], [-87.8096150000071, 41.58747600044495], [-87.80895899971853, 41.58764800015515], [-87.80883299927217, 41.58747499996014], [-87.79366000026786, 41.5877450002646], [-87.79324200037476, 41.571497999698025], [-87.81240900052515, 41.56319500040619], [-87.81284500067498, 41.57932999933753], [-87.8131880004449, 41.579255999772435], [-87.81316200011156, 41.580127999601245], [-87.82920299971506, 41.57988099978754], [-87.82921299980931, 41.58065699952876], [-87.82762600071413, 41.58068100011263], [-87.82772599969633, 41.587170999633436], [-87.83268200020805, 41.58708799998036], [-87.83326599907015, 41.602966999541984], [-87.83363000067618, 41.60296399929447], [-87.83364499993695, 41.60337499945445], [-87.83327900056824, 41.60337900039118], [-87.83329000027751, 41.60373099970319], [-87.83576199904489, 41.603695999846316], [-87.83571299973192, 41.601655999688354], [-87.85295100012239, 41.60136000004204], [-87.85206499915087, 41.579490000082956], [-87.8324540002715, 41.579828000408455], [-87.8322309995598, 41.572568999934106], [-87.8290999996938, 41.57261699952316], [-87.82927500044043, 41.57668000006203], [-87.82751299919988, 41.576749000577394], [-87.82467200018137, 41.578014000650114], [-87.82264900055797, 41.57827800011562], [-87.82212100046061, 41.5604959997469], [-87.82193300052296, 41.558146000843486], [-87.88652900008367, 41.557081999497235], [-87.89528100002185, 41.55705799984097], [-87.8984349997196, 41.55682899995135], [-87.90937800081028, 41.556880999436906], [-87.90938400024916, 41.56324400007455], [-87.91047699987655, 41.594690000675776], [-87.91035899952976, 41.599312000325305], [-87.91061899986788, 41.601601999987], [-87.91193000029988, 41.643933000148074], [-88.02768800017617, 41.641506000250764], [-88.02897300015042, 41.685241999975375]]]}}]}