{"type": "FeatureCollection", "features": [{"type": "Feature", "properties": {"district": 11}, "geometry": {"type": "Polygon", "coordinates": [[[-88.88571, 42.270001], [-88.884882, 42.270072], [-88.884853, 42.269803], [-88.883951, 42.26983], [-88.883796, 42.270291], [-88.883286, 42.270412], [-88.88333, 42.270752], [-88.883138, 42.270933], [-88.880884, 42.271113], [-88.880964, 42.272293], [-88.880579, 42.272864], [-88.88066, 42.273243], [-88.880526, 42.27383], [-88.880954, 42.274856], [-88.881042, 42.275652], [-88.880724, 42.276031], [-88.879985, 42.276135], [-88.879512, 42.275953], [-88.878581, 42.276466], [-88.872243, 42.276514], [-88.870931, 42.276405], [-88.869314, 42.275954], [-88.869, 42.276581], [-88.868832, 42.277511], [-88.868826, 42.281177], [-88.861077, 42.281259], [-88.861323, 42.282491], [-88.867113, 42.291091], [-88.846389, 42.291278], [-88.846409, 42.303668], [-88.846433, 42.305666], [-88.84655, 42.30576], [-88.843325, 42.305803], [-88.843341, 42.307414], [-88.841692, 42.30734], [-88.841415, 42.307116], [-88.841243, 42.306556], [-88.838182, 42.306598], [-88.838185, 42.305896], [-88.832284, 42.306073], [-88.827776, 42.306717], [-88.822023, 42.306668], [-88.822073, 42.327892], [-88.585887, 42.327759], [-88.51126, 42.327472], [-88.511239, 42.359967], [-88.516135, 42.360172], [-88.516213, 42.365644], [-88.511415, 42.365585], [-88.510049, 42.36642], [-88.507773, 42.366741], [-88.506674, 42.366509], [-88.503376, 42.36639], [-88.501436, 42.36589], [-88.501453, 42.363453], [-88.488605, 42.363429], [-88.487168, 42.363909], [-88.484109, 42.365956], [-88.482903, 42.366286], [-88.475727, 42.365053], [-88.474774, 42.365088], [-88.473723, 42.36545], [-88.472297, 42.364713], [-88.472286, 42.370479], [-88.443164, 42.370722], [-88.423615, 42.370665], [-88.395717, 42.37103], [-88.394462, 42.370882], [-88.384449, 42.370963], [-88.384442, 42.367349], [-88.382899, 42.367361], [-88.382893, 42.366184], [-88.375002, 42.366228], [-88.375013, 42.369216], [-88.371497, 42.369226], [-88.371488, 42.368234], [-88.370022, 42.368238], [-88.369957, 42.357678], [-88.367982, 42.357693], [-88.368263, 42.356593], [-88.367129, 42.356601], [-88.367107, 42.353435], [-88.365708, 42.353645], [-88.364373, 42.354051], [-88.363406, 42.354458], [-88.363557, 42.354657], [-88.363232, 42.354971], [-88.3629, 42.356734], [-88.362601, 42.357266], [-88.365188, 42.357247], [-88.365199, 42.360185], [-88.360305, 42.360181], [-88.360325, 42.365224], [-88.359318, 42.365224], [-88.358852, 42.364942], [-88.358853, 42.365199], [-88.359109, 42.365401], [-88.359109, 42.366276], [-88.355437, 42.366306], [-88.355427, 42.364006], [-88.355708, 42.363828], [-88.356392, 42.362187], [-88.35835, 42.362163], [-88.358344, 42.361634], [-88.356607, 42.361653], [-88.356561, 42.357222], [-88.356102, 42.356577], [-88.355443, 42.35658], [-88.355442, 42.356017], [-88.354841, 42.356017], [-88.35485, 42.356777], [-88.350639, 42.356731], [-88.350657, 42.354776], [-88.350169, 42.354777], [-88.350185, 42.35297], [-88.355428, 42.352959], [-88.355298, 42.342073], [-88.349961, 42.342094], [-88.349918, 42.345731], [-88.347158, 42.345745], [-88.3472, 42.342101], [-88.345557, 42.342101], [-88.345687, 42.327706], [-88.330526, 42.327781], [-88.326972, 42.32902], [-88.32625, 42.329042], [-88.326052, 42.329539], [-88.325145, 42.330752], [-88.324876, 42.332779], [-88.325005, 42.333865], [-88.325735, 42.33491], [-88.323519, 42.336051], [-88.321994, 42.33717], [-88.320176, 42.339091], [-88.319237, 42.339691], [-88.319168, 42.340177], [-88.316224, 42.343406], [-88.316196, 42.349658], [-88.315991, 42.351801], [-88.316034, 42.360942], [-88.315816, 42.36119], [-88.314086, 42.361362], [-88.313746, 42.362516], [-88.312681, 42.363312], [-88.312497, 42.364077], [-88.310661, 42.364085], [-88.31066, 42.363213], [-88.308419, 42.363202], [-88.308424, 42.361576], [-88.311154, 42.361589], [-88.311158, 42.360516], [-88.308725, 42.360504], [-88.308759, 42.356938], [-88.296666, 42.356942], [-88.296765, 42.362045], [-88.296598, 42.364063], [-88.297063, 42.364063], [-88.296643, 42.364319], [-88.296638, 42.365827], [-88.299335, 42.365912], [-88.299336, 42.365796], [-88.302296, 42.365763], [-88.302383, 42.371386], [-88.296935, 42.371346], [-88.296408, 42.37123], [-88.296411, 42.371087], [-88.2887, 42.367747], [-88.285683, 42.366696], [-88.283642, 42.365754], [-88.282713, 42.365051], [-88.282494, 42.364272], [-88.2822, 42.364276], [-88.282323, 42.364686], [-88.281445, 42.363824], [-88.281332, 42.368476], [-88.279345, 42.368842], [-88.276978, 42.368878], [-88.27698, 42.36809], [-88.276594, 42.367944], [-88.268021, 42.368092], [-88.267504, 42.366503], [-88.26731, 42.365197], [-88.267297, 42.357228], [-88.260265, 42.357355], [-88.260257, 42.360402], [-88.257456, 42.360392], [-88.257527, 42.353886], [-88.253665, 42.353884], [-88.255913, 42.351509], [-88.258231, 42.349769], [-88.258792, 42.349143], [-88.260836, 42.345706], [-88.260818, 42.344095], [-88.257462, 42.343861], [-88.250247, 42.342538], [-88.241696, 42.34252], [-88.240083, 42.342329], [-88.236656, 42.34136], [-88.232422, 42.339053], [-88.22627, 42.336347], [-88.224842, 42.336026], [-88.218687, 42.335929], [-88.218494, 42.343615], [-88.208365, 42.343445], [-88.208378, 42.343218], [-88.203434, 42.343225], [-88.203432, 42.34333], [-88.198488, 42.343153], [-88.198454, 42.357962], [-88.188554, 42.356325], [-88.184666, 42.357992], [-88.184175, 42.357765], [-88.169198, 42.357782], [-88.169226, 42.335238], [-88.168877, 42.333727], [-88.168356, 42.332593], [-88.165548, 42.328895], [-88.159719, 42.328678], [-88.156, 42.328746], [-88.144979, 42.328517], [-88.120711, 42.328449], [-88.120555, 42.306523], [-88.112768, 42.30619], [-88.108951, 42.306238], [-88.107304, 42.30586], [-88.10659, 42.304697], [-88.10644, 42.302539], [-88.106307, 42.302539], [-88.106386, 42.297211], [-88.106565, 42.29362], [-88.106678, 42.293696], [-88.106503, 42.289654], [-88.106632, 42.285848], [-88.107288, 42.28451], [-88.110208, 42.28221], [-88.110617, 42.281393], [-88.110685, 42.28083], [-88.110043, 42.277108], [-88.110168, 42.277109], [-88.109845, 42.274778], [-88.109472, 42.273556], [-88.108567, 42.272132], [-88.1054, 42.268478], [-88.104029, 42.266017], [-88.102979, 42.264701], [-88.101642, 42.262593], [-88.119823, 42.262729], [-88.120066, 42.259203], [-88.129935, 42.259261], [-88.129968, 42.258469], [-88.13222, 42.258474], [-88.132215, 42.257994], [-88.135889, 42.257975], [-88.136294, 42.258192], [-88.136331, 42.258967], [-88.137545, 42.258824], [-88.138833, 42.2593], [-88.140997, 42.257358], [-88.143018, 42.258739], [-88.145556, 42.256687], [-88.148941, 42.257047], [-88.1523, 42.257659], [-88.166033, 42.261415], [-88.1787, 42.263977], [-88.180808, 42.264879], [-88.183874, 42.266803], [-88.18393, 42.274501], [-88.185006, 42.27431], [-88.185594, 42.274369], [-88.186999, 42.273929], [-88.188333, 42.273782], [-88.191221, 42.273729], [-88.191276, 42.277733], [-88.188836, 42.277737], [-88.188951, 42.282665], [-88.190788, 42.282673], [-88.190782, 42.283406], [-88.191523, 42.283413], [-88.191548, 42.284531], [-88.19855, 42.284586], [-88.198485, 42.274434], [-88.197588, 42.27443], [-88.196971, 42.274179], [-88.197041, 42.272841], [-88.198481, 42.273027], [-88.198245, 42.241559], [-88.252769, 42.241638], [-88.297417, 42.241354], [-88.355054, 42.240752], [-88.354416, 42.154], [-88.432487, 42.153823], [-88.4327, 42.153052], [-88.432668, 42.148437], [-88.438185, 42.148471], [-88.439902, 42.14902], [-88.440505, 42.14855], [-88.440666, 42.148281], [-88.440805, 42.147097], [-88.441454, 42.146473], [-88.442093, 42.145454], [-88.442036, 42.144262], [-88.442185, 42.143905], [-88.44408, 42.141932], [-88.444367, 42.141421], [-88.445869, 42.141504], [-88.44639, 42.141231], [-88.446655, 42.140636], [-88.446519, 42.140264], [-88.446036, 42.139902], [-88.444778, 42.139692], [-88.445112, 42.138675], [-88.445887, 42.137254], [-88.443227, 42.136591], [-88.441538, 42.136321], [-88.43945, 42.136321], [-88.436532, 42.1368], [-88.434493, 42.137439], [-88.43268, 42.137512], [-88.432681, 42.122062], [-88.438695, 42.124991], [-88.441972, 42.126316], [-88.457728, 42.130283], [-88.45708, 42.124733], [-88.457093, 42.121163], [-88.466843, 42.121231], [-88.466915, 42.127573], [-88.466592, 42.131952], [-88.471984, 42.131956], [-88.471985, 42.132594], [-88.472156, 42.132599], [-88.471899, 42.115886], [-88.471755, 42.066953], [-88.425082, 42.066725], [-88.417385, 42.066933], [-88.407405, 42.066729], [-88.376076, 42.066918], [-88.376612, 42.065969], [-88.376645, 42.064073], [-88.376206, 42.045837], [-88.376258, 42.039843], [-88.376568, 42.032448], [-88.376248, 42.028802], [-88.376219, 42.018401], [-88.375931, 42.012851], [-88.375901, 41.993209], [-88.375862, 41.991784], [-88.375654, 41.991784], [-88.37548, 41.986023], [-88.375714, 41.980916], [-88.375612, 41.974561], [-88.375655, 41.97289], [-88.375804, 41.972536], [-88.375873, 41.962515], [-88.375596, 41.953892], [-88.375607, 41.945951], [-88.375459, 41.941881], [-88.375573, 41.937468], [-88.375369, 41.935389], [-88.37544, 41.930838], [-88.373459, 41.929815], [-88.375453, 41.930117], [-88.375382, 41.926285], [-88.374787, 41.917873], [-88.375721, 41.917843], [-88.376345, 41.914201], [-88.350587, 41.913178], [-88.349301, 41.913312], [-88.347828, 41.913004], [-88.342171, 41.912674], [-88.320211, 41.912646], [-88.307784, 41.914532], [-88.301687, 41.916744], [-88.292607, 41.918331], [-88.292154, 41.915088], [-88.29177, 41.913596], [-88.292244, 41.913255], [-88.292335, 41.912454], [-88.289675, 41.908951], [-88.288934, 41.908358], [-88.287769, 41.907879], [-88.287966, 41.907483], [-88.287954, 41.90653], [-88.286702, 41.903679], [-88.286748, 41.9011], [-88.287168, 41.898837], [-88.28784, 41.898837], [-88.288909, 41.898302], [-88.289571, 41.898163], [-88.291322, 41.898575], [-88.29227, 41.898435], [-88.302921, 41.898248], [-88.302324, 41.896046], [-88.301936, 41.892416], [-88.301903, 41.890539], [-88.302944, 41.887275], [-88.303851, 41.881751], [-88.304922, 41.879133], [-88.307354, 41.875554], [-88.308038, 41.873535], [-88.308847, 41.869874], [-88.309741, 41.868033], [-88.310319, 41.865311], [-88.310203, 41.865045], [-88.309769, 41.865195], [-88.309925, 41.8629], [-88.309616, 41.862579], [-88.309451, 41.861915], [-88.306601, 41.861927], [-88.306617, 41.862596], [-88.30497, 41.862631], [-88.304969, 41.865282], [-88.304655, 41.865634], [-88.298686, 41.866835], [-88.297312, 41.866961], [-88.297604, 41.868116], [-88.295828, 41.868441], [-88.287969, 41.868669], [-88.287974, 41.868943], [-88.273265, 41.869153], [-88.272004, 41.869327], [-88.269058, 41.871177], [-88.262552, 41.871154], [-88.262835, 41.828364], [-88.262787, 41.815632], [-88.231179, 41.819956], [-88.227179, 41.820304], [-88.215431, 41.820716], [-88.203849, 41.820523], [-88.202951, 41.823417], [-88.195844, 41.823265], [-88.195779, 41.822676], [-88.19402, 41.823057], [-88.19442, 41.824652], [-88.193234, 41.824828], [-88.193217, 41.825149], [-88.184834, 41.824501], [-88.184659, 41.824464], [-88.18477, 41.823593], [-88.184627, 41.823335], [-88.178532, 41.825825], [-88.173963, 41.828551], [-88.172505, 41.829231], [-88.169458, 41.830058], [-88.16594, 41.830357], [-88.166039, 41.82203], [-88.161986, 41.822193], [-88.162065, 41.81903], [-88.159508, 41.819064], [-88.159532, 41.816939], [-88.158241, 41.816967], [-88.158217, 41.819081], [-88.153826, 41.819111], [-88.148477, 41.819423], [-88.150654, 41.814625], [-88.150859, 41.81382], [-88.151115, 41.813884], [-88.151257, 41.813583], [-88.130579, 41.81436], [-88.118277, 41.814705], [-88.117293, 41.81458], [-88.117055, 41.814873], [-88.115801, 41.814431], [-88.115636, 41.814704], [-88.113779, 41.81473], [-88.115732, 41.811229], [-88.116045, 41.810799], [-88.116288, 41.81088], [-88.117417, 41.808939], [-88.117275, 41.808935], [-88.119297, 41.805625], [-88.112662, 41.805554], [-88.112568, 41.806032], [-88.111074, 41.805986], [-88.110845, 41.799618], [-88.110263, 41.796435], [-88.106427, 41.796677], [-88.103883, 41.797159], [-88.103496, 41.79353], [-88.103349, 41.793444], [-88.103272, 41.792421], [-88.103445, 41.792362], [-88.103266, 41.791536], [-88.100486, 41.792094], [-88.100565, 41.789588], [-88.100695, 41.789541], [-88.100665, 41.789095], [-88.100042, 41.789216], [-88.100231, 41.786651], [-88.091631, 41.786784], [-88.092249, 41.785791], [-88.092504, 41.785045], [-88.092619, 41.782158], [-88.090065, 41.782666], [-88.087834, 41.783654], [-88.08702, 41.778942], [-88.086873, 41.776901], [-88.084228, 41.777159], [-88.083401, 41.778031], [-88.082834, 41.778225], [-88.081915, 41.777994], [-88.081084, 41.777491], [-88.080394, 41.777312], [-88.078412, 41.7777], [-88.079135, 41.781278], [-88.079385, 41.785824], [-88.076317, 41.786271], [-88.075658, 41.784217], [-88.075772, 41.784204], [-88.075677, 41.78384], [-88.073725, 41.783999], [-88.073763, 41.78389], [-88.073512, 41.783878], [-88.072522, 41.780299], [-88.072407, 41.78031], [-88.070665, 41.775164], [-88.067127, 41.77548], [-88.067022, 41.774844], [-88.064259, 41.775092], [-88.064199, 41.773235], [-88.056141, 41.773445], [-88.056442, 41.779066], [-88.046846, 41.779446], [-88.042491, 41.779536], [-88.04245, 41.779412], [-88.039448, 41.779426], [-88.039084, 41.772309], [-88.04541, 41.772067], [-88.038904, 41.765356], [-88.031525, 41.765571], [-88.031258, 41.758018], [-88.027503, 41.75812], [-88.027266, 41.750848], [-88.012707, 41.751152], [-88.01212, 41.730506], [-88.011846, 41.729232], [-88.005011, 41.729267], [-88.002184, 41.728228], [-88.002298, 41.729433], [-87.992585, 41.729613], [-87.992457, 41.724335], [-87.986474, 41.72687], [-87.982271, 41.728308], [-87.982264, 41.728084], [-87.973119, 41.731226], [-87.972537, 41.726799], [-87.970551, 41.722743], [-87.91461, 41.723888], [-87.914265, 41.716746], [-87.914361, 41.711614], [-87.913734, 41.696531], [-87.913771, 41.693776], [-87.913302, 41.680118], [-87.913169, 41.679677], [-87.912946, 41.67304], [-87.912821, 41.673032], [-87.912798, 41.672547], [-87.912922, 41.672541], [-87.912692, 41.665744], [-87.951544, 41.664969], [-87.951609, 41.671936], [-87.952139, 41.672311], [-87.980898, 41.671549], [-87.980597, 41.664405], [-87.985499, 41.664175], [-87.990374, 41.66419], [-87.992719, 41.663724], [-87.993121, 41.664279], [-87.994216, 41.664279], [-87.994223, 41.663936], [-87.994638, 41.663966], [-87.99451, 41.6603], [-87.990178, 41.660334], [-87.990098, 41.656782], [-88.004652, 41.656508], [-88.004749, 41.660142], [-88.010036, 41.660042], [-88.011635, 41.660439], [-88.017299, 41.660412], [-88.017427, 41.663586], [-88.028354, 41.663534], [-88.028557, 41.669915], [-88.040382, 41.665994], [-88.043125, 41.664882], [-88.046233, 41.663306], [-88.04843, 41.661945], [-88.051316, 41.65964], [-88.053296, 41.657749], [-88.055272, 41.655445], [-88.058565, 41.655553], [-88.070026, 41.654936], [-88.07651, 41.65428], [-88.07805, 41.65427], [-88.080271, 41.654711], [-88.104737, 41.653893], [-88.11572, 41.653699], [-88.117718, 41.653533], [-88.117881, 41.653644], [-88.121423, 41.652437], [-88.12481, 41.652291], [-88.124441, 41.637432], [-88.124008, 41.63169], [-88.126747, 41.631766], [-88.126364, 41.63146], [-88.134569, 41.631284], [-88.135197, 41.630489], [-88.135403, 41.630571], [-88.13565, 41.630288], [-88.136724, 41.630516], [-88.137171, 41.631038], [-88.136791, 41.631235], [-88.1388, 41.631199], [-88.139454, 41.630742], [-88.141149, 41.631045], [-88.142011, 41.630594], [-88.142626, 41.631097], [-88.144811, 41.631063], [-88.145526, 41.656406], [-88.146052, 41.667463], [-88.148194, 41.726117], [-88.187286, 41.725479], [-88.261952, 41.724652], [-88.261917, 41.742193], [-88.26212, 41.760446], [-88.266371, 41.760305], [-88.267869, 41.760071], [-88.274545, 41.757967], [-88.294288, 41.753259], [-88.30591, 41.754925], [-88.312729, 41.758384], [-88.311846, 41.759514], [-88.31362, 41.760342], [-88.314731, 41.759348], [-88.314145, 41.759066], [-88.315, 41.758161], [-88.314188, 41.757707], [-88.315612, 41.756594], [-88.316681, 41.75596], [-88.317038, 41.756388], [-88.317581, 41.756314], [-88.318659, 41.756844], [-88.321711, 41.754484], [-88.322897, 41.753291], [-88.323925, 41.752716], [-88.32612, 41.750861], [-88.326742, 41.749581], [-88.32678, 41.748235], [-88.326961, 41.747738], [-88.327108, 41.747405], [-88.32763, 41.74703], [-88.328133, 41.7462], [-88.327587, 41.745044], [-88.327771, 41.744537], [-88.329486, 41.745229], [-88.330438, 41.745144], [-88.331117, 41.744244], [-88.333746, 41.745365], [-88.335174, 41.743649], [-88.33837, 41.745033], [-88.374724, 41.744538], [-88.375688, 41.744395], [-88.375737, 41.75287], [-88.376267, 41.754673], [-88.376323, 41.755425], [-88.376214, 41.756231], [-88.375595, 41.757829], [-88.375736, 41.777081], [-88.375479, 41.780917], [-88.375391, 41.797344], [-88.375839, 41.801975], [-88.376107, 41.809888], [-88.388304, 41.809768], [-88.388796, 41.809639], [-88.400467, 41.809912], [-88.453873, 41.809135], [-88.468064, 41.809125], [-88.475904, 41.808665], [-88.480148, 41.808825], [-88.488338, 41.808477], [-88.528191, 41.807746], [-88.586195, 41.806846], [-88.586453, 41.806993], [-88.602566, 41.806847], [-88.60209, 41.835823], [-88.601344, 41.908169], [-88.601474, 41.959479], [-88.601289, 41.981473], [-88.60156, 42.017925], [-88.611272, 42.017819], [-88.611138, 42.007084], [-88.611416, 42.00679], [-88.613175, 42.006789], [-88.613573, 42.006593], [-88.613546, 42.003162], [-88.640404, 42.003095], [-88.640539, 42.003322], [-88.640407, 42.013943], [-88.635599, 42.014013], [-88.635736, 42.021301], [-88.6318, 42.021343], [-88.6319, 42.02895], [-88.633237, 42.030441], [-88.635279, 42.029917], [-88.637807, 42.029864], [-88.645554, 42.031689], [-88.645549, 42.031535], [-88.650285, 42.032625], [-88.651385, 42.032485], [-88.652306, 42.031968], [-88.653763, 42.03194], [-88.653796, 42.033003], [-88.651752, 42.033021], [-88.650301, 42.038522], [-88.650561, 42.038515], [-88.65057, 42.038917], [-88.653447, 42.038872], [-88.653548, 42.040023], [-88.655674, 42.039385], [-88.65657, 42.039302], [-88.65847, 42.039253], [-88.659743, 42.039743], [-88.660942, 42.039208], [-88.672831, 42.03896], [-88.673169, 42.038759], [-88.673598, 42.037793], [-88.673871, 42.037681], [-88.681299, 42.037962], [-88.683752, 42.044096], [-88.684326, 42.047112], [-88.68435, 42.062027], [-88.683862, 42.066474], [-88.803005, 42.066296], [-88.821896, 42.066151], [-88.822461, 42.125429], [-88.822419, 42.153391], [-88.861515, 42.153046], [-88.861136, 42.235616], [-88.861231, 42.235576], [-88.861431, 42.238781], [-88.861446, 42.240253], [-88.861257, 42.240254], [-88.861257, 42.240475], [-88.86176, 42.240469], [-88.861839, 42.246955], [-88.861641, 42.24988], [-88.861251, 42.250677], [-88.861065, 42.257456], [-88.86242, 42.257491], [-88.862409, 42.259578], [-88.864345, 42.259563], [-88.864352, 42.260763], [-88.863738, 42.260773], [-88.863741, 42.261137], [-88.86253, 42.261136], [-88.862524, 42.26753], [-88.869021, 42.267525], [-88.869029, 42.267668], [-88.8709, 42.267937], [-88.870935, 42.268623], [-88.871593, 42.268606], [-88.87159, 42.269241], [-88.885319, 42.26912], [-88.88571, 42.270001]]]}}, {"type": "Feature", "properties": {"district": 1}, "geometry": {"type": "Polygon", "coordinates": [[[-88.252219, 41.462753], [-88.2369, 41.462898], [-88.214301, 41.463447], [-88.210633, 41.467341], [-88.207657, 41.468576], [-88.207679, 41.469406], [-88.207517, 41.469473], [-88.207626, 41.469696], [-88.207776, 41.469635], [-88.208216, 41.470656], [-88.207734, 41.4716], [-88.203764, 41.472447], [-88.199719, 41.473726], [-88.196449, 41.474986], [-88.192079, 41.476848], [-88.192085, 41.477022], [-88.182894, 41.48082], [-88.178295, 41.481714], [-88.178286, 41.481167], [-88.177794, 41.479637], [-88.177501, 41.472354], [-88.177394, 41.472395], [-88.177624, 41.478183], [-88.172791, 41.478226], [-88.172439, 41.470885], [-88.177084, 41.467452], [-88.176909, 41.464065], [-88.138353, 41.4647], [-88.137273, 41.434643], [-88.134896, 41.378247], [-88.096158, 41.37911], [-88.018991, 41.38044], [-88.021672, 41.453146], [-88.023911, 41.521993], [-88.024575, 41.521979], [-88.024556, 41.521319], [-88.026046, 41.521297], [-88.026096, 41.52251], [-88.025798, 41.522518], [-88.025805, 41.52298], [-88.025492, 41.52299], [-88.025482, 41.522525], [-88.024767, 41.522542], [-88.024781, 41.523009], [-88.023946, 41.523019], [-88.02579, 41.5833], [-88.048143, 41.58266], [-88.04819, 41.58391], [-88.04975, 41.583826], [-88.052953, 41.584676], [-88.051491, 41.58779], [-88.049378, 41.587382], [-88.048073, 41.587558], [-88.047068, 41.587975], [-88.039666, 41.593548], [-88.040531, 41.594189], [-88.040649, 41.597407], [-88.058306, 41.597011], [-88.0646, 41.597031], [-88.060347, 41.636946], [-88.048963, 41.637103], [-88.049027, 41.636388], [-88.046533, 41.636698], [-88.046664, 41.641019], [-88.027688, 41.641506], [-88.028354, 41.663534], [-88.017427, 41.663586], [-88.017299, 41.660412], [-88.011635, 41.660439], [-88.010036, 41.660042], [-88.004749, 41.660142], [-88.004652, 41.656508], [-87.999055, 41.656534], [-87.99705, 41.65669], [-87.996742, 41.656564], [-87.990098, 41.656782], [-87.990178, 41.660334], [-87.99451, 41.6603], [-87.994638, 41.663966], [-87.994223, 41.663936], [-87.994216, 41.664279], [-87.993121, 41.664279], [-87.992719, 41.663724], [-87.990374, 41.66419], [-87.985499, 41.664175], [-87.980597, 41.664405], [-87.980898, 41.671549], [-87.952139, 41.672311], [-87.951609, 41.671936], [-87.951544, 41.664969], [-87.912692, 41.665744], [-87.912607, 41.663159], [-87.912746, 41.662139], [-87.912567, 41.661985], [-87.910481, 41.600443], [-87.901062, 41.600484], [-87.901066, 41.600669], [-87.895071, 41.600833], [-87.895063, 41.600602], [-87.891447, 41.600671], [-87.891049, 41.58616], [-87.881403, 41.586274], [-87.881146, 41.579006], [-87.871457, 41.579082], [-87.87122, 41.571872], [-87.851799, 41.572229], [-87.851591, 41.566573], [-87.851837, 41.564943], [-87.85639, 41.564855], [-87.856185, 41.557606], [-87.775959, 41.558812], [-87.775993, 41.560021], [-87.77714, 41.560001], [-87.777182, 41.561542], [-87.776966, 41.561932], [-87.776967, 41.562419], [-87.777419, 41.562414], [-87.77757, 41.563347], [-87.778642, 41.564674], [-87.778781, 41.566016], [-87.775515, 41.566053], [-87.775647, 41.569706], [-87.774425, 41.569719], [-87.774754, 41.579234], [-87.765116, 41.583499], [-87.765124, 41.583811], [-87.762151, 41.585314], [-87.760284, 41.5866], [-87.760303, 41.588269], [-87.75795, 41.588294], [-87.755564, 41.590273], [-87.756582, 41.620278], [-87.753926, 41.620081], [-87.752651, 41.619629], [-87.752311, 41.61961], [-87.752317, 41.6198], [-87.752505, 41.624978], [-87.753823, 41.624953], [-87.75383, 41.625579], [-87.753035, 41.62559], [-87.75319, 41.627483], [-87.753898, 41.627493], [-87.75398, 41.629406], [-87.756907, 41.629356], [-87.757001, 41.632186], [-87.747162, 41.632412], [-87.747403, 41.636776], [-87.737758, 41.638373], [-87.738082, 41.647163], [-87.728352, 41.647329], [-87.728295, 41.647649], [-87.727013, 41.647313], [-87.718623, 41.647496], [-87.719739, 41.676673], [-87.729448, 41.676515], [-87.729747, 41.683804], [-87.739449, 41.683632], [-87.73973, 41.690891], [-87.710579, 41.691415], [-87.710467, 41.688616], [-87.715282, 41.6885], [-87.715266, 41.687765], [-87.714779, 41.687722], [-87.714668, 41.68487], [-87.715151, 41.684812], [-87.715154, 41.684042], [-87.711516, 41.684093], [-87.711326, 41.681808], [-87.711599, 41.681803], [-87.711576, 41.681356], [-87.71139, 41.681268], [-87.71136, 41.680438], [-87.71013, 41.680479], [-87.709901, 41.676837], [-87.686363, 41.677205], [-87.68576, 41.678619], [-87.685663, 41.679491], [-87.685864, 41.684475], [-87.680928, 41.684504], [-87.681271, 41.695422], [-87.67908, 41.695431], [-87.67883, 41.696649], [-87.674077, 41.696743], [-87.674016, 41.697222], [-87.674328, 41.698066], [-87.67436, 41.699154], [-87.671199, 41.699218], [-87.671154, 41.699343], [-87.671049, 41.702086], [-87.670834, 41.70332], [-87.670903, 41.705421], [-87.670636, 41.707086], [-87.670015, 41.708956], [-87.669198, 41.710498], [-87.668897, 41.712042], [-87.669151, 41.721164], [-87.668339, 41.721181], [-87.668179, 41.725531], [-87.668004, 41.725905], [-87.668471, 41.727219], [-87.669177, 41.728233], [-87.667891, 41.728415], [-87.667951, 41.728607], [-87.667729, 41.728396], [-87.667436, 41.728451], [-87.668216, 41.730177], [-87.669748, 41.731907], [-87.67309, 41.73565], [-87.682514, 41.735525], [-87.681843, 41.713672], [-87.691732, 41.713566], [-87.69184, 41.717211], [-87.695548, 41.717178], [-87.695661, 41.720801], [-87.701834, 41.720732], [-87.702243, 41.734165], [-87.702124, 41.735203], [-87.723858, 41.734825], [-87.723986, 41.738473], [-87.722771, 41.738495], [-87.722898, 41.742156], [-87.721679, 41.742179], [-87.721912, 41.749502], [-87.720293, 41.749526], [-87.720362, 41.751384], [-87.721972, 41.75136], [-87.722191, 41.756838], [-87.712323, 41.756907], [-87.71233, 41.757192], [-87.711084, 41.757036], [-87.702615, 41.757216], [-87.702813, 41.764389], [-87.688136, 41.764618], [-87.688085, 41.762794], [-87.686864, 41.762814], [-87.686682, 41.757478], [-87.676468, 41.757457], [-87.644232, 41.757994], [-87.644321, 41.761564], [-87.645531, 41.761544], [-87.645578, 41.763364], [-87.646186, 41.763356], [-87.646222, 41.764719], [-87.645613, 41.764727], [-87.645953, 41.777726], [-87.646131, 41.777933], [-87.646174, 41.779729], [-87.621063, 41.780048], [-87.615622, 41.780239], [-87.616143, 41.80191], [-87.616111, 41.802103], [-87.614968, 41.802115], [-87.614995, 41.803027], [-87.61402, 41.803047], [-87.613873, 41.803945], [-87.613805, 41.811179], [-87.613894, 41.812154], [-87.614562, 41.812141], [-87.614591, 41.813046], [-87.613939, 41.813057], [-87.614029, 41.81487], [-87.614803, 41.814857], [-87.614869, 41.815467], [-87.615698, 41.81546], [-87.615712, 41.814839], [-87.616479, 41.814827], [-87.616558, 41.817539], [-87.613938, 41.817582], [-87.613763, 41.818484], [-87.616583, 41.818438], [-87.616732, 41.823838], [-87.630296, 41.823662], [-87.630575, 41.834613], [-87.62333, 41.834703], [-87.623443, 41.838345], [-87.623313, 41.838346], [-87.623226, 41.839172], [-87.623279, 41.841293], [-87.622683, 41.841314], [-87.622694, 41.841928], [-87.621978, 41.841993], [-87.622208, 41.843865], [-87.622138, 41.84566], [-87.623392, 41.845642], [-87.623669, 41.847468], [-87.62376, 41.851114], [-87.622243, 41.851135], [-87.622473, 41.86025], [-87.620858, 41.860237], [-87.620832, 41.86051], [-87.620402, 41.86011], [-87.618882, 41.857922], [-87.616732, 41.857948], [-87.614544, 41.852834], [-87.6043, 41.852714], [-87.601642, 41.845196], [-87.608773, 41.845253], [-87.609118, 41.844187], [-87.608657, 41.842956], [-87.608122, 41.842278], [-87.608127, 41.841433], [-87.607572, 41.840571], [-87.607209, 41.839624], [-87.606205, 41.838749], [-87.606195, 41.838538], [-87.604704, 41.838437], [-87.597474, 41.83878], [-87.594676, 41.834691], [-87.583378, 41.817078], [-87.604064, 41.816846], [-87.603897, 41.809565], [-87.596832, 41.809642], [-87.596737, 41.804181], [-87.591882, 41.804235], [-87.591786, 41.799512], [-87.587021, 41.799566], [-87.587053, 41.796455], [-87.587265, 41.795188], [-87.587507, 41.795185], [-87.587944, 41.793358], [-87.586638, 41.793384], [-87.586713, 41.791331], [-87.586296, 41.773339], [-87.581414, 41.77339], [-87.58132, 41.769751], [-87.586238, 41.769698], [-87.586388, 41.768457], [-87.586329, 41.766121], [-87.576302, 41.766214], [-87.576261, 41.764331], [-87.573695, 41.76436], [-87.573852, 41.76616], [-87.567368, 41.766226], [-87.566506, 41.76599], [-87.566487, 41.764435], [-87.567699, 41.764423], [-87.567665, 41.762606], [-87.56645, 41.762619], [-87.566373, 41.758988], [-87.567591, 41.758974], [-87.567585, 41.758533], [-87.566973, 41.758538], [-87.566909, 41.755354], [-87.566303, 41.755361], [-87.566233, 41.751728], [-87.565019, 41.751746], [-87.56501, 41.751303], [-87.557138, 41.751395], [-87.555922, 41.751417], [-87.555932, 41.751871], [-87.555321, 41.751879], [-87.555256, 41.748241], [-87.554043, 41.74826], [-87.554008, 41.746441], [-87.555223, 41.746427], [-87.555198, 41.744607], [-87.555774, 41.744602], [-87.555191, 41.744277], [-87.555131, 41.740972], [-87.555743, 41.740964], [-87.555708, 41.739144], [-87.556917, 41.739129], [-87.556972, 41.737312], [-87.556922, 41.735488], [-87.555541, 41.735506], [-87.555494, 41.73368], [-87.559649, 41.733624], [-87.560186, 41.73323], [-87.559861, 41.732995], [-87.561037, 41.732062], [-87.560995, 41.731537], [-87.558154, 41.729478], [-87.558108, 41.727656], [-87.556727, 41.727675], [-87.556706, 41.726855], [-87.558088, 41.726843], [-87.558075, 41.726335], [-87.556693, 41.726351], [-87.556604, 41.722701], [-87.564717, 41.7226], [-87.564537, 41.709896], [-87.56514, 41.709887], [-87.565117, 41.708526], [-87.564517, 41.708536], [-87.564511, 41.708103], [-87.573663, 41.707966], [-87.584959, 41.72057], [-87.585127, 41.722339], [-87.59165, 41.72225], [-87.59187, 41.721998], [-87.592131, 41.72131], [-87.592077, 41.717627], [-87.592248, 41.716203], [-87.594207, 41.710646], [-87.595144, 41.708979], [-87.596317, 41.70761], [-87.606518, 41.707433], [-87.605124, 41.713587], [-87.618131, 41.713472], [-87.619499, 41.713736], [-87.620729, 41.714185], [-87.622093, 41.715004], [-87.622884, 41.715738], [-87.623635, 41.714009], [-87.623595, 41.710806], [-87.625998, 41.710778], [-87.625919, 41.707133], [-87.623523, 41.707165], [-87.62244, 41.670733], [-87.622088, 41.663452], [-87.621746, 41.661734], [-87.624709, 41.661293], [-87.630969, 41.657496], [-87.631276, 41.657922], [-87.631517, 41.657955], [-87.632843, 41.657692], [-87.635139, 41.657557], [-87.635131, 41.657434], [-87.641224, 41.657434], [-87.646847, 41.657034], [-87.650564, 41.655769], [-87.656596, 41.655496], [-87.660608, 41.655107], [-87.66062, 41.655442], [-87.661916, 41.655148], [-87.662384, 41.658056], [-87.66552, 41.657063], [-87.665753, 41.662859], [-87.680207, 41.662703], [-87.680027, 41.653676], [-87.679852, 41.653268], [-87.679927, 41.652461], [-87.680271, 41.652466], [-87.681178, 41.651762], [-87.67999, 41.651734], [-87.680014, 41.651452], [-87.681171, 41.651371], [-87.68068, 41.648185], [-87.661482, 41.648394], [-87.661207, 41.640866], [-87.66133, 41.639543], [-87.661617, 41.638673], [-87.662317, 41.637334], [-87.66348, 41.635954], [-87.666742, 41.633696], [-87.66654, 41.633549], [-87.664235, 41.633505], [-87.656188, 41.63365], [-87.65634, 41.629897], [-87.656024, 41.628376], [-87.656023, 41.626259], [-87.665719, 41.626284], [-87.665696, 41.622648], [-87.675279, 41.622669], [-87.675419, 41.618997], [-87.680234, 41.618943], [-87.680224, 41.619234], [-87.685147, 41.619152], [-87.685143, 41.619855], [-87.69076, 41.615559], [-87.691202, 41.615531], [-87.693203, 41.613999], [-87.696317, 41.611552], [-87.696146, 41.61138], [-87.699496, 41.60885], [-87.699456, 41.600769], [-87.698237, 41.600772], [-87.698218, 41.598958], [-87.699436, 41.598954], [-87.699422, 41.597141], [-87.700632, 41.597136], [-87.700614, 41.595326], [-87.701824, 41.595323], [-87.701807, 41.593508], [-87.706589, 41.59353], [-87.706586, 41.586212], [-87.708999, 41.586346], [-87.710076, 41.586205], [-87.722497, 41.586171], [-87.725161, 41.58645], [-87.729217, 41.586451], [-87.738179, 41.579582], [-87.740034, 41.577769], [-87.741467, 41.575872], [-87.741641, 41.575964], [-87.743104, 41.572226], [-87.744522, 41.567257], [-87.744587, 41.566529], [-87.743389, 41.560775], [-87.743531, 41.560624], [-87.743298, 41.557001], [-87.742791, 41.527963], [-87.768898, 41.528168], [-87.790408, 41.528041], [-87.790303, 41.469846], [-87.787302, 41.469839], [-87.785773, 41.35399], [-87.82433, 41.35347], [-87.823623, 41.310999], [-87.824243, 41.310221], [-87.825336, 41.309867], [-87.837948, 41.309701], [-87.838223, 41.308969], [-87.838592, 41.308606], [-87.841077, 41.307411], [-87.841653, 41.306747], [-87.841878, 41.306225], [-87.842154, 41.304647], [-87.842401, 41.304236], [-87.842709, 41.304094], [-87.842535, 41.295101], [-87.781662, 41.295863], [-87.780107, 41.207256], [-87.799435, 41.207089], [-87.799518, 41.221686], [-87.819069, 41.221567], [-87.818726, 41.206948], [-87.83803, 41.206806], [-87.837827, 41.201245], [-87.83768, 41.201249], [-87.837409, 41.191994], [-87.837521, 41.191871], [-87.836608, 41.150249], [-87.836433, 41.149721], [-87.834938, 41.148677], [-87.834849, 41.148155], [-87.841347, 41.148116], [-87.841317, 41.14645], [-87.851269, 41.146368], [-87.855106, 41.146356], [-87.855125, 41.148028], [-87.860476, 41.148016], [-87.857646, 41.162612], [-87.866285, 41.162608], [-87.866296, 41.161831], [-87.866016, 41.161416], [-87.866684, 41.161409], [-87.866689, 41.159462], [-87.866376, 41.159465], [-87.866428, 41.158548], [-87.867975, 41.158537], [-87.868286, 41.158789], [-87.868304, 41.159374], [-87.86949, 41.159373], [-87.86949, 41.158882], [-87.870262, 41.158847], [-87.873147, 41.157866], [-87.875146, 41.157768], [-87.875473, 41.157299], [-87.877945, 41.156047], [-87.878291, 41.155265], [-87.879138, 41.15532], [-87.879677, 41.154897], [-87.883348, 41.153284], [-87.882627, 41.152195], [-87.88129, 41.152767], [-87.880507, 41.151821], [-87.880254, 41.151804], [-87.880295, 41.151488], [-87.880693, 41.150986], [-87.880679, 41.147986], [-87.887279, 41.147957], [-87.888143, 41.147461], [-87.888652, 41.147599], [-87.889713, 41.147244], [-87.890327, 41.147536], [-87.890787, 41.147327], [-87.891349, 41.147375], [-87.892535, 41.146812], [-87.892571, 41.147982], [-87.894543, 41.148009], [-87.894532, 41.147309], [-87.894831, 41.147734], [-87.895606, 41.147731], [-87.898143, 41.149232], [-87.899958, 41.149705], [-87.90166, 41.149676], [-87.902975, 41.149144], [-87.904371, 41.148881], [-87.908308, 41.149263], [-87.909041, 41.149507], [-87.912657, 41.151102], [-87.914717, 41.153001], [-87.916441, 41.154886], [-87.917814, 41.155603], [-87.918562, 41.155748], [-87.921629, 41.155572], [-87.922896, 41.155923], [-87.924742, 41.156755], [-87.926452, 41.157175], [-87.928878, 41.157457], [-87.933245, 41.157532], [-87.935394, 41.157419], [-87.936858, 41.157785], [-87.940353, 41.160196], [-87.94838, 41.165094], [-87.949661, 41.166559], [-87.95427, 41.173524], [-87.957627, 41.177887], [-87.96016, 41.181679], [-87.965852, 41.187066], [-87.967079, 41.188995], [-87.970589, 41.193865], [-87.971704, 41.195186], [-87.972496, 41.195788], [-87.975145, 41.197144], [-87.9813, 41.201862], [-87.982988, 41.202347], [-87.986757, 41.202953], [-87.988928, 41.203814], [-87.991248, 41.205331], [-88.01181, 41.205508], [-88.099213, 41.20435], [-88.128895, 41.203888], [-88.199122, 41.202365], [-88.244144, 41.201566], [-88.246993, 41.2875], [-88.247971, 41.325108], [-88.248044, 41.333167], [-88.248857, 41.360507], [-88.248978, 41.369865], [-88.252219, 41.462753]]]}}, {"type": "Feature", "properties": {"district": 12}, "geometry": {"type": "Polygon", "coordinates": [[[-90.372659, 38.28623], [-90.372554, 38.300418], [-90.371516, 38.306191], [-90.371661, 38.307865], [-90.372268, 38.310033], [-90.372527, 38.311955], [-90.372626, 38.316162], [-90.371405, 38.322969], [-90.371289, 38.326538], [-90.371476, 38.330897], [-90.370819, 38.333554], [-90.367387, 38.341126], [-90.364361, 38.347514], [-90.361208, 38.352443], [-90.357769, 38.357196], [-90.355942, 38.36046], [-90.354017, 38.36732], [-90.352105, 38.37182], [-90.349222, 38.377333], [-90.345118, 38.382834], [-90.341446, 38.388298], [-90.340389, 38.38929], [-90.337911, 38.39091], [-90.334277, 38.394844], [-90.330017, 38.397418], [-90.325839, 38.400963], [-90.320471, 38.406527], [-90.314372, 38.412352], [-90.31117, 38.415679], [-90.304209, 38.419952], [-90.29687, 38.424808], [-90.293685, 38.42746], [-90.291084, 38.43089], [-90.289901, 38.433136], [-90.288541, 38.436861], [-90.285673, 38.445663], [-90.284043, 38.451674], [-90.282677, 38.457545], [-90.282387, 38.460553], [-90.280926, 38.466411], [-90.279191, 38.471872], [-90.279077, 38.474014], [-90.278531, 38.477682], [-90.277841, 38.479908], [-90.276799, 38.482466], [-90.274711, 38.486607], [-90.273871, 38.489059], [-90.273281, 38.491446], [-90.272183, 38.494247], [-90.271261, 38.497576], [-90.270538, 38.50154], [-90.269555, 38.504115], [-90.26876, 38.507189], [-90.266316, 38.512688], [-90.264923, 38.517227], [-90.264123, 38.520728], [-90.256949, 38.514885], [-90.240645, 38.50239], [-90.237554, 38.499826], [-90.23673, 38.498821], [-90.235203, 38.497522], [-90.219031, 38.484994], [-90.217926, 38.487049], [-90.213699, 38.492969], [-90.212647, 38.494671], [-90.212059, 38.495995], [-90.211684, 38.498669], [-90.210108, 38.500897], [-90.208581, 38.50287], [-90.207912, 38.503448], [-90.20626, 38.504307], [-90.205008, 38.505152], [-90.204832, 38.505457], [-90.203901, 38.505523], [-90.203467, 38.505847], [-90.203526, 38.506602], [-90.204075, 38.508492], [-90.204043, 38.509002], [-90.203395, 38.510158], [-90.201105, 38.513382], [-90.20027, 38.515117], [-90.199891, 38.516491], [-90.195728, 38.515434], [-90.192813, 38.520969], [-90.191534, 38.522695], [-90.191676, 38.523112], [-90.191589, 38.523284], [-90.189065, 38.524555], [-90.187379, 38.526831], [-90.184411, 38.529451], [-90.144113, 38.529452], [-90.140841, 38.530252], [-90.140691, 38.530428], [-90.13865, 38.530419], [-90.136609, 38.531451], [-90.13411, 38.532227], [-90.128681, 38.536766], [-90.12572, 38.538423], [-90.118367, 38.541072], [-90.109982, 38.546221], [-90.108375, 38.546787], [-90.106361, 38.548809], [-90.100031, 38.55406], [-90.097464, 38.553582], [-90.091324, 38.552826], [-90.090934, 38.55264], [-90.087879, 38.552262], [-90.086373, 38.551859], [-90.0864, 38.550153], [-90.081851, 38.550117], [-90.081829, 38.551347], [-90.078286, 38.550506], [-90.071465, 38.547001], [-90.064116, 38.542764], [-90.064114, 38.543262], [-90.058848, 38.540119], [-90.058855, 38.539754], [-90.057637, 38.539069], [-90.05544, 38.538996], [-90.054725, 38.538307], [-90.054733, 38.537774], [-90.054429, 38.536937], [-90.054142, 38.536911], [-90.052256, 38.535249], [-90.050032, 38.535199], [-90.049373, 38.535321], [-90.043383, 38.53103], [-90.042851, 38.53103], [-90.043009, 38.531156], [-90.041412, 38.532553], [-90.041571, 38.532671], [-90.041353, 38.533109], [-90.040533, 38.533774], [-90.040672, 38.533978], [-90.040291, 38.534454], [-90.040298, 38.535706], [-90.036072, 38.534893], [-90.036256, 38.483845], [-90.029795, 38.483777], [-90.024681, 38.483978], [-90.020193, 38.4839], [-90.019279, 38.483616], [-89.993027, 38.483398], [-89.954397, 38.483627], [-89.954285, 38.483491], [-89.953146, 38.483675], [-89.941134, 38.483571], [-89.938845, 38.489642], [-89.9351, 38.488878], [-89.932762, 38.494785], [-89.928421, 38.504955], [-89.928879, 38.53465], [-89.929084, 38.57056], [-89.919354, 38.570162], [-89.901764, 38.569992], [-89.901726, 38.583462], [-89.901444, 38.584007], [-89.904526, 38.584641], [-89.909897, 38.584927], [-89.911049, 38.58519], [-89.910995, 38.588501], [-89.914192, 38.588535], [-89.913968, 38.592103], [-89.927892, 38.592731], [-89.931106, 38.593031], [-89.956071, 38.598363], [-89.977286, 38.60194], [-89.989681, 38.603196], [-89.990963, 38.603467], [-89.992714, 38.604289], [-89.993405, 38.605139], [-89.993659, 38.605751], [-89.993751, 38.60728], [-89.994366, 38.607286], [-89.994535, 38.614452], [-90.004537, 38.614511], [-90.00452, 38.614932], [-90.001676, 38.614983], [-90.002575, 38.61599], [-90.002904, 38.616679], [-90.002961, 38.61743], [-90.002503, 38.61887], [-90.002097, 38.619129], [-90.001861, 38.619801], [-90.001912, 38.621002], [-90.002456, 38.621159], [-90.003173, 38.622097], [-90.004126, 38.622776], [-90.004172, 38.62504], [-90.004467, 38.625048], [-90.004206, 38.625826], [-90.004287, 38.632255], [-90.00443, 38.632677], [-90.007256, 38.632633], [-90.007234, 38.633629], [-90.006821, 38.634223], [-90.006799, 38.635634], [-90.00444, 38.635479], [-90.00461, 38.639375], [-90.004403, 38.642169], [-90.004646, 38.642369], [-90.004376, 38.642617], [-90.004677, 38.64454], [-90.004686, 38.646294], [-90.001806, 38.647176], [-90.001885, 38.647366], [-89.994497, 38.649677], [-89.992566, 38.650518], [-89.990129, 38.652096], [-89.989852, 38.652137], [-89.987202, 38.654543], [-89.987435, 38.656155], [-89.98589, 38.658205], [-89.947293, 38.657976], [-89.910197, 38.657489], [-89.894188, 38.657219], [-89.892769, 38.657024], [-89.890049, 38.657079], [-89.888545, 38.656903], [-89.878948, 38.656692], [-89.876045, 38.656849], [-89.818745, 38.655825], [-89.725496, 38.654966], [-89.659925, 38.655297], [-89.595103, 38.655948], [-89.596094, 38.690231], [-89.597321, 38.743236], [-89.519143, 38.74114], [-89.48204, 38.740509], [-89.473667, 38.740658], [-89.366157, 38.74114], [-89.297876, 38.741863], [-89.250071, 38.742015], [-89.203464, 38.739714], [-89.19431, 38.739134], [-89.175553, 38.738313], [-89.166251, 38.737666], [-89.165077, 38.737611], [-89.164501, 38.737807], [-89.163626, 38.737562], [-89.138393, 38.736331], [-89.138138, 38.824209], [-89.03183, 38.822839], [-88.922444, 38.824368], [-88.807756, 38.82445], [-88.695165, 38.826299], [-88.693531, 38.914617], [-88.806795, 38.911585], [-88.806275, 38.965068], [-88.805923, 39.029312], [-88.80561, 39.119725], [-88.805761, 39.166192], [-88.805498, 39.172636], [-88.805325, 39.216263], [-88.801274, 39.216086], [-88.768482, 39.215917], [-88.654084, 39.21589], [-88.573906, 39.215236], [-88.539056, 39.215179], [-88.537451, 39.214986], [-88.535453, 39.215097], [-88.508263, 39.215134], [-88.484908, 39.214915], [-88.470906, 39.215029], [-88.470911, 39.220414], [-88.471123, 39.22203], [-88.470915, 39.234985], [-88.471183, 39.279334], [-88.470978, 39.302007], [-88.471207, 39.344429], [-88.471085, 39.346801], [-88.471171, 39.356525], [-88.470946, 39.36249], [-88.470741, 39.381738], [-88.470351, 39.432629], [-88.359806, 39.432329], [-88.359525, 39.47364], [-88.356834, 39.472005], [-88.354979, 39.471947], [-88.354978, 39.472109], [-88.354327, 39.471777], [-88.35345, 39.471685], [-88.352702, 39.471345], [-88.351294, 39.471833], [-88.350914, 39.471493], [-88.349359, 39.47102], [-88.34795, 39.471325], [-88.347422, 39.470917], [-88.347161, 39.470302], [-88.346781, 39.469985], [-88.345682, 39.46999], [-88.345664, 39.476489], [-88.33495, 39.476713], [-88.334973, 39.477895], [-88.336171, 39.484202], [-88.333558, 39.484354], [-88.322018, 39.484255], [-88.316554, 39.484292], [-88.316001, 39.484412], [-88.282587, 39.484405], [-88.282598, 39.484132], [-88.247947, 39.483986], [-88.248154, 39.433767], [-88.177001, 39.433698], [-88.174215, 39.433822], [-88.173753, 39.435213], [-88.173092, 39.436068], [-88.172694, 39.437324], [-88.172999, 39.443597], [-88.172634, 39.446008], [-88.170978, 39.446409], [-88.169153, 39.448097], [-88.168244, 39.448214], [-88.167925, 39.448398], [-88.167795, 39.451545], [-88.167476, 39.451772], [-88.166059, 39.451801], [-88.165601, 39.452091], [-88.165044, 39.453454], [-88.164544, 39.456108], [-88.163456, 39.457586], [-88.163201, 39.458217], [-88.16301, 39.461435], [-88.163291, 39.465299], [-88.163166, 39.465214], [-88.162872, 39.486358], [-88.163527, 39.491087], [-88.163695, 39.498462], [-88.164186, 39.499165], [-88.16513, 39.499487], [-88.163653, 39.499581], [-88.160558, 39.500202], [-88.140047, 39.505303], [-88.140018, 39.513419], [-88.123958, 39.513331], [-88.123795, 39.513437], [-88.123785, 39.520875], [-88.139984, 39.520795], [-88.13973, 39.557318], [-88.139551, 39.652075], [-88.114444, 39.652211], [-88.100755, 39.652048], [-88.082037, 39.652253], [-88.063518, 39.652657], [-88.06302, 39.666777], [-88.063013, 39.681311], [-88.048996, 39.681333], [-88.026208, 39.681665], [-88.026224, 39.684938], [-88.017953, 39.685064], [-88.017959, 39.685263], [-87.966347, 39.685973], [-87.965773, 39.653078], [-87.965049, 39.627321], [-87.964816, 39.612702], [-87.965046, 39.6127], [-87.962278, 39.525035], [-87.961872, 39.525039], [-87.960179, 39.481309], [-87.935001, 39.481669], [-87.90386, 39.481886], [-87.903867, 39.482075], [-87.884467, 39.482472], [-87.778601, 39.485969], [-87.72196, 39.486529], [-87.688972, 39.487392], [-87.687345, 39.487312], [-87.689275, 39.476771], [-87.689172, 39.476756], [-87.683269, 39.476874], [-87.600867, 39.476676], [-87.57361, 39.477058], [-87.571733, 39.476906], [-87.53164, 39.477105], [-87.531355, 39.435709], [-87.531422, 39.375154], [-87.531691, 39.371042], [-87.531646, 39.347888], [-87.532424, 39.347927], [-87.537271, 39.352089], [-87.538693, 39.352636], [-87.540378, 39.352949], [-87.542237, 39.353096], [-87.544013, 39.352907], [-87.545882, 39.352147], [-87.548157, 39.34988], [-87.549478, 39.34774], [-87.55026, 39.343348], [-87.550832, 39.342378], [-87.55214, 39.34148], [-87.5544, 39.340488], [-87.557744, 39.339335], [-87.560692, 39.338851], [-87.562465, 39.33893], [-87.566134, 39.339726], [-87.570705, 39.341267], [-87.572132, 39.341444], [-87.57408, 39.341423], [-87.57577, 39.341165], [-87.578331, 39.340343], [-87.584852, 39.337329], [-87.589084, 39.333831], [-87.591801, 39.330324], [-87.596729, 39.322029], [-87.600656, 39.318529], [-87.603986, 39.313606], [-87.60592, 39.311076], [-87.608528, 39.309816], [-87.612606, 39.308566], [-87.616675, 39.308188], [-87.620178, 39.307395], [-87.620589, 39.307046], [-87.621147, 39.305306], [-87.621176, 39.304162], [-87.620939, 39.303407], [-87.620526, 39.302835], [-87.618964, 39.301691], [-87.617786, 39.301257], [-87.615841, 39.300869], [-87.614015, 39.300938], [-87.608419, 39.302703], [-87.605348, 39.303217], [-87.599835, 39.300934], [-87.598416, 39.300086], [-87.597946, 39.299479], [-87.597323, 39.296957], [-87.597545, 39.296388], [-87.599907, 39.293583], [-87.608753, 39.286689], [-87.609767, 39.284714], [-87.61005, 39.282232], [-87.609438, 39.278535], [-87.608543, 39.277187], [-87.607342, 39.276206], [-87.606394, 39.275898], [-87.603068, 39.275542], [-87.601948, 39.275165], [-87.601393, 39.27439], [-87.601271, 39.273583], [-87.601501, 39.272242], [-87.605262, 39.263403], [-87.605574, 39.262398], [-87.605543, 39.261122], [-87.604947, 39.260212], [-87.600536, 39.256088], [-87.598135, 39.254093], [-87.596047, 39.251159], [-87.594684, 39.248742], [-87.593486, 39.247452], [-87.592394, 39.247146], [-87.59111, 39.247261], [-87.588339, 39.248703], [-87.587158, 39.249616], [-87.58518, 39.253138], [-87.584177, 39.254004], [-87.582387, 39.254764], [-87.580652, 39.255237], [-87.576836, 39.255458], [-87.574791, 39.255129], [-87.573439, 39.254582], [-87.57238, 39.253669], [-87.571586, 39.252287], [-87.571321, 39.25082], [-87.571467, 39.249322], [-87.572088, 39.247825], [-87.573074, 39.246693], [-87.574352, 39.245853], [-87.576471, 39.245159], [-87.578224, 39.244794], [-87.578992, 39.244144], [-87.579319, 39.243552], [-87.579152, 39.242665], [-87.577609, 39.239184], [-87.575373, 39.228355], [-87.574615, 39.223931], [-87.574558, 39.218404], [-87.575601, 39.213837], [-87.577029, 39.211123], [-87.580332, 39.20841], [-87.584977, 39.205276], [-87.585736, 39.203866], [-87.585918, 39.202606], [-87.585725, 39.200396], [-87.588614, 39.197824], [-87.594151, 39.194932], [-87.600099, 39.193441], [-87.601631, 39.192493], [-87.603045, 39.191304], [-87.603714, 39.189298], [-87.605173, 39.185897], [-87.606293, 39.18513], [-87.607879, 39.184463], [-87.609976, 39.184043], [-87.613064, 39.18418], [-87.616307, 39.185849], [-87.618551, 39.186404], [-87.619603, 39.186032], [-87.6204, 39.185195], [-87.62114, 39.183898], [-87.621436, 39.181943], [-87.621397, 39.178868], [-87.620796, 39.17479], [-87.619774, 39.173418], [-87.619404, 39.172066], [-87.619618, 39.170975], [-87.620521, 39.17033], [-87.623607, 39.16949], [-87.625024, 39.169296], [-87.629623, 39.168892], [-87.634792, 39.168993], [-87.63649, 39.168833], [-87.637934, 39.168428], [-87.639501, 39.167484], [-87.640434, 39.166727], [-87.641285, 39.16526], [-87.642065, 39.162477], [-87.642063, 39.161332], [-87.641549, 39.160472], [-87.640856, 39.159867], [-87.638324, 39.159139], [-87.631756, 39.158604], [-87.629377, 39.158023], [-87.628186, 39.15692], [-87.627742, 39.15623], [-87.627509, 39.15538], [-87.627713, 39.154906], [-87.628743, 39.153917], [-87.630223, 39.153206], [-87.631571, 39.152986], [-87.633348, 39.153068], [-87.634379, 39.153419], [-87.637443, 39.156773], [-87.639019, 39.157152], [-87.642175, 39.157097], [-87.643462, 39.156069], [-87.644216, 39.154858], [-87.64497, 39.154301], [-87.651719, 39.150602], [-87.652782, 39.149435], [-87.653311, 39.148028], [-87.65334, 39.145608], [-87.653052, 39.144863], [-87.653201, 39.143993], [-87.65408, 39.142687], [-87.658201, 39.138404], [-87.658694, 39.137311], [-87.658745, 39.135997], [-87.658111, 39.134934], [-87.657045, 39.133721], [-87.655239, 39.132283], [-87.6515, 39.130817], [-87.647067, 39.130159], [-87.644804, 39.129523], [-87.643145, 39.128562], [-87.64272, 39.128009], [-87.642335, 39.126891], [-87.642055, 39.12504], [-87.64217, 39.123212], [-87.64089, 39.122774], [-87.639326, 39.123053], [-87.638187, 39.123469], [-87.636927, 39.123104], [-87.6351, 39.122298], [-87.635019, 39.122124], [-87.634971, 39.120089], [-87.635903, 39.118329], [-87.636514, 39.117661], [-87.637494, 39.116943], [-87.640899, 39.115283], [-87.640761, 39.114372], [-87.644317, 39.115205], [-87.647644, 39.115637], [-87.650434, 39.116495], [-87.651022, 39.116439], [-87.652083, 39.115543], [-87.654182, 39.113382], [-87.654859, 39.112394], [-87.655042, 39.110921], [-87.654636, 39.109111], [-87.652796, 39.106839], [-87.649166, 39.104803], [-87.64707, 39.104268], [-87.644609, 39.104432], [-87.642352, 39.10516], [-87.638585, 39.105894], [-87.634721, 39.105387], [-87.632655, 39.104908], [-87.628686, 39.10449], [-87.625024, 39.104225], [-87.623509, 39.104476], [-87.618385, 39.104284], [-87.615684, 39.103316], [-87.614881, 39.102655], [-87.613996, 39.100995], [-87.613946, 39.099536], [-87.614309, 39.097778], [-87.615465, 39.095771], [-87.617611, 39.094287], [-87.620387, 39.091522], [-87.621142, 39.088966], [-87.620978, 39.088096], [-87.620258, 39.086572], [-87.61859, 39.084863], [-87.615964, 39.082566], [-87.614171, 39.081784], [-87.611863, 39.081252], [-87.607121, 39.081179], [-87.602905, 39.081558], [-87.601101, 39.081405], [-87.598556, 39.080622], [-87.596373, 39.079639], [-87.594592, 39.077986], [-87.593954, 39.077155], [-87.592822, 39.075228], [-87.592442, 39.074253], [-87.591515, 39.073181], [-87.585687, 39.069729], [-87.583546, 39.067947], [-87.5801, 39.063891], [-87.578702, 39.061698], [-87.576984, 39.060182], [-87.572588, 39.057286], [-87.572138, 39.055448], [-87.571926, 39.052739], [-87.57229, 39.050587], [-87.572983, 39.049201], [-87.574728, 39.046929], [-87.577472, 39.044487], [-87.578824, 39.043528], [-87.580207, 39.04194], [-87.580373, 39.040707], [-87.580252, 39.039377], [-87.579512, 39.038401], [-87.575027, 39.034062], [-87.569875, 39.023105], [-87.569579, 39.021863], [-87.569696, 39.019413], [-87.57187, 39.012545], [-87.573761, 39.008684], [-87.576836, 39.004791], [-87.578569, 39.00305], [-87.579117, 39.001607], [-87.578654, 38.999502], [-87.578258, 38.998762], [-87.577627, 38.997914], [-87.576565, 38.997027], [-87.571305, 38.994782], [-87.568205, 38.993705], [-87.567085, 38.993544], [-87.566495, 38.993624], [-87.566096, 38.993934], [-87.563351, 38.994468], [-87.561976, 38.994198], [-87.560991, 38.993514], [-87.560427, 38.992425], [-87.560742, 38.991315], [-87.561269, 38.990378], [-87.562043, 38.989469], [-87.562981, 38.989022], [-87.563966, 38.988802], [-87.565193, 38.988795], [-87.566794, 38.989133], [-87.57254, 38.991248], [-87.574535, 38.991518], [-87.576984, 38.99127], [-87.578019, 38.990647], [-87.578493, 38.989749], [-87.578319, 38.988786], [-87.576531, 38.986711], [-87.575605, 38.986166], [-87.573466, 38.985441], [-87.564366, 38.983022], [-87.562564, 38.982455], [-87.560279, 38.981366], [-87.557985, 38.980687], [-87.548034, 38.978504], [-87.542493, 38.975599], [-87.537806, 38.974555], [-87.532449, 38.973058], [-87.529496, 38.971925], [-87.527597, 38.969831], [-87.527002, 38.96883], [-87.525486, 38.964877], [-87.524335, 38.962964], [-87.5218, 38.960715], [-87.519173, 38.95891], [-87.516365, 38.957335], [-87.513346, 38.956], [-87.512187, 38.954417], [-87.512328, 38.951941], [-87.512927, 38.950133], [-87.513598, 38.948795], [-87.516343, 38.945558], [-87.519318, 38.943067], [-87.521, 38.942107], [-87.521765, 38.941117], [-87.521851, 38.940069], [-87.52124, 38.93889], [-87.517355, 38.934943], [-87.51675, 38.933965], [-87.516658, 38.93348], [-87.516628, 38.932995], [-87.517046, 38.931467], [-87.518431, 38.929066], [-87.518696, 38.928327], [-87.518789, 38.927844], [-87.518469, 38.924798], [-87.518826, 38.923205], [-87.519119, 38.922603], [-87.520634, 38.921665], [-87.522475, 38.921345], [-87.524837, 38.921661], [-87.526058, 38.921355], [-87.527184, 38.920346], [-87.527715, 38.919232], [-87.527481, 38.917332], [-87.527053, 38.916252], [-87.526307, 38.915111], [-87.526033, 38.913606], [-87.526046, 38.913073], [-87.5272, 38.910402], [-87.527887, 38.909201], [-87.52791, 38.908209], [-87.527645, 38.907688], [-87.526625, 38.906382], [-87.526068, 38.905946], [-87.524314, 38.905194], [-87.522731, 38.905099], [-87.518953, 38.905859], [-87.517732, 38.905672], [-87.516976, 38.904999], [-87.516728, 38.904123], [-87.516831, 38.903697], [-87.517425, 38.902987], [-87.518008, 38.902705], [-87.524465, 38.902365], [-87.529004, 38.901583], [-87.531337, 38.901786], [-87.532101, 38.901717], [-87.53293, 38.901519], [-87.533695, 38.900957], [-87.534046, 38.900017], [-87.536591, 38.895566], [-87.536603, 38.895042], [-87.536398, 38.894562], [-87.534472, 38.892339], [-87.534342, 38.891296], [-87.534363, 38.890376], [-87.534789, 38.888873], [-87.535172, 38.887926], [-87.535955, 38.886993], [-87.537596, 38.889551], [-87.537718, 38.890925], [-87.538411, 38.892582], [-87.538576, 38.893448], [-87.538495, 38.895174], [-87.53859, 38.89553], [-87.539122, 38.896119], [-87.539869, 38.896307], [-87.541628, 38.896381], [-87.542437, 38.896167], [-87.544089, 38.895093], [-87.544641, 38.894374], [-87.544919, 38.89345], [-87.54513, 38.891467], [-87.544854, 38.890059], [-87.544292, 38.888953], [-87.54256, 38.887701], [-87.541542, 38.887202], [-87.539855, 38.886718], [-87.53828, 38.885799], [-87.537552, 38.884756], [-87.536741, 38.882847], [-87.536125, 38.88233], [-87.534992, 38.880594], [-87.534834, 38.879414], [-87.534919, 38.878874], [-87.535472, 38.878091], [-87.536816, 38.877408], [-87.541815, 38.876762], [-87.545203, 38.87673], [-87.545937, 38.876587], [-87.547064, 38.875957], [-87.547511, 38.875302], [-87.547739, 38.874014], [-87.547611, 38.872516], [-87.546957, 38.871184], [-87.54587, 38.869994], [-87.543271, 38.867941], [-87.542606, 38.866641], [-87.542642, 38.865281], [-87.543188, 38.864214], [-87.544235, 38.863375], [-87.545719, 38.86303], [-87.547904, 38.863406], [-87.549469, 38.864181], [-87.550985, 38.864601], [-87.552066, 38.864511], [-87.552871, 38.864146], [-87.553384, 38.863344], [-87.553394, 38.86241], [-87.553106, 38.861411], [-87.552028, 38.860318], [-87.54483, 38.856828], [-87.542608, 38.855953], [-87.54169, 38.855343], [-87.540309, 38.854715], [-87.537248, 38.853592], [-87.529186, 38.852132], [-87.528194, 38.851691], [-87.526729, 38.850362], [-87.525893, 38.848795], [-87.525996, 38.846059], [-87.526168, 38.845368], [-87.525904, 38.844142], [-87.526106, 38.843468], [-87.526682, 38.842546], [-87.526695, 38.838578], [-87.525961, 38.836198], [-87.524577, 38.833634], [-87.522212, 38.830483], [-87.521841, 38.828734], [-87.521681, 38.826576], [-87.523178, 38.82401], [-87.523636, 38.822597], [-87.525901, 38.821171], [-87.526463, 38.820538], [-87.527407, 38.818766], [-87.527342, 38.818121], [-87.526816, 38.817369], [-87.521595, 38.813013], [-87.51922, 38.810478], [-87.516689, 38.80618], [-87.514919, 38.803713], [-87.512272, 38.800766], [-87.510553, 38.798396], [-87.508211, 38.795716], [-87.50656, 38.794546], [-87.503129, 38.792874], [-87.501123, 38.79138], [-87.497912, 38.787699], [-87.497821, 38.787071], [-87.495905, 38.785434], [-87.495509, 38.784626], [-87.495211, 38.78306], [-87.495199, 38.781979], [-87.495739, 38.780303], [-87.496537, 38.778571], [-87.49743, 38.777438], [-87.498587, 38.77648], [-87.502115, 38.774628], [-87.504301, 38.773846], [-87.505668, 38.77367], [-87.511798, 38.773558], [-87.513137, 38.773196], [-87.513799, 38.772758], [-87.514548, 38.771821], [-87.514861, 38.770503], [-87.514373, 38.769172], [-87.513652, 38.768475], [-87.511969, 38.767538], [-87.51033, 38.767181], [-87.508183, 38.767312], [-87.506565, 38.767856], [-87.505881, 38.768431], [-87.504953, 38.76886], [-87.502516, 38.769173], [-87.500494, 38.769176], [-87.499131, 38.768835], [-87.498216, 38.768307], [-87.497529, 38.767724], [-87.496906, 38.766818], [-87.49711, 38.764536], [-87.498515, 38.758983], [-87.498948, 38.757774], [-87.50002, 38.756182], [-87.501814, 38.754197], [-87.50338, 38.75098], [-87.503576, 38.750046], [-87.504006, 38.74971], [-87.504046, 38.748507], [-87.503318, 38.74708], [-87.50159, 38.745725], [-87.50002, 38.744912], [-87.49956, 38.744457], [-87.497405, 38.743409], [-87.496494, 38.742728], [-87.495794, 38.741361], [-87.495799, 38.740699], [-87.496041, 38.739981], [-87.49652, 38.739336], [-87.497526, 38.738532], [-87.50002, 38.737008], [-87.504059, 38.735823], [-87.505339, 38.73497], [-87.506172, 38.733725], [-87.507697, 38.727335], [-87.508515, 38.725768], [-87.514607, 38.71898], [-87.516707, 38.716332], [-87.518598, 38.712739], [-87.519519, 38.710455], [-87.518946, 38.705149], [-87.519038, 38.699526], [-87.51961, 38.697198], [-87.522039, 38.69335], [-87.528131, 38.686828], [-87.531231, 38.684036], [-87.534435, 38.681754], [-87.540051, 38.679143], [-87.545538, 38.677613], [-87.55843, 38.675585], [-87.569607, 38.674358], [-87.579397, 38.672475], [-87.587684, 38.66998], [-87.593678, 38.667402], [-87.597247, 38.665314], [-87.60018, 38.662462], [-87.602031, 38.659053], [-87.602863, 38.656363], [-87.602759, 38.654375], [-87.60295, 38.651236], [-87.60433, 38.648356], [-87.605817, 38.646518], [-87.607896, 38.644984], [-87.609831, 38.644216], [-87.617315, 38.642157], [-87.619197, 38.64075], [-87.62012, 38.639489], [-87.62098, 38.637655], [-87.6209, 38.636128], [-87.620382, 38.634307], [-87.619819, 38.632737], [-87.618924, 38.631382], [-87.616425, 38.628674], [-87.615943, 38.627952], [-87.615469, 38.625889], [-87.615585, 38.625047], [-87.616152, 38.623215], [-87.617043, 38.622195], [-87.619095, 38.620955], [-87.620474, 38.620478], [-87.621794, 38.619597], [-87.622375, 38.618873], [-87.622759, 38.617084], [-87.620352, 38.612786], [-87.620532, 38.612165], [-87.621306, 38.611516], [-87.625024, 38.609727], [-87.626081, 38.608905], [-87.626987, 38.60796], [-87.627345, 38.607237], [-87.62745, 38.606278], [-87.627348, 38.60544], [-87.625852, 38.602052], [-87.625406, 38.599188], [-87.625024, 38.598259], [-87.624143, 38.596955], [-87.622636, 38.595648], [-87.619443, 38.594824], [-87.613461, 38.595042], [-87.612439, 38.594642], [-87.61135, 38.593611], [-87.610886, 38.592632], [-87.610907, 38.591405], [-87.61196, 38.589248], [-87.613138, 38.588277], [-87.614508, 38.58751], [-87.621401, 38.586118], [-87.622897, 38.586198], [-87.625024, 38.586685], [-87.627383, 38.587644], [-87.632172, 38.591231], [-87.634823, 38.592692], [-87.636853, 38.592891], [-87.637627, 38.592654], [-87.638393, 38.5922], [-87.639433, 38.591255], [-87.64021, 38.589795], [-87.64026, 38.58587], [-87.639775, 38.581998], [-87.638097, 38.578344], [-87.638049, 38.577263], [-87.638247, 38.576273], [-87.638911, 38.574876], [-87.639567, 38.574163], [-87.641389, 38.572934], [-87.643967, 38.572], [-87.647248, 38.571474], [-87.648618, 38.571056], [-87.649682, 38.570523], [-87.651107, 38.569026], [-87.652448, 38.566028], [-87.652738, 38.565039], [-87.652745, 38.564459], [-87.652514, 38.56328], [-87.650991, 38.560336], [-87.650214, 38.558421], [-87.650141, 38.557735], [-87.650704, 38.55624], [-87.651999, 38.555209], [-87.662401, 38.551337], [-87.665435, 38.549946], [-87.66845, 38.547741], [-87.66922, 38.546812], [-87.670071, 38.545237], [-87.670084, 38.544133], [-87.66983, 38.543124], [-87.669583, 38.542381], [-87.668788, 38.541078], [-87.660978, 38.532145], [-87.660752, 38.530492], [-87.659728, 38.527866], [-87.659476, 38.526711], [-87.656144, 38.521668], [-87.65578, 38.521206], [-87.654591, 38.520328], [-87.652919, 38.519559], [-87.647719, 38.516277], [-87.646226, 38.51509], [-87.645371, 38.513835], [-87.64515, 38.512649], [-87.645118, 38.511109], [-87.64581, 38.509082], [-87.646719, 38.507767], [-87.64835, 38.506061], [-87.650092, 38.504606], [-87.652365, 38.503219], [-87.655837, 38.501896], [-87.658178, 38.501669], [-87.660952, 38.502091], [-87.663701, 38.502931], [-87.665482, 38.504031], [-87.669811, 38.507178], [-87.670709, 38.507538], [-87.671898, 38.507611], [-87.672382, 38.507396], [-87.673832, 38.506261], [-87.674239, 38.505724], [-87.676803, 38.500655], [-87.677407, 38.500047], [-87.678374, 38.498438], [-87.682324, 38.494618], [-87.685921, 38.491843], [-87.693188, 38.488038], [-87.697652, 38.486103], [-87.708054, 38.482189], [-87.711558, 38.480624], [-87.714047, 38.47988], [-87.71992, 38.479491], [-87.728013, 38.479856], [-87.730045, 38.480254], [-87.734646, 38.480078], [-87.740024, 38.479223], [-87.744644, 38.477266], [-87.750028, 38.471427], [-87.7519, 38.468487], [-87.754668, 38.465069], [-87.756179, 38.462538], [-87.756714, 38.460299], [-87.756825, 38.458502], [-87.756534, 38.456944], [-87.755931, 38.455876], [-87.754834, 38.455176], [-87.752826, 38.454415], [-87.751477, 38.454213], [-87.750026, 38.45418], [-87.749475, 38.454417], [-87.748429, 38.454529], [-87.745388, 38.454623], [-87.743899, 38.454997], [-87.740525, 38.454716], [-87.739315, 38.454164], [-87.735729, 38.452986], [-87.733218, 38.451825], [-87.731974, 38.45078], [-87.73082, 38.449228], [-87.730369, 38.447884], [-87.730134, 38.446518], [-87.730699, 38.442908], [-87.732849, 38.441393], [-87.734607, 38.440876], [-87.738812, 38.438929], [-87.739767, 38.437977], [-87.740394, 38.437079], [-87.74104, 38.435576], [-87.742828, 38.427335], [-87.743772, 38.413115], [-87.745254, 38.408996], [-87.75003, 38.403027], [-87.754105, 38.398987], [-87.757307, 38.394846], [-87.761679, 38.390292], [-87.763118, 38.388526], [-87.765742, 38.385929], [-87.769721, 38.380695], [-87.77537, 38.375046], [-87.779996, 38.370842], [-87.783079, 38.368862], [-87.786093, 38.367649], [-87.790251, 38.366702], [-87.795441, 38.366117], [-87.799616, 38.364896], [-87.801986, 38.364592], [-87.803575, 38.364188], [-87.806075, 38.363143], [-87.808322, 38.361127], [-87.811015, 38.357939], [-87.811887, 38.356371], [-87.813791, 38.353792], [-87.818146, 38.350467], [-87.820049, 38.349237], [-87.822721, 38.346912], [-87.824171, 38.344528], [-87.825813, 38.338316], [-87.826483, 38.336631], [-87.82876, 38.332001], [-87.829989, 38.329929], [-87.831396, 38.328086], [-87.832422, 38.325979], [-87.832723, 38.324853], [-87.833477, 38.319555], [-87.833344, 38.315649], [-87.831848, 38.308156], [-87.831136, 38.306814], [-87.830849, 38.305608], [-87.830714, 38.303073], [-87.830953, 38.299365], [-87.831523, 38.296727], [-87.833934, 38.290614], [-87.836495, 38.285486], [-87.838979, 38.282327], [-87.840984, 38.280105], [-87.84345, 38.278172], [-87.845937, 38.276667], [-87.849188, 38.275543], [-87.85113, 38.27512], [-87.856605, 38.275522], [-87.859651, 38.276711], [-87.861774, 38.278637], [-87.863032, 38.280172], [-87.865522, 38.286081], [-87.866032, 38.287823], [-87.866248, 38.28998], [-87.865835, 38.292031], [-87.864812, 38.295389], [-87.861786, 38.300001], [-87.860453, 38.303113], [-87.860453, 38.305372], [-87.86112, 38.307826], [-87.86311, 38.309823], [-87.864271, 38.310703], [-87.867265, 38.31198], [-87.868886, 38.312277], [-87.870537, 38.31222], [-87.872896, 38.311406], [-87.875664, 38.309931], [-87.878303, 38.307849], [-87.879389, 38.306507], [-87.880848, 38.303725], [-87.881587, 38.300175], [-87.882765, 38.296639], [-87.884278, 38.294237], [-87.885146, 38.29248], [-87.885763, 38.288953], [-87.886452, 38.287009], [-87.887849, 38.285299], [-87.889059, 38.284378], [-87.890943, 38.283384], [-87.89243, 38.282854], [-87.89456, 38.28179], [-87.897067, 38.280134], [-87.897803, 38.279482], [-87.903716, 38.272759], [-87.906841, 38.269634], [-87.908542, 38.268581], [-87.91012, 38.268108], [-87.91111, 38.268031], [-87.914081, 38.268309], [-87.916125, 38.269084], [-87.917092, 38.269701], [-87.917615, 38.270078], [-87.918794, 38.271916], [-87.919216, 38.272801], [-87.91947, 38.274547], [-87.919292, 38.275908], [-87.917711, 38.279351], [-87.913692, 38.284515], [-87.912026, 38.287013], [-87.908529, 38.290957], [-87.907994, 38.292331], [-87.907866, 38.293176], [-87.908008, 38.293767], [-87.909536, 38.296061], [-87.911394, 38.297576], [-87.914813, 38.299005], [-87.916489, 38.299372], [-87.921423, 38.299343], [-87.922833, 38.299198], [-87.924973, 38.298659], [-87.928791, 38.29726], [-87.931873, 38.296498], [-87.933556, 38.295896], [-87.934844, 38.295145], [-87.937329, 38.292431], [-87.938244, 38.290279], [-87.938854, 38.287535], [-87.938867, 38.284525], [-87.939212, 38.282923], [-87.940285, 38.281064], [-87.942333, 38.279402], [-87.944017, 38.278681], [-87.949279, 38.277345], [-87.950298, 38.276792], [-87.951171, 38.275834], [-87.952125, 38.273763], [-87.952296, 38.271627], [-87.952163, 38.270512], [-87.951277, 38.26875], [-87.950688, 38.268025], [-87.950651, 38.266819], [-87.948903, 38.264116], [-87.946614, 38.262749], [-87.945469, 38.262495], [-87.942067, 38.260301], [-87.94303, 38.25779], [-87.943599, 38.257081], [-87.946065, 38.255319], [-87.948177, 38.254577], [-87.950723, 38.25405], [-87.954032, 38.253032], [-87.956145, 38.251652], [-87.95761, 38.250046], [-87.958883, 38.246666], [-87.958841, 38.244974], [-87.957897, 38.241256], [-87.957992, 38.240096], [-87.95826, 38.239022], [-87.958867, 38.238294], [-87.960225, 38.237118], [-87.960968, 38.236807], [-87.963201, 38.236311], [-87.964279, 38.236297], [-87.967556, 38.236729], [-87.968968, 38.237389], [-87.9702, 38.238623], [-87.970346, 38.239106], [-87.970593, 38.240861], [-87.969947, 38.243354], [-87.970466, 38.244568], [-87.972259, 38.247039], [-87.981868, 38.256444], [-87.984705, 38.257953], [-87.986109, 38.258058], [-87.987103, 38.257731], [-87.987618, 38.257381], [-87.988078, 38.256717], [-87.988164, 38.255838], [-87.987871, 38.255141], [-87.984647, 38.251877], [-87.983058, 38.250046], [-87.980905, 38.245119], [-87.979789, 38.241661], [-87.979629, 38.24055], [-87.979689, 38.238946], [-87.980158, 38.236115], [-87.981215, 38.234215], [-87.984838, 38.228674], [-87.985558, 38.222482], [-87.985627, 38.217993], [-87.985186, 38.214853], [-87.983973, 38.209107], [-87.982763, 38.206705], [-87.979808, 38.202654], [-87.977494, 38.199783], [-87.975819, 38.197834], [-87.969865, 38.191786], [-87.9595, 38.184376], [-87.957515, 38.183243], [-87.947681, 38.178907], [-87.945135, 38.17756], [-87.940491, 38.174902], [-87.937162, 38.172189], [-87.936443, 38.171355], [-87.935048, 38.168373], [-87.933759, 38.164351], [-87.933751, 38.163094], [-87.934178, 38.161335], [-87.935234, 38.159315], [-87.935251, 38.158735], [-87.934637, 38.156748], [-87.934299, 38.156459], [-87.933768, 38.156317], [-87.931211, 38.156348], [-87.927413, 38.158173], [-87.926388, 38.15884], [-87.925963, 38.159342], [-87.924581, 38.161412], [-87.924513, 38.162025], [-87.924656, 38.163676], [-87.925896, 38.166473], [-87.92523, 38.170634], [-87.924241, 38.17223], [-87.922901, 38.173291], [-87.92172, 38.17381], [-87.920712, 38.174032], [-87.919059, 38.173986], [-87.91729, 38.174169], [-87.915666, 38.173322], [-87.913088, 38.17153], [-87.912678, 38.171049], [-87.912325, 38.170059], [-87.910792, 38.167666], [-87.910623, 38.166604], [-87.910924, 38.162557], [-87.911428, 38.16174], [-87.912868, 38.160588], [-87.913664, 38.159198], [-87.915184, 38.157788], [-87.917719, 38.155889], [-87.921365, 38.154064], [-87.924088, 38.152922], [-87.925891, 38.152912], [-87.927233, 38.152308], [-87.927899, 38.151646], [-87.92827, 38.150893], [-87.928234, 38.150416], [-87.926895, 38.149182], [-87.925893, 38.147832], [-87.9255, 38.146251], [-87.925436, 38.144863], [-87.925811, 38.143633], [-87.926627, 38.142546], [-87.92783, 38.141545], [-87.929423, 38.140727], [-87.935135, 38.139428], [-87.938619, 38.136017], [-87.942175, 38.131759], [-87.944825, 38.127272], [-87.945472, 38.126616], [-87.945869, 38.126452], [-87.947208, 38.126924], [-87.94767, 38.127588], [-87.949176, 38.129074], [-87.951408, 38.130792], [-87.954858, 38.132622], [-87.955872, 38.132897], [-87.956943, 38.132874], [-87.959352, 38.13221], [-87.960482, 38.132095], [-87.964306, 38.132644], [-87.966393, 38.132506], [-87.968392, 38.131567], [-87.969869, 38.130263], [-87.971491, 38.127905], [-87.972998, 38.125046], [-87.974098, 38.122073], [-87.974272, 38.121981], [-87.974502, 38.1196], [-87.97436, 38.118913], [-87.973951, 38.118248], [-87.973832, 38.113396], [-87.974236, 38.111634], [-87.974781, 38.110515], [-87.975299, 38.110053], [-87.978493, 38.108423], [-87.983068, 38.107139], [-87.98584, 38.107069], [-87.991275, 38.107462], [-87.997383, 38.10858], [-87.998224, 38.108557], [-88.000031, 38.107896], [-88.00323, 38.10727], [-88.006743, 38.106171], [-88.00988, 38.105066], [-88.013118, 38.103527], [-88.015114, 38.101411], [-88.015916, 38.099818], [-88.016729, 38.097257], [-88.016806, 38.095717], [-88.016153, 38.093931], [-88.014633, 38.090398], [-88.01415, 38.088825], [-88.013125, 38.086808], [-88.012131, 38.085275], [-88.01139, 38.084691], [-88.010143, 38.084381], [-88.006717, 38.083924], [-88.004697, 38.083965], [-88.002635, 38.08449], [-87.996988, 38.086651], [-87.990096, 38.088737], [-87.98555, 38.090341], [-87.9753, 38.094168], [-87.968813, 38.095932], [-87.968031, 38.096276], [-87.966293, 38.097512], [-87.964006, 38.099413], [-87.962934, 38.099917], [-87.960677, 38.100191], [-87.96023, 38.099893], [-87.960463, 38.099086], [-87.960279, 38.09647], [-87.959138, 38.092539], [-87.956878, 38.088284], [-87.956664, 38.086202], [-87.959023, 38.081522], [-87.963994, 38.074286], [-87.965814, 38.070534], [-87.967226, 38.067105], [-87.978735, 38.059815], [-87.98877, 38.055591], [-88.00003, 38.052345], [-88.00133, 38.051545], [-88.004731, 38.051045], [-88.010531, 38.051245], [-88.017231, 38.051745], [-88.030032, 38.052145], [-88.035332, 38.051145], [-88.037832, 38.050245], [-88.040432, 38.048445], [-88.042132, 38.046345], [-88.042432, 38.044545], [-88.042132, 38.038945], [-88.041532, 38.037345], [-88.040232, 38.035645], [-88.037932, 38.033945], [-88.034132, 38.032045], [-88.032532, 38.031645], [-88.030432, 38.031545], [-88.027731, 38.031745], [-88.024631, 38.032545], [-88.019631, 38.034245], [-88.017631, 38.034745], [-88.015931, 38.034645], [-88.012131, 38.033845], [-88.010531, 38.033045], [-88.008931, 38.031945], [-88.007931, 38.030845], [-88.007631, 38.029145], [-88.008631, 38.027545], [-88.010631, 38.026345], [-88.012731, 38.025645], [-88.015031, 38.025145], [-88.016931, 38.024045], [-88.018931, 38.021945], [-88.021031, 38.019345], [-88.022431, 38.017145], [-88.024431, 38.013045], [-88.025131, 38.011145], [-88.025631, 38.009145], [-88.025831, 38.007245], [-88.025431, 38.005645], [-88.023631, 38.000945], [-88.023131, 38.000045], [-88.023082, 37.998635], [-88.022864, 37.997983], [-88.019492, 37.991057], [-88.015217, 37.982957], [-88.012574, 37.977062], [-88.012271, 37.969941], [-88.012929, 37.966544], [-88.013882, 37.964573], [-88.015099, 37.962739], [-88.016311, 37.961574], [-88.020868, 37.959351], [-88.028218, 37.958409], [-88.031989, 37.95859], [-88.0348, 37.957993], [-88.035884, 37.957481], [-88.036793, 37.956793], [-88.037013, 37.956276], [-88.036125, 37.942745], [-88.032995, 37.935532], [-88.030704, 37.932067], [-88.03034, 37.931045], [-88.030534, 37.929626], [-88.031067, 37.928889], [-88.034065, 37.926159], [-88.037735, 37.924599], [-88.039644, 37.924309], [-88.041296, 37.92429], [-88.042454, 37.924457], [-88.044989, 37.925099], [-88.047129, 37.926001], [-88.049354, 37.927192], [-88.050539, 37.92813], [-88.052793, 37.930488], [-88.053255, 37.931129], [-88.05363, 37.932526], [-88.054122, 37.933029], [-88.054757, 37.933487], [-88.057127, 37.934151], [-88.059902, 37.933831], [-88.063341, 37.932778], [-88.064815, 37.932022], [-88.067561, 37.930214], [-88.068948, 37.928565], [-88.069497, 37.927352], [-88.069613, 37.926848], [-88.069468, 37.925704], [-88.069005, 37.924239], [-88.068225, 37.922705], [-88.068023, 37.922705], [-88.066924, 37.921332], [-88.06519, 37.919684], [-88.063803, 37.918585], [-88.063023, 37.918196], [-88.059209, 37.917189], [-88.053372, 37.916067], [-88.048489, 37.915471], [-88.042046, 37.914967], [-88.036382, 37.914897], [-88.034793, 37.914622], [-88.032944, 37.91366], [-88.031846, 37.913751], [-88.030199, 37.914346], [-88.028754, 37.91462], [-88.02731, 37.914711], [-88.024074, 37.91455], [-88.022513, 37.914756], [-88.021878, 37.914183], [-88.020824, 37.913758], [-88.02006, 37.9129], [-88.019893, 37.912352], [-88.019977, 37.909771], [-88.017816, 37.902696], [-88.015959, 37.899952], [-88.013355, 37.894854], [-88.013451, 37.893951], [-88.014351, 37.891916], [-88.015155, 37.890792], [-88.017073, 37.889222], [-88.018693, 37.888403], [-88.020284, 37.888051], [-88.021117, 37.888057], [-88.02321, 37.888332], [-88.024818, 37.88886], [-88.026569, 37.891024], [-88.027804, 37.892044], [-88.029138, 37.892637], [-88.031277, 37.892966], [-88.035992, 37.892777], [-88.038779, 37.89205], [-88.044926, 37.891216], [-88.049545, 37.891104], [-88.055373, 37.891238], [-88.056665, 37.891686], [-88.058156, 37.892753], [-88.062144, 37.893934], [-88.067897, 37.894849], [-88.071449, 37.895813], [-88.079008, 37.900505], [-88.08289, 37.903628], [-88.086237, 37.905713], [-88.092658, 37.906198], [-88.095662, 37.905808], [-88.09776, 37.904026], [-88.097892, 37.901517], [-88.094956, 37.893689], [-88.093521, 37.891952], [-88.089333, 37.888677], [-88.084385, 37.885582], [-88.078529, 37.879118], [-88.076018, 37.873317], [-88.074772, 37.870808], [-88.07316, 37.868353], [-88.072352, 37.866766], [-88.068534, 37.858011], [-88.066212, 37.854454], [-88.065036, 37.853172], [-88.059425, 37.848732], [-88.053481, 37.846316], [-88.049453, 37.845187], [-88.043323, 37.844174], [-88.036021, 37.842644], [-88.033309, 37.841917], [-88.031419, 37.841203], [-88.028217, 37.838585], [-88.02736, 37.837054], [-88.026053, 37.833688], [-88.025921, 37.832694], [-88.026382, 37.831107], [-88.027789, 37.828298], [-88.028693, 37.827109], [-88.031533, 37.825092], [-88.033011, 37.824383], [-88.036958, 37.823163], [-88.043831, 37.821525], [-88.047947, 37.821727], [-88.055134, 37.822367], [-88.058055, 37.822449], [-88.061012, 37.823015], [-88.063672, 37.823862], [-88.067754, 37.825645], [-88.074042, 37.82916], [-88.076427, 37.830239], [-88.077995, 37.830773], [-88.079464, 37.830991], [-88.081932, 37.830682], [-88.085727, 37.829388], [-88.087625, 37.828195], [-88.090092, 37.825642], [-88.090884, 37.824468], [-88.091544, 37.823221], [-88.091848, 37.822108], [-88.091767, 37.820913], [-88.091235, 37.819151], [-88.090039, 37.816771], [-88.08867, 37.815512], [-88.086844, 37.814444], [-88.085161, 37.813184], [-88.083204, 37.810897], [-88.077029, 37.804993], [-88.07067, 37.801704], [-88.068922, 37.800983], [-88.066878, 37.800559], [-88.064181, 37.800431], [-88.062223, 37.800581], [-88.059662, 37.801196], [-88.054397, 37.803522], [-88.050826, 37.805818], [-88.045753, 37.808129], [-88.039886, 37.809741], [-88.037623, 37.809864], [-88.035456, 37.80952], [-88.0329, 37.80862], [-88.030781, 37.807329], [-88.029818, 37.806274], [-88.028477, 37.804417], [-88.02819, 37.802567], [-88.028357, 37.800033], [-88.02802, 37.799197], [-88.02985, 37.798252], [-88.03159, 37.797075], [-88.035271, 37.792648], [-88.036316, 37.791157], [-88.038589, 37.784506], [-88.038862, 37.78324], [-88.038943, 37.781799], [-88.03944, 37.780494], [-88.040129, 37.775518], [-88.040837, 37.771926], [-88.041593, 37.769403], [-88.042465, 37.767318], [-88.0437, 37.765227], [-88.044585, 37.763122], [-88.049183, 37.755073], [-88.051615, 37.751815], [-88.056263, 37.747982], [-88.056766, 37.747344], [-88.057915, 37.744761], [-88.059333, 37.742967], [-88.064333, 37.738088], [-88.069638, 37.733716], [-88.070314, 37.733323], [-88.070952, 37.733016], [-88.074698, 37.732392], [-88.076726, 37.731001], [-88.078058, 37.730407], [-88.083299, 37.729341], [-88.086646, 37.727627], [-88.090546, 37.726023], [-88.095708, 37.723215], [-88.097245, 37.722115], [-88.099278, 37.719837], [-88.100751, 37.718613], [-88.103214, 37.717532], [-88.11669, 37.712866], [-88.120233, 37.711227], [-88.121522, 37.710243], [-88.122971, 37.708634], [-88.124993, 37.707223], [-88.128628, 37.701873], [-88.132093, 37.697482], [-88.133026, 37.695858], [-88.13334, 37.694999], [-88.134215, 37.69154], [-88.134916, 37.690954], [-88.137014, 37.689851], [-88.137246, 37.688981], [-88.137966, 37.688525], [-88.138412, 37.687877], [-88.138872, 37.687687], [-88.142801, 37.684595], [-88.145138, 37.682994], [-88.147874, 37.680024], [-88.150547, 37.676753], [-88.15291, 37.673253], [-88.154401, 37.669751], [-88.157588, 37.665623], [-88.158402, 37.664232], [-88.15961, 37.661378], [-88.159986, 37.659715], [-88.160268, 37.65712], [-88.160153, 37.654323], [-88.158748, 37.649064], [-88.158592, 37.647341], [-88.158591, 37.642214], [-88.158292, 37.63919], [-88.157993, 37.636948], [-88.157068, 37.633275], [-88.15623, 37.631144], [-88.154596, 37.627796], [-88.153492, 37.624761], [-88.152893, 37.623989], [-88.152563, 37.622611], [-88.151881, 37.622146], [-88.150257, 37.618371], [-88.146417, 37.611226], [-88.142793, 37.605084], [-88.141865, 37.603251], [-88.140681, 37.599718], [-88.14185, 37.599673], [-88.141623, 37.597648], [-88.142383, 37.592432], [-88.141894, 37.591035], [-88.140783, 37.585217], [-88.136489, 37.577307], [-88.134281, 37.574636], [-88.133426, 37.574316], [-88.130942, 37.57271], [-88.129157, 37.571882], [-88.125686, 37.570665], [-88.123508, 37.569697], [-88.122351, 37.568979], [-88.115501, 37.563583], [-88.112949, 37.56128], [-88.110522, 37.559622], [-88.107, 37.557545], [-88.10574, 37.556594], [-88.103138, 37.553935], [-88.101238, 37.551612], [-88.09691, 37.545698], [-88.096112, 37.544304], [-88.093347, 37.540472], [-88.091622, 37.538442], [-88.089444, 37.536366], [-88.087584, 37.535022], [-88.082925, 37.53361], [-88.081115, 37.532567], [-88.079467, 37.532494], [-88.077703, 37.532002], [-88.07444, 37.530387], [-88.0721, 37.528811], [-88.069537, 37.526088], [-88.068648, 37.524813], [-88.066988, 37.521248], [-88.063889, 37.516761], [-88.062827, 37.514861], [-88.06256, 37.513258], [-88.062871, 37.510422], [-88.062804, 37.508423], [-88.062538, 37.50748], [-88.061405, 37.505695], [-88.06114, 37.504588], [-88.061227, 37.502332], [-88.061815, 37.499134], [-88.06307, 37.494924], [-88.063836, 37.493063], [-88.065069, 37.490899], [-88.06543, 37.48876], [-88.066878, 37.487494], [-88.067844, 37.485867], [-88.068438, 37.485449], [-88.069657, 37.485298], [-88.071568, 37.485978], [-88.072651, 37.485941], [-88.073122, 37.485691], [-88.073348, 37.485422], [-88.07364, 37.482879], [-88.074256, 37.481614], [-88.075777, 37.480611], [-88.077183, 37.479176], [-88.080892, 37.473911], [-88.0819, 37.473043], [-88.082993, 37.472391], [-88.085457, 37.471564], [-88.087026, 37.471464], [-88.088977, 37.471721], [-88.090435, 37.472424], [-88.091925, 37.473562], [-88.093876, 37.473803], [-88.095826, 37.47358], [-88.096932, 37.473293], [-88.100352, 37.47355], [-88.102494, 37.473049], [-88.105616, 37.47281], [-88.107647, 37.472479], [-88.112394, 37.47233], [-88.114541, 37.472031], [-88.122905, 37.471895], [-88.12378, 37.471788], [-88.127138, 37.470738], [-88.128411, 37.470495], [-88.130151, 37.470732], [-88.132735, 37.471708], [-88.134088, 37.471837], [-88.135161, 37.471754], [-88.146046, 37.46965], [-88.150393, 37.468462], [-88.151149, 37.468093], [-88.156983, 37.466989], [-88.160313, 37.466522], [-88.168552, 37.466131], [-88.172088, 37.465728], [-88.173155, 37.465306], [-88.174653, 37.464119], [-88.175742, 37.463736], [-88.180357, 37.464179], [-88.181645, 37.463887], [-88.184159, 37.462958], [-88.186252, 37.462486], [-88.191774, 37.461406], [-88.196539, 37.460703], [-88.201386, 37.460657], [-88.204158, 37.460341], [-88.208534, 37.460237], [-88.211966, 37.459227], [-88.217295, 37.458789], [-88.221681, 37.45799], [-88.225663, 37.457535], [-88.226314, 37.457281], [-88.227968, 37.457099], [-88.231913, 37.456997], [-88.234714, 37.457206], [-88.240368, 37.456562], [-88.246976, 37.456536], [-88.251659, 37.456882], [-88.254616, 37.456644], [-88.255137, 37.456761], [-88.263106, 37.455541], [-88.267245, 37.455149], [-88.279207, 37.453292], [-88.281631, 37.452729], [-88.287459, 37.45097], [-88.295193, 37.447831], [-88.299719, 37.446305], [-88.303921, 37.444249], [-88.306307, 37.443511], [-88.308155, 37.442499], [-88.311974, 37.441001], [-88.313921, 37.439683], [-88.316658, 37.436979], [-88.318122, 37.435859], [-88.319303, 37.435328], [-88.322253, 37.434603], [-88.323633, 37.433992], [-88.325389, 37.43248], [-88.326963, 37.431437], [-88.33074, 37.429534], [-88.333506, 37.427148], [-88.33534, 37.424876], [-88.336722, 37.423679], [-88.342993, 37.417444], [-88.346601, 37.412637], [-88.347506, 37.411962], [-88.348398, 37.41096], [-88.351069, 37.409046], [-88.352546, 37.408897], [-88.352959, 37.408703], [-88.356839, 37.405894], [-88.360788, 37.403357], [-88.364465, 37.401736], [-88.366089, 37.401607], [-88.369077, 37.402023], [-88.370295, 37.402292], [-88.37167, 37.402844], [-88.372587, 37.403439], [-88.37389, 37.404732], [-88.374887, 37.406491], [-88.377147, 37.409644], [-88.378681, 37.410397], [-88.382689, 37.413556], [-88.384337, 37.414586], [-88.386546, 37.415682], [-88.388492, 37.41696], [-88.389312, 37.417282], [-88.39377, 37.419817], [-88.396468, 37.421107], [-88.401247, 37.423102], [-88.403796, 37.423985], [-88.404806, 37.424094], [-88.405331, 37.42446], [-88.407022, 37.424934], [-88.409229, 37.425315], [-88.411696, 37.425117], [-88.412743, 37.424864], [-88.421227, 37.421475], [-88.424562, 37.420441], [-88.428861, 37.419746], [-88.432364, 37.418809], [-88.43476, 37.418398], [-88.444086, 37.414855], [-88.450162, 37.412213], [-88.452497, 37.411112], [-88.454542, 37.409848], [-88.465828, 37.40095], [-88.469408, 37.397411], [-88.47187, 37.394023], [-88.474869, 37.390466], [-88.475972, 37.388697], [-88.476477, 37.387142], [-88.47696, 37.383852], [-88.476988, 37.382086], [-88.477365, 37.379808], [-88.477967, 37.378178], [-88.47852, 37.375639], [-88.480239, 37.370575], [-88.480412, 37.369515], [-88.480899, 37.36819], [-88.481805, 37.366526], [-88.482473, 37.364257], [-88.482537, 37.36349], [-88.482338, 37.361444], [-88.482685, 37.353808], [-88.483038, 37.353237], [-88.483587, 37.350322], [-88.484649, 37.347239], [-88.48476, 37.34668], [-88.48461, 37.345431], [-88.485287, 37.344473], [-88.486037, 37.342901], [-88.486607, 37.340458], [-88.487236, 37.339107], [-88.49058, 37.334764], [-88.491276, 37.333491], [-88.492174, 37.330458], [-88.493731, 37.328568], [-88.498447, 37.321236], [-88.49898, 37.31998], [-88.501222, 37.316299], [-88.502259, 37.313758], [-88.502375, 37.312947], [-88.5047, 37.308443], [-88.506382, 37.305937], [-88.507421, 37.304807], [-88.508823, 37.30283], [-88.511252, 37.298898], [-88.511478, 37.298117], [-88.512435, 37.296616], [-88.513711, 37.293001], [-88.514538, 37.291373], [-88.515039, 37.288478], [-88.514217, 37.288019], [-88.51507, 37.287664], [-88.515298, 37.285961], [-88.515903, 37.284091], [-88.51451, 37.282728], [-88.51431, 37.282362], [-88.513809, 37.280586], [-88.514137, 37.279498], [-88.513468, 37.279464], [-88.513371, 37.278847], [-88.513084, 37.278464], [-88.511071, 37.277102], [-88.510064, 37.27573], [-88.508962, 37.270763], [-88.508453, 37.269449], [-88.506945, 37.266815], [-88.506875, 37.265313], [-88.506727, 37.264989], [-88.505799, 37.264525], [-88.505425, 37.264667], [-88.504835, 37.265214], [-88.504275, 37.265179], [-88.503942, 37.264787], [-88.504115, 37.264126], [-88.504593, 37.263689], [-88.506563, 37.262947], [-88.507283, 37.262406], [-88.508145, 37.262681], [-88.509155, 37.262075], [-88.509722, 37.26222], [-88.511416, 37.263721], [-88.511801, 37.263861], [-88.512154, 37.263789], [-88.512333, 37.263493], [-88.512219, 37.262865], [-88.51141, 37.261477], [-88.510618, 37.260986], [-88.508639, 37.260426], [-88.506973, 37.259688], [-88.505301, 37.258345], [-88.503478, 37.256147], [-88.501307, 37.254133], [-88.500791, 37.253402], [-88.50021, 37.253195], [-88.498364, 37.252017], [-88.496022, 37.250253], [-88.491273, 37.247732], [-88.487437, 37.244294], [-88.484808, 37.240664], [-88.483072, 37.237105], [-88.481121, 37.232156], [-88.479092, 37.228388], [-88.477558, 37.226292], [-88.474932, 37.223482], [-88.473742, 37.221895], [-88.472174, 37.220307], [-88.468432, 37.217786], [-88.464446, 37.216135], [-88.461614, 37.214586], [-88.458517, 37.213354], [-88.457559, 37.212642], [-88.454742, 37.209798], [-88.450723, 37.206834], [-88.448038, 37.203642], [-88.445914, 37.198676], [-88.44407, 37.194933], [-88.443837, 37.192406], [-88.443578, 37.191765], [-88.44223, 37.189854], [-88.44199, 37.187991], [-88.441083, 37.186414], [-88.440143, 37.183289], [-88.439291, 37.18153], [-88.43799, 37.180355], [-88.437854, 37.179998], [-88.437091, 37.176664], [-88.435199, 37.171258], [-88.434798, 37.169194], [-88.433431, 37.166726], [-88.433409, 37.165833], [-88.433741, 37.165375], [-88.433805, 37.164874], [-88.43306, 37.162637], [-88.431073, 37.160011], [-88.429548, 37.158579], [-88.428142, 37.157662], [-88.426038, 37.15516], [-88.425368, 37.154159], [-88.424657, 37.152291], [-88.424599, 37.151514], [-88.424756, 37.150732], [-88.426314, 37.148039], [-88.428631, 37.140884], [-88.430226, 37.137593], [-88.431684, 37.134066], [-88.432642, 37.132264], [-88.433635, 37.129022], [-88.434664, 37.126651], [-88.43735, 37.12236], [-88.437587, 37.121675], [-88.438464, 37.12049], [-88.441776, 37.113937], [-88.442984, 37.111918], [-88.443377, 37.110509], [-88.443424, 37.108694], [-88.443202, 37.108699], [-88.442894, 37.109178], [-88.442654, 37.109194], [-88.442539, 37.108388], [-88.44216, 37.108131], [-88.440956, 37.109223], [-88.440626, 37.1093], [-88.440626, 37.1086], [-88.441815, 37.104984], [-88.442711, 37.103199], [-88.444279, 37.100872], [-88.445776, 37.099683], [-88.445804, 37.09943], [-88.444985, 37.098196], [-88.444622, 37.097355], [-88.444583, 37.096419], [-88.444767, 37.095256], [-88.445614, 37.093332], [-88.446371, 37.092065], [-88.448783, 37.089169], [-88.44938, 37.087608], [-88.452528, 37.084498], [-88.455722, 37.080838], [-88.458517, 37.076098], [-88.459941, 37.074628], [-88.461958, 37.073557], [-88.469361, 37.071395], [-88.47284, 37.069774], [-88.474667, 37.069253], [-88.479541, 37.068524], [-88.480709, 37.068189], [-88.482624, 37.067257], [-88.484159, 37.067899], [-88.486561, 37.067593], [-88.488183, 37.068249], [-88.489406, 37.068456], [-88.494974, 37.066981], [-88.499979, 37.066044], [-88.501477, 37.066002], [-88.502972, 37.06564], [-88.511203, 37.06535], [-88.512309, 37.065501], [-88.516686, 37.065384], [-88.522763, 37.06579], [-88.528983, 37.066826], [-88.534433, 37.068066], [-88.535743, 37.068222], [-88.541441, 37.069757], [-88.546925, 37.070819], [-88.551042, 37.072061], [-88.553928, 37.073113], [-88.55708, 37.074461], [-88.560839, 37.076512], [-88.564624, 37.077192], [-88.565696, 37.077673], [-88.566041, 37.077673], [-88.566149, 37.077486], [-88.565156, 37.076094], [-88.56515, 37.075373], [-88.565417, 37.075163], [-88.56651, 37.075374], [-88.567726, 37.076007], [-88.569935, 37.078], [-88.572863, 37.079656], [-88.573341, 37.080408], [-88.573575, 37.082473], [-88.574516, 37.084844], [-88.57685, 37.08578], [-88.576995, 37.086153], [-88.578278, 37.086913], [-88.578276, 37.087355], [-88.57915, 37.087861], [-88.583792, 37.092], [-88.587552, 37.096543], [-88.588679, 37.097688], [-88.589865, 37.099785], [-88.594504, 37.102102], [-88.597149, 37.104731], [-88.598591, 37.105759], [-88.601647, 37.107493], [-88.60297, 37.108503], [-88.604412, 37.109204], [-88.609631, 37.112343], [-88.613339, 37.114097], [-88.615525, 37.115366], [-88.621845, 37.11807], [-88.629059, 37.120622], [-88.631916, 37.121163], [-88.634249, 37.120964], [-88.639263, 37.121489], [-88.641139, 37.121984], [-88.644042, 37.122389], [-88.645675, 37.123728], [-88.647268, 37.124393], [-88.650501, 37.125561], [-88.65114, 37.125657], [-88.65145, 37.125542], [-88.657231, 37.12744], [-88.667183, 37.131413], [-88.667692, 37.131497], [-88.674868, 37.134699], [-88.677524, 37.135286], [-88.678835, 37.135779], [-88.680317, 37.136563], [-88.681252, 37.137345], [-88.688152, 37.139832], [-88.692608, 37.141105], [-88.694572, 37.141446], [-88.696747, 37.141589], [-88.704374, 37.14297], [-88.704618, 37.142663], [-88.703869, 37.142277], [-88.703906, 37.142072], [-88.705146, 37.141871], [-88.706203, 37.141493], [-88.707009, 37.141542], [-88.707186, 37.141804], [-88.707204, 37.142279], [-88.707579, 37.142591], [-88.708854, 37.142442], [-88.71073, 37.141896], [-88.716274, 37.140965], [-88.71946, 37.140751], [-88.722393, 37.14109], [-88.725422, 37.141713], [-88.728299, 37.142519], [-88.733019, 37.144142], [-88.73545, 37.145195], [-88.739158, 37.147172], [-88.744216, 37.150446], [-88.745642, 37.151525], [-88.750378, 37.153633], [-88.753068, 37.155038], [-88.756116, 37.156983], [-88.7615, 37.159612], [-88.767644, 37.164106], [-88.775428, 37.168768], [-88.777579, 37.170417], [-88.779115, 37.17227], [-88.780123, 37.173172], [-88.784025, 37.174926], [-88.784836, 37.175571], [-88.785809, 37.177228], [-88.786641, 37.178179], [-88.788936, 37.179466], [-88.790072, 37.180521], [-88.790858, 37.181002], [-88.792899, 37.181802], [-88.794489, 37.182738], [-88.796303, 37.184174], [-88.79988, 37.186471], [-88.80363, 37.188159], [-88.804917, 37.188555], [-88.813446, 37.190079], [-88.816634, 37.191357], [-88.819916, 37.191848], [-88.823074, 37.193033], [-88.83509, 37.196493], [-88.84296, 37.199901], [-88.84834, 37.201652], [-88.850692, 37.202663], [-88.851305, 37.202719], [-88.853567, 37.203624], [-88.854488, 37.203686], [-88.854691, 37.204101], [-88.857871, 37.205462], [-88.859048, 37.205777], [-88.860303, 37.206543], [-88.862723, 37.207455], [-88.86343, 37.207503], [-88.866688, 37.208844], [-88.877188, 37.212261], [-88.885699, 37.214691], [-88.891731, 37.216172], [-88.901788, 37.219311], [-88.909121, 37.221867], [-88.91618, 37.223991], [-88.919861, 37.224653], [-88.924055, 37.225112], [-88.931513, 37.227427], [-88.936847, 37.228019], [-88.941589, 37.228823], [-88.942249, 37.22872], [-88.941024, 37.228009], [-88.934286, 37.226067], [-88.932842, 37.225532], [-88.932684, 37.22526], [-88.934405, 37.224789], [-88.938698, 37.224352], [-88.94186, 37.224305], [-88.95023, 37.224871], [-88.9545, 37.224917], [-88.958817, 37.225848], [-88.961934, 37.225796], [-88.965733, 37.226271], [-88.966944, 37.226775], [-88.968397, 37.227819], [-88.96946, 37.228279], [-88.970582, 37.228413], [-88.972683, 37.228318], [-88.972948, 37.228466], [-88.972776, 37.228645], [-88.971536, 37.228929], [-88.968271, 37.229479], [-88.965978, 37.22967], [-88.966528, 37.229793], [-88.966194, 37.230057], [-88.966414, 37.230107], [-88.967777, 37.229786], [-88.968312, 37.229893], [-88.969359, 37.229803], [-88.970008, 37.230004], [-88.970508, 37.229836], [-88.972886, 37.229868], [-88.974083, 37.229608], [-88.97737, 37.229444], [-88.977751, 37.229388], [-88.978284, 37.229015], [-88.97995, 37.229119], [-88.982508, 37.228817], [-88.983081, 37.228592], [-88.983635, 37.228619], [-88.984343, 37.228303], [-88.986074, 37.228127], [-88.986519, 37.227633], [-88.987544, 37.227342], [-88.988443, 37.227368], [-88.990284, 37.227045], [-88.992446, 37.226559], [-88.992793, 37.226249], [-88.993512, 37.226333], [-88.995185, 37.22585], [-88.996985, 37.225585], [-88.997437, 37.225232], [-88.998169, 37.225254], [-88.999285, 37.225025], [-89.002272, 37.223747], [-89.008478, 37.22058], [-89.008566, 37.220458], [-89.008365, 37.220399], [-89.006089, 37.221355], [-89.005808, 37.221322], [-89.013154, 37.216478], [-89.014474, 37.215931], [-89.017531, 37.21526], [-89.019208, 37.214653], [-89.024155, 37.212603], [-89.026713, 37.211322], [-89.027317, 37.211214], [-89.028802, 37.211378], [-89.029465, 37.211303], [-89.033521, 37.208163], [-89.037459, 37.204016], [-89.038367, 37.203553], [-89.03968, 37.203392], [-89.040985, 37.203002], [-89.048159, 37.197067], [-89.056529, 37.18973], [-89.059099, 37.187967], [-89.071141, 37.178924], [-89.073211, 37.177002], [-89.074577, 37.176254], [-89.075672, 37.175244], [-89.076128, 37.175009], [-89.077773, 37.173555], [-89.077832, 37.173165], [-89.079043, 37.171916], [-89.08007, 37.171546], [-89.08352, 37.167993], [-89.086712, 37.165451], [-89.089405, 37.161189], [-89.092755, 37.156763], [-89.09368, 37.155074], [-89.095694, 37.150514], [-89.096646, 37.146219], [-89.099067, 37.141032], [-89.099011, 37.140406], [-89.101237, 37.13749], [-89.102049, 37.136116], [-89.102954, 37.134091], [-89.103592, 37.132123], [-89.105286, 37.129705], [-89.106828, 37.126886], [-89.108118, 37.125313], [-89.108543, 37.124399], [-89.1095, 37.123093], [-89.110496, 37.122182], [-89.112793, 37.120819], [-89.115009, 37.118384], [-89.118429, 37.115575], [-89.119945, 37.114122], [-89.122413, 37.111098], [-89.12585, 37.108476], [-89.142852, 37.099019], [-89.14385, 37.098912], [-89.14491, 37.099076], [-89.146718, 37.099061], [-89.14746, 37.098906], [-89.148177, 37.098417], [-89.148902, 37.097518], [-89.149652, 37.09607], [-89.150582, 37.093699], [-89.14607, 37.091004], [-89.147027, 37.090654], [-89.147342, 37.090739], [-89.147752, 37.091226], [-89.148229, 37.091229], [-89.149514, 37.090111], [-89.151298, 37.088995], [-89.15144, 37.089167], [-89.150924, 37.09052], [-89.151487, 37.090554], [-89.152401, 37.090087], [-89.154907, 37.088029], [-89.155655, 37.087729], [-89.15814, 37.085241], [-89.161641, 37.081227], [-89.167079, 37.075409], [-89.172081, 37.06831], [-89.173825, 37.066308], [-89.17415, 37.064561], [-89.175315, 37.06294], [-89.177857, 37.057796], [-89.179385, 37.053248], [-89.179504, 37.052195], [-89.179857, 37.051463], [-89.179914, 37.050795], [-89.181351, 37.045934], [-89.182467, 37.039164], [-89.182318, 37.038642], [-89.182355, 37.036396], [-89.181512, 37.032352], [-89.181327, 37.028947], [-89.180997, 37.026754], [-89.180779, 37.025639], [-89.180471, 37.025302], [-89.180151, 37.023715], [-89.17935, 37.021807], [-89.178342, 37.020631], [-89.178046, 37.019873], [-89.178083, 37.019346], [-89.176731, 37.016933], [-89.175926, 37.016302], [-89.175072, 37.014891], [-89.174899, 37.014141], [-89.173352, 37.011495], [-89.172507, 37.010691], [-89.172367, 37.010237], [-89.171362, 37.009139], [-89.171088, 37.008267], [-89.170173, 37.007067], [-89.166158, 37.003653], [-89.160322, 36.999158], [-89.147161, 36.990033], [-89.140864, 36.986138], [-89.136559, 36.983758], [-89.132915, 36.982057], [-89.136093, 36.980381], [-89.141562, 36.978897], [-89.144469, 36.978837], [-89.149882, 36.977636], [-89.15566, 36.975411], [-89.161776, 36.972765], [-89.170009, 36.970298], [-89.177235, 36.970885], [-89.185491, 36.973518], [-89.192097, 36.979995], [-89.194087, 36.985659], [-89.195039, 36.989768], [-89.195279, 36.993407], [-89.195029, 37.000051], [-89.198488, 37.011723], [-89.199808, 37.014583], [-89.200793, 37.016164], [-89.203408, 37.018856], [-89.205053, 37.020057], [-89.206187, 37.0205], [-89.209736, 37.022763], [-89.215673, 37.026136], [-89.219185, 37.027695], [-89.225482, 37.031077], [-89.227632, 37.032442], [-89.22939, 37.033892], [-89.232257, 37.035681], [-89.234053, 37.037277], [-89.237111, 37.041012], [-89.238253, 37.042853], [-89.239374, 37.044807], [-89.241037, 37.04854], [-89.245648, 37.057783], [-89.250076, 37.064833], [-89.25493, 37.072014], [-89.256457, 37.069494], [-89.259482, 37.065274], [-89.259308, 37.064731], [-89.259935, 37.06407], [-89.261671, 37.064097], [-89.264479, 37.064813], [-89.280362, 37.065222], [-89.281577, 37.06567], [-89.283473, 37.065809], [-89.283668, 37.066733], [-89.294015, 37.067343], [-89.298897, 37.068309], [-89.300182, 37.068699], [-89.304324, 37.069158], [-89.305238, 37.069135], [-89.307726, 37.069654], [-89.30829, 37.068371], [-89.310819, 37.057897], [-89.310396, 37.055941], [-89.309401, 37.053769], [-89.307397, 37.050432], [-89.304752, 37.047565], [-89.301368, 37.044982], [-89.291185, 37.040408], [-89.284104, 37.038279], [-89.277715, 37.03614], [-89.27521, 37.034706], [-89.266286, 37.028683], [-89.260003, 37.023288], [-89.257608, 37.015496], [-89.263527, 37.00005], [-89.266242, 36.996302], [-89.269564, 36.993401], [-89.274198, 36.990495], [-89.278628, 36.98867], [-89.29213, 36.992189], [-89.317168, 37.012767], [-89.322982, 37.01609], [-89.331164, 37.019936], [-89.345996, 37.025521], [-89.362397, 37.030156], [-89.367952, 37.033244], [-89.376632, 37.038482], [-89.37961, 37.040669], [-89.381644, 37.04301], [-89.383937, 37.046441], [-89.384681, 37.048251], [-89.385136, 37.050938], [-89.385434, 37.05513], [-89.385186, 37.057748], [-89.380977, 37.065692], [-89.378889, 37.070499], [-89.377091, 37.075436], [-89.375712, 37.080505], [-89.375538, 37.081833], [-89.375615, 37.085936], [-89.377113, 37.090765], [-89.37871, 37.094586], [-89.384175, 37.103267], [-89.385067, 37.104425], [-89.38805, 37.107481], [-89.388976, 37.108277], [-89.393427, 37.111197], [-89.40099, 37.115352], [-89.407451, 37.119307], [-89.41173, 37.122507], [-89.414471, 37.12505], [-89.42558, 37.138235], [-89.435202, 37.15209], [-89.438275, 37.161287], [-89.447237, 37.17445], [-89.456105, 37.18812], [-89.461862, 37.199517], [-89.462676, 37.203351], [-89.467631, 37.2182], [-89.4675, 37.221844], [-89.465785, 37.225863], [-89.459969, 37.236575], [-89.458302, 37.240368], [-89.457832, 37.242594], [-89.458246, 37.247066], [-89.458827, 37.248661], [-89.460006, 37.25005], [-89.460692, 37.250577], [-89.46266, 37.25152], [-89.466869, 37.252736], [-89.470525, 37.253357], [-89.474473, 37.253325], [-89.479205, 37.253052], [-89.484128, 37.251959], [-89.489915, 37.251315], [-89.496386, 37.258474], [-89.502303, 37.263738], [-89.509262, 37.271371], [-89.515362, 37.278909], [-89.51767, 37.283172], [-89.51834, 37.285497], [-89.518469, 37.286256], [-89.518393, 37.289354], [-89.517935, 37.29125], [-89.517692, 37.29204], [-89.515726, 37.295405], [-89.514596, 37.299334], [-89.514042, 37.303776], [-89.512833, 37.308478], [-89.511842, 37.310825], [-89.51076, 37.312744], [-89.509699, 37.31426], [-89.508174, 37.315662], [-89.49909, 37.32149], [-89.497279, 37.322828], [-89.49516, 37.324795], [-89.491194, 37.331361], [-89.489005, 37.333368], [-89.487772, 37.334083], [-89.484211, 37.335646], [-89.481019, 37.336676], [-89.474569, 37.338165], [-89.461604, 37.339041], [-89.454723, 37.339283], [-89.451303, 37.339596], [-89.447556, 37.340475], [-89.445207, 37.341307], [-89.441847, 37.343006], [-89.43604, 37.344441], [-89.434316, 37.345624], [-89.432836, 37.347056], [-89.431858, 37.348309], [-89.429738, 37.351956], [-89.428185, 37.356158], [-89.426446, 37.364136], [-89.422037, 37.38053], [-89.420542, 37.388007], [-89.420939, 37.393952], [-89.426522, 37.408998], [-89.43413, 37.426847], [-89.436843, 37.432236], [-89.439769, 37.4372], [-89.443493, 37.442129], [-89.446564, 37.445571], [-89.450969, 37.450069], [-89.45264, 37.451655], [-89.462683, 37.459888], [-89.466495, 37.462592], [-89.471201, 37.466473], [-89.472772, 37.468073], [-89.475525, 37.471388], [-89.480159, 37.477937], [-89.489696, 37.490402], [-89.492051, 37.494008], [-89.494279, 37.497772], [-89.497689, 37.504948], [-89.499498, 37.51031], [-89.500096, 37.512762], [-89.502917, 37.51787], [-89.506814, 37.52316], [-89.508372, 37.525756], [-89.511151, 37.52821], [-89.5124, 37.52981], [-89.513563, 37.531701], [-89.516447, 37.535558], [-89.517051, 37.537278], [-89.518894, 37.546108], [-89.520568, 37.55135], [-89.521093, 37.553805], [-89.521697, 37.557325], [-89.521925, 37.560735], [-89.521979, 37.563397], [-89.521274, 37.57897], [-89.520804, 37.581154], [-89.519808, 37.582747], [-89.518007, 37.583961], [-89.516538, 37.584503], [-89.513943, 37.584815], [-89.509542, 37.584147], [-89.504662, 37.582678], [-89.494051, 37.580116], [-89.492158, 37.580073], [-89.48906, 37.580318], [-89.486062, 37.580853], [-89.48434, 37.581415], [-89.481118, 37.582973], [-89.479111, 37.584388], [-89.477548, 37.585885], [-89.476511, 37.588156], [-89.47603, 37.590226], [-89.475932, 37.592998], [-89.476514, 37.595554], [-89.478399, 37.598869], [-89.480812, 37.601774], [-89.485792, 37.607157], [-89.487793, 37.609167], [-89.490462, 37.61133], [-89.492847, 37.613163], [-89.495064, 37.614526], [-89.497097, 37.616177], [-89.500086, 37.619662], [-89.506563, 37.62505], [-89.509262, 37.629991], [-89.510526, 37.631754], [-89.515649, 37.636445], [-89.517718, 37.641217], [-89.517136, 37.643789], [-89.51586, 37.645555], [-89.515903, 37.650803], [-89.516827, 37.656089], [-89.516718, 37.660823], [-89.516146, 37.667975], [-89.515436, 37.67137], [-89.513927, 37.676575], [-89.51204, 37.680985], [-89.512009, 37.685525], [-89.514255, 37.689923], [-89.516685, 37.692762], [-89.519233, 37.694744], [-89.521948, 37.696475], [-89.52573, 37.698441], [-89.531427, 37.700334], [-89.538652, 37.701054], [-89.548496, 37.703069], [-89.556649, 37.705218], [-89.566704, 37.707189], [-89.573516, 37.709065], [-89.576697, 37.710555], [-89.581585, 37.712341], [-89.583316, 37.713261], [-89.585061, 37.714859], [-89.586737, 37.716811], [-89.588814, 37.720457], [-89.591281, 37.723467], [-89.59169, 37.725444], [-89.593696, 37.727691], [-89.594098, 37.729325], [-89.594694, 37.730423], [-89.595238, 37.731169], [-89.59609, 37.731896], [-89.597481, 37.733477], [-89.598628, 37.734429], [-89.600858, 37.73552], [-89.602327, 37.736522], [-89.606668, 37.738404], [-89.608757, 37.739684], [-89.610319, 37.740069], [-89.611558, 37.739933], [-89.612509, 37.740035], [-89.6135, 37.740746], [-89.614657, 37.742], [-89.615744, 37.742725], [-89.616156, 37.743708], [-89.616193, 37.744283], [-89.615933, 37.748184], [-89.616389, 37.749167], [-89.617278, 37.74972], [-89.618067, 37.74982], [-89.621575, 37.749344], [-89.626332, 37.749046], [-89.62801, 37.748135], [-89.63337, 37.745782], [-89.636233, 37.746133], [-89.645429, 37.746108], [-89.64953, 37.745496], [-89.652698, 37.746057], [-89.658454, 37.74771], [-89.660061, 37.74824], [-89.663352, 37.750052], [-89.664873, 37.751199], [-89.665546, 37.752095], [-89.666045, 37.753747], [-89.666127, 37.754862], [-89.666494, 37.755899], [-89.667866, 37.758603], [-89.667993, 37.759484], [-89.667868, 37.760257], [-89.666846, 37.762545], [-89.666474, 37.764195], [-89.66413, 37.76851], [-89.66119, 37.775732], [-89.660714, 37.777462], [-89.660227, 37.781032], [-89.66038, 37.786296], [-89.660738, 37.787293], [-89.66132, 37.788204], [-89.663982, 37.790801], [-89.665914, 37.793947], [-89.667209, 37.796464], [-89.669644, 37.799922], [-89.674292, 37.80314], [-89.675319, 37.803563], [-89.677605, 37.805066], [-89.679544, 37.806065], [-89.681197, 37.806673], [-89.68285, 37.807789], [-89.687061, 37.809411], [-89.690063, 37.811148], [-89.696559, 37.814337], [-89.700701, 37.815828], [-89.702844, 37.816812], [-89.706751, 37.81906], [-89.710089, 37.821336], [-89.717442, 37.825723], [-89.720601, 37.828062], [-89.722834, 37.830204], [-89.727243, 37.833212], [-89.729431, 37.835114], [-89.733776, 37.839538], [-89.734343, 37.840789], [-89.736385, 37.843455], [-89.738868, 37.845225], [-89.739669, 37.846228], [-89.739875, 37.846921], [-89.740721, 37.847064], [-89.74198, 37.846952], [-89.744745, 37.84612], [-89.745004, 37.846378], [-89.745645, 37.846181], [-89.746963, 37.846486], [-89.747784, 37.847004], [-89.749969, 37.846977], [-89.754099, 37.846353], [-89.757353, 37.847604], [-89.761975, 37.850642], [-89.7652, 37.851763], [-89.769494, 37.852189], [-89.774305, 37.852127], [-89.779811, 37.853871], [-89.781991, 37.855053], [-89.786326, 37.851689], [-89.793737, 37.857063], [-89.79609, 37.859519], [-89.797542, 37.862128], [-89.799355, 37.867513], [-89.800353, 37.868626], [-89.799971, 37.869917], [-89.80002, 37.870867], [-89.799821, 37.871343], [-89.798278, 37.872954], [-89.797696, 37.874392], [-89.798093, 37.875164], [-89.798382, 37.877161], [-89.79804, 37.879653], [-89.798269, 37.880483], [-89.799329, 37.881516], [-89.803892, 37.882978], [-89.813636, 37.887696], [-89.836351, 37.901856], [-89.840314, 37.904098], [-89.842638, 37.905197], [-89.844786, 37.905572], [-89.847323, 37.904718], [-89.850524, 37.904172], [-89.851425, 37.903701], [-89.851544, 37.903404], [-89.853227, 37.902182], [-89.856135, 37.900368], [-89.856647, 37.899571], [-89.857071, 37.899204], [-89.859516, 37.898675], [-89.861877, 37.897684], [-89.865189, 37.895204], [-89.870493, 37.889967], [-89.871936, 37.888113], [-89.873716, 37.886349], [-89.874832, 37.884946], [-89.875151, 37.884806], [-89.876087, 37.883641], [-89.879688, 37.880736], [-89.883849, 37.878279], [-89.889745, 37.875137], [-89.890024, 37.874847], [-89.893989, 37.872979], [-89.894228, 37.872985], [-89.898338, 37.870931], [-89.901585, 37.869936], [-89.902061, 37.869948], [-89.902377, 37.86974], [-89.905631, 37.869393], [-89.909683, 37.869527], [-89.917544, 37.869895], [-89.92226, 37.870451], [-89.9253, 37.871153], [-89.931655, 37.873292], [-89.933886, 37.873782], [-89.936945, 37.874835], [-89.937249, 37.874897], [-89.937906, 37.874437], [-89.938608, 37.874304], [-89.93769, 37.875098], [-89.939537, 37.875795], [-89.947758, 37.879847], [-89.951144, 37.882097], [-89.953008, 37.884037], [-89.955974, 37.889844], [-89.960542, 37.897369], [-89.963308, 37.900603], [-89.965285, 37.902303], [-89.965038, 37.902532], [-89.96569, 37.904003], [-89.966329, 37.906731], [-89.968305, 37.909882], [-89.970829, 37.91458], [-89.973034, 37.916924], [-89.973762, 37.918016], [-89.974186, 37.919509], [-89.974104, 37.922633], [-89.974861, 37.925981], [-89.974654, 37.927074], [-89.973456, 37.928359], [-89.971065, 37.929957], [-89.965813, 37.933011], [-89.962057, 37.933918], [-89.961897, 37.934137], [-89.961946, 37.93445], [-89.962569, 37.934987], [-89.962612, 37.935251], [-89.962265, 37.93574], [-89.961302, 37.936224], [-89.960914, 37.936597], [-89.960762, 37.93742], [-89.960374, 37.938101], [-89.960257, 37.939282], [-89.959772, 37.940083], [-89.958573, 37.940187], [-89.957491, 37.939943], [-89.954468, 37.940405], [-89.951821, 37.940039], [-89.948374, 37.940031], [-89.947322, 37.940283], [-89.945672, 37.941205], [-89.944716, 37.941985], [-89.941708, 37.943588], [-89.93732, 37.946663], [-89.936418, 37.946828], [-89.93411, 37.946877], [-89.933001, 37.94725], [-89.931267, 37.948277], [-89.930574, 37.949238], [-89.928168, 37.951093], [-89.927482, 37.952021], [-89.926712, 37.952597], [-89.926714, 37.952846], [-89.925292, 37.954187], [-89.924853, 37.954906], [-89.924679, 37.955793], [-89.924809, 37.955959], [-89.924747, 37.956633], [-89.925136, 37.958751], [-89.924597, 37.959849], [-89.925085, 37.960021], [-89.933797, 37.959143], [-89.935885, 37.959581], [-89.936408, 37.960019], [-89.936951, 37.961438], [-89.93671, 37.962772], [-89.93774, 37.964994], [-89.939306, 37.966458], [-89.939498, 37.96786], [-89.939726, 37.968057], [-89.940687, 37.970874], [-89.950745, 37.967987], [-89.965046, 37.964393], [-89.969351, 37.963933], [-89.972416, 37.963869], [-89.978948, 37.962802], [-89.982228, 37.962111], [-89.988108, 37.961749], [-89.991958, 37.962165], [-89.996848, 37.963219], [-90.00011, 37.964563], [-90.00335, 37.966408], [-90.007936, 37.97011], [-90.022286, 37.986164], [-90.031795, 37.995126], [-90.035682, 37.997747], [-90.040446, 38.000222], [-90.051941, 38.005432], [-90.053065, 38.007076], [-90.053755, 38.009225], [-90.053615, 38.009429], [-90.054286, 38.010064], [-90.055399, 38.011952], [-90.056432, 38.013049], [-90.057269, 38.014362], [-90.059367, 38.015543], [-90.065045, 38.016875], [-90.072283, 38.017001], [-90.077166, 38.015966], [-90.080959, 38.015428], [-90.084148, 38.015386], [-90.085267, 38.01568], [-90.086825, 38.015521], [-90.08826, 38.015772], [-90.091445, 38.016971], [-90.092838, 38.01726], [-90.096603, 38.019396], [-90.097408, 38.019619], [-90.097816, 38.01994], [-90.099098, 38.020196], [-90.105999, 38.024148], [-90.106475, 38.024559], [-90.110521, 38.026549], [-90.113426, 38.028643], [-90.11424, 38.029061], [-90.119106, 38.033268], [-90.122528, 38.036962], [-90.125116, 38.039264], [-90.126196, 38.040706], [-90.126532, 38.041665], [-90.126612, 38.043981], [-90.12614, 38.047086], [-90.126006, 38.050569], [-90.126396, 38.054897], [-90.128159, 38.059645], [-90.128792, 38.06066], [-90.130788, 38.062341], [-90.133865, 38.063955], [-90.136714, 38.06466], [-90.141641, 38.067634], [-90.143202, 38.068418], [-90.146329, 38.069777], [-90.149297, 38.070706], [-90.152859, 38.072305], [-90.153748, 38.072942], [-90.158273, 38.07495], [-90.161562, 38.07489], [-90.163413, 38.074346], [-90.17222, 38.069636], [-90.17604, 38.07066], [-90.17883, 38.071886], [-90.188115, 38.076851], [-90.202768, 38.085159], [-90.206685, 38.087969], [-90.217019, 38.093466], [-90.228192, 38.101269], [-90.23033, 38.103418], [-90.234305, 38.106062], [-90.237947, 38.108197], [-90.240713, 38.110375], [-90.242574, 38.112125], [-90.245651, 38.115891], [-90.248716, 38.120874], [-90.250118, 38.125054], [-90.252468, 38.127547], [-90.274843, 38.157559], [-90.28298, 38.164373], [-90.290629, 38.170363], [-90.300329, 38.175139], [-90.310627, 38.178573], [-90.316876, 38.179477], [-90.323971, 38.182405], [-90.327218, 38.184311], [-90.33017, 38.186523], [-90.334172, 38.189857], [-90.339864, 38.19633], [-90.343304, 38.201304], [-90.353414, 38.213213], [-90.355793, 38.216887], [-90.358628, 38.221981], [-90.362244, 38.231173], [-90.363926, 38.236355], [-90.365139, 38.240724], [-90.366948, 38.248344], [-90.366872, 38.252478], [-90.3672, 38.255495], [-90.368444, 38.261634], [-90.369915, 38.267708], [-90.370733, 38.274441], [-90.371619, 38.280042], [-90.372422, 38.283725], [-90.372659, 38.28623]]]}}, {"type": "Feature", "properties": {"district": 2}, "geometry": {"type": "Polygon", "coordinates": [[[-88.67145, 40.89767], [-88.67125, 40.90011], [-88.67047, 40.90236], [-88.66926, 40.90432], [-88.667773, 40.905946], [-88.666338, 40.904843], [-88.665968, 40.904775], [-88.665997, 40.904561], [-88.663776, 40.903273], [-88.662553, 40.902139], [-88.66098, 40.901251], [-88.659866, 40.899904], [-88.657353, 40.898835], [-88.656029, 40.898031], [-88.653642, 40.897497], [-88.651935, 40.896714], [-88.648911, 40.89643], [-88.648253, 40.896183], [-88.648065, 40.896051], [-88.647819, 40.895283], [-88.647812, 40.894569], [-88.645618, 40.89459], [-88.64284, 40.89277], [-88.64283, 40.89238], [-88.636343, 40.892437], [-88.63565, 40.89206], [-88.62387, 40.89865], [-88.62165, 40.90026], [-88.61999, 40.9017], [-88.60507, 40.91773], [-88.60545, 40.9179], [-88.604917, 40.918562], [-88.605067, 40.930673], [-88.604646, 40.932261], [-88.591343, 40.932433], [-88.58804, 40.93599], [-88.605294, 40.935844], [-88.585929, 40.944853], [-88.58592, 41.00221], [-88.585686, 41.019966], [-88.58568, 41.03659], [-88.584988, 41.092172], [-88.58461, 41.10831], [-88.5095, 41.10838], [-88.48492, 41.10865], [-88.4551, 41.10927], [-88.28516, 41.11353], [-88.240889, 41.114383], [-88.244144, 41.201566], [-88.199122, 41.202365], [-88.128895, 41.203888], [-88.099213, 41.20435], [-88.01181, 41.205508], [-87.991248, 41.205331], [-87.988928, 41.203814], [-87.986757, 41.202953], [-87.982988, 41.202347], [-87.9813, 41.201862], [-87.975145, 41.197144], [-87.972496, 41.195788], [-87.971704, 41.195186], [-87.970589, 41.193865], [-87.967079, 41.188995], [-87.965852, 41.187066], [-87.96016, 41.181679], [-87.957627, 41.177887], [-87.95427, 41.173524], [-87.949661, 41.166559], [-87.94838, 41.165094], [-87.940353, 41.160196], [-87.936858, 41.157785], [-87.935394, 41.157419], [-87.933245, 41.157532], [-87.928878, 41.157457], [-87.926452, 41.157175], [-87.924742, 41.156755], [-87.922896, 41.155923], [-87.921629, 41.155572], [-87.918562, 41.155748], [-87.917814, 41.155603], [-87.916441, 41.154886], [-87.914717, 41.153001], [-87.912657, 41.151102], [-87.909041, 41.149507], [-87.908308, 41.149263], [-87.904371, 41.148881], [-87.902975, 41.149144], [-87.90166, 41.149676], [-87.899958, 41.149705], [-87.898143, 41.149232], [-87.895606, 41.147731], [-87.894831, 41.147734], [-87.894532, 41.147309], [-87.894543, 41.148009], [-87.892571, 41.147982], [-87.892535, 41.146812], [-87.891349, 41.147375], [-87.890787, 41.147327], [-87.890327, 41.147536], [-87.889713, 41.147244], [-87.888652, 41.147599], [-87.888143, 41.147461], [-87.887279, 41.147957], [-87.880679, 41.147986], [-87.880693, 41.150986], [-87.880295, 41.151488], [-87.880254, 41.151804], [-87.880507, 41.151821], [-87.88129, 41.152767], [-87.882627, 41.152195], [-87.883348, 41.153284], [-87.879677, 41.154897], [-87.879138, 41.15532], [-87.878291, 41.155265], [-87.877945, 41.156047], [-87.875473, 41.157299], [-87.875146, 41.157768], [-87.873147, 41.157866], [-87.870262, 41.158847], [-87.86949, 41.158882], [-87.86949, 41.159373], [-87.868304, 41.159374], [-87.868286, 41.158789], [-87.867975, 41.158537], [-87.866428, 41.158548], [-87.866376, 41.159465], [-87.866689, 41.159462], [-87.866684, 41.161409], [-87.866016, 41.161416], [-87.866296, 41.161831], [-87.866285, 41.162608], [-87.857646, 41.162612], [-87.860476, 41.148016], [-87.855125, 41.148028], [-87.855106, 41.146356], [-87.851269, 41.146368], [-87.841317, 41.14645], [-87.841347, 41.148116], [-87.834849, 41.148155], [-87.834938, 41.148677], [-87.836433, 41.149721], [-87.836608, 41.150249], [-87.837521, 41.191871], [-87.837409, 41.191994], [-87.83768, 41.201249], [-87.837827, 41.201245], [-87.83803, 41.206806], [-87.818726, 41.206948], [-87.819069, 41.221567], [-87.799518, 41.221686], [-87.799435, 41.207089], [-87.780107, 41.207256], [-87.781662, 41.295863], [-87.842535, 41.295101], [-87.842709, 41.304094], [-87.842401, 41.304236], [-87.842154, 41.304647], [-87.841878, 41.306225], [-87.841653, 41.306747], [-87.841077, 41.307411], [-87.838592, 41.308606], [-87.838223, 41.308969], [-87.837948, 41.309701], [-87.825336, 41.309867], [-87.824243, 41.310221], [-87.823623, 41.310999], [-87.82433, 41.35347], [-87.785773, 41.35399], [-87.787302, 41.469839], [-87.790303, 41.469846], [-87.790408, 41.528041], [-87.768898, 41.528168], [-87.742791, 41.527963], [-87.743298, 41.557001], [-87.743531, 41.560624], [-87.743389, 41.560775], [-87.744587, 41.566529], [-87.744522, 41.567257], [-87.743104, 41.572226], [-87.741641, 41.575964], [-87.741467, 41.575872], [-87.740034, 41.577769], [-87.738179, 41.579582], [-87.729217, 41.586451], [-87.725161, 41.58645], [-87.722497, 41.586171], [-87.710076, 41.586205], [-87.708999, 41.586346], [-87.706586, 41.586212], [-87.706589, 41.59353], [-87.701807, 41.593508], [-87.701824, 41.595323], [-87.700614, 41.595326], [-87.700632, 41.597136], [-87.699422, 41.597141], [-87.699436, 41.598954], [-87.698218, 41.598958], [-87.698237, 41.600772], [-87.699456, 41.600769], [-87.699496, 41.60885], [-87.696146, 41.61138], [-87.696317, 41.611552], [-87.693203, 41.613999], [-87.691202, 41.615531], [-87.69076, 41.615559], [-87.685143, 41.619855], [-87.685147, 41.619152], [-87.680224, 41.619234], [-87.680234, 41.618943], [-87.675419, 41.618997], [-87.675279, 41.622669], [-87.665696, 41.622648], [-87.665719, 41.626284], [-87.656023, 41.626259], [-87.656024, 41.628376], [-87.65634, 41.629897], [-87.656188, 41.63365], [-87.664235, 41.633505], [-87.66654, 41.633549], [-87.666742, 41.633696], [-87.66348, 41.635954], [-87.662317, 41.637334], [-87.661617, 41.638673], [-87.66133, 41.639543], [-87.661207, 41.640866], [-87.661482, 41.648394], [-87.68068, 41.648185], [-87.681171, 41.651371], [-87.680014, 41.651452], [-87.67999, 41.651734], [-87.681178, 41.651762], [-87.680271, 41.652466], [-87.679927, 41.652461], [-87.679852, 41.653268], [-87.680027, 41.653676], [-87.680207, 41.662703], [-87.665753, 41.662859], [-87.66552, 41.657063], [-87.662384, 41.658056], [-87.661916, 41.655148], [-87.66062, 41.655442], [-87.660608, 41.655107], [-87.656596, 41.655496], [-87.650564, 41.655769], [-87.646847, 41.657034], [-87.641224, 41.657434], [-87.635131, 41.657434], [-87.635139, 41.657557], [-87.632843, 41.657692], [-87.631517, 41.657955], [-87.631276, 41.657922], [-87.630969, 41.657496], [-87.624709, 41.661293], [-87.621746, 41.661734], [-87.622088, 41.663452], [-87.62244, 41.670733], [-87.623523, 41.707165], [-87.625919, 41.707133], [-87.625998, 41.710778], [-87.623595, 41.710806], [-87.623635, 41.714009], [-87.622884, 41.715738], [-87.622093, 41.715004], [-87.620729, 41.714185], [-87.619499, 41.713736], [-87.618131, 41.713472], [-87.605124, 41.713587], [-87.606518, 41.707433], [-87.596317, 41.70761], [-87.595144, 41.708979], [-87.594207, 41.710646], [-87.592248, 41.716203], [-87.592077, 41.717627], [-87.592131, 41.72131], [-87.59187, 41.721998], [-87.59165, 41.72225], [-87.585127, 41.722339], [-87.584959, 41.72057], [-87.573663, 41.707966], [-87.564511, 41.708103], [-87.564517, 41.708536], [-87.565117, 41.708526], [-87.56514, 41.709887], [-87.564537, 41.709896], [-87.564717, 41.7226], [-87.556604, 41.722701], [-87.556693, 41.726351], [-87.558075, 41.726335], [-87.558088, 41.726843], [-87.556706, 41.726855], [-87.556727, 41.727675], [-87.558108, 41.727656], [-87.558154, 41.729478], [-87.560995, 41.731537], [-87.561037, 41.732062], [-87.559861, 41.732995], [-87.560186, 41.73323], [-87.559649, 41.733624], [-87.555494, 41.73368], [-87.555541, 41.735506], [-87.556922, 41.735488], [-87.556972, 41.737312], [-87.556917, 41.739129], [-87.555708, 41.739144], [-87.555743, 41.740964], [-87.555131, 41.740972], [-87.555191, 41.744277], [-87.555774, 41.744602], [-87.555198, 41.744607], [-87.555223, 41.746427], [-87.554008, 41.746441], [-87.554043, 41.74826], [-87.555256, 41.748241], [-87.555321, 41.751879], [-87.555932, 41.751871], [-87.555922, 41.751417], [-87.557138, 41.751395], [-87.56501, 41.751303], [-87.565019, 41.751746], [-87.566233, 41.751728], [-87.566303, 41.755361], [-87.566909, 41.755354], [-87.566973, 41.758538], [-87.567585, 41.758533], [-87.567591, 41.758974], [-87.566373, 41.758988], [-87.56645, 41.762619], [-87.567665, 41.762606], [-87.567699, 41.764423], [-87.566487, 41.764435], [-87.566506, 41.76599], [-87.567368, 41.766226], [-87.573852, 41.76616], [-87.573695, 41.76436], [-87.576261, 41.764331], [-87.576302, 41.766214], [-87.586329, 41.766121], [-87.586388, 41.768457], [-87.586238, 41.769698], [-87.58132, 41.769751], [-87.581414, 41.77339], [-87.586296, 41.773339], [-87.586713, 41.791331], [-87.586638, 41.793384], [-87.587944, 41.793358], [-87.587507, 41.795185], [-87.587265, 41.795188], [-87.587053, 41.796455], [-87.587021, 41.799566], [-87.591786, 41.799512], [-87.591882, 41.804235], [-87.596737, 41.804181], [-87.596832, 41.809642], [-87.603897, 41.809565], [-87.604064, 41.816846], [-87.583378, 41.817078], [-87.582092, 41.815075], [-87.583448, 41.812433], [-87.58706, 41.811441], [-87.586975, 41.810215], [-87.585231, 41.807291], [-87.584586, 41.806689], [-87.584126, 41.806518], [-87.581125, 41.804213], [-87.580629, 41.804241], [-87.580031, 41.803865], [-87.580057, 41.803536], [-87.580658, 41.802546], [-87.580882, 41.800427], [-87.579986, 41.798422], [-87.578255, 41.797019], [-87.577575, 41.796808], [-87.57598, 41.797031], [-87.575244, 41.796553], [-87.575167, 41.796052], [-87.57544, 41.795454], [-87.576255, 41.795033], [-87.577364, 41.794921], [-87.578574, 41.79454], [-87.579322, 41.793811], [-87.579602, 41.792835], [-87.579462, 41.792163], [-87.578333, 41.790052], [-87.576546, 41.788676], [-87.577276, 41.788463], [-87.57713, 41.788153], [-87.577332, 41.788022], [-87.577247, 41.786598], [-87.576824, 41.785442], [-87.575955, 41.783756], [-87.574519, 41.782805], [-87.573305, 41.782204], [-87.572045, 41.781802], [-87.569531, 41.78143], [-87.569547, 41.78121], [-87.573148, 41.780268], [-87.573042, 41.779908], [-87.57341, 41.779757], [-87.573183, 41.779229], [-87.572282, 41.779268], [-87.571443, 41.778316], [-87.570167, 41.77733], [-87.56871, 41.77651], [-87.566688, 41.774084], [-87.566091, 41.773708], [-87.566016, 41.773303], [-87.564378, 41.772243], [-87.563396, 41.772088], [-87.563285, 41.771923], [-87.563464, 41.770934], [-87.562603, 41.769371], [-87.562294, 41.769118], [-87.560044, 41.76844], [-87.559438, 41.769323], [-87.559338, 41.766622], [-87.559424, 41.766467], [-87.560461, 41.766231], [-87.560629, 41.765939], [-87.560208, 41.765141], [-87.559922, 41.764929], [-87.559647, 41.764998], [-87.559435, 41.764799], [-87.559461, 41.764428], [-87.558715, 41.763929], [-87.558524, 41.764039], [-87.558294, 41.763858], [-87.557602, 41.763203], [-87.557546, 41.762853], [-87.557049, 41.762535], [-87.556839, 41.762574], [-87.556298, 41.762033], [-87.555009, 41.761734], [-87.554514, 41.761961], [-87.554145, 41.761248], [-87.552657, 41.760431], [-87.550136, 41.75943], [-87.548704, 41.759042], [-87.547076, 41.758945], [-87.544974, 41.759739], [-87.544011, 41.759882], [-87.543643, 41.760129], [-87.542493, 41.759034], [-87.542583, 41.758752], [-87.541488, 41.757766], [-87.541111, 41.757767], [-87.540739, 41.757435], [-87.524445, 41.760035], [-87.523661, 41.759907], [-87.524163, 41.721851], [-87.52432, 41.718321], [-87.524165, 41.708314], [-87.524468, 41.703303], [-87.524813, 41.686938], [-87.524743, 41.656737], [-87.525081, 41.635467], [-87.525196, 41.595585], [-87.525257, 41.593702], [-87.525382, 41.593531], [-87.525433, 41.586739], [-87.525282, 41.573838], [-87.525607, 41.528344], [-87.525538, 41.475247], [-87.525705, 41.470283], [-87.525591, 41.461011], [-87.525948, 41.443917], [-87.525815, 41.433059], [-87.526169, 41.408025], [-87.526072, 41.404415], [-87.526757, 41.308325], [-87.526502, 41.223827], [-87.526534, 41.164426], [-87.526661, 41.155045], [-87.526471, 41.152456], [-87.526696, 41.149222], [-87.526569, 41.139728], [-87.526675, 41.116711], [-87.526323, 41.045441], [-87.526428, 41.024366], [-87.526206, 41.010467], [-87.526203, 40.987012], [-87.525982, 40.974265], [-87.526123, 40.937594], [-87.525961, 40.894505], [-87.526052, 40.89424], [-87.526436, 40.894154], [-87.525915, 40.880595], [-87.526113, 40.879703], [-87.525924, 40.875035], [-87.525975, 40.865017], [-87.525661, 40.836132], [-87.525696, 40.81725], [-87.525898, 40.80311], [-87.525838, 40.78753], [-87.525999, 40.77499], [-87.525976, 40.749731], [-87.526304, 40.678671], [-87.526117, 40.622329], [-87.525933, 40.621514], [-87.526101, 40.618983], [-87.526003, 40.606903], [-87.526346, 40.540401], [-87.526373, 40.520637], [-87.526168, 40.505761], [-87.527313, 40.4327], [-87.527495, 40.410878], [-87.52792, 40.396061], [-87.528107, 40.370789], [-87.528386, 40.360328], [-87.528207, 40.359682], [-87.528411, 40.355132], [-87.529631, 40.282001], [-87.529973, 40.25057], [-87.530372, 40.231835], [-87.531321, 40.155343], [-87.531449, 40.148127], [-87.531759, 40.144273], [-87.53153, 40.142775], [-87.53154, 40.13711], [-87.532171, 40.058802], [-87.548786, 40.058793], [-87.61487, 40.05797], [-87.61489, 40.0556], [-87.61978, 40.05558], [-87.62011, 40.05545], [-87.61972, 40.04268], [-87.62446, 40.04263], [-87.62384, 40.02074], [-87.6379, 40.020536], [-87.63805, 40.02791], [-87.64808, 40.02788], [-87.657068, 40.028053], [-87.657234, 40.042731], [-87.65874, 40.04285], [-87.676147, 40.042608], [-87.676211, 40.027921], [-87.7247, 40.02788], [-87.77162, 40.02805], [-87.78662, 40.02727], [-87.7869, 40.04183], [-87.806213, 40.041618], [-87.806385, 40.049181], [-87.80649, 40.07137], [-87.806382, 40.074344], [-87.806525, 40.075036], [-87.806605, 40.083137], [-87.806483, 40.085913], [-87.83744, 40.08544], [-87.863481, 40.084828], [-87.883193, 40.084671], [-87.883188, 40.084153], [-87.939632, 40.083616], [-87.940403, 40.141638], [-87.940423, 40.141912], [-87.940933, 40.141905], [-87.940967, 40.142789], [-87.941443, 40.185393], [-87.942103, 40.225482], [-87.92876, 40.225619], [-87.929733, 40.2862], [-87.929992, 40.313376], [-88.078887, 40.312516], [-88.078564, 40.283397], [-88.097903, 40.283501], [-88.117168, 40.283184], [-88.117064, 40.275717], [-88.126692, 40.275675], [-88.12679, 40.282995], [-88.169293, 40.282754], [-88.169278, 40.281708], [-88.170713, 40.281699], [-88.171194, 40.280455], [-88.170442, 40.280456], [-88.170659, 40.279912], [-88.169203, 40.279925], [-88.169191, 40.27909], [-88.170668, 40.279095], [-88.170982, 40.278316], [-88.172194, 40.278321], [-88.173422, 40.275407], [-88.174527, 40.275387], [-88.174375, 40.276218], [-88.174392, 40.28276], [-88.183493, 40.282556], [-88.193749, 40.282634], [-88.232485, 40.282321], [-88.232664, 40.286549], [-88.23291, 40.31157], [-88.345737, 40.310784], [-88.460269, 40.310991], [-88.460417, 40.340526], [-88.459957, 40.39885], [-88.422437, 40.398534], [-88.346987, 40.398417], [-88.346988, 40.464973], [-88.370646, 40.464983], [-88.37062, 40.47101], [-88.370163, 40.471447], [-88.370701, 40.471445], [-88.370661, 40.529757], [-88.442193, 40.529873], [-88.45926, 40.530039], [-88.459475, 40.617345], [-88.478561, 40.617366], [-88.536866, 40.616904], [-88.554751, 40.616579], [-88.574502, 40.61655], [-88.574588, 40.638517], [-88.575216, 40.670616], [-88.575564, 40.670744], [-88.58215, 40.670604], [-88.582355, 40.670792], [-88.583313, 40.707854], [-88.584281, 40.758027], [-88.58426, 40.78516], [-88.585221, 40.850313], [-88.586172, 40.851073], [-88.58669, 40.85218], [-88.58719, 40.85235], [-88.62355, 40.85191], [-88.62335, 40.84466], [-88.64245, 40.84449], [-88.64258, 40.84524], [-88.64271, 40.866359], [-88.645156, 40.866351], [-88.643769, 40.868598], [-88.64324, 40.868412], [-88.643236, 40.868163], [-88.64273, 40.868173], [-88.642749, 40.870007], [-88.640501, 40.873641], [-88.671198, 40.873409], [-88.67145, 40.89767]]]}}, {"type": "Feature", "properties": {"district": 13}, "geometry": {"type": "Polygon", "coordinates": [[[-90.264123, 38.520728], [-90.257413, 38.531852], [-90.257782, 38.532012], [-90.248905, 38.544781], [-90.224204, 38.57508], [-90.222104, 38.57648], [-90.216704, 38.57878], [-90.210103, 38.58398], [-90.202503, 38.58868], [-90.196003, 38.59448], [-90.191803, 38.59898], [-90.184502, 38.61158], [-90.178811, 38.629157], [-90.178002, 38.633779], [-90.177702, 38.642779], [-90.181102, 38.659579], [-90.182602, 38.665379], [-90.186402, 38.674779], [-90.195202, 38.687579], [-90.202202, 38.693479], [-90.209202, 38.702779], [-90.212002, 38.711779], [-90.21191, 38.71795], [-90.21141, 38.72135], [-90.20991, 38.72605], [-90.205177, 38.7322], [-90.191301, 38.742978], [-90.183609, 38.746749], [-90.176301, 38.754478], [-90.175101, 38.760278], [-90.171301, 38.766578], [-90.166364, 38.772675], [-90.160408, 38.776149], [-90.146708, 38.783049], [-90.123107, 38.798048], [-90.117707, 38.805748], [-90.114707, 38.815048], [-90.109107, 38.837448], [-90.109407, 38.843548], [-90.111786, 38.846796], [-90.113327, 38.849306], [-90.131907, 38.857948], [-90.140108, 38.862748], [-90.144808, 38.864248], [-90.151508, 38.867148], [-90.163309, 38.874748], [-90.166409, 38.876348], [-90.186909, 38.885048], [-90.190309, 38.886248], [-90.192663, 38.886488], [-90.191062, 38.890652], [-90.190924, 38.891998], [-90.19257, 38.892701], [-90.193696, 38.893441], [-90.194702, 38.894611], [-90.191793, 38.896589], [-90.192748, 38.897504], [-90.1892, 38.898185], [-90.192658, 38.902496], [-90.195924, 38.908078], [-90.196153, 38.908691], [-90.196197, 38.911939], [-90.19402, 38.9158], [-90.192762, 38.917722], [-90.192541, 38.919849], [-90.192217, 38.92085], [-90.191175, 38.926156], [-90.191019, 38.928043], [-90.191861, 38.932433], [-90.192229, 38.9349], [-90.19232, 38.936733], [-90.157182, 38.937086], [-90.1531, 38.933104], [-90.152587, 38.932116], [-90.150776, 38.926423], [-90.150571, 38.92646], [-90.150456, 38.926107], [-90.14959, 38.925104], [-90.147128, 38.925092], [-90.147128, 38.926406], [-90.142424, 38.926402], [-90.142274, 38.929997], [-90.126339, 38.930313], [-90.126346, 38.932236], [-90.125799, 38.934135], [-90.123765, 38.937731], [-90.121684, 38.940907], [-90.120891, 38.942615], [-90.12081, 38.94419], [-90.120931, 38.94495], [-90.121562, 38.945222], [-90.121574, 38.945971], [-90.123775, 38.951999], [-90.123664, 38.952241], [-90.123168, 38.952566], [-90.122979, 38.953038], [-90.122713, 38.955142], [-90.122877, 38.955927], [-90.119266, 38.956122], [-90.118099, 38.95696], [-90.117591, 38.957023], [-90.118078, 38.967153], [-90.118006, 38.97042], [-90.118116, 38.970677], [-90.117905, 38.974142], [-90.118099, 38.974167], [-90.11804, 38.991123], [-90.117905, 38.993012], [-90.118014, 38.999027], [-90.143223, 38.999088], [-90.143981, 38.999293], [-90.145984, 38.999303], [-90.146069, 39.008983], [-90.145828, 39.037428], [-90.145939, 39.041491], [-90.145899, 39.086714], [-90.146334, 39.174276], [-90.148281, 39.269268], [-90.149462, 39.346302], [-90.150641, 39.346315], [-90.151656, 39.408346], [-90.153428, 39.484509], [-90.153682, 39.502694], [-90.1536, 39.513039], [-90.153782, 39.520315], [-90.13002, 39.520507], [-90.129365, 39.520313], [-90.128134, 39.520511], [-90.048623, 39.521374], [-89.813147, 39.522838], [-89.813628, 39.577613], [-89.815327, 39.697933], [-89.764811, 39.698164], [-89.762168, 39.698059], [-89.726317, 39.698125], [-89.726339, 39.700084], [-89.723994, 39.700099], [-89.723972, 39.698139], [-89.705144, 39.698301], [-89.705128, 39.701012], [-89.705321, 39.703031], [-89.705816, 39.705095], [-89.705353, 39.706656], [-89.705502, 39.707143], [-89.70477, 39.707131], [-89.704773, 39.710895], [-89.705098, 39.710902], [-89.705053, 39.712817], [-89.70474, 39.712822], [-89.704705, 39.714536], [-89.705028, 39.714539], [-89.704953, 39.720063], [-89.705561, 39.720085], [-89.704639, 39.720174], [-89.704736, 39.721819], [-89.704331, 39.72182], [-89.705291, 39.729055], [-89.705278, 39.734765], [-89.705718, 39.73475], [-89.705836, 39.74262], [-89.719926, 39.747078], [-89.720057, 39.75646], [-89.715319, 39.756441], [-89.715333, 39.758298], [-89.715155, 39.759408], [-89.715441, 39.760567], [-89.715715, 39.785948], [-89.715357, 39.787363], [-89.715536, 39.801136], [-89.715369, 39.801135], [-89.714871, 39.801682], [-89.713539, 39.803533], [-89.712596, 39.80536], [-89.712025, 39.806991], [-89.711146, 39.81218], [-89.710979, 39.812691], [-89.710611, 39.812867], [-89.710702, 39.81545], [-89.709502, 39.82315], [-89.709255, 39.82654], [-89.711599, 39.843856], [-89.711446, 39.844007], [-89.711746, 39.861005], [-89.708843, 39.870364], [-89.708521, 39.873147], [-89.68237, 39.87344], [-89.68221, 39.873288], [-89.671228, 39.873375], [-89.664309, 39.873553], [-89.664507, 39.866893], [-89.664226, 39.851616], [-89.664504, 39.84661], [-89.664138, 39.834353], [-89.663959, 39.834312], [-89.66396, 39.834083], [-89.66412, 39.834016], [-89.664104, 39.833826], [-89.663948, 39.833881], [-89.663934, 39.833529], [-89.663835, 39.826736], [-89.661446, 39.826776], [-89.661443, 39.826468], [-89.66003, 39.82647], [-89.659658, 39.826496], [-89.659661, 39.826782], [-89.659041, 39.826787], [-89.659046, 39.8272], [-89.654283, 39.827194], [-89.654333, 39.830748], [-89.633646, 39.831088], [-89.605523, 39.831032], [-89.593248, 39.831544], [-89.592755, 39.823396], [-89.593102, 39.813533], [-89.593382, 39.809713], [-89.594173, 39.806329], [-89.593876, 39.806277], [-89.598935, 39.787433], [-89.593465, 39.787613], [-89.593409, 39.787378], [-89.590667, 39.787331], [-89.586802, 39.787662], [-89.482495, 39.788236], [-89.482855, 39.84642], [-89.483087, 39.859936], [-89.483039, 39.875039], [-89.433417, 39.874872], [-89.367638, 39.87405], [-89.367112, 39.917587], [-89.35889, 39.917612], [-89.329926, 39.917234], [-89.236429, 39.91686], [-89.143451, 39.917647], [-89.143875, 39.961368], [-89.028908, 39.962567], [-88.984271, 39.96355], [-88.974749, 39.963573], [-88.965236, 39.964028], [-88.931505, 39.964862], [-88.80347, 39.967777], [-88.745435, 39.967568], [-88.745345, 40.005868], [-88.745587, 40.006152], [-88.745342, 40.007131], [-88.745299, 40.011474], [-88.745057, 40.048063], [-88.745164, 40.055191], [-88.74507, 40.055085], [-88.631244, 40.054529], [-88.577793, 40.054098], [-88.46302, 40.05503], [-88.463367, 40.12789], [-88.46323, 40.14207], [-88.463123, 40.142224], [-88.427248, 40.142249], [-88.415549, 40.142426], [-88.401237, 40.142223], [-88.314827, 40.142098], [-88.314903, 40.160222], [-88.314752, 40.160386], [-88.311924, 40.158764], [-88.301081, 40.153609], [-88.298669, 40.155248], [-88.299151, 40.156226], [-88.299166, 40.157298], [-88.298542, 40.158194], [-88.298005, 40.158698], [-88.29781, 40.158532], [-88.296618, 40.159948], [-88.296078, 40.160988], [-88.296122, 40.171299], [-88.258275, 40.171063], [-88.258091, 40.169966], [-88.257638, 40.168896], [-88.255641, 40.170791], [-88.255243, 40.170686], [-88.254102, 40.170998], [-88.240462, 40.170891], [-88.201211, 40.171075], [-88.200978, 40.152874], [-88.199789, 40.152877], [-88.199829, 40.15585], [-88.198974, 40.155853], [-88.198971, 40.156517], [-88.197044, 40.156528], [-88.19702, 40.155914], [-88.196303, 40.155915], [-88.196211, 40.149258], [-88.191449, 40.149283], [-88.191372, 40.147463], [-88.187291, 40.147469], [-88.188023, 40.146222], [-88.184793, 40.146227], [-88.184793, 40.144728], [-88.181854, 40.14474], [-88.181853, 40.143119], [-88.183652, 40.143107], [-88.183652, 40.14205], [-88.124937, 40.14219], [-88.123888, 40.054988], [-88.238296, 40.054382], [-88.238215, 40.04336], [-88.238073, 40.043365], [-88.238006, 40.039736], [-88.238178, 40.039633], [-88.23816, 40.034195], [-88.237885, 40.010443], [-88.259549, 40.010271], [-88.325501, 40.011044], [-88.349616, 40.011068], [-88.3493, 39.974759], [-88.3541, 39.974744], [-88.354033, 39.967351], [-88.363171, 39.967464], [-88.406803, 39.967388], [-88.406154, 39.908592], [-88.406105, 39.879235], [-88.575011, 39.878776], [-88.594062, 39.879031], [-88.612878, 39.87906], [-88.613001, 39.850301], [-88.707685, 39.850444], [-88.745967, 39.850887], [-88.745957, 39.858136], [-88.791151, 39.85789], [-88.803, 39.857697], [-88.821963, 39.856875], [-88.841241, 39.857165], [-88.841368, 39.86403], [-88.850773, 39.863928], [-88.850927, 39.864176], [-88.850945, 39.86621], [-88.851174, 39.866354], [-88.85569, 39.865472], [-88.855771, 39.865787], [-88.859564, 39.865052], [-88.860261, 39.864966], [-88.860472, 39.865074], [-88.860414, 39.864819], [-88.861274, 39.864682], [-88.878665, 39.862913], [-88.877949, 39.856346], [-88.878242, 39.853997], [-88.878672, 39.852756], [-88.878658, 39.852174], [-88.878858, 39.851873], [-88.879114, 39.851774], [-88.881308, 39.852253], [-88.881457, 39.851915], [-88.882037, 39.852049], [-88.882304, 39.851327], [-88.886315, 39.850703], [-88.887642, 39.849275], [-88.889044, 39.848267], [-88.889995, 39.847682], [-88.891921, 39.847017], [-88.893538, 39.845313], [-88.897662, 39.841872], [-88.899378, 39.84087], [-88.904475, 39.838395], [-88.905104, 39.838312], [-88.908178, 39.836313], [-88.909309, 39.836273], [-88.911166, 39.834595], [-88.913438, 39.836105], [-88.915873, 39.834865], [-88.916723, 39.834038], [-88.919041, 39.83329], [-88.921286, 39.833148], [-88.923158, 39.833864], [-88.925919, 39.833781], [-88.925929, 39.832183], [-88.926219, 39.831461], [-88.927824, 39.829819], [-88.92809, 39.829197], [-88.928242, 39.82806], [-88.928534, 39.827438], [-88.929039, 39.826928], [-88.929608, 39.826636], [-88.930545, 39.826417], [-88.940034, 39.826113], [-88.940072, 39.827829], [-88.944655, 39.82772], [-88.944608, 39.82589], [-88.945162, 39.824519], [-88.945497, 39.824333], [-88.945832, 39.824821], [-88.946558, 39.825118], [-88.948815, 39.825716], [-88.949371, 39.826106], [-88.949798, 39.826056], [-88.95249, 39.827061], [-88.953103, 39.826934], [-88.954491, 39.825896], [-88.955423, 39.826195], [-88.956193, 39.827087], [-88.958051, 39.828112], [-88.957933, 39.828314], [-88.95869, 39.828781], [-88.960316, 39.829564], [-88.962283, 39.831192], [-88.964751, 39.832064], [-88.96619, 39.83281], [-88.967923, 39.833227], [-88.971953, 39.833058], [-88.975996, 39.83187], [-88.97668, 39.831429], [-88.97683, 39.831605], [-88.977025, 39.831312], [-88.976921, 39.831711], [-88.97743, 39.832744], [-88.977221, 39.834468], [-88.977522, 39.846994], [-88.979677, 39.847086], [-88.979707, 39.847343], [-88.98195, 39.847312], [-88.982293, 39.849136], [-88.982262, 39.85079], [-88.98931, 39.850661], [-88.989319, 39.852876], [-88.989508, 39.853488], [-88.98969, 39.857955], [-88.991971, 39.859942], [-88.992197, 39.860301], [-88.992297, 39.865464], [-88.990831, 39.865122], [-88.988239, 39.865195], [-88.988273, 39.868738], [-88.988628, 39.869069], [-88.988675, 39.870561], [-88.990164, 39.871377], [-88.991632, 39.873047], [-88.991806, 39.873615], [-88.991949, 39.87589], [-88.977228, 39.876281], [-88.974467, 39.876208], [-88.961546, 39.876436], [-88.961443, 39.876985], [-88.960713, 39.877449], [-88.960567, 39.877733], [-88.961085, 39.879111], [-88.960898, 39.88022], [-88.960913, 39.882604], [-88.960356, 39.884624], [-88.96041, 39.891158], [-88.955028, 39.89128], [-88.955262, 39.908426], [-88.959935, 39.908284], [-88.959933, 39.908012], [-88.963579, 39.907865], [-88.963543, 39.9082], [-88.96909, 39.908203], [-88.96908, 39.907973], [-88.972924, 39.907854], [-88.981448, 39.908284], [-88.984708, 39.908142], [-88.98811, 39.907472], [-88.990021, 39.906799], [-88.992893, 39.905284], [-88.994215, 39.904371], [-88.999982, 39.899498], [-89.013544, 39.889758], [-89.017354, 39.88657], [-89.025248, 39.879254], [-89.028853, 39.875863], [-89.028869, 39.875383], [-89.030881, 39.873426], [-89.043366, 39.861729], [-89.044908, 39.859354], [-89.045457, 39.857844], [-89.04564, 39.856014], [-89.045676, 39.845701], [-89.046005, 39.843302], [-89.046542, 39.841955], [-89.047298, 39.840743], [-89.048317, 39.83959], [-89.049269, 39.838786], [-89.05063, 39.837899], [-89.052559, 39.837049], [-89.052555, 39.836607], [-89.059129, 39.835676], [-89.075743, 39.832773], [-89.075744, 39.823741], [-89.08276, 39.823704], [-89.082768, 39.816516], [-89.10391, 39.816183], [-89.103791, 39.814547], [-89.104108, 39.811662], [-89.103838, 39.808615], [-89.103878, 39.806206], [-89.104219, 39.805477], [-89.10564, 39.804444], [-89.106187, 39.803722], [-89.106306, 39.802889], [-89.105877, 39.801669], [-89.141771, 39.801514], [-89.141932, 39.801507], [-89.141967, 39.801273], [-89.151463, 39.80125], [-89.151474, 39.804792], [-89.160747, 39.804706], [-89.16075, 39.805353], [-89.162971, 39.806503], [-89.164997, 39.807914], [-89.166231, 39.808252], [-89.169245, 39.809685], [-89.169951, 39.8104], [-89.170305, 39.811924], [-89.179852, 39.811893], [-89.179856, 39.815439], [-89.184555, 39.815448], [-89.184557, 39.816005], [-89.186754, 39.817106], [-89.18819, 39.817524], [-89.189253, 39.817473], [-89.189244, 39.815456], [-89.212775, 39.815477], [-89.212773, 39.813665], [-89.217473, 39.813666], [-89.217475, 39.813217], [-89.21838, 39.813278], [-89.220175, 39.81291], [-89.221848, 39.813358], [-89.222551, 39.814098], [-89.223525, 39.814652], [-89.22526, 39.814953], [-89.227002, 39.814367], [-89.227701, 39.813922], [-89.228248, 39.813205], [-89.229433, 39.81328], [-89.229847, 39.813578], [-89.231382, 39.813518], [-89.232122, 39.81326], [-89.233352, 39.813218], [-89.233946, 39.812852], [-89.234434, 39.813418], [-89.234446, 39.81378], [-89.23395, 39.813992], [-89.233885, 39.814429], [-89.234242, 39.815148], [-89.233805, 39.815306], [-89.233743, 39.815519], [-89.233009, 39.815449], [-89.232381, 39.815625], [-89.231562, 39.816093], [-89.231535, 39.816306], [-89.231847, 39.816532], [-89.232609, 39.816637], [-89.234279, 39.816267], [-89.234537, 39.816549], [-89.234753, 39.81751], [-89.235091, 39.817646], [-89.236178, 39.817562], [-89.236356, 39.8177], [-89.236285, 39.817998], [-89.235508, 39.818472], [-89.235409, 39.818696], [-89.235725, 39.818986], [-89.236814, 39.819271], [-89.237157, 39.81968], [-89.236248, 39.821703], [-89.236337, 39.822157], [-89.236825, 39.822325], [-89.237193, 39.822173], [-89.23755, 39.821855], [-89.237663, 39.821392], [-89.23825, 39.821062], [-89.23979, 39.821322], [-89.240301, 39.821839], [-89.240066, 39.822881], [-89.240092, 39.823137], [-89.24031, 39.823327], [-89.240628, 39.823382], [-89.24219, 39.823043], [-89.242838, 39.823153], [-89.245118, 39.824545], [-89.246235, 39.825948], [-89.246885, 39.826062], [-89.2477, 39.82578], [-89.248609, 39.825723], [-89.24924, 39.825317], [-89.250324, 39.824037], [-89.251912, 39.822556], [-89.252325, 39.820416], [-89.25301, 39.818978], [-89.253167, 39.818194], [-89.254988, 39.815045], [-89.255494, 39.814405], [-89.256221, 39.81385], [-89.256717, 39.813118], [-89.256771, 39.811093], [-89.257175, 39.809808], [-89.258677, 39.80909], [-89.259973, 39.808002], [-89.260014, 39.807253], [-89.259752, 39.806782], [-89.260376, 39.805602], [-89.260966, 39.805093], [-89.262541, 39.804385], [-89.263615, 39.804172], [-89.264588, 39.804278], [-89.265052, 39.805096], [-89.264931, 39.805994], [-89.265034, 39.80642], [-89.265373, 39.806422], [-89.266706, 39.805189], [-89.270419, 39.803863], [-89.270808, 39.803602], [-89.271416, 39.802891], [-89.272091, 39.801125], [-89.274325, 39.800054], [-89.276406, 39.799144], [-89.278778, 39.800094], [-89.278984, 39.799454], [-89.279542, 39.798924], [-89.280552, 39.799022], [-89.281349, 39.798899], [-89.281774, 39.796607], [-89.282506, 39.796225], [-89.283366, 39.796025], [-89.283678, 39.79576], [-89.283073, 39.795363], [-89.282677, 39.79461], [-89.282923, 39.794155], [-89.283393, 39.793853], [-89.285722, 39.793799], [-89.286044, 39.793613], [-89.286588, 39.792753], [-89.288217, 39.792046], [-89.289305, 39.791951], [-89.291726, 39.792739], [-89.292104, 39.792754], [-89.292454, 39.79255], [-89.29261, 39.792269], [-89.292517, 39.791708], [-89.291555, 39.790668], [-89.291482, 39.790304], [-89.291906, 39.789779], [-89.292295, 39.789569], [-89.293091, 39.78955], [-89.293796, 39.790067], [-89.294422, 39.790143], [-89.295171, 39.789905], [-89.296367, 39.789879], [-89.29736, 39.789067], [-89.297703, 39.787785], [-89.299715, 39.78454], [-89.299581, 39.784332], [-89.298467, 39.783979], [-89.298235, 39.783684], [-89.298289, 39.783299], [-89.298636, 39.783033], [-89.299626, 39.782798], [-89.299805, 39.78254], [-89.299639, 39.782015], [-89.299766, 39.781631], [-89.300891, 39.780547], [-89.301435, 39.779767], [-89.301431, 39.779193], [-89.300627, 39.778733], [-89.300444, 39.778414], [-89.30232, 39.776774], [-89.303122, 39.775813], [-89.305967, 39.77511], [-89.307843, 39.774361], [-89.310448, 39.772169], [-89.312581, 39.7713], [-89.313437, 39.771314], [-89.314279, 39.771102], [-89.315499, 39.771933], [-89.315854, 39.771939], [-89.316774, 39.771107], [-89.317294, 39.77081], [-89.317775, 39.770793], [-89.319433, 39.771286], [-89.320558, 39.771821], [-89.321355, 39.771955], [-89.322342, 39.771859], [-89.324182, 39.770706], [-89.325631, 39.770052], [-89.327918, 39.769694], [-89.328762, 39.769337], [-89.329152, 39.768804], [-89.328604, 39.767571], [-89.327848, 39.767287], [-89.325225, 39.767326], [-89.325023, 39.767025], [-89.325307, 39.766184], [-89.325709, 39.765997], [-89.327304, 39.766159], [-89.327779, 39.765974], [-89.327855, 39.765452], [-89.327096, 39.764514], [-89.327389, 39.764133], [-89.328071, 39.764039], [-89.3285, 39.763603], [-89.329159, 39.763581], [-89.331553, 39.764561], [-89.334055, 39.764857], [-89.336165, 39.765608], [-89.338416, 39.766174], [-89.340748, 39.766468], [-89.341592, 39.766932], [-89.342314, 39.766879], [-89.342938, 39.766607], [-89.344528, 39.766906], [-89.345957, 39.767415], [-89.346271, 39.767745], [-89.350023, 39.769639], [-89.350835, 39.769748], [-89.352667, 39.769616], [-89.352688, 39.770381], [-89.353042, 39.770813], [-89.353004, 39.771464], [-89.354136, 39.772093], [-89.355303, 39.771419], [-89.355688, 39.770693], [-89.35591, 39.7706], [-89.357334, 39.770871], [-89.358113, 39.770642], [-89.358406, 39.77022], [-89.358873, 39.768771], [-89.360034, 39.767517], [-89.359596, 39.764879], [-89.358939, 39.763113], [-89.358775, 39.762185], [-89.359143, 39.761305], [-89.360374, 39.760584], [-89.360643, 39.760274], [-89.361096, 39.759356], [-89.361453, 39.758098], [-89.36224, 39.757153], [-89.362402, 39.756158], [-89.362605, 39.755799], [-89.362948, 39.755635], [-89.363355, 39.755665], [-89.364873, 39.757097], [-89.365214, 39.757223], [-89.367123, 39.757325], [-89.369843, 39.756329], [-89.370165, 39.756004], [-89.370257, 39.755281], [-89.370986, 39.754971], [-89.371308, 39.755057], [-89.371731, 39.755619], [-89.372492, 39.758085], [-89.373718, 39.758707], [-89.373918, 39.758646], [-89.374451, 39.758236], [-89.375086, 39.757389], [-89.375906, 39.75685], [-89.377135, 39.756413], [-89.378754, 39.755509], [-89.379141, 39.755068], [-89.379782, 39.753804], [-89.380242, 39.753539], [-89.380743, 39.753508], [-89.382555, 39.75436], [-89.382975, 39.754377], [-89.384239, 39.754009], [-89.384868, 39.753567], [-89.386094, 39.75228], [-89.386347, 39.751797], [-89.386412, 39.751168], [-89.386224, 39.750389], [-89.385874, 39.749975], [-89.393551, 39.743324], [-89.394848, 39.742678], [-89.397334, 39.742091], [-89.398771, 39.742139], [-89.403457, 39.742808], [-89.40434, 39.742763], [-89.407601, 39.74311], [-89.409475, 39.74353], [-89.410203, 39.744031], [-89.411715, 39.745245], [-89.414097, 39.747652], [-89.417007, 39.749719], [-89.41824, 39.750885], [-89.419155, 39.751434], [-89.419493, 39.751939], [-89.419693, 39.752451], [-89.41962, 39.753012], [-89.418663, 39.753783], [-89.418527, 39.754192], [-89.419346, 39.754717], [-89.419727, 39.755077], [-89.419762, 39.755324], [-89.418968, 39.756514], [-89.418772, 39.757074], [-89.417533, 39.757344], [-89.417191, 39.757576], [-89.417183, 39.758065], [-89.417843, 39.759205], [-89.419234, 39.760725], [-89.420217, 39.76137], [-89.424104, 39.761586], [-89.425171, 39.762022], [-89.425262, 39.750042], [-89.425538, 39.748098], [-89.425603, 39.742218], [-89.425175, 39.714091], [-89.425051, 39.683696], [-89.443616, 39.68395], [-89.478923, 39.683964], [-89.478473, 39.640842], [-89.535028, 39.641138], [-89.534612, 39.614495], [-89.534849, 39.612232], [-89.534998, 39.612226], [-89.535076, 39.609991], [-89.533886, 39.557228], [-89.533811, 39.539114], [-89.533526, 39.524592], [-89.589446, 39.524573], [-89.608226, 39.524433], [-89.701661, 39.523316], [-89.701205, 39.499427], [-89.699506, 39.372125], [-89.699455, 39.36415], [-89.699736, 39.361742], [-89.699342, 39.359081], [-89.699276, 39.348048], [-89.703692, 39.34803], [-89.703002, 39.310521], [-89.702396, 39.26558], [-89.701838, 39.248537], [-89.701499, 39.242627], [-89.700165, 39.170065], [-89.70014, 39.153983], [-89.699965, 39.153458], [-89.699838, 39.139819], [-89.699614, 39.13243], [-89.699777, 39.132141], [-89.6996, 39.098433], [-89.699258, 39.094679], [-89.69905, 39.070227], [-89.699258, 39.069851], [-89.699093, 39.069747], [-89.698906, 39.057537], [-89.698555, 38.998979], [-89.74402, 38.998825], [-89.773966, 38.99847], [-89.812963, 38.99833], [-89.92698, 38.998766], [-89.927022, 38.963242], [-89.927221, 38.941958], [-89.934316, 38.942042], [-89.934401, 38.938044], [-89.937751, 38.938112], [-89.93758, 38.935455], [-89.946012, 38.935693], [-89.94612, 38.921911], [-89.946294, 38.919066], [-89.946069, 38.898338], [-89.943581, 38.898218], [-89.938502, 38.896654], [-89.927516, 38.894937], [-89.927861, 38.878902], [-89.927759, 38.868578], [-89.92761, 38.868357], [-89.927602, 38.85395], [-89.927562, 38.852775], [-89.927339, 38.852195], [-89.92753, 38.851351], [-89.928031, 38.832077], [-89.928174, 38.818246], [-89.928053, 38.817861], [-89.928279, 38.808127], [-89.928172, 38.807955], [-89.928568, 38.807487], [-89.927926, 38.807143], [-89.928578, 38.806274], [-89.927941, 38.806026], [-89.928566, 38.804817], [-89.928343, 38.804128], [-89.928358, 38.803458], [-89.928133, 38.80344], [-89.928434, 38.802562], [-89.928288, 38.802365], [-89.92835, 38.796745], [-89.92853, 38.795942], [-89.9282, 38.795821], [-89.928337, 38.794073], [-89.928538, 38.793549], [-89.928119, 38.793291], [-89.928384, 38.793032], [-89.928707, 38.741531], [-89.937864, 38.741567], [-89.937869, 38.742096], [-89.947069, 38.74203], [-89.94714, 38.743154], [-89.951871, 38.743128], [-89.95186, 38.744959], [-89.95658, 38.744986], [-89.956744, 38.733073], [-89.95649, 38.717394], [-89.956705, 38.715248], [-89.960078, 38.703882], [-89.960633, 38.702436], [-89.961781, 38.701172], [-89.964631, 38.699856], [-89.965599, 38.699038], [-89.972184, 38.691038], [-89.976498, 38.683953], [-89.97466, 38.683552], [-89.974624, 38.678924], [-89.973312, 38.677419], [-89.973294, 38.674102], [-89.97419, 38.673812], [-89.97649, 38.673942], [-89.978103, 38.673311], [-89.978596, 38.672475], [-89.984836, 38.670447], [-89.982978, 38.666936], [-89.982362, 38.663876], [-89.982511, 38.662815], [-89.983086, 38.661887], [-89.98243, 38.660978], [-89.982158, 38.660233], [-89.982914, 38.659335], [-89.982925, 38.658497], [-89.983178, 38.658189], [-89.98589, 38.658205], [-89.987435, 38.656155], [-89.987253, 38.654484], [-89.989798, 38.652175], [-89.990129, 38.652096], [-89.992566, 38.650518], [-89.995255, 38.649394], [-90.001885, 38.647366], [-90.001806, 38.647176], [-90.004686, 38.646294], [-90.004677, 38.64454], [-90.004376, 38.642617], [-90.004646, 38.642369], [-90.004403, 38.642169], [-90.00461, 38.639375], [-90.00444, 38.635479], [-90.006799, 38.635634], [-90.006821, 38.634223], [-90.00727, 38.633381], [-90.007256, 38.632633], [-90.00443, 38.632677], [-90.004287, 38.632255], [-90.004206, 38.625826], [-90.004467, 38.625048], [-90.004172, 38.62504], [-90.004126, 38.622776], [-90.003173, 38.622097], [-90.002456, 38.621159], [-90.001912, 38.621002], [-90.001871, 38.62085], [-90.001964, 38.619476], [-90.002097, 38.619129], [-90.002503, 38.61887], [-90.002961, 38.61743], [-90.002904, 38.616679], [-90.002575, 38.61599], [-90.001676, 38.614983], [-90.00452, 38.614932], [-90.004537, 38.614511], [-89.994535, 38.614452], [-89.994366, 38.607286], [-89.993751, 38.60728], [-89.993706, 38.605985], [-89.993405, 38.605139], [-89.992714, 38.604289], [-89.992137, 38.603925], [-89.990165, 38.603267], [-89.977286, 38.60194], [-89.956071, 38.598363], [-89.931106, 38.593031], [-89.927892, 38.592731], [-89.913968, 38.592103], [-89.914192, 38.588535], [-89.910995, 38.588501], [-89.911049, 38.58519], [-89.909897, 38.584927], [-89.904526, 38.584641], [-89.901444, 38.584007], [-89.901726, 38.583462], [-89.901764, 38.569992], [-89.919354, 38.570162], [-89.929084, 38.57056], [-89.928879, 38.53465], [-89.928421, 38.504955], [-89.932762, 38.494785], [-89.9351, 38.488878], [-89.938845, 38.489642], [-89.941134, 38.483571], [-89.953146, 38.483675], [-89.954285, 38.483491], [-89.954397, 38.483627], [-89.993027, 38.483398], [-90.019279, 38.483616], [-90.020193, 38.4839], [-90.024681, 38.483978], [-90.029795, 38.483777], [-90.036256, 38.483845], [-90.036072, 38.534893], [-90.040298, 38.535706], [-90.040291, 38.534454], [-90.040672, 38.533978], [-90.040533, 38.533774], [-90.041353, 38.533109], [-90.041571, 38.532671], [-90.041412, 38.532553], [-90.043009, 38.531156], [-90.042851, 38.53103], [-90.043383, 38.53103], [-90.049373, 38.535321], [-90.050032, 38.535199], [-90.052256, 38.535249], [-90.054142, 38.536911], [-90.054429, 38.536937], [-90.054733, 38.537774], [-90.054725, 38.538307], [-90.05544, 38.538996], [-90.057637, 38.539069], [-90.058855, 38.539754], [-90.058848, 38.540119], [-90.064114, 38.543262], [-90.064116, 38.542764], [-90.071465, 38.547001], [-90.078286, 38.550506], [-90.081829, 38.551347], [-90.081851, 38.550117], [-90.0864, 38.550153], [-90.086373, 38.551859], [-90.087879, 38.552262], [-90.090934, 38.55264], [-90.091324, 38.552826], [-90.097464, 38.553582], [-90.100031, 38.55406], [-90.106361, 38.548809], [-90.108375, 38.546787], [-90.109982, 38.546221], [-90.118367, 38.541072], [-90.12572, 38.538423], [-90.128681, 38.536766], [-90.13411, 38.532227], [-90.136609, 38.531451], [-90.13865, 38.530419], [-90.140691, 38.530428], [-90.140841, 38.530252], [-90.144113, 38.529452], [-90.184411, 38.529451], [-90.187379, 38.526831], [-90.189065, 38.524555], [-90.191589, 38.523284], [-90.191676, 38.523112], [-90.191534, 38.522695], [-90.192813, 38.520969], [-90.195728, 38.515434], [-90.199891, 38.516491], [-90.20027, 38.515117], [-90.201105, 38.513382], [-90.203395, 38.510158], [-90.204043, 38.509002], [-90.204075, 38.508492], [-90.203526, 38.506602], [-90.203467, 38.505847], [-90.203901, 38.505523], [-90.204832, 38.505457], [-90.205008, 38.505152], [-90.20626, 38.504307], [-90.207912, 38.503448], [-90.208581, 38.50287], [-90.210108, 38.500897], [-90.211684, 38.498669], [-90.212059, 38.495995], [-90.212647, 38.494671], [-90.213699, 38.492969], [-90.217926, 38.487049], [-90.219031, 38.484994], [-90.235203, 38.497522], [-90.23673, 38.498821], [-90.237554, 38.499826], [-90.240645, 38.50239], [-90.258026, 38.515732], [-90.264123, 38.520728]]]}}, {"type": "Feature", "properties": {"district": 3}, "geometry": {"type": "Polygon", "coordinates": [[[-88.263546, 42.05898], [-88.262796, 42.059212], [-88.262391, 42.059093], [-88.258822, 42.059099], [-88.257982, 42.059411], [-88.252515, 42.059423], [-88.252447, 42.058519], [-88.251922, 42.057914], [-88.252838, 42.056742], [-88.253706, 42.056766], [-88.253791, 42.056489], [-88.254654, 42.056041], [-88.254839, 42.055718], [-88.254724, 42.054401], [-88.253827, 42.053647], [-88.253615, 42.053121], [-88.25393, 42.052589], [-88.254607, 42.052205], [-88.2537, 42.05139], [-88.253614, 42.049857], [-88.253895, 42.049396], [-88.254763, 42.048677], [-88.254303, 42.048445], [-88.251838, 42.048539], [-88.251537, 42.046493], [-88.233039, 42.046809], [-88.232845, 42.040183], [-88.228383, 42.040286], [-88.228375, 42.038421], [-88.228255, 42.038425], [-88.227599, 42.038644], [-88.225004, 42.040763], [-88.224927, 42.040693], [-88.22779, 42.038418], [-88.230079, 42.038279], [-88.230534, 42.032439], [-88.229774, 42.030662], [-88.229753, 42.030272], [-88.228565, 42.030151], [-88.22961, 42.02841], [-88.229095, 42.028221], [-88.226885, 42.025707], [-88.22749, 42.025283], [-88.227632, 42.024699], [-88.228445, 42.024144], [-88.228566, 42.023712], [-88.22705, 42.02353], [-88.226799, 42.023948], [-88.225878, 42.024449], [-88.225167, 42.023887], [-88.223602, 42.023998], [-88.224501, 42.022797], [-88.225196, 42.022406], [-88.22205, 42.018684], [-88.223166, 42.018498], [-88.223982, 42.017767], [-88.225063, 42.017475], [-88.225479, 42.017176], [-88.225634, 42.016918], [-88.224699, 42.01648], [-88.224942, 42.015705], [-88.224893, 42.015041], [-88.221738, 42.015058], [-88.220494, 42.014883], [-88.219596, 42.01451], [-88.217649, 42.013019], [-88.213191, 42.011754], [-88.209707, 42.010422], [-88.209881, 42.010058], [-88.209732, 42.009896], [-88.208794, 42.009885], [-88.208606, 42.010051], [-88.206307, 42.009278], [-88.20573, 42.009253], [-88.205221, 42.009357], [-88.204396, 42.009854], [-88.203167, 42.009884], [-88.203181, 42.008909], [-88.200989, 42.008364], [-88.198343, 42.006899], [-88.198179, 42.006631], [-88.193165, 42.005779], [-88.192702, 42.00607], [-88.187974, 42.006027], [-88.186654, 42.005827], [-88.185608, 42.007251], [-88.185359, 42.008396], [-88.184626, 42.009726], [-88.188287, 42.009761], [-88.188297, 42.014355], [-88.188008, 42.014903], [-88.184279, 42.013606], [-88.180338, 42.013049], [-88.177011, 42.012373], [-88.175831, 42.013915], [-88.175239, 42.013568], [-88.17462, 42.013924], [-88.170214, 42.015374], [-88.169318, 42.014144], [-88.1688, 42.013982], [-88.16731, 42.014055], [-88.164729, 42.013655], [-88.159509, 42.01359], [-88.159248, 42.011169], [-88.159296, 42.009019], [-88.154335, 42.008304], [-88.148963, 42.007016], [-88.144803, 42.005431], [-88.144896, 41.991212], [-88.145101, 41.988242], [-88.169102, 41.987731], [-88.184215, 41.987599], [-88.183568, 41.985988], [-88.183894, 41.965346], [-88.184067, 41.96455], [-88.185356, 41.96203], [-88.185627, 41.960823], [-88.185633, 41.959812], [-88.185542, 41.959217], [-88.184596, 41.957032], [-88.184092, 41.956927], [-88.184264, 41.947884], [-88.182392, 41.947899], [-88.181515, 41.943889], [-88.180682, 41.943894], [-88.179504, 41.936836], [-88.179655, 41.922134], [-88.18212, 41.922126], [-88.182172, 41.9159], [-88.181751, 41.915614], [-88.181928, 41.914968], [-88.181109, 41.914718], [-88.180917, 41.914559], [-88.18103, 41.914373], [-88.180937, 41.914145], [-88.179859, 41.913692], [-88.179647, 41.913144], [-88.179697, 41.912847], [-88.17492, 41.91296], [-88.174862, 41.917685], [-88.173177, 41.917712], [-88.17319, 41.91701], [-88.172158, 41.917001], [-88.172179, 41.917729], [-88.169911, 41.917769], [-88.16975, 41.918112], [-88.169471, 41.918217], [-88.169419, 41.918715], [-88.155382, 41.91898], [-88.155431, 41.916426], [-88.153527, 41.916468], [-88.151769, 41.917257], [-88.15054, 41.917376], [-88.150383, 41.914186], [-88.150508, 41.907881], [-88.148685, 41.907658], [-88.148678, 41.907401], [-88.148016, 41.907322], [-88.148014, 41.907576], [-88.120556, 41.904306], [-88.120545, 41.899895], [-88.120707, 41.898845], [-88.121581, 41.896331], [-88.121582, 41.892627], [-88.119672, 41.892662], [-88.119669, 41.892269], [-88.116677, 41.892317], [-88.116679, 41.892716], [-88.111834, 41.892802], [-88.111861, 41.888027], [-88.092349, 41.888358], [-88.082229, 41.888881], [-88.082175, 41.901344], [-88.081979, 41.902963], [-88.085001, 41.902857], [-88.085044, 41.903579], [-88.085412, 41.903568], [-88.08536, 41.902844], [-88.087461, 41.902769], [-88.087489, 41.903504], [-88.087856, 41.903493], [-88.087819, 41.902756], [-88.096151, 41.902488], [-88.096102, 41.907514], [-88.094213, 41.907562], [-88.093389, 41.908213], [-88.092058, 41.908207], [-88.092017, 41.913984], [-88.091811, 41.914408], [-88.091411, 41.914742], [-88.091206, 41.914845], [-88.09091, 41.914529], [-88.09058, 41.914719], [-88.090251, 41.915319], [-88.090398, 41.915769], [-88.090901, 41.916186], [-88.091254, 41.915893], [-88.091477, 41.916099], [-88.091698, 41.916705], [-88.096052, 41.916641], [-88.096158, 41.917849], [-88.096436, 41.917842], [-88.096436, 41.918214], [-88.096136, 41.91822], [-88.09614, 41.921928], [-88.091146, 41.922051], [-88.091137, 41.924513], [-88.08136, 41.924797], [-88.081379, 41.921211], [-88.0641, 41.92173], [-88.064135, 41.922023], [-88.063472, 41.921873], [-88.062157, 41.921896], [-88.062224, 41.922317], [-88.05213, 41.920989], [-88.052087, 41.927426], [-88.051668, 41.928028], [-88.051877, 41.928334], [-88.051874, 41.928748], [-88.052179, 41.92874], [-88.05218, 41.930574], [-88.052021, 41.930579], [-88.052007, 41.934275], [-88.04692, 41.933374], [-88.03616, 41.932148], [-88.032023, 41.931485], [-88.032015, 41.933573], [-88.022454, 41.933826], [-88.022475, 41.935438], [-88.018118, 41.935561], [-88.018107, 41.937582], [-88.013196, 41.937698], [-88.013174, 41.942559], [-88.007598, 41.940214], [-88.007585, 41.941233], [-88.008261, 41.94122], [-88.008259, 41.943004], [-88.0075, 41.94302], [-88.007641, 41.943496], [-88.007631, 41.946041], [-88.003328, 41.946133], [-88.003325, 41.949], [-87.998279, 41.946802], [-87.99828, 41.946955], [-87.988674, 41.942526], [-87.988692, 41.949201], [-87.972186, 41.949559], [-87.972098, 41.949397], [-87.971944, 41.949562], [-87.969154, 41.949552], [-87.969119, 41.961168], [-87.973672, 41.962056], [-87.978833, 41.963753], [-87.978805, 41.969057], [-87.969028, 41.969222], [-87.969005, 41.971632], [-87.970746, 41.976912], [-87.971542, 41.977946], [-87.969582, 41.978091], [-87.969532, 41.983883], [-87.970408, 41.983965], [-87.970353, 41.993001], [-87.976594, 41.992915], [-87.976682, 41.995484], [-87.978854, 41.995531], [-87.978667, 41.996329], [-87.979176, 42.007395], [-87.979203, 42.015277], [-87.974672, 42.014227], [-87.972473, 42.013471], [-87.972226, 42.014113], [-87.972248, 42.015427], [-87.973646, 42.01548], [-87.974037, 42.015625], [-87.974268, 42.015965], [-87.974057, 42.016566], [-87.97339, 42.017207], [-87.973895, 42.017677], [-87.973927, 42.01828], [-87.973387, 42.019009], [-87.972412, 42.019761], [-87.972271, 42.020036], [-87.972565, 42.020854], [-87.973633, 42.020902], [-87.97381, 42.021037], [-87.973817, 42.022217], [-87.968947, 42.022288], [-87.96897, 42.026126], [-87.965749, 42.025805], [-87.964557, 42.025259], [-87.963973, 42.025521], [-87.962959, 42.025371], [-87.961379, 42.024755], [-87.961352, 42.025683], [-87.959925, 42.024639], [-87.959942, 42.025745], [-87.969849, 42.032964], [-87.969891, 42.036798], [-87.966967, 42.036852], [-87.966984, 42.038141], [-87.9637, 42.036903], [-87.940697, 42.037389], [-87.940483, 42.022716], [-87.922794, 42.022828], [-87.900483, 42.023717], [-87.900425, 42.016435], [-87.900028, 42.016447], [-87.899972, 42.009178], [-87.891816, 42.009442], [-87.891823, 42.005799], [-87.892115, 42.005816], [-87.893105, 42.006968], [-87.894082, 42.006943], [-87.894118, 42.002888], [-87.893488, 42.002899], [-87.893473, 42.003273], [-87.893127, 42.003284], [-87.893127, 42.004172], [-87.89187, 42.004102], [-87.890015, 42.003326], [-87.890131, 42.00232], [-87.896044, 42.00227], [-87.895964, 42.000298], [-87.898788, 42.000728], [-87.908863, 42.002766], [-87.908887, 42.003822], [-87.911178, 42.004436], [-87.915263, 42.005102], [-87.920505, 42.005077], [-87.920754, 42.003968], [-87.921228, 42.003844], [-87.929067, 42.004964], [-87.930537, 42.003981], [-87.933743, 42.00129], [-87.933729, 42.001727], [-87.936022, 41.999364], [-87.937473, 41.997132], [-87.938653, 41.994543], [-87.938967, 41.993515], [-87.920476, 41.993886], [-87.920229, 41.97184], [-87.916947, 41.970603], [-87.915033, 41.968257], [-87.914975, 41.966473], [-87.915048, 41.965792], [-87.91535, 41.965441], [-87.918815, 41.965298], [-87.919617, 41.964986], [-87.919713, 41.964168], [-87.920075, 41.963688], [-87.920022, 41.963525], [-87.918492, 41.96224], [-87.916676, 41.960346], [-87.915735, 41.958748], [-87.914727, 41.95849], [-87.913411, 41.957771], [-87.911815, 41.956348], [-87.906865, 41.955216], [-87.902082, 41.951036], [-87.898442, 41.951057], [-87.8971, 41.951427], [-87.895778, 41.952215], [-87.893248, 41.954707], [-87.893087, 41.958086], [-87.889256, 41.957974], [-87.887153, 41.958282], [-87.885876, 41.9581], [-87.883448, 41.957289], [-87.881022, 41.956805], [-87.860162, 41.954055], [-87.854222, 41.953065], [-87.853893, 41.952005], [-87.854117, 41.951328], [-87.847765, 41.951676], [-87.847654, 41.952686], [-87.836748, 41.952055], [-87.836735, 41.950218], [-87.832961, 41.950313], [-87.832891, 41.948494], [-87.831051, 41.948544], [-87.831122, 41.950361], [-87.829279, 41.950409], [-87.82935, 41.952226], [-87.820114, 41.952464], [-87.820008, 41.947597], [-87.816924, 41.949155], [-87.8169, 41.948707], [-87.812032, 41.948801], [-87.812136, 41.950606], [-87.810231, 41.950652], [-87.81035, 41.952393], [-87.80972, 41.952708], [-87.790646, 41.952846], [-87.790675, 41.953551], [-87.790791, 41.953557], [-87.790984, 41.95437], [-87.791015, 41.955585], [-87.789194, 41.955473], [-87.7892, 41.955666], [-87.786658, 41.955709], [-87.786699, 41.956566], [-87.785461, 41.956585], [-87.785581, 41.960236], [-87.783135, 41.960268], [-87.78315, 41.960722], [-87.782539, 41.960726], [-87.782662, 41.964703], [-87.777161, 41.964779], [-87.777082, 41.962224], [-87.773414, 41.962272], [-87.773368, 41.960856], [-87.772756, 41.960864], [-87.772803, 41.962279], [-87.766689, 41.962361], [-87.76667, 41.961402], [-87.76481, 41.961425], [-87.764778, 41.960511], [-87.757387, 41.9606], [-87.75745, 41.96247], [-87.751866, 41.962496], [-87.751921, 41.964321], [-87.751413, 41.964328], [-87.751312, 41.963984], [-87.750703, 41.963975], [-87.750659, 41.96251], [-87.748147, 41.962538], [-87.747588, 41.962235], [-87.747276, 41.962379], [-87.746458, 41.960736], [-87.74687, 41.960731], [-87.746831, 41.959818], [-87.746255, 41.959824], [-87.74576, 41.958812], [-87.745579, 41.953445], [-87.74275, 41.953474], [-87.74054, 41.949269], [-87.740962, 41.949527], [-87.739319, 41.946221], [-87.727401, 41.946373], [-87.727345, 41.94456], [-87.7249, 41.944586], [-87.724954, 41.946405], [-87.718764, 41.946488], [-87.719286, 41.947132], [-87.720089, 41.947725], [-87.722426, 41.948795], [-87.722624, 41.949698], [-87.722763, 41.955523], [-87.727669, 41.955477], [-87.727828, 41.960947], [-87.729693, 41.960927], [-87.740165, 41.968108], [-87.739176, 41.968121], [-87.73928, 41.971767], [-87.731831, 41.971845], [-87.73192, 41.975492], [-87.717827, 41.975643], [-87.717821, 41.975186], [-87.717219, 41.975195], [-87.71723, 41.975651], [-87.704748, 41.975775], [-87.703818, 41.972449], [-87.70311, 41.970888], [-87.700639, 41.968015], [-87.698714, 41.966199], [-87.701064, 41.9662], [-87.700911, 41.961234], [-87.698459, 41.961177], [-87.698031, 41.946683], [-87.688258, 41.946731], [-87.687924, 41.933079], [-87.685492, 41.933104], [-87.685464, 41.932198], [-87.683963, 41.932216], [-87.683998, 41.931679], [-87.684251, 41.931393], [-87.687768, 41.928638], [-87.687709, 41.926739], [-87.687855, 41.926732], [-87.687708, 41.926678], [-87.687642, 41.924901], [-87.686843, 41.895743], [-87.695468, 41.895658], [-87.69556, 41.899289], [-87.724971, 41.899035], [-87.724916, 41.897206], [-87.72614, 41.897201], [-87.72608, 41.895368], [-87.745807, 41.895004], [-87.746036, 41.905988], [-87.748502, 41.905961], [-87.748542, 41.907762], [-87.750995, 41.907743], [-87.751035, 41.909563], [-87.752647, 41.909541], [-87.752858, 41.915326], [-87.76079, 41.916261], [-87.760871, 41.917848], [-87.767018, 41.91898], [-87.76694, 41.916869], [-87.76816, 41.916856], [-87.768201, 41.918052], [-87.780259, 41.917846], [-87.780389, 41.917921], [-87.780401, 41.918292], [-87.785277, 41.918228], [-87.785177, 41.914592], [-87.794958, 41.914484], [-87.795, 41.915848], [-87.798664, 41.915813], [-87.798734, 41.918094], [-87.801484, 41.918069], [-87.801427, 41.916241], [-87.806005, 41.916189], [-87.805826, 41.910706], [-87.807055, 41.910579], [-87.808274, 41.910666], [-87.808333, 41.912494], [-87.813828, 41.912402], [-87.813765, 41.910571], [-87.81438, 41.910563], [-87.814437, 41.91239], [-87.815659, 41.912369], [-87.8156, 41.910542], [-87.81621, 41.910531], [-87.816271, 41.912359], [-87.816882, 41.912348], [-87.816822, 41.910521], [-87.820484, 41.91046], [-87.820541, 41.912287], [-87.822987, 41.912243], [-87.822927, 41.910244], [-87.823683, 41.910254], [-87.824139, 41.910714], [-87.82421, 41.912222], [-87.825444, 41.912203], [-87.825457, 41.911015], [-87.826799, 41.911746], [-87.828197, 41.91195], [-87.82906, 41.911645], [-87.83022, 41.910558], [-87.831147, 41.910359], [-87.831965, 41.910378], [-87.833042, 41.910898], [-87.833651, 41.911614], [-87.833163, 41.916098], [-87.833284, 41.916983], [-87.833709, 41.918077], [-87.834093, 41.918482], [-87.835372, 41.918916], [-87.83737, 41.920244], [-87.841118, 41.9234], [-87.842935, 41.925831], [-87.844388, 41.928202], [-87.846145, 41.930626], [-87.847802, 41.932547], [-87.847931, 41.933108], [-87.847439, 41.933866], [-87.847435, 41.93443], [-87.848608, 41.936357], [-87.849588, 41.937286], [-87.854114, 41.937007], [-87.859719, 41.936898], [-87.858809, 41.934291], [-87.870414, 41.937663], [-87.87037, 41.936734], [-87.875299, 41.938179], [-87.875341, 41.93911], [-87.882511, 41.941236], [-87.885209, 41.942229], [-87.885274, 41.943655], [-87.886494, 41.943756], [-87.887922, 41.942653], [-87.887781, 41.940047], [-87.891067, 41.940096], [-87.892346, 41.940423], [-87.905887, 41.945545], [-87.914901, 41.948168], [-87.914673, 41.943326], [-87.920244, 41.943126], [-87.920288, 41.9313], [-87.933893, 41.931662], [-87.96679, 41.930079], [-87.966596, 41.924909], [-87.966549, 41.924214], [-87.966357, 41.924125], [-87.966332, 41.922392], [-87.967594, 41.922394], [-87.967594, 41.922732], [-87.969047, 41.923016], [-87.969044, 41.922023], [-87.96929, 41.922021], [-87.969318, 41.920271], [-87.969822, 41.920256], [-87.969804, 41.919533], [-87.974258, 41.919474], [-87.974691, 41.920176], [-87.983112, 41.920039], [-87.98293, 41.914723], [-87.98359, 41.913955], [-87.983566, 41.912717], [-87.988359, 41.912513], [-87.988353, 41.905255], [-87.992657, 41.905128], [-87.992794, 41.900929], [-87.993395, 41.900931], [-87.993436, 41.899707], [-87.995685, 41.898934], [-87.997564, 41.898952], [-87.997591, 41.898084], [-87.998404, 41.898097], [-87.998227, 41.904261], [-88.004, 41.904185], [-88.003994, 41.904299], [-88.004718, 41.90428], [-88.004709, 41.904875], [-88.024666, 41.904473], [-88.024668, 41.90467], [-88.026339, 41.904643], [-88.038119, 41.904272], [-88.038044, 41.89932], [-88.037567, 41.889795], [-88.037, 41.888021], [-88.03457, 41.884156], [-88.036129, 41.883981], [-88.036477, 41.883705], [-88.039726, 41.883044], [-88.065728, 41.876154], [-88.067746, 41.875933], [-88.069305, 41.875955], [-88.072452, 41.876304], [-88.072348, 41.876618], [-88.074907, 41.876737], [-88.076848, 41.876577], [-88.078597, 41.876206], [-88.080387, 41.875561], [-88.081915, 41.874748], [-88.085484, 41.871956], [-88.08565, 41.872176], [-88.091997, 41.872052], [-88.091998, 41.867687], [-88.103041, 41.86534], [-88.101754, 41.851508], [-88.101675, 41.840509], [-88.101868, 41.83528], [-88.102612, 41.833408], [-88.107412, 41.825461], [-88.109875, 41.820372], [-88.113779, 41.81473], [-88.115636, 41.814704], [-88.115801, 41.814431], [-88.117055, 41.814873], [-88.117293, 41.81458], [-88.118277, 41.814705], [-88.130579, 41.81436], [-88.151257, 41.813583], [-88.151115, 41.813884], [-88.150859, 41.81382], [-88.150654, 41.814625], [-88.148477, 41.819423], [-88.153826, 41.819111], [-88.158217, 41.819081], [-88.158241, 41.816967], [-88.159532, 41.816939], [-88.159508, 41.819064], [-88.162065, 41.81903], [-88.161986, 41.822193], [-88.166039, 41.82203], [-88.16594, 41.830357], [-88.169458, 41.830058], [-88.172505, 41.829231], [-88.173963, 41.828551], [-88.178532, 41.825825], [-88.184627, 41.823335], [-88.18477, 41.823593], [-88.184659, 41.824464], [-88.184834, 41.824501], [-88.193217, 41.825149], [-88.193234, 41.824828], [-88.19442, 41.824652], [-88.19402, 41.823057], [-88.195779, 41.822676], [-88.195844, 41.823265], [-88.202951, 41.823417], [-88.203849, 41.820523], [-88.215431, 41.820716], [-88.227179, 41.820304], [-88.231179, 41.819956], [-88.262787, 41.815632], [-88.262835, 41.828364], [-88.262552, 41.859402], [-88.262418, 41.903317], [-88.262922, 41.993616], [-88.263322, 42.019937], [-88.26322, 42.021951], [-88.263546, 42.05898]]]}}, {"type": "Feature", "properties": {"district": 14}, "geometry": {"type": "Polygon", "coordinates": [[[-89.393657, 41.494931], [-89.373514, 41.495289], [-89.344484, 41.495496], [-89.263926, 41.495161], [-89.214576, 41.495386], [-89.166542, 41.495832], [-89.166522, 41.585596], [-89.16715, 41.628657], [-89.109873, 41.627584], [-89.052011, 41.626704], [-88.938679, 41.628316], [-88.93886, 41.638235], [-88.938744, 41.638362], [-88.938909, 41.640076], [-88.940317, 41.716772], [-88.94056, 41.717148], [-88.941442, 41.717229], [-88.94166, 41.717503], [-88.941335, 41.792962], [-88.941279, 41.891752], [-88.941681, 41.930903], [-88.941883, 41.97888], [-88.812369, 41.979683], [-88.714728, 41.980045], [-88.714873, 41.994435], [-88.718479, 41.995822], [-88.714641, 42.00572], [-88.714817, 42.014692], [-88.718664, 42.014874], [-88.718661, 42.016955], [-88.719724, 42.017007], [-88.719784, 42.019435], [-88.715125, 42.019383], [-88.715601, 42.066434], [-88.683862, 42.066474], [-88.68435, 42.062027], [-88.684326, 42.047112], [-88.683752, 42.044096], [-88.681299, 42.037962], [-88.673871, 42.037681], [-88.673598, 42.037793], [-88.673169, 42.038759], [-88.672831, 42.03896], [-88.660942, 42.039208], [-88.659743, 42.039743], [-88.65847, 42.039253], [-88.65657, 42.039302], [-88.655674, 42.039385], [-88.653548, 42.040023], [-88.653447, 42.038872], [-88.65057, 42.038917], [-88.650561, 42.038515], [-88.650301, 42.038522], [-88.651752, 42.033021], [-88.653796, 42.033003], [-88.653763, 42.03194], [-88.652306, 42.031968], [-88.651385, 42.032485], [-88.650285, 42.032625], [-88.645549, 42.031535], [-88.645554, 42.031689], [-88.637807, 42.029864], [-88.635279, 42.029917], [-88.633237, 42.030441], [-88.6319, 42.02895], [-88.6318, 42.021343], [-88.635736, 42.021301], [-88.635599, 42.014013], [-88.640407, 42.013943], [-88.640539, 42.003322], [-88.640404, 42.003095], [-88.613546, 42.003162], [-88.613573, 42.006593], [-88.613175, 42.006789], [-88.611416, 42.00679], [-88.611138, 42.007084], [-88.611272, 42.017819], [-88.60156, 42.017925], [-88.601289, 41.981473], [-88.601474, 41.959479], [-88.601344, 41.908169], [-88.60209, 41.835823], [-88.602566, 41.806847], [-88.586453, 41.806993], [-88.586195, 41.806846], [-88.528191, 41.807746], [-88.488338, 41.808477], [-88.480148, 41.808825], [-88.475904, 41.808665], [-88.468064, 41.809125], [-88.453873, 41.809135], [-88.400467, 41.809912], [-88.388796, 41.809639], [-88.388304, 41.809768], [-88.376107, 41.809888], [-88.375839, 41.801975], [-88.375391, 41.797344], [-88.375479, 41.780917], [-88.375736, 41.777081], [-88.375595, 41.757829], [-88.376214, 41.756231], [-88.376323, 41.755425], [-88.376267, 41.754673], [-88.375737, 41.75287], [-88.375688, 41.744395], [-88.374724, 41.744538], [-88.33837, 41.745033], [-88.335174, 41.743649], [-88.333746, 41.745365], [-88.331117, 41.744244], [-88.330438, 41.745144], [-88.329486, 41.745229], [-88.327771, 41.744537], [-88.327587, 41.745044], [-88.328133, 41.7462], [-88.32763, 41.74703], [-88.327108, 41.747405], [-88.326961, 41.747738], [-88.32678, 41.748235], [-88.326742, 41.749581], [-88.32612, 41.750861], [-88.323925, 41.752716], [-88.322897, 41.753291], [-88.321711, 41.754484], [-88.318659, 41.756844], [-88.317581, 41.756314], [-88.317038, 41.756388], [-88.316681, 41.75596], [-88.315612, 41.756594], [-88.314188, 41.757707], [-88.315, 41.758161], [-88.314145, 41.759066], [-88.314731, 41.759348], [-88.31362, 41.760342], [-88.311846, 41.759514], [-88.312729, 41.758384], [-88.30591, 41.754925], [-88.294288, 41.753259], [-88.274545, 41.757967], [-88.267869, 41.760071], [-88.266371, 41.760305], [-88.26212, 41.760446], [-88.261917, 41.742193], [-88.261952, 41.724652], [-88.187286, 41.725479], [-88.148194, 41.726117], [-88.146052, 41.667463], [-88.145526, 41.656406], [-88.144811, 41.631063], [-88.142626, 41.631097], [-88.142011, 41.630594], [-88.141149, 41.631045], [-88.139454, 41.630742], [-88.1388, 41.631199], [-88.136791, 41.631235], [-88.137171, 41.631038], [-88.136724, 41.630516], [-88.13565, 41.630288], [-88.135403, 41.630571], [-88.135197, 41.630489], [-88.134569, 41.631284], [-88.126364, 41.63146], [-88.126747, 41.631766], [-88.124008, 41.63169], [-88.124441, 41.637432], [-88.12481, 41.652291], [-88.121423, 41.652437], [-88.117881, 41.653644], [-88.117718, 41.653533], [-88.11572, 41.653699], [-88.104737, 41.653893], [-88.080271, 41.654711], [-88.07805, 41.65427], [-88.07651, 41.65428], [-88.070026, 41.654936], [-88.058565, 41.655553], [-88.055272, 41.655445], [-88.053296, 41.657749], [-88.051316, 41.65964], [-88.04843, 41.661945], [-88.046233, 41.663306], [-88.043125, 41.664882], [-88.040382, 41.665994], [-88.028557, 41.669915], [-88.027688, 41.641506], [-88.046664, 41.641019], [-88.046533, 41.636698], [-88.049027, 41.636388], [-88.048963, 41.637103], [-88.060347, 41.636946], [-88.0646, 41.597031], [-88.058306, 41.597011], [-88.040649, 41.597407], [-88.040531, 41.594189], [-88.039666, 41.593548], [-88.047068, 41.587975], [-88.048073, 41.587558], [-88.049378, 41.587382], [-88.051491, 41.58779], [-88.052953, 41.584676], [-88.04975, 41.583826], [-88.04819, 41.58391], [-88.048143, 41.58266], [-88.02579, 41.5833], [-88.023946, 41.523019], [-88.024781, 41.523009], [-88.024767, 41.522542], [-88.025482, 41.522525], [-88.025492, 41.52299], [-88.025805, 41.52298], [-88.025798, 41.522518], [-88.026096, 41.52251], [-88.026046, 41.521297], [-88.024556, 41.521319], [-88.024575, 41.521979], [-88.023911, 41.521993], [-88.021672, 41.453146], [-88.018991, 41.38044], [-88.096158, 41.37911], [-88.134896, 41.378247], [-88.137273, 41.434643], [-88.138353, 41.4647], [-88.176909, 41.464065], [-88.177084, 41.467452], [-88.172439, 41.470885], [-88.172791, 41.478226], [-88.177624, 41.478183], [-88.177394, 41.472395], [-88.177501, 41.472354], [-88.177794, 41.479637], [-88.178286, 41.481167], [-88.178295, 41.481714], [-88.182894, 41.48082], [-88.192085, 41.477022], [-88.192079, 41.476848], [-88.196449, 41.474986], [-88.199719, 41.473726], [-88.203764, 41.472447], [-88.207734, 41.4716], [-88.208216, 41.470656], [-88.207776, 41.469635], [-88.207626, 41.469696], [-88.207517, 41.469473], [-88.207679, 41.469406], [-88.207657, 41.468576], [-88.210633, 41.467341], [-88.214301, 41.463447], [-88.237229, 41.462893], [-88.252219, 41.462753], [-88.252231, 41.463066], [-88.254972, 41.462768], [-88.319918, 41.461132], [-88.382191, 41.46024], [-88.481681, 41.457903], [-88.556237, 41.457575], [-88.595961, 41.457129], [-88.595155, 41.418222], [-88.593704, 41.373035], [-88.59004, 41.303464], [-88.590912, 41.303034], [-88.596327, 41.301463], [-88.599477, 41.300068], [-88.601828, 41.299434], [-88.603935, 41.299069], [-88.611646, 41.299079], [-88.615517, 41.299366], [-88.620704, 41.299158], [-88.62592, 41.299863], [-88.627711, 41.30037], [-88.629393, 41.301433], [-88.630088, 41.302241], [-88.631483, 41.304908], [-88.632156, 41.305645], [-88.635852, 41.307978], [-88.638292, 41.309796], [-88.641328, 41.31097], [-88.64631, 41.312097], [-88.65014, 41.313334], [-88.653156, 41.313945], [-88.658274, 41.313988], [-88.659423, 41.313747], [-88.662597, 41.312423], [-88.664699, 41.311808], [-88.667491, 41.311634], [-88.67068, 41.311941], [-88.675165, 41.313419], [-88.682833, 41.315193], [-88.683938, 41.315699], [-88.684691, 41.316347], [-88.685627, 41.316818], [-88.685988, 41.31724], [-88.687883, 41.318611], [-88.690726, 41.319577], [-88.694527, 41.321174], [-88.696939, 41.321411], [-88.698162, 41.321364], [-88.699663, 41.321831], [-88.703787, 41.321995], [-88.706649, 41.322346], [-88.707589, 41.323094], [-88.710712, 41.323453], [-88.712891, 41.324359], [-88.714106, 41.325116], [-88.715388, 41.325524], [-88.719905, 41.326527], [-88.723427, 41.327515], [-88.731818, 41.329364], [-88.737271, 41.330885], [-88.740719, 41.331365], [-88.748965, 41.33148], [-88.756053, 41.330691], [-88.759714, 41.329838], [-88.761362, 41.329836], [-88.761582, 41.32965], [-88.763847, 41.330179], [-88.768165, 41.332009], [-88.770744, 41.33271], [-88.772221, 41.332935], [-88.777435, 41.333264], [-88.779502, 41.33359], [-88.781652, 41.334548], [-88.784541, 41.33694], [-88.785207, 41.33627], [-88.787032, 41.33699], [-88.796222, 41.338369], [-88.798722, 41.339428], [-88.803497, 41.340487], [-88.805548, 41.340689], [-88.80803, 41.34046], [-88.811349, 41.339916], [-88.811293, 41.334586], [-88.811791, 41.334585], [-88.812129, 41.333487], [-88.812125, 41.332782], [-88.813559, 41.332797], [-88.813534, 41.331729], [-88.812017, 41.330699], [-88.811952, 41.328838], [-88.817323, 41.328633], [-88.817013, 41.281168], [-88.83242, 41.280765], [-88.855697, 41.280507], [-88.913569, 41.280161], [-88.913425, 41.258248], [-88.93287, 41.258125], [-88.933078, 41.280034], [-89.010298, 41.279964], [-89.010084, 41.281439], [-89.01006, 41.284771], [-89.010695, 41.284773], [-89.012719, 41.284665], [-89.014728, 41.284146], [-89.015971, 41.283562], [-89.018715, 41.281757], [-89.020392, 41.281252], [-89.02249, 41.281311], [-89.026861, 41.28258], [-89.029328, 41.282869], [-89.029592, 41.281761], [-89.03314, 41.281419], [-89.034019, 41.281122], [-89.034868, 41.28023], [-89.034656, 41.28007], [-89.034716, 41.27857], [-89.044232, 41.278612], [-89.045298, 41.279639], [-89.046208, 41.279959], [-89.047238, 41.280096], [-89.048542, 41.28003], [-89.049079, 41.250035], [-89.048736, 41.226663], [-89.051209, 41.224501], [-89.054558, 41.222488], [-89.055958, 41.221932], [-89.058599, 41.221467], [-89.068454, 41.221334], [-89.120857, 41.221505], [-89.162782, 41.221379], [-89.16262, 41.192312], [-89.280017, 41.191294], [-89.308849, 41.191417], [-89.308988, 41.205537], [-89.309635, 41.207738], [-89.311838, 41.212129], [-89.313267, 41.213937], [-89.317264, 41.216779], [-89.31818, 41.217673], [-89.319286, 41.219108], [-89.320272, 41.221394], [-89.320727, 41.225761], [-89.321404, 41.227815], [-89.330247, 41.227947], [-89.329961, 41.235504], [-89.330323, 41.235562], [-89.331571, 41.237076], [-89.331521, 41.23852], [-89.334461, 41.239784], [-89.345734, 41.247344], [-89.344015, 41.247219], [-89.343898, 41.248149], [-89.344071, 41.249244], [-89.343924, 41.249543], [-89.343456, 41.249708], [-89.342967, 41.250497], [-89.341669, 41.250078], [-89.340533, 41.252078], [-89.343159, 41.252927], [-89.34259, 41.253928], [-89.343911, 41.254354], [-89.343345, 41.255356], [-89.346075, 41.256235], [-89.346643, 41.255236], [-89.345262, 41.25479], [-89.34583, 41.25379], [-89.347177, 41.254225], [-89.34774, 41.253234], [-89.347959, 41.252107], [-89.348181, 41.252179], [-89.348322, 41.25193], [-89.350253, 41.252554], [-89.349495, 41.254851], [-89.348885, 41.257543], [-89.348198, 41.259284], [-89.349271, 41.259292], [-89.348384, 41.261018], [-89.371318, 41.265966], [-89.374629, 41.266046], [-89.3817, 41.2656], [-89.392297, 41.264653], [-89.393463, 41.264704], [-89.392725, 41.317278], [-89.392859, 41.326139], [-89.392525, 41.350391], [-89.393037, 41.36112], [-89.393273, 41.391562], [-89.393586, 41.407572], [-89.393657, 41.494931]]]}}, {"type": "Feature", "properties": {"district": 4}, "geometry": {"type": "Polygon", "coordinates": [[[-87.967225, 41.846238], [-87.95747, 41.846583], [-87.957498, 41.853112], [-87.957893, 41.853112], [-87.957927, 41.856146], [-87.953292, 41.856318], [-87.9533, 41.857537], [-87.949753, 41.857667], [-87.949475, 41.858918], [-87.948585, 41.858953], [-87.94862, 41.861026], [-87.939563, 41.861278], [-87.939444, 41.861516], [-87.938555, 41.86154], [-87.939718, 41.874413], [-87.940977, 41.874373], [-87.941159, 41.876189], [-87.939871, 41.876234], [-87.939967, 41.882102], [-87.939322, 41.881881], [-87.939983, 41.883527], [-87.940078, 41.890849], [-87.939872, 41.906265], [-87.923862, 41.906555], [-87.920423, 41.906843], [-87.920244, 41.943126], [-87.914673, 41.943326], [-87.914901, 41.948168], [-87.905887, 41.945545], [-87.892346, 41.940423], [-87.891067, 41.940096], [-87.887781, 41.940047], [-87.887922, 41.942653], [-87.886494, 41.943756], [-87.885274, 41.943655], [-87.885209, 41.942229], [-87.882511, 41.941236], [-87.875341, 41.93911], [-87.875299, 41.938179], [-87.87037, 41.936734], [-87.870414, 41.937663], [-87.858809, 41.934291], [-87.859719, 41.936898], [-87.854114, 41.937007], [-87.849588, 41.937286], [-87.848608, 41.936357], [-87.847435, 41.93443], [-87.847439, 41.933866], [-87.847931, 41.933108], [-87.847802, 41.932547], [-87.846145, 41.930626], [-87.844388, 41.928202], [-87.842935, 41.925831], [-87.841118, 41.9234], [-87.83737, 41.920244], [-87.835372, 41.918916], [-87.834093, 41.918482], [-87.833709, 41.918077], [-87.833284, 41.916983], [-87.833163, 41.916098], [-87.833292, 41.914216], [-87.833684, 41.912003], [-87.833528, 41.911384], [-87.832371, 41.910492], [-87.831485, 41.910338], [-87.830096, 41.910613], [-87.829198, 41.911545], [-87.828523, 41.911882], [-87.827715, 41.911956], [-87.826799, 41.911746], [-87.825457, 41.911015], [-87.825454, 41.908545], [-87.824511, 41.908562], [-87.824798, 41.9077], [-87.826024, 41.906701], [-87.827851, 41.905767], [-87.830755, 41.904799], [-87.832371, 41.903586], [-87.833496, 41.901554], [-87.834243, 41.898396], [-87.834654, 41.897259], [-87.835948, 41.897257], [-87.835914, 41.896333], [-87.84077, 41.896249], [-87.8407, 41.894435], [-87.839491, 41.894456], [-87.839378, 41.891732], [-87.840595, 41.891713], [-87.840457, 41.888531], [-87.863949, 41.891155], [-87.864013, 41.892923], [-87.878485, 41.892744], [-87.883518, 41.892407], [-87.888263, 41.89243], [-87.888401, 41.891716], [-87.894073, 41.892238], [-87.894293, 41.892527], [-87.895511, 41.892651], [-87.898466, 41.892509], [-87.899336, 41.892644], [-87.903266, 41.892666], [-87.903254, 41.889289], [-87.908125, 41.889421], [-87.908137, 41.885404], [-87.910218, 41.885416], [-87.910226, 41.883774], [-87.910733, 41.883773], [-87.910759, 41.882347], [-87.911417, 41.882308], [-87.911416, 41.881955], [-87.920606, 41.882701], [-87.920417, 41.86413], [-87.920299, 41.861598], [-87.919395, 41.854039], [-87.919213, 41.847228], [-87.919764, 41.839607], [-87.919081, 41.836014], [-87.918952, 41.833149], [-87.874229, 41.834263], [-87.873756, 41.83244], [-87.868053, 41.832593], [-87.868548, 41.844365], [-87.866283, 41.844413], [-87.866259, 41.843831], [-87.866896, 41.843706], [-87.866857, 41.841752], [-87.866128, 41.841927], [-87.865261, 41.841835], [-87.865254, 41.841706], [-87.864659, 41.841831], [-87.849684, 41.842196], [-87.849658, 41.841756], [-87.849018, 41.841767], [-87.848665, 41.841922], [-87.848922, 41.842201], [-87.846373, 41.84221], [-87.842344, 41.842527], [-87.842714, 41.849684], [-87.808079, 41.850291], [-87.808348, 41.857668], [-87.803944, 41.857735], [-87.804199, 41.86498], [-87.776588, 41.865426], [-87.776603, 41.865882], [-87.774146, 41.865915], [-87.774139, 41.865459], [-87.739932, 41.86596], [-87.739846, 41.860312], [-87.739198, 41.845473], [-87.713764, 41.851183], [-87.713778, 41.851677], [-87.712534, 41.851693], [-87.711143, 41.851991], [-87.71089, 41.851645], [-87.710128, 41.851706], [-87.710136, 41.852011], [-87.705294, 41.853109], [-87.705307, 41.853587], [-87.703771, 41.853611], [-87.702877, 41.853802], [-87.702892, 41.854183], [-87.700056, 41.854272], [-87.699176, 41.854456], [-87.699213, 41.855505], [-87.695569, 41.855552], [-87.695558, 41.85524], [-87.687268, 41.857125], [-87.685839, 41.85764], [-87.685834, 41.859366], [-87.644222, 41.859956], [-87.64415, 41.856765], [-87.645124, 41.853115], [-87.645194, 41.852259], [-87.6449, 41.85084], [-87.644161, 41.849437], [-87.64442, 41.849411], [-87.643803, 41.848488], [-87.64552, 41.848117], [-87.646706, 41.847663], [-87.649482, 41.846259], [-87.649217, 41.8459], [-87.649779, 41.845652], [-87.650843, 41.845498], [-87.649812, 41.844407], [-87.646431, 41.844513], [-87.645416, 41.804313], [-87.650274, 41.804256], [-87.650288, 41.80493], [-87.660005, 41.804753], [-87.660012, 41.805029], [-87.663656, 41.804979], [-87.663609, 41.803155], [-87.669692, 41.803098], [-87.669645, 41.801276], [-87.679641, 41.801168], [-87.679581, 41.795178], [-87.679162, 41.794752], [-87.682314, 41.794755], [-87.682292, 41.793828], [-87.684042, 41.793877], [-87.683991, 41.792035], [-87.685237, 41.792012], [-87.685168, 41.790194], [-87.68638, 41.790176], [-87.686329, 41.788353], [-87.687548, 41.788331], [-87.687498, 41.786504], [-87.691156, 41.786447], [-87.690959, 41.779153], [-87.703137, 41.778973], [-87.703095, 41.777144], [-87.707943, 41.777063], [-87.70781, 41.771599], [-87.693206, 41.771824], [-87.693029, 41.76454], [-87.702813, 41.764389], [-87.702615, 41.757216], [-87.711084, 41.757036], [-87.71233, 41.757192], [-87.712323, 41.756907], [-87.722191, 41.756838], [-87.721972, 41.75136], [-87.720362, 41.751384], [-87.720293, 41.749526], [-87.721912, 41.749502], [-87.721679, 41.742179], [-87.722898, 41.742156], [-87.722771, 41.738495], [-87.723986, 41.738473], [-87.723858, 41.734825], [-87.741067, 41.734524], [-87.741208, 41.732755], [-87.74104, 41.727363], [-87.760549, 41.72702], [-87.76067, 41.730606], [-87.763098, 41.730573], [-87.763228, 41.734139], [-87.768121, 41.734055], [-87.768113, 41.733615], [-87.768507, 41.733603], [-87.770563, 41.733568], [-87.770556, 41.734012], [-87.799102, 41.7335], [-87.799744, 41.748134], [-87.794851, 41.748209], [-87.794875, 41.751781], [-87.780348, 41.752109], [-87.780749, 41.75544], [-87.761449, 41.756097], [-87.76098, 41.756137], [-87.760989, 41.756431], [-87.751347, 41.756561], [-87.751336, 41.756293], [-87.751164, 41.75631], [-87.751243, 41.754495], [-87.749204, 41.754527], [-87.746405, 41.756414], [-87.741599, 41.756489], [-87.742166, 41.768121], [-87.742055, 41.771129], [-87.742165, 41.77478], [-87.771353, 41.774205], [-87.772066, 41.792542], [-87.762302, 41.792736], [-87.762538, 41.800058], [-87.792824, 41.799465], [-87.796042, 41.79943], [-87.796626, 41.799576], [-87.802094, 41.797847], [-87.801615, 41.794814], [-87.800886, 41.776567], [-87.801039, 41.776221], [-87.804362, 41.772386], [-87.804527, 41.772506], [-87.805849, 41.772387], [-87.805692, 41.774432], [-87.812039, 41.774378], [-87.81225, 41.774584], [-87.81194, 41.77449], [-87.814453, 41.776309], [-87.814716, 41.775946], [-87.816724, 41.777415], [-87.827178, 41.783741], [-87.830647, 41.78381], [-87.831056, 41.785131], [-87.834556, 41.782231], [-87.838749, 41.78383], [-87.856106, 41.783732], [-87.856134, 41.783949], [-87.856965, 41.783579], [-87.8586, 41.783614], [-87.859316, 41.801612], [-87.864224, 41.80153], [-87.864149, 41.7997], [-87.865377, 41.799673], [-87.865449, 41.801504], [-87.870621, 41.801397], [-87.87054, 41.799571], [-87.878884, 41.799403], [-87.879048, 41.803044], [-87.88394, 41.802959], [-87.883982, 41.80476], [-87.888789, 41.804646], [-87.889432, 41.819672], [-87.899813, 41.820694], [-87.900959, 41.820694], [-87.913629, 41.818636], [-87.913471, 41.818641], [-87.913194, 41.810482], [-87.908729, 41.798776], [-87.90815, 41.796367], [-87.907907, 41.789618], [-87.910019, 41.789571], [-87.910059, 41.789407], [-87.90992, 41.789238], [-87.908784, 41.789239], [-87.908621, 41.789082], [-87.908718, 41.785287], [-87.908928, 41.784762], [-87.909518, 41.784219], [-87.909405, 41.782947], [-87.908431, 41.782097], [-87.908413, 41.780829], [-87.909231, 41.780808], [-87.90926, 41.780988], [-87.911903, 41.780935], [-87.911931, 41.780127], [-87.914257, 41.780281], [-87.916658, 41.780224], [-87.91672, 41.781733], [-87.921557, 41.781636], [-87.921572, 41.782028], [-87.946504, 41.781524], [-87.946665, 41.781606], [-87.946898, 41.788607], [-87.956199, 41.788593], [-87.956333, 41.78949], [-87.956095, 41.790381], [-87.955467, 41.79096], [-87.955314, 41.790864], [-87.954869, 41.791412], [-87.954999, 41.792305], [-87.954923, 41.792604], [-87.954547, 41.792954], [-87.954537, 41.793266], [-87.954735, 41.793909], [-87.955362, 41.794965], [-87.955198, 41.795607], [-87.954247, 41.795779], [-87.954692, 41.79734], [-87.954013, 41.797429], [-87.953717, 41.798123], [-87.953738, 41.799027], [-87.953055, 41.799826], [-87.952895, 41.800298], [-87.953257, 41.801251], [-87.95526, 41.80122], [-87.955545, 41.803134], [-87.950177, 41.803239], [-87.950246, 41.804972], [-87.950518, 41.805635], [-87.950631, 41.808807], [-87.956393, 41.807404], [-87.956506, 41.810429], [-87.946816, 41.810735], [-87.946922, 41.811908], [-87.948348, 41.813735], [-87.951444, 41.816362], [-87.952571, 41.817757], [-87.953005, 41.819103], [-87.953307, 41.825048], [-87.953538, 41.825048], [-87.953773, 41.828224], [-87.954353, 41.83029], [-87.955326, 41.832276], [-87.95883, 41.832113], [-87.958855, 41.832489], [-87.959841, 41.832728], [-87.960314, 41.833186], [-87.961329, 41.835453], [-87.962344, 41.836891], [-87.963257, 41.837678], [-87.965163, 41.83841], [-87.965863, 41.838967], [-87.966094, 41.839533], [-87.966097, 41.840715], [-87.964953, 41.842168], [-87.964914, 41.843797], [-87.96687, 41.843783], [-87.966878, 41.84447], [-87.9671, 41.84447], [-87.967225, 41.846238]]]}}, {"type": "Feature", "properties": {"district": 15}, "geometry": {"type": "Polygon", "coordinates": [[[-91.512974, 40.181062], [-91.512316, 40.184717], [-91.511073, 40.188794], [-91.509551, 40.191338], [-91.505495, 40.195606], [-91.504765, 40.196737], [-91.504477, 40.198262], [-91.504754, 40.199318], [-91.505834, 40.201808], [-91.506664, 40.204758], [-91.507269, 40.209338], [-91.506947, 40.21555], [-91.505193, 40.220861], [-91.504615, 40.223484], [-91.504282, 40.224299], [-91.504289, 40.231712], [-91.505968, 40.234305], [-91.506501, 40.236304], [-91.505828, 40.238839], [-91.503752, 40.242626], [-91.502551, 40.244379], [-91.500855, 40.245722], [-91.498869, 40.246715], [-91.497496, 40.248236], [-91.496798, 40.249662], [-91.49325, 40.254642], [-91.491735, 40.257063], [-91.490524, 40.259498], [-91.489969, 40.26234], [-91.490525, 40.264814], [-91.49204, 40.267427], [-91.492891, 40.269923], [-91.493061, 40.275262], [-91.492727, 40.278217], [-91.490971, 40.283364], [-91.489868, 40.286048], [-91.487322, 40.291184], [-91.484226, 40.296493], [-91.483741, 40.298086], [-91.48245, 40.300583], [-91.477083, 40.308254], [-91.471826, 40.31734], [-91.469656, 40.322409], [-91.467138, 40.332877], [-91.466603, 40.334461], [-91.46397, 40.339597], [-91.46214, 40.342414], [-91.458824, 40.346505], [-91.454076, 40.351861], [-91.452237, 40.35367], [-91.447835, 40.359129], [-91.446308, 40.361823], [-91.44477, 40.363214], [-91.441586, 40.365372], [-91.439342, 40.366569], [-91.429442, 40.370386], [-91.426632, 40.371988], [-91.422862, 40.375044], [-91.417066, 40.380402], [-91.415051, 40.381747], [-91.413011, 40.382277], [-91.402392, 40.382692], [-91.396996, 40.383127], [-91.391613, 40.384038], [-91.38836, 40.384929], [-91.384201, 40.38643], [-91.381958, 40.387632], [-91.379943, 40.388944], [-91.378422, 40.38967], [-91.376911, 40.390776], [-91.375712, 40.391925], [-91.372921, 40.399108], [-91.372554, 40.4012], [-91.372379, 40.405379], [-91.37245, 40.411475], [-91.372826, 40.414279], [-91.37328, 40.416496], [-91.375151, 40.421656], [-91.377625, 40.426335], [-91.380177, 40.432904], [-91.380965, 40.435395], [-91.381457, 40.437308], [-91.381769, 40.442555], [-91.381468, 40.44604], [-91.381045, 40.44849], [-91.379907, 40.45211], [-91.378144, 40.456394], [-91.374208, 40.463993], [-91.369572, 40.47138], [-91.368074, 40.474642], [-91.366463, 40.478869], [-91.364915, 40.484168], [-91.36391, 40.490122], [-91.363683, 40.494211], [-91.363879, 40.498062], [-91.364211, 40.500043], [-91.367876, 40.510479], [-91.369059, 40.512532], [-91.381857, 40.528247], [-91.384531, 40.530948], [-91.388067, 40.533069], [-91.394475, 40.534543], [-91.400725, 40.536789], [-91.404125, 40.539127], [-91.406202, 40.542698], [-91.406851, 40.547557], [-91.406373, 40.551831], [-91.405241, 40.554641], [-91.401482, 40.559458], [-91.385219, 40.570646], [-91.381192, 40.573234], [-91.379752, 40.57445], [-91.374252, 40.58259], [-91.359873, 40.601805], [-91.357058, 40.604263], [-91.353989, 40.606553], [-91.348733, 40.609695], [-91.339719, 40.613488], [-91.309077, 40.625433], [-91.306568, 40.626219], [-91.303486, 40.626923], [-91.28667, 40.6299], [-91.276175, 40.63224], [-91.273139, 40.632752], [-91.268116, 40.633325], [-91.264953, 40.633893], [-91.262528, 40.634752], [-91.258249, 40.636672], [-91.253074, 40.637962], [-91.247851, 40.63839], [-91.23244, 40.638115], [-91.2246, 40.638473], [-91.218437, 40.638437], [-91.211352, 40.637882], [-91.202384, 40.636594], [-91.197906, 40.636107], [-91.192558, 40.636508], [-91.18698, 40.637297], [-91.185295, 40.637803], [-91.154293, 40.653596], [-91.144963, 40.657632], [-91.138055, 40.660893], [-91.125144, 40.668738], [-91.123928, 40.669152], [-91.122421, 40.670675], [-91.12082, 40.672777], [-91.119632, 40.675892], [-91.117831, 40.683431], [-91.115407, 40.691825], [-91.113321, 40.695142], [-91.11194, 40.697018], [-91.110927, 40.703262], [-91.111095, 40.708282], [-91.113885, 40.719532], [-91.115158, 40.721895], [-91.11569, 40.723938], [-91.115735, 40.725168], [-91.110424, 40.745528], [-91.108765, 40.75004], [-91.1082, 40.750935], [-91.102486, 40.757076], [-91.098105, 40.763233], [-91.096133, 40.767134], [-91.092476, 40.776838], [-91.091703, 40.779708], [-91.091262, 40.78306], [-91.091246, 40.786724], [-91.091664, 40.790265], [-91.092256, 40.792909], [-91.097031, 40.802471], [-91.097649, 40.805575], [-91.097553, 40.808433], [-91.096946, 40.811403], [-91.095367, 40.815974], [-91.092993, 40.821079], [-91.090072, 40.824638], [-91.081307, 40.8306], [-91.077521, 40.833405], [-91.071451, 40.838682], [-91.067159, 40.841997], [-91.062226, 40.844645], [-91.058749, 40.846309], [-91.05643, 40.848387], [-91.052778, 40.854015], [-91.050241, 40.858514], [-91.047344, 40.864654], [-91.044653, 40.868356], [-91.041998, 40.871097], [-91.039097, 40.873565], [-91.036789, 40.875038], [-91.032459, 40.876808], [-91.027489, 40.879173], [-91.021562, 40.884021], [-91.019541, 40.886675], [-91.01324, 40.896622], [-91.012135, 40.898121], [-91.009536, 40.900565], [-91.003536, 40.905146], [-91.000142, 40.90733], [-90.9985, 40.90812], [-90.995569, 40.909136], [-90.992922, 40.909681], [-90.985462, 40.912141], [-90.97919, 40.915522], [-90.968995, 40.919127], [-90.965344, 40.921633], [-90.962916, 40.924957], [-90.96256, 40.925831], [-90.961892, 40.928473], [-90.961112, 40.933537], [-90.960462, 40.936356], [-90.959947, 40.937736], [-90.957215, 40.943431], [-90.953587, 40.950502], [-90.952233, 40.954047], [-90.951967, 40.958238], [-90.952715, 40.962087], [-90.955111, 40.969858], [-90.958089, 40.976643], [-90.958142, 40.979767], [-90.955201, 40.986805], [-90.951811, 40.991407], [-90.949634, 40.995248], [-90.948453, 41.000036], [-90.945949, 41.006495], [-90.945054, 41.011917], [-90.945427, 41.015548], [-90.945324, 41.019279], [-90.942253, 41.034702], [-90.94232, 41.038472], [-90.943739, 41.043101], [-90.94395, 41.045154], [-90.943652, 41.048637], [-90.944577, 41.052255], [-90.945999, 41.056336], [-90.945549, 41.06173], [-90.946024, 41.063644], [-90.947139, 41.065713], [-90.949135, 41.07061], [-90.94939, 41.072783], [-90.949322, 41.074484], [-90.948397, 41.081075], [-90.948027, 41.087392], [-90.947476, 41.090507], [-90.94626, 41.09473], [-90.946625, 41.096628], [-90.949752, 41.101271], [-90.957265, 41.111067], [-90.960802, 41.114774], [-90.965908, 41.119559], [-90.968851, 41.125653], [-90.969347, 41.127388], [-90.970856, 41.130109], [-90.976429, 41.137131], [-90.979077, 41.139775], [-90.981327, 41.142675], [-90.984958, 41.148274], [-90.986069, 41.150608], [-90.989662, 41.155707], [-90.994963, 41.16063], [-90.997905, 41.162562], [-91.005505, 41.165624], [-91.007594, 41.166187], [-91.009607, 41.166245], [-91.01257, 41.165924], [-91.017839, 41.165163], [-91.024086, 41.163625], [-91.027231, 41.163383], [-91.030045, 41.163553], [-91.034424, 41.164431], [-91.038592, 41.165551], [-91.041557, 41.166162], [-91.043894, 41.169123], [-91.055068, 41.185789], [-91.063758, 41.19662], [-91.065899, 41.199517], [-91.072984, 41.207151], [-91.081452, 41.214429], [-91.087076, 41.218222], [-91.09303, 41.222634], [-91.097477, 41.2275], [-91.098937, 41.228964], [-91.100845, 41.230531], [-91.106215, 41.234558], [-91.108782, 41.235964], [-91.109582, 41.236566], [-91.112348, 41.239002], [-91.113062, 41.239968], [-91.113657, 41.241401], [-91.114137, 41.24504], [-91.114186, 41.250029], [-91.112783, 41.252531], [-91.110304, 41.256088], [-91.107325, 41.258943], [-91.104462, 41.262104], [-91.101142, 41.267169], [-91.09894, 41.271524], [-91.094162, 41.282605], [-91.092034, 41.286911], [-91.090703, 41.289097], [-91.08688, 41.294371], [-91.077505, 41.301828], [-91.075992, 41.303715], [-91.074841, 41.305578], [-91.074149, 41.307594], [-91.073553, 41.310481], [-91.073232, 41.31344], [-91.072784, 41.321417], [-91.072113, 41.32957], [-91.07207, 41.333361], [-91.055223, 41.333071], [-90.980639, 41.332507], [-90.894753, 41.332163], [-90.76026, 41.328975], [-90.73553, 41.328747], [-90.677651, 41.328585], [-90.677617, 41.327743], [-90.669655, 41.32767], [-90.66971, 41.32699], [-90.669151, 41.327008], [-90.669198, 41.327611], [-90.668575, 41.327622], [-90.66859, 41.327009], [-90.667959, 41.327026], [-90.667924, 41.305046], [-90.668047, 41.285071], [-90.667954, 41.269231], [-90.668615, 41.240788], [-90.665263, 41.240773], [-90.664903, 41.240663], [-90.664836, 41.240431], [-90.665184, 41.228896], [-90.66533, 41.228137], [-90.665763, 41.198985], [-90.665934, 41.171275], [-90.66619, 41.167367], [-90.666188, 41.158405], [-90.666737, 41.140608], [-90.66745, 41.081968], [-90.668396, 41.0312], [-90.669277, 40.997477], [-90.669695, 40.974304], [-90.67041, 40.957668], [-90.671535, 40.892461], [-90.648979, 40.891985], [-90.622035, 40.890912], [-90.542113, 40.88933], [-90.510907, 40.889125], [-90.509699, 40.889408], [-90.498665, 40.889459], [-90.479678, 40.889399], [-90.462946, 40.889073], [-90.44176, 40.88906], [-90.442076, 40.867678], [-90.442155, 40.86553], [-90.44246, 40.863698], [-90.442231, 40.862152], [-90.4422, 40.853034], [-90.442437, 40.847519], [-90.443235, 40.780293], [-90.443135, 40.773195], [-90.44373, 40.758623], [-90.44372, 40.751489], [-90.44431, 40.71977], [-90.444429, 40.697371], [-90.444606, 40.695505], [-90.445055, 40.656804], [-90.445399, 40.642266], [-90.445483, 40.63108], [-90.445803, 40.621051], [-90.446627, 40.56907], [-90.446883, 40.539839], [-90.522668, 40.541783], [-90.522738, 40.536124], [-90.522907, 40.535956], [-90.523426, 40.535935], [-90.523599, 40.535748], [-90.523727, 40.528234], [-90.54293, 40.528727], [-90.542834, 40.542339], [-90.557122, 40.542762], [-90.579515, 40.542868], [-90.59618, 40.543134], [-90.673964, 40.543188], [-90.674653, 40.504408], [-90.674524, 40.499617], [-90.674742, 40.494324], [-90.675258, 40.491196], [-90.675317, 40.488008], [-90.675197, 40.485356], [-90.674679, 40.482841], [-90.675206, 40.48284], [-90.67585, 40.482113], [-90.676763, 40.483507], [-90.677959, 40.483554], [-90.677956, 40.484628], [-90.68521, 40.485234], [-90.705468, 40.485563], [-90.716266, 40.485323], [-90.724104, 40.485438], [-90.724131, 40.480069], [-90.724488, 40.479921], [-90.726251, 40.479958], [-90.726627, 40.479377], [-90.727059, 40.477918], [-90.727677, 40.477236], [-90.727871, 40.47642], [-90.727706, 40.475534], [-90.727823, 40.474953], [-90.727599, 40.47474], [-90.727546, 40.474379], [-90.727108, 40.474283], [-90.725932, 40.473391], [-90.725998, 40.472766], [-90.725678, 40.472177], [-90.726032, 40.471699], [-90.724986, 40.47172], [-90.724826, 40.471464], [-90.724127, 40.471067], [-90.723605, 40.471141], [-90.723077, 40.471467], [-90.721524, 40.47097], [-90.720623, 40.470913], [-90.720626, 40.47069], [-90.71999, 40.470863], [-90.719736, 40.470585], [-90.719545, 40.47087], [-90.719199, 40.470664], [-90.719457, 40.470362], [-90.719073, 40.470101], [-90.719457, 40.469727], [-90.719348, 40.469579], [-90.719379, 40.468123], [-90.719079, 40.467358], [-90.718476, 40.467152], [-90.718973, 40.466304], [-90.718618, 40.465641], [-90.718733, 40.46543], [-90.719538, 40.464991], [-90.720438, 40.465057], [-90.720745, 40.463625], [-90.721057, 40.46321], [-90.721009, 40.46305], [-90.717753, 40.463013], [-90.717745, 40.461911], [-90.718896, 40.461387], [-90.719055, 40.461171], [-90.719052, 40.460143], [-90.718283, 40.4591], [-90.714535, 40.459099], [-90.714438, 40.455633], [-90.705214, 40.455508], [-90.704805, 40.455359], [-90.705237, 40.454906], [-90.704746, 40.454351], [-90.7048, 40.448035], [-90.693765, 40.447708], [-90.676743, 40.447734], [-90.675064, 40.447956], [-90.661558, 40.447923], [-90.618281, 40.447517], [-90.618168, 40.454693], [-90.61775, 40.455877], [-90.61638, 40.455239], [-90.614772, 40.454978], [-90.578574, 40.45504], [-90.560044, 40.455251], [-90.452929, 40.452132], [-90.329298, 40.451229], [-90.219565, 40.451497], [-90.171512, 40.451295], [-90.072197, 40.451648], [-90.030474, 40.451566], [-90.029331, 40.451698], [-90.000115, 40.451471], [-89.973915, 40.451473], [-89.95925, 40.451076], [-89.940528, 40.450964], [-89.933962, 40.450984], [-89.91497, 40.451508], [-89.905582, 40.451506], [-89.906018, 40.448832], [-89.906449, 40.447759], [-89.908543, 40.445278], [-89.914278, 40.440345], [-89.918362, 40.437886], [-89.92468, 40.435921], [-89.915618, 40.435635], [-89.914002, 40.435703], [-89.913899, 40.435585], [-89.901368, 40.435541], [-89.900794, 40.435689], [-89.895258, 40.435925], [-89.885132, 40.435995], [-89.875001, 40.435738], [-89.863367, 40.435681], [-89.860771, 40.435315], [-89.828484, 40.43438], [-89.826376, 40.434573], [-89.809403, 40.434408], [-89.78269, 40.435133], [-89.750113, 40.435038], [-89.735479, 40.435438], [-89.717104, 40.435655], [-89.716986, 40.430673], [-89.717154, 40.426591], [-89.716902, 40.425343], [-89.715949, 40.36871], [-89.715727, 40.364894], [-89.714927, 40.319218], [-89.625049, 40.319834], [-89.603504, 40.320099], [-89.602979, 40.320129], [-89.602981, 40.320273], [-89.546379, 40.320964], [-89.544854, 40.320837], [-89.537025, 40.321156], [-89.51868, 40.321403], [-89.489426, 40.322045], [-89.489415, 40.322152], [-89.455365, 40.322657], [-89.395853, 40.323859], [-89.26374, 40.325344], [-89.263418, 40.310661], [-89.263391, 40.302022], [-89.263217, 40.295259], [-89.262962, 40.294296], [-89.26265, 40.280919], [-89.25009, 40.281249], [-89.166939, 40.282014], [-89.149839, 40.282515], [-89.148772, 40.28252], [-89.148764, 40.282038], [-89.116134, 40.282418], [-89.073432, 40.282512], [-89.052067, 40.283159], [-89.034709, 40.282731], [-89.000164, 40.282542], [-88.977952, 40.283203], [-88.936805, 40.283074], [-88.919544, 40.282865], [-88.91956, 40.282294], [-88.89938, 40.282662], [-88.814657, 40.282555], [-88.806335, 40.282727], [-88.778908, 40.282466], [-88.604408, 40.281804], [-88.565286, 40.281359], [-88.4809, 40.281216], [-88.479502, 40.281799], [-88.460418, 40.281935], [-88.460269, 40.310991], [-88.345737, 40.310784], [-88.23291, 40.31157], [-88.232664, 40.286549], [-88.232485, 40.282321], [-88.193749, 40.282634], [-88.183493, 40.282556], [-88.174392, 40.28276], [-88.174375, 40.276218], [-88.174527, 40.275387], [-88.173422, 40.275407], [-88.172194, 40.278321], [-88.170982, 40.278316], [-88.170668, 40.279095], [-88.169191, 40.27909], [-88.169203, 40.279925], [-88.170659, 40.279912], [-88.170442, 40.280456], [-88.171194, 40.280455], [-88.170713, 40.281699], [-88.169278, 40.281708], [-88.169293, 40.282754], [-88.12679, 40.282995], [-88.126692, 40.275675], [-88.117064, 40.275717], [-88.117168, 40.283184], [-88.097903, 40.283501], [-88.078564, 40.283397], [-88.078887, 40.312516], [-87.929992, 40.313376], [-87.929733, 40.2862], [-87.92876, 40.225619], [-87.942103, 40.225482], [-87.941443, 40.185393], [-87.940967, 40.142789], [-87.940933, 40.141905], [-87.940423, 40.141912], [-87.940403, 40.141638], [-87.939632, 40.083616], [-87.883188, 40.084153], [-87.883193, 40.084671], [-87.863481, 40.084828], [-87.83744, 40.08544], [-87.806483, 40.085913], [-87.806605, 40.083137], [-87.806525, 40.075036], [-87.806382, 40.074344], [-87.80649, 40.07137], [-87.806385, 40.049181], [-87.806213, 40.041618], [-87.7869, 40.04183], [-87.78662, 40.02727], [-87.77162, 40.02805], [-87.7247, 40.02788], [-87.676211, 40.027921], [-87.676147, 40.042608], [-87.65874, 40.04285], [-87.657234, 40.042731], [-87.657068, 40.028053], [-87.64808, 40.02788], [-87.63805, 40.02791], [-87.6379, 40.020536], [-87.62384, 40.02074], [-87.62446, 40.04263], [-87.61972, 40.04268], [-87.62011, 40.05545], [-87.61978, 40.05558], [-87.61489, 40.0556], [-87.61487, 40.05797], [-87.548786, 40.058793], [-87.532171, 40.058802], [-87.532399, 40.01517], [-87.53223, 39.99997], [-87.532653, 39.975028], [-87.5326, 39.97086], [-87.532773, 39.969569], [-87.532741, 39.937036], [-87.533269, 39.875036], [-87.533125, 39.832597], [-87.533238, 39.80402], [-87.533055, 39.803812], [-87.533192, 39.785886], [-87.53304, 39.774285], [-87.532707, 39.666203], [-87.532488, 39.660981], [-87.532025, 39.568354], [-87.531851, 39.5637], [-87.531783, 39.542554], [-87.531954, 39.52454], [-87.53164, 39.477105], [-87.571733, 39.476906], [-87.57361, 39.477058], [-87.600867, 39.476676], [-87.683269, 39.476874], [-87.689172, 39.476756], [-87.689275, 39.476771], [-87.687345, 39.487312], [-87.688972, 39.487392], [-87.72196, 39.486529], [-87.778601, 39.485969], [-87.884467, 39.482472], [-87.903867, 39.482075], [-87.90386, 39.481886], [-87.935001, 39.481669], [-87.960179, 39.481309], [-87.961872, 39.525039], [-87.962278, 39.525035], [-87.965046, 39.6127], [-87.964816, 39.612702], [-87.965049, 39.627321], [-87.965773, 39.653078], [-87.966347, 39.685973], [-88.017959, 39.685263], [-88.017953, 39.685064], [-88.026224, 39.684938], [-88.026208, 39.681665], [-88.048996, 39.681333], [-88.063013, 39.681311], [-88.06302, 39.666777], [-88.063518, 39.652657], [-88.082037, 39.652253], [-88.100755, 39.652048], [-88.114444, 39.652211], [-88.139551, 39.652075], [-88.13973, 39.557318], [-88.139984, 39.520795], [-88.123785, 39.520875], [-88.123795, 39.513437], [-88.123958, 39.513331], [-88.140018, 39.513419], [-88.140047, 39.505303], [-88.160558, 39.500202], [-88.163653, 39.499581], [-88.16513, 39.499487], [-88.164186, 39.499165], [-88.163695, 39.498462], [-88.163527, 39.491087], [-88.162872, 39.486358], [-88.163166, 39.465214], [-88.163291, 39.465299], [-88.16301, 39.461435], [-88.163201, 39.458217], [-88.163456, 39.457586], [-88.164544, 39.456108], [-88.165044, 39.453454], [-88.165601, 39.452091], [-88.166059, 39.451801], [-88.167476, 39.451772], [-88.167795, 39.451545], [-88.167925, 39.448398], [-88.168244, 39.448214], [-88.169153, 39.448097], [-88.170978, 39.446409], [-88.172634, 39.446008], [-88.172999, 39.443597], [-88.172694, 39.437324], [-88.173092, 39.436068], [-88.173753, 39.435213], [-88.174215, 39.433822], [-88.177001, 39.433698], [-88.248154, 39.433767], [-88.247947, 39.483986], [-88.282598, 39.484132], [-88.282587, 39.484405], [-88.316001, 39.484412], [-88.316554, 39.484292], [-88.322018, 39.484255], [-88.333558, 39.484354], [-88.336171, 39.484202], [-88.334973, 39.477895], [-88.33495, 39.476713], [-88.345664, 39.476489], [-88.345682, 39.46999], [-88.346781, 39.469985], [-88.347161, 39.470302], [-88.347422, 39.470917], [-88.34795, 39.471325], [-88.349359, 39.47102], [-88.350914, 39.471493], [-88.351294, 39.471833], [-88.352702, 39.471345], [-88.35345, 39.471685], [-88.354327, 39.471777], [-88.354978, 39.472109], [-88.354979, 39.471947], [-88.356834, 39.472005], [-88.359525, 39.47364], [-88.359806, 39.432329], [-88.470351, 39.432629], [-88.470741, 39.381738], [-88.470946, 39.36249], [-88.471171, 39.356525], [-88.471085, 39.346801], [-88.471207, 39.344429], [-88.470978, 39.302007], [-88.471183, 39.279334], [-88.470915, 39.234985], [-88.471123, 39.22203], [-88.470911, 39.220414], [-88.470906, 39.215029], [-88.484908, 39.214915], [-88.508263, 39.215134], [-88.535453, 39.215097], [-88.537451, 39.214986], [-88.539056, 39.215179], [-88.573906, 39.215236], [-88.654084, 39.21589], [-88.768482, 39.215917], [-88.801274, 39.216086], [-88.805325, 39.216263], [-88.805498, 39.172636], [-88.805761, 39.166192], [-88.80561, 39.119725], [-88.805923, 39.029312], [-88.806275, 38.965068], [-88.806795, 38.911585], [-88.693531, 38.914617], [-88.695165, 38.826299], [-88.807756, 38.82445], [-88.922444, 38.824368], [-89.03183, 38.822839], [-89.138138, 38.824209], [-89.138393, 38.736331], [-89.163626, 38.737562], [-89.164501, 38.737807], [-89.165077, 38.737611], [-89.166251, 38.737666], [-89.175553, 38.738313], [-89.19431, 38.739134], [-89.203464, 38.739714], [-89.250071, 38.742015], [-89.297876, 38.741863], [-89.366157, 38.74114], [-89.473667, 38.740658], [-89.48204, 38.740509], [-89.519143, 38.74114], [-89.597321, 38.743236], [-89.596094, 38.690231], [-89.595103, 38.655948], [-89.659925, 38.655297], [-89.725496, 38.654966], [-89.818745, 38.655825], [-89.876045, 38.656849], [-89.878948, 38.656692], [-89.888545, 38.656903], [-89.890049, 38.657079], [-89.892769, 38.657024], [-89.894188, 38.657219], [-89.910197, 38.657489], [-89.947293, 38.657976], [-89.983178, 38.658189], [-89.982851, 38.658684], [-89.982914, 38.659335], [-89.982158, 38.660233], [-89.98243, 38.660978], [-89.983086, 38.661887], [-89.982511, 38.662815], [-89.982362, 38.663876], [-89.982978, 38.666936], [-89.984836, 38.670447], [-89.978596, 38.672475], [-89.978103, 38.673311], [-89.97649, 38.673942], [-89.97419, 38.673812], [-89.973294, 38.674102], [-89.973312, 38.677419], [-89.974624, 38.678924], [-89.97466, 38.683552], [-89.976498, 38.683953], [-89.972526, 38.690546], [-89.97074, 38.692867], [-89.96524, 38.699426], [-89.964357, 38.700002], [-89.962109, 38.700972], [-89.961181, 38.701693], [-89.960515, 38.702646], [-89.960078, 38.703882], [-89.956861, 38.714662], [-89.95652, 38.716468], [-89.956744, 38.733073], [-89.95658, 38.744986], [-89.95186, 38.744959], [-89.951871, 38.743128], [-89.94714, 38.743154], [-89.947069, 38.74203], [-89.937869, 38.742096], [-89.937864, 38.741567], [-89.928707, 38.741531], [-89.928384, 38.793032], [-89.928119, 38.793291], [-89.928538, 38.793549], [-89.928337, 38.794073], [-89.9282, 38.795821], [-89.92853, 38.795942], [-89.92835, 38.796745], [-89.928288, 38.802365], [-89.928434, 38.802562], [-89.928133, 38.80344], [-89.928358, 38.803458], [-89.928343, 38.804128], [-89.928566, 38.804817], [-89.927941, 38.806026], [-89.928578, 38.806274], [-89.927926, 38.807143], [-89.928568, 38.807487], [-89.928172, 38.807955], [-89.928279, 38.808127], [-89.928053, 38.817861], [-89.928174, 38.818246], [-89.928031, 38.832077], [-89.92753, 38.851351], [-89.927339, 38.852195], [-89.927562, 38.852775], [-89.927602, 38.85395], [-89.92761, 38.868357], [-89.927759, 38.868578], [-89.927861, 38.878902], [-89.927516, 38.894937], [-89.938502, 38.896654], [-89.943581, 38.898218], [-89.946069, 38.898338], [-89.946294, 38.919066], [-89.94612, 38.921911], [-89.946012, 38.935693], [-89.93758, 38.935455], [-89.937751, 38.938112], [-89.934401, 38.938044], [-89.934316, 38.942042], [-89.927221, 38.941958], [-89.927022, 38.963242], [-89.92698, 38.998766], [-89.812963, 38.99833], [-89.773966, 38.99847], [-89.74402, 38.998825], [-89.698555, 38.998979], [-89.698906, 39.057537], [-89.699093, 39.069747], [-89.699258, 39.069851], [-89.69905, 39.070227], [-89.699258, 39.094679], [-89.6996, 39.098433], [-89.699777, 39.132141], [-89.699614, 39.13243], [-89.699838, 39.139819], [-89.699965, 39.153458], [-89.70014, 39.153983], [-89.700165, 39.170065], [-89.701499, 39.242627], [-89.701838, 39.248537], [-89.702396, 39.26558], [-89.703002, 39.310521], [-89.703692, 39.34803], [-89.699276, 39.348048], [-89.699342, 39.359081], [-89.699736, 39.361742], [-89.699455, 39.36415], [-89.699506, 39.372125], [-89.701205, 39.499427], [-89.701661, 39.523316], [-89.608226, 39.524433], [-89.589446, 39.524573], [-89.533526, 39.524592], [-89.533811, 39.539114], [-89.533886, 39.557228], [-89.535076, 39.609991], [-89.534998, 39.612226], [-89.534849, 39.612232], [-89.534612, 39.614495], [-89.535028, 39.641138], [-89.478473, 39.640842], [-89.478923, 39.683964], [-89.443616, 39.68395], [-89.425051, 39.683696], [-89.425175, 39.714091], [-89.425603, 39.742218], [-89.425538, 39.748098], [-89.425262, 39.750042], [-89.425171, 39.762022], [-89.424104, 39.761586], [-89.420217, 39.76137], [-89.419234, 39.760725], [-89.417843, 39.759205], [-89.417183, 39.758065], [-89.417191, 39.757576], [-89.417533, 39.757344], [-89.418772, 39.757074], [-89.418968, 39.756514], [-89.419762, 39.755324], [-89.419727, 39.755077], [-89.419346, 39.754717], [-89.418527, 39.754192], [-89.418663, 39.753783], [-89.41962, 39.753012], [-89.419693, 39.752451], [-89.419493, 39.751939], [-89.419155, 39.751434], [-89.41824, 39.750885], [-89.417007, 39.749719], [-89.414097, 39.747652], [-89.411715, 39.745245], [-89.410203, 39.744031], [-89.409475, 39.74353], [-89.407601, 39.74311], [-89.40434, 39.742763], [-89.403457, 39.742808], [-89.398771, 39.742139], [-89.397334, 39.742091], [-89.394848, 39.742678], [-89.393551, 39.743324], [-89.385874, 39.749975], [-89.386224, 39.750389], [-89.386412, 39.751168], [-89.386347, 39.751797], [-89.386094, 39.75228], [-89.384868, 39.753567], [-89.384239, 39.754009], [-89.382975, 39.754377], [-89.382555, 39.75436], [-89.380743, 39.753508], [-89.380242, 39.753539], [-89.379782, 39.753804], [-89.379141, 39.755068], [-89.378754, 39.755509], [-89.377135, 39.756413], [-89.375906, 39.75685], [-89.375086, 39.757389], [-89.374451, 39.758236], [-89.373918, 39.758646], [-89.373718, 39.758707], [-89.372492, 39.758085], [-89.371731, 39.755619], [-89.371308, 39.755057], [-89.370986, 39.754971], [-89.370257, 39.755281], [-89.370165, 39.756004], [-89.369843, 39.756329], [-89.367123, 39.757325], [-89.365214, 39.757223], [-89.364873, 39.757097], [-89.363355, 39.755665], [-89.362948, 39.755635], [-89.362605, 39.755799], [-89.362402, 39.756158], [-89.36224, 39.757153], [-89.361453, 39.758098], [-89.361096, 39.759356], [-89.360643, 39.760274], [-89.360374, 39.760584], [-89.359143, 39.761305], [-89.358775, 39.762185], [-89.358939, 39.763113], [-89.359596, 39.764879], [-89.360034, 39.767517], [-89.358873, 39.768771], [-89.358406, 39.77022], [-89.358113, 39.770642], [-89.357334, 39.770871], [-89.35591, 39.7706], [-89.355688, 39.770693], [-89.355303, 39.771419], [-89.354136, 39.772093], [-89.353004, 39.771464], [-89.353042, 39.770813], [-89.352688, 39.770381], [-89.352667, 39.769616], [-89.350835, 39.769748], [-89.350023, 39.769639], [-89.346271, 39.767745], [-89.345957, 39.767415], [-89.344528, 39.766906], [-89.342938, 39.766607], [-89.342314, 39.766879], [-89.341592, 39.766932], [-89.340748, 39.766468], [-89.338416, 39.766174], [-89.336165, 39.765608], [-89.334055, 39.764857], [-89.331553, 39.764561], [-89.329159, 39.763581], [-89.3285, 39.763603], [-89.328071, 39.764039], [-89.327389, 39.764133], [-89.327096, 39.764514], [-89.327855, 39.765452], [-89.327779, 39.765974], [-89.327304, 39.766159], [-89.325709, 39.765997], [-89.325307, 39.766184], [-89.325023, 39.767025], [-89.325225, 39.767326], [-89.327848, 39.767287], [-89.328604, 39.767571], [-89.329152, 39.768804], [-89.328762, 39.769337], [-89.327918, 39.769694], [-89.325631, 39.770052], [-89.324182, 39.770706], [-89.322342, 39.771859], [-89.321355, 39.771955], [-89.320558, 39.771821], [-89.319433, 39.771286], [-89.317775, 39.770793], [-89.317294, 39.77081], [-89.316774, 39.771107], [-89.315854, 39.771939], [-89.315499, 39.771933], [-89.314279, 39.771102], [-89.313437, 39.771314], [-89.312581, 39.7713], [-89.310448, 39.772169], [-89.307843, 39.774361], [-89.305967, 39.77511], [-89.303122, 39.775813], [-89.30232, 39.776774], [-89.300444, 39.778414], [-89.300627, 39.778733], [-89.301431, 39.779193], [-89.301435, 39.779767], [-89.300891, 39.780547], [-89.299766, 39.781631], [-89.299639, 39.782015], [-89.299805, 39.78254], [-89.299626, 39.782798], [-89.298636, 39.783033], [-89.298289, 39.783299], [-89.298235, 39.783684], [-89.298467, 39.783979], [-89.299581, 39.784332], [-89.299715, 39.78454], [-89.297703, 39.787785], [-89.29736, 39.789067], [-89.296367, 39.789879], [-89.295171, 39.789905], [-89.294422, 39.790143], [-89.293796, 39.790067], [-89.293091, 39.78955], [-89.292295, 39.789569], [-89.291906, 39.789779], [-89.291482, 39.790304], [-89.291555, 39.790668], [-89.292517, 39.791708], [-89.29261, 39.792269], [-89.292454, 39.79255], [-89.292104, 39.792754], [-89.291726, 39.792739], [-89.289305, 39.791951], [-89.288217, 39.792046], [-89.286588, 39.792753], [-89.286044, 39.793613], [-89.285722, 39.793799], [-89.283393, 39.793853], [-89.282923, 39.794155], [-89.282677, 39.79461], [-89.283073, 39.795363], [-89.283678, 39.79576], [-89.283366, 39.796025], [-89.282506, 39.796225], [-89.281774, 39.796607], [-89.281349, 39.798899], [-89.280552, 39.799022], [-89.279542, 39.798924], [-89.278984, 39.799454], [-89.278778, 39.800094], [-89.276406, 39.799144], [-89.274325, 39.800054], [-89.272091, 39.801125], [-89.271416, 39.802891], [-89.270808, 39.803602], [-89.270419, 39.803863], [-89.266706, 39.805189], [-89.265373, 39.806422], [-89.265034, 39.80642], [-89.264931, 39.805994], [-89.265052, 39.805096], [-89.264588, 39.804278], [-89.263615, 39.804172], [-89.262541, 39.804385], [-89.260966, 39.805093], [-89.260376, 39.805602], [-89.259752, 39.806782], [-89.260014, 39.807253], [-89.259973, 39.808002], [-89.258677, 39.80909], [-89.257175, 39.809808], [-89.256771, 39.811093], [-89.256717, 39.813118], [-89.256221, 39.81385], [-89.255494, 39.814405], [-89.254988, 39.815045], [-89.253167, 39.818194], [-89.25301, 39.818978], [-89.252325, 39.820416], [-89.251912, 39.822556], [-89.250324, 39.824037], [-89.24924, 39.825317], [-89.248609, 39.825723], [-89.2477, 39.82578], [-89.246885, 39.826062], [-89.246235, 39.825948], [-89.245118, 39.824545], [-89.242838, 39.823153], [-89.24219, 39.823043], [-89.240628, 39.823382], [-89.24031, 39.823327], [-89.240092, 39.823137], [-89.240066, 39.822881], [-89.240301, 39.821839], [-89.23979, 39.821322], [-89.23825, 39.821062], [-89.237663, 39.821392], [-89.23755, 39.821855], [-89.237193, 39.822173], [-89.236825, 39.822325], [-89.236337, 39.822157], [-89.236248, 39.821703], [-89.237157, 39.81968], [-89.236814, 39.819271], [-89.235725, 39.818986], [-89.235409, 39.818696], [-89.235508, 39.818472], [-89.236285, 39.817998], [-89.236356, 39.8177], [-89.236178, 39.817562], [-89.235091, 39.817646], [-89.234753, 39.81751], [-89.234537, 39.816549], [-89.234279, 39.816267], [-89.232609, 39.816637], [-89.231847, 39.816532], [-89.231535, 39.816306], [-89.231562, 39.816093], [-89.232381, 39.815625], [-89.233009, 39.815449], [-89.233743, 39.815519], [-89.233805, 39.815306], [-89.234242, 39.815148], [-89.233885, 39.814429], [-89.23395, 39.813992], [-89.234446, 39.81378], [-89.234434, 39.813418], [-89.233946, 39.812852], [-89.233352, 39.813218], [-89.232122, 39.81326], [-89.231382, 39.813518], [-89.229847, 39.813578], [-89.229433, 39.81328], [-89.228248, 39.813205], [-89.227701, 39.813922], [-89.227002, 39.814367], [-89.22526, 39.814953], [-89.223525, 39.814652], [-89.222551, 39.814098], [-89.221848, 39.813358], [-89.220175, 39.81291], [-89.21838, 39.813278], [-89.217475, 39.813217], [-89.217473, 39.813666], [-89.212773, 39.813665], [-89.212775, 39.815477], [-89.189244, 39.815456], [-89.189253, 39.817473], [-89.18819, 39.817524], [-89.186754, 39.817106], [-89.184557, 39.816005], [-89.184555, 39.815448], [-89.179856, 39.815439], [-89.179852, 39.811893], [-89.170305, 39.811924], [-89.169951, 39.8104], [-89.169245, 39.809685], [-89.166231, 39.808252], [-89.164997, 39.807914], [-89.162971, 39.806503], [-89.16075, 39.805353], [-89.160747, 39.804706], [-89.151474, 39.804792], [-89.151463, 39.80125], [-89.141967, 39.801273], [-89.141932, 39.801507], [-89.141771, 39.801514], [-89.105877, 39.801669], [-89.106306, 39.802889], [-89.106187, 39.803722], [-89.10564, 39.804444], [-89.104219, 39.805477], [-89.103878, 39.806206], [-89.103838, 39.808615], [-89.104108, 39.811662], [-89.103791, 39.814547], [-89.10391, 39.816183], [-89.082768, 39.816516], [-89.08276, 39.823704], [-89.075744, 39.823741], [-89.075743, 39.832773], [-89.059129, 39.835676], [-89.052555, 39.836607], [-89.052559, 39.837049], [-89.05063, 39.837899], [-89.049269, 39.838786], [-89.048317, 39.83959], [-89.047298, 39.840743], [-89.046542, 39.841955], [-89.046005, 39.843302], [-89.045676, 39.845701], [-89.04564, 39.856014], [-89.045457, 39.857844], [-89.044908, 39.859354], [-89.043366, 39.861729], [-89.030881, 39.873426], [-89.028869, 39.875383], [-89.028853, 39.875863], [-89.025248, 39.879254], [-89.017354, 39.88657], [-89.013544, 39.889758], [-88.999982, 39.899498], [-88.994215, 39.904371], [-88.992893, 39.905284], [-88.990021, 39.906799], [-88.98811, 39.907472], [-88.984708, 39.908142], [-88.981448, 39.908284], [-88.972924, 39.907854], [-88.96908, 39.907973], [-88.96909, 39.908203], [-88.963543, 39.9082], [-88.963579, 39.907865], [-88.959933, 39.908012], [-88.959935, 39.908284], [-88.955262, 39.908426], [-88.955028, 39.89128], [-88.96041, 39.891158], [-88.960356, 39.884624], [-88.960913, 39.882604], [-88.960898, 39.88022], [-88.961085, 39.879111], [-88.960567, 39.877733], [-88.960713, 39.877449], [-88.961443, 39.876985], [-88.961546, 39.876436], [-88.974467, 39.876208], [-88.977228, 39.876281], [-88.991949, 39.87589], [-88.991806, 39.873615], [-88.991632, 39.873047], [-88.990164, 39.871377], [-88.988675, 39.870561], [-88.988628, 39.869069], [-88.988273, 39.868738], [-88.988239, 39.865195], [-88.990831, 39.865122], [-88.992297, 39.865464], [-88.992197, 39.860301], [-88.991971, 39.859942], [-88.98969, 39.857955], [-88.989508, 39.853488], [-88.989319, 39.852876], [-88.98931, 39.850661], [-88.982262, 39.85079], [-88.982293, 39.849136], [-88.98195, 39.847312], [-88.979707, 39.847343], [-88.979677, 39.847086], [-88.977522, 39.846994], [-88.977221, 39.834468], [-88.97743, 39.832744], [-88.976921, 39.831711], [-88.977025, 39.831312], [-88.97683, 39.831605], [-88.97668, 39.831429], [-88.975996, 39.83187], [-88.971953, 39.833058], [-88.967923, 39.833227], [-88.96619, 39.83281], [-88.964751, 39.832064], [-88.962283, 39.831192], [-88.960316, 39.829564], [-88.95869, 39.828781], [-88.957933, 39.828314], [-88.958051, 39.828112], [-88.956193, 39.827087], [-88.955423, 39.826195], [-88.954491, 39.825896], [-88.953103, 39.826934], [-88.95249, 39.827061], [-88.949798, 39.826056], [-88.949371, 39.826106], [-88.948815, 39.825716], [-88.946558, 39.825118], [-88.945832, 39.824821], [-88.945497, 39.824333], [-88.945162, 39.824519], [-88.944608, 39.82589], [-88.944655, 39.82772], [-88.940072, 39.827829], [-88.940034, 39.826113], [-88.930545, 39.826417], [-88.929608, 39.826636], [-88.929039, 39.826928], [-88.928534, 39.827438], [-88.928242, 39.82806], [-88.92809, 39.829197], [-88.927824, 39.829819], [-88.926219, 39.831461], [-88.925929, 39.832183], [-88.925919, 39.833781], [-88.923158, 39.833864], [-88.921286, 39.833148], [-88.919041, 39.83329], [-88.916723, 39.834038], [-88.915873, 39.834865], [-88.913438, 39.836105], [-88.911166, 39.834595], [-88.909309, 39.836273], [-88.908178, 39.836313], [-88.905104, 39.838312], [-88.904475, 39.838395], [-88.899378, 39.84087], [-88.897662, 39.841872], [-88.893538, 39.845313], [-88.891921, 39.847017], [-88.889995, 39.847682], [-88.889044, 39.848267], [-88.887642, 39.849275], [-88.886315, 39.850703], [-88.882304, 39.851327], [-88.882037, 39.852049], [-88.881457, 39.851915], [-88.881308, 39.852253], [-88.879114, 39.851774], [-88.878858, 39.851873], [-88.878658, 39.852174], [-88.878672, 39.852756], [-88.878242, 39.853997], [-88.877949, 39.856346], [-88.878665, 39.862913], [-88.861274, 39.864682], [-88.860414, 39.864819], [-88.860472, 39.865074], [-88.860261, 39.864966], [-88.859564, 39.865052], [-88.855771, 39.865787], [-88.85569, 39.865472], [-88.851174, 39.866354], [-88.850945, 39.86621], [-88.850927, 39.864176], [-88.850773, 39.863928], [-88.841368, 39.86403], [-88.841241, 39.857165], [-88.821963, 39.856875], [-88.803, 39.857697], [-88.791151, 39.85789], [-88.745957, 39.858136], [-88.745967, 39.850887], [-88.707685, 39.850444], [-88.613001, 39.850301], [-88.612878, 39.87906], [-88.594062, 39.879031], [-88.575011, 39.878776], [-88.406105, 39.879235], [-88.406154, 39.908592], [-88.406803, 39.967388], [-88.363171, 39.967464], [-88.354033, 39.967351], [-88.3541, 39.974744], [-88.3493, 39.974759], [-88.349616, 40.011068], [-88.325501, 40.011044], [-88.259549, 40.010271], [-88.237885, 40.010443], [-88.23816, 40.034195], [-88.238178, 40.039633], [-88.238006, 40.039736], [-88.238073, 40.043365], [-88.238215, 40.04336], [-88.238296, 40.054382], [-88.123888, 40.054988], [-88.124937, 40.14219], [-88.183652, 40.14205], [-88.183652, 40.143107], [-88.181853, 40.143119], [-88.181854, 40.14474], [-88.184793, 40.144728], [-88.184793, 40.146227], [-88.188023, 40.146222], [-88.187291, 40.147469], [-88.191372, 40.147463], [-88.191449, 40.149283], [-88.196211, 40.149258], [-88.196303, 40.155915], [-88.19702, 40.155914], [-88.197044, 40.156528], [-88.198971, 40.156517], [-88.198974, 40.155853], [-88.199829, 40.15585], [-88.199789, 40.152877], [-88.200978, 40.152874], [-88.201211, 40.171075], [-88.240462, 40.170891], [-88.254102, 40.170998], [-88.255243, 40.170686], [-88.255641, 40.170791], [-88.257638, 40.168896], [-88.258091, 40.169966], [-88.258275, 40.171063], [-88.296122, 40.171299], [-88.296078, 40.160988], [-88.296618, 40.159948], [-88.29781, 40.158532], [-88.298005, 40.158698], [-88.298542, 40.158194], [-88.299166, 40.157298], [-88.299151, 40.156226], [-88.298669, 40.155248], [-88.301081, 40.153609], [-88.311924, 40.158764], [-88.314752, 40.160386], [-88.314903, 40.160222], [-88.314827, 40.142098], [-88.401237, 40.142223], [-88.415549, 40.142426], [-88.427248, 40.142249], [-88.463123, 40.142224], [-88.46323, 40.14207], [-88.463367, 40.12789], [-88.46302, 40.05503], [-88.577793, 40.054098], [-88.631244, 40.054529], [-88.74507, 40.055085], [-88.745164, 40.055191], [-88.745057, 40.048063], [-88.745299, 40.011474], [-88.745342, 40.007131], [-88.745587, 40.006152], [-88.745345, 40.005868], [-88.745435, 39.967568], [-88.80347, 39.967777], [-88.931505, 39.964862], [-88.965236, 39.964028], [-88.974749, 39.963573], [-88.984271, 39.96355], [-89.028908, 39.962567], [-89.143875, 39.961368], [-89.143451, 39.917647], [-89.236429, 39.91686], [-89.329926, 39.917234], [-89.35889, 39.917612], [-89.367112, 39.917587], [-89.367638, 39.87405], [-89.433417, 39.874872], [-89.483039, 39.875039], [-89.483087, 39.859936], [-89.482855, 39.84642], [-89.482495, 39.788236], [-89.586802, 39.787662], [-89.590667, 39.787331], [-89.593409, 39.787378], [-89.593465, 39.787613], [-89.598935, 39.787433], [-89.593876, 39.806277], [-89.594173, 39.806329], [-89.593382, 39.809713], [-89.593102, 39.813533], [-89.592755, 39.823396], [-89.593248, 39.831544], [-89.605523, 39.831032], [-89.633646, 39.831088], [-89.654333, 39.830748], [-89.654283, 39.827194], [-89.659046, 39.8272], [-89.659041, 39.826787], [-89.659661, 39.826782], [-89.659658, 39.826496], [-89.66003, 39.82647], [-89.661443, 39.826468], [-89.661446, 39.826776], [-89.663835, 39.826736], [-89.663934, 39.833529], [-89.663948, 39.833881], [-89.664104, 39.833826], [-89.66412, 39.834016], [-89.66396, 39.834083], [-89.663959, 39.834312], [-89.664138, 39.834353], [-89.664504, 39.84661], [-89.664226, 39.851616], [-89.664507, 39.866893], [-89.664309, 39.873553], [-89.671228, 39.873375], [-89.68221, 39.873288], [-89.68237, 39.87344], [-89.708521, 39.873147], [-89.708843, 39.870364], [-89.711746, 39.861005], [-89.711446, 39.844007], [-89.711599, 39.843856], [-89.709255, 39.82654], [-89.709502, 39.82315], [-89.710702, 39.81545], [-89.710611, 39.812867], [-89.710979, 39.812691], [-89.711146, 39.81218], [-89.712025, 39.806991], [-89.712596, 39.80536], [-89.713539, 39.803533], [-89.714871, 39.801682], [-89.715369, 39.801135], [-89.715536, 39.801136], [-89.715357, 39.787363], [-89.715715, 39.785948], [-89.715441, 39.760567], [-89.715155, 39.759408], [-89.715333, 39.758298], [-89.715319, 39.756441], [-89.720057, 39.75646], [-89.719926, 39.747078], [-89.705836, 39.74262], [-89.705718, 39.73475], [-89.705278, 39.734765], [-89.705291, 39.729055], [-89.704331, 39.72182], [-89.704736, 39.721819], [-89.704639, 39.720174], [-89.705561, 39.720085], [-89.704953, 39.720063], [-89.705028, 39.714539], [-89.704705, 39.714536], [-89.70474, 39.712822], [-89.705053, 39.712817], [-89.705098, 39.710902], [-89.704773, 39.710895], [-89.70477, 39.707131], [-89.705502, 39.707143], [-89.705353, 39.706656], [-89.705816, 39.705095], [-89.705321, 39.703031], [-89.705128, 39.701012], [-89.705144, 39.698301], [-89.723972, 39.698139], [-89.723994, 39.700099], [-89.726339, 39.700084], [-89.726317, 39.698125], [-89.762168, 39.698059], [-89.764811, 39.698164], [-89.815327, 39.697933], [-89.813628, 39.577613], [-89.813147, 39.522838], [-90.048623, 39.521374], [-90.128134, 39.520511], [-90.129365, 39.520313], [-90.13002, 39.520507], [-90.153782, 39.520315], [-90.1536, 39.513039], [-90.153682, 39.502694], [-90.153428, 39.484509], [-90.151656, 39.408346], [-90.150641, 39.346315], [-90.149462, 39.346302], [-90.148281, 39.269268], [-90.146334, 39.174276], [-90.145899, 39.086714], [-90.145939, 39.041491], [-90.145828, 39.037428], [-90.146069, 39.008983], [-90.145984, 38.999303], [-90.143981, 38.999293], [-90.143223, 38.999088], [-90.118014, 38.999027], [-90.117905, 38.993012], [-90.11804, 38.991123], [-90.118099, 38.974167], [-90.117905, 38.974142], [-90.118116, 38.970677], [-90.118006, 38.97042], [-90.118078, 38.967153], [-90.117591, 38.957023], [-90.118099, 38.95696], [-90.119266, 38.956122], [-90.122877, 38.955927], [-90.122713, 38.955142], [-90.122979, 38.953038], [-90.123168, 38.952566], [-90.123664, 38.952241], [-90.123775, 38.951999], [-90.121574, 38.945971], [-90.121562, 38.945222], [-90.120931, 38.94495], [-90.12081, 38.94419], [-90.120891, 38.942615], [-90.121684, 38.940907], [-90.123765, 38.937731], [-90.125799, 38.934135], [-90.126346, 38.932236], [-90.126339, 38.930313], [-90.142274, 38.929997], [-90.142424, 38.926402], [-90.147128, 38.926406], [-90.147128, 38.925092], [-90.14959, 38.925104], [-90.150456, 38.926107], [-90.150571, 38.92646], [-90.150776, 38.926423], [-90.152587, 38.932116], [-90.1531, 38.933104], [-90.157182, 38.937086], [-90.19232, 38.936733], [-90.192229, 38.9349], [-90.191861, 38.932433], [-90.191019, 38.928043], [-90.191175, 38.926156], [-90.192217, 38.92085], [-90.192541, 38.919849], [-90.192762, 38.917722], [-90.19402, 38.9158], [-90.196197, 38.911939], [-90.196153, 38.908691], [-90.195924, 38.908078], [-90.192658, 38.902496], [-90.1892, 38.898185], [-90.192748, 38.897504], [-90.191793, 38.896589], [-90.194695, 38.89463], [-90.193696, 38.893441], [-90.19257, 38.892701], [-90.190924, 38.891998], [-90.191062, 38.890652], [-90.192663, 38.886488], [-90.195196, 38.886746], [-90.19761, 38.887648], [-90.20901, 38.896648], [-90.213519, 38.900454], [-90.223041, 38.907389], [-90.22585, 38.908923], [-90.230336, 38.91086], [-90.236027, 38.9126], [-90.241703, 38.914828], [-90.246403, 38.917116], [-90.250248, 38.919344], [-90.254033, 38.920489], [-90.256993, 38.920763], [-90.2609, 38.920328], [-90.262792, 38.920344], [-90.265203, 38.920893], [-90.267904, 38.922037], [-90.269872, 38.922556], [-90.277471, 38.923716], [-90.283712, 38.924048], [-90.2945, 38.923434], [-90.298711, 38.923395], [-90.302466, 38.923594], [-90.306113, 38.923525], [-90.309454, 38.92412], [-90.319052, 38.928667], [-90.324179, 38.929827], [-90.327597, 38.931025], [-90.333533, 38.933489], [-90.338202, 38.935831], [-90.340613, 38.937548], [-90.346442, 38.94079], [-90.375114, 38.952275], [-90.377247, 38.952826], [-90.380042, 38.953946], [-90.383126, 38.955453], [-90.391479, 38.958434], [-90.392721, 38.959071], [-90.395816, 38.960037], [-90.39825, 38.9606], [-90.399482, 38.961051], [-90.406367, 38.962554], [-90.411161, 38.963154], [-90.419269, 38.963654], [-90.42978, 38.963778], [-90.430535, 38.964246], [-90.43651, 38.966572], [-90.439203, 38.967287], [-90.439938, 38.967383], [-90.44203, 38.967259], [-90.444102, 38.966796], [-90.445303, 38.966826], [-90.447949, 38.967105], [-90.450813, 38.967769], [-90.451279, 38.967731], [-90.453205, 38.96696], [-90.455131, 38.966634], [-90.462411, 38.964322], [-90.467784, 38.961809], [-90.472122, 38.958838], [-90.47295, 38.957213], [-90.473437, 38.95676], [-90.475837, 38.952799], [-90.478393, 38.950016], [-90.480485, 38.947396], [-90.481229, 38.946062], [-90.482171, 38.944881], [-90.483071, 38.94307], [-90.483339, 38.942133], [-90.48341, 38.939395], [-90.482799, 38.937345], [-90.482725, 38.934712], [-90.482921, 38.933985], [-90.484007, 38.932174], [-90.484214, 38.931576], [-90.48623, 38.928455], [-90.487058, 38.925862], [-90.494037, 38.917367], [-90.496023, 38.915336], [-90.499672, 38.910605], [-90.500117, 38.910408], [-90.503148, 38.907384], [-90.507451, 38.902767], [-90.510686, 38.901106], [-90.514294, 38.900085], [-90.515274, 38.8995], [-90.516963, 38.898818], [-90.518581, 38.896979], [-90.528244, 38.889421], [-90.532754, 38.88547], [-90.538587, 38.879742], [-90.54571, 38.87505], [-90.546831, 38.874009], [-90.548917, 38.872937], [-90.551205, 38.872075], [-90.554564, 38.871109], [-90.557569, 38.870457], [-90.561021, 38.869476], [-90.568356, 38.868742], [-90.573091, 38.868435], [-90.577576, 38.868384], [-90.582259, 38.868794], [-90.583388, 38.86903], [-90.585402, 38.86977], [-90.586181, 38.870686], [-90.586287, 38.871136], [-90.586521, 38.87135], [-90.599712, 38.876955], [-90.611248, 38.882242], [-90.619464, 38.885366], [-90.623356, 38.887149], [-90.624737, 38.888188], [-90.628485, 38.891617], [-90.629668, 38.893236], [-90.635896, 38.903941], [-90.636994, 38.905123], [-90.640726, 38.908031], [-90.644143, 38.910378], [-90.64729, 38.912095], [-90.651556, 38.91587], [-90.659237, 38.923411], [-90.663018, 38.926283], [-90.663466, 38.927384], [-90.663654, 38.928716], [-90.662854, 38.933083], [-90.663424, 38.935551], [-90.664334, 38.937279], [-90.6659, 38.939253], [-90.668089, 38.943003], [-90.668592, 38.944684], [-90.668874, 38.946962], [-90.669229, 38.948176], [-90.671844, 38.952296], [-90.674322, 38.95773], [-90.675949, 38.96214], [-90.676342, 38.964414], [-90.676417, 38.965812], [-90.676209, 38.971968], [-90.676383, 38.975079], [-90.676245, 38.978273], [-90.675715, 38.981066], [-90.675941, 38.982611], [-90.677756, 38.989277], [-90.678193, 38.991851], [-90.679027, 38.993867], [-90.682068, 38.998778], [-90.683683, 39.000049], [-90.685514, 39.002277], [-90.687719, 39.005374], [-90.688813, 39.007342], [-90.69, 39.012169], [-90.692403, 39.016656], [-90.700595, 39.029074], [-90.707885, 39.042262], [-90.71158, 39.046798], [-90.712726, 39.049736], [-90.713629, 39.053977], [-90.713585, 39.055567], [-90.712541, 39.057064], [-90.702943, 39.064545], [-90.702136, 39.065568], [-90.701201, 39.07032], [-90.700165, 39.072279], [-90.698282, 39.074649], [-90.693551, 39.079237], [-90.690727, 39.081666], [-90.686237, 39.084989], [-90.682744, 39.088348], [-90.681994, 39.090066], [-90.681038, 39.099491], [-90.681086, 39.10059], [-90.684518, 39.113567], [-90.686051, 39.117785], [-90.68739, 39.11991], [-90.692261, 39.125048], [-90.693449, 39.127296], [-90.695926, 39.131122], [-90.697096, 39.13243], [-90.700464, 39.135439], [-90.702923, 39.138749], [-90.705168, 39.143152], [-90.707902, 39.15086], [-90.709146, 39.155111], [-90.709953, 39.172924], [-90.71048, 39.176366], [-90.711104, 39.178391], [-90.713713, 39.183339], [-90.71437, 39.185308], [-90.717404, 39.197414], [-90.717585, 39.200182], [-90.717427, 39.202791], [-90.716677, 39.206723], [-90.716597, 39.210414], [-90.717113, 39.213912], [-90.721835, 39.224108], [-90.721975, 39.225198], [-90.721784, 39.226646], [-90.721364, 39.228091], [-90.721188, 39.230176], [-90.721593, 39.23273], [-90.723725, 39.239183], [-90.726981, 39.251173], [-90.728613, 39.254092], [-90.72996, 39.255894], [-90.731967, 39.257713], [-90.733976, 39.259098], [-90.736005, 39.260386], [-90.739087, 39.261893], [-90.742315, 39.262854], [-90.748877, 39.264126], [-90.750125, 39.26453], [-90.751599, 39.265432], [-90.757742, 39.271315], [-90.767648, 39.280025], [-90.768877, 39.281512], [-90.773887, 39.290544], [-90.774756, 39.291874], [-90.775673, 39.292811], [-90.776798, 39.29362], [-90.779486, 39.295122], [-90.783789, 39.297164], [-90.78606, 39.298848], [-90.790675, 39.302908], [-90.791305, 39.304277], [-90.791689, 39.306957], [-90.79231, 39.308261], [-90.793461, 39.309498], [-90.799346, 39.313087], [-90.807478, 39.316721], [-90.814148, 39.319188], [-90.816851, 39.320496], [-90.821306, 39.323659], [-90.834753, 39.335461], [-90.840106, 39.340438], [-90.842175, 39.341932], [-90.8475, 39.345272], [-90.859113, 39.35137], [-90.866575, 39.35464], [-90.87608, 39.359478], [-90.89049, 39.365524], [-90.893777, 39.367343], [-90.896462, 39.369176], [-90.900095, 39.372354], [-90.902656, 39.375366], [-90.902905, 39.377534], [-90.903764, 39.378557], [-90.904862, 39.379403], [-90.906798, 39.380394], [-90.907999, 39.380812], [-90.910754, 39.381497], [-90.914658, 39.381956], [-90.920976, 39.383687], [-90.924601, 39.385136], [-90.928745, 39.387544], [-90.93092, 39.389203], [-90.934007, 39.392127], [-90.934785, 39.393529], [-90.935729, 39.397331], [-90.937419, 39.400803], [-90.939025, 39.402744], [-90.940766, 39.403984], [-90.944942, 39.406247], [-90.948299, 39.407502], [-90.951181, 39.408105], [-90.957459, 39.408996], [-90.962298, 39.410267], [-90.96748, 39.411948], [-90.972465, 39.414144], [-90.974476, 39.415585], [-90.976955, 39.417856], [-90.977618, 39.41829], [-90.98302, 39.420462], [-90.985715, 39.421112], [-90.989995, 39.421842], [-90.992317, 39.422413], [-90.993789, 39.422959], [-90.9958, 39.423997], [-90.999689, 39.426378], [-91.002603, 39.427082], [-91.003692, 39.427603], [-91.011954, 39.432661], [-91.02361, 39.438694], [-91.029709, 39.442515], [-91.033944, 39.445644], [-91.03827, 39.448435], [-91.046772, 39.456058], [-91.0496, 39.458987], [-91.053058, 39.462122], [-91.057114, 39.466086], [-91.059439, 39.46886], [-91.061167, 39.471377], [-91.062414, 39.474122], [-91.062789, 39.478047], [-91.063065, 39.484009], [-91.064305, 39.494643], [-91.066638, 39.496014], [-91.075309, 39.502845], [-91.079769, 39.507728], [-91.086292, 39.517141], [-91.089257, 39.522971], [-91.092869, 39.529275], [-91.096497, 39.534337], [-91.100307, 39.538695], [-91.100911, 39.539001], [-91.102905, 39.539349], [-91.114305, 39.541098], [-91.126638, 39.542227], [-91.136744, 39.544252], [-91.146596, 39.545486], [-91.149218, 39.546099], [-91.153628, 39.548248], [-91.156242, 39.550576], [-91.163634, 39.558566], [-91.166615, 39.562304], [-91.168419, 39.564928], [-91.168871, 39.566073], [-91.16982, 39.569555], [-91.170727, 39.577531], [-91.171641, 39.581899], [-91.174651, 39.593313], [-91.178393, 39.598697], [-91.180396, 39.601135], [-91.181936, 39.602677], [-91.183974, 39.604092], [-91.185921, 39.605119], [-91.201846, 39.610043], [-91.21664, 39.615124], [-91.223328, 39.617603], [-91.229317, 39.620853], [-91.235119, 39.625046], [-91.23974, 39.628648], [-91.241225, 39.630067], [-91.24356, 39.633064], [-91.245063, 39.63603], [-91.245914, 39.637311], [-91.248779, 39.64088], [-91.251849, 39.643295], [-91.254275, 39.644601], [-91.259272, 39.648017], [-91.260475, 39.649024], [-91.264329, 39.654374], [-91.266765, 39.656993], [-91.270456, 39.660683], [-91.27614, 39.665759], [-91.278557, 39.666975], [-91.283329, 39.670134], [-91.293788, 39.674766], [-91.29659, 39.676514], [-91.301603, 39.679068], [-91.303388, 39.680461], [-91.304674, 39.683337], [-91.305348, 39.683957], [-91.317814, 39.692591], [-91.331603, 39.700433], [-91.337802, 39.704443], [-91.343555, 39.708412], [-91.347253, 39.71048], [-91.350317, 39.713774], [-91.351554, 39.714667], [-91.354473, 39.716229], [-91.355314, 39.716985], [-91.358276, 39.720601], [-91.368418, 39.729738], [-91.369395, 39.731163], [-91.370009, 39.732524], [-91.370102, 39.733321], [-91.369388, 39.737213], [-91.36993, 39.740128], [-91.369953, 39.745042], [-91.369839, 39.745702], [-91.368947, 39.748047], [-91.367406, 39.75388], [-91.366047, 39.755955], [-91.36528, 39.757722], [-91.365125, 39.758723], [-91.365906, 39.764956], [-91.365694, 39.77491], [-91.365396, 39.777266], [-91.364848, 39.779388], [-91.363468, 39.782423], [-91.362439, 39.783578], [-91.361744, 39.785079], [-91.361571, 39.787548], [-91.362388, 39.790482], [-91.363444, 39.792804], [-91.367966, 39.800403], [-91.370805, 39.803478], [-91.372161, 39.805511], [-91.374705, 39.808363], [-91.376488, 39.810033], [-91.381174, 39.812671], [-91.383707, 39.8146], [-91.390731, 39.818596], [-91.393413, 39.81991], [-91.400068, 39.822521], [-91.40509, 39.82554], [-91.407793, 39.827581], [-91.411274, 39.829403], [-91.428469, 39.837626], [-91.430402, 39.838902], [-91.432158, 39.840308], [-91.433798, 39.841865], [-91.436529, 39.847078], [-91.437456, 39.849734], [-91.437693, 39.851983], [-91.439657, 39.857896], [-91.441343, 39.861983], [-91.443932, 39.867102], [-91.446685, 39.871642], [-91.447502, 39.875045], [-91.447844, 39.877951], [-91.446922, 39.883034], [-91.445551, 39.88718], [-91.444281, 39.891774], [-91.443513, 39.893583], [-91.441043, 39.896149], [-91.428956, 39.907729], [-91.423708, 39.912145], [-91.420878, 39.914865], [-91.41988, 39.916533], [-91.419359, 39.918526], [-91.418807, 39.922126], [-91.418861, 39.923835], [-91.41936, 39.927717], [-91.420688, 39.931149], [-91.421266, 39.932096], [-91.42183, 39.93297], [-91.425782, 39.937765], [-91.427499, 39.93954], [-91.429055, 39.940741], [-91.43709, 39.946417], [-91.439319, 39.948679], [-91.44156, 39.951299], [-91.443447, 39.953675], [-91.447236, 39.959502], [-91.449806, 39.965278], [-91.454647, 39.971306], [-91.457191, 39.975769], [-91.457868, 39.977537], [-91.458852, 39.979015], [-91.459533, 39.979892], [-91.46139, 39.98093], [-91.462762, 39.981324], [-91.463683, 39.981845], [-91.465315, 39.983995], [-91.466682, 39.987253], [-91.467294, 39.990631], [-91.469247, 39.995327], [-91.474051, 40.002283], [-91.476567, 40.008042], [-91.484064, 40.019332], [-91.485284, 40.021012], [-91.487122, 40.022692], [-91.494878, 40.036453], [-91.494981, 40.036945], [-91.49289, 40.045367], [-91.489734, 40.056427], [-91.489606, 40.057435], [-91.495365, 40.070951], [-91.497663, 40.078257], [-91.500823, 40.090956], [-91.501434, 40.095852], [-91.504851, 40.104203], [-91.506453, 40.109966], [-91.50824, 40.118945], [-91.509245, 40.121876], [-91.510604, 40.125045], [-91.510839, 40.126137], [-91.510322, 40.127994], [-91.510386, 40.131115], [-91.510746, 40.13468], [-91.511544, 40.137662], [-91.511676, 40.139227], [-91.511336, 40.143277], [-91.511647, 40.145107], [-91.511749, 40.147091], [-91.51159, 40.149269], [-91.509678, 40.153928], [-91.508324, 40.156326], [-91.508224, 40.157665], [-91.511956, 40.170441], [-91.513079, 40.178537], [-91.512974, 40.181062]]]}}, {"type": "Feature", "properties": {"district": 5}, "geometry": {"type": "Polygon", "coordinates": [[[-88.238449, 42.154249], [-88.199584, 42.15426], [-88.19945, 42.162548], [-88.199763, 42.171067], [-88.199378, 42.202966], [-88.195918, 42.203652], [-88.194992, 42.204118], [-88.194439, 42.204791], [-88.194407, 42.205715], [-88.194931, 42.207141], [-88.183886, 42.207193], [-88.183216, 42.208702], [-88.18271, 42.20941], [-88.181944, 42.210078], [-88.180837, 42.210674], [-88.178934, 42.211121], [-88.174224, 42.211153], [-88.172974, 42.211289], [-88.171247, 42.211932], [-88.170167, 42.212865], [-88.168576, 42.212704], [-88.154856, 42.212532], [-88.152617, 42.212558], [-88.151355, 42.212913], [-88.149409, 42.2123], [-88.139994, 42.212019], [-88.121184, 42.212339], [-88.11166, 42.21205], [-88.1081, 42.212037], [-88.108102, 42.212188], [-88.107467, 42.212033], [-88.096879, 42.211997], [-88.096737, 42.212167], [-88.096635, 42.213754], [-88.092423, 42.213791], [-88.091136, 42.214566], [-88.089725, 42.215075], [-88.083582, 42.216668], [-88.083683, 42.21551], [-88.075616, 42.215594], [-88.073366, 42.214706], [-88.066783, 42.219817], [-88.065161, 42.219295], [-88.064135, 42.219159], [-88.059408, 42.219107], [-88.057987, 42.218875], [-88.057992, 42.212481], [-88.058294, 42.209344], [-88.057973, 42.204628], [-88.062789, 42.204672], [-88.062913, 42.201353], [-88.060212, 42.201316], [-88.060195, 42.202379], [-88.057941, 42.202361], [-88.057909, 42.197376], [-88.018235, 42.197151], [-88.00435, 42.197259], [-88.004546, 42.182793], [-87.989652, 42.182721], [-87.98975, 42.176651], [-87.989569, 42.176072], [-87.989117, 42.175448], [-87.991969, 42.175455], [-87.991646, 42.174617], [-87.99092, 42.17406], [-87.991288, 42.173827], [-87.991467, 42.173458], [-87.992172, 42.173463], [-87.993228, 42.172674], [-87.992831, 42.172501], [-87.993456, 42.172076], [-87.992974, 42.171816], [-87.993672, 42.17182], [-87.993682, 42.16818], [-87.984826, 42.168182], [-87.985118, 42.153735], [-87.984994, 42.153626], [-87.981571, 42.153621], [-87.981499, 42.153268], [-87.981242, 42.153105], [-87.979146, 42.152912], [-87.978373, 42.152501], [-87.978099, 42.152142], [-87.978164, 42.150403], [-87.979547, 42.149013], [-87.979636, 42.1478], [-87.981194, 42.14779], [-87.982043, 42.147626], [-87.983965, 42.146566], [-87.985448, 42.146376], [-87.985481, 42.146023], [-87.985266, 42.142264], [-87.985113, 42.142124], [-87.985149, 42.139106], [-87.980245, 42.139079], [-87.980423, 42.112619], [-87.970959, 42.106227], [-87.970534, 42.106528], [-87.970123, 42.106372], [-87.96841, 42.106365], [-87.968319, 42.105662], [-87.969142, 42.10499], [-87.951174, 42.092923], [-87.940382, 42.083981], [-87.936065, 42.080751], [-87.907716, 42.080639], [-87.907713, 42.079829], [-87.902927, 42.079765], [-87.902332, 42.078323], [-87.901732, 42.078314], [-87.900888, 42.076275], [-87.897947, 42.076279], [-87.897955, 42.074791], [-87.895149, 42.074764], [-87.895244, 42.07405], [-87.896056, 42.073318], [-87.893654, 42.073297], [-87.893634, 42.071887], [-87.891818, 42.066018], [-87.865236, 42.065897], [-87.863987, 42.067266], [-87.863517, 42.067566], [-87.863774, 42.067619], [-87.862242, 42.069366], [-87.857844, 42.073714], [-87.857696, 42.073615], [-87.857181, 42.074141], [-87.848897, 42.065826], [-87.83994, 42.065789], [-87.840293, 42.063134], [-87.840507, 42.043629], [-87.833147, 42.043774], [-87.833167, 42.042891], [-87.830721, 42.042948], [-87.830762, 42.040217], [-87.844729, 42.039903], [-87.860009, 42.039338], [-87.860011, 42.03569], [-87.858483, 42.035732], [-87.858349, 42.034608], [-87.858437, 42.033057], [-87.858673, 42.032347], [-87.858564, 42.032266], [-87.858675, 42.030257], [-87.85907, 42.029913], [-87.857239, 42.028658], [-87.857648, 42.028516], [-87.860027, 42.02845], [-87.860003, 42.026396], [-87.860147, 42.026186], [-87.84311, 42.016563], [-87.843131, 42.014581], [-87.842519, 42.014595], [-87.842521, 42.012708], [-87.841922, 42.012721], [-87.841933, 42.010867], [-87.835859, 42.011008], [-87.835858, 42.012268], [-87.835705, 42.012398], [-87.833375, 42.011069], [-87.830476, 42.011129], [-87.829259, 42.01131], [-87.821253, 42.011357], [-87.821318, 42.007354], [-87.821116, 42.007225], [-87.821553, 42.006845], [-87.821319, 42.006697], [-87.82132, 42.006319], [-87.821495, 42.006159], [-87.81725, 42.003473], [-87.816482, 42.00415], [-87.806718, 42.004474], [-87.80675, 42.001505], [-87.799814, 42.001529], [-87.799481, 41.999985], [-87.797126, 42.000005], [-87.797121, 42.001392], [-87.795546, 42.001404], [-87.795553, 42.00095], [-87.791166, 42.00098], [-87.790766, 42.000531], [-87.786909, 42.002488], [-87.782714, 42.00423], [-87.782215, 42.004637], [-87.783208, 42.005542], [-87.788723, 42.011997], [-87.77906, 42.011991], [-87.779118, 42.015539], [-87.776922, 42.015457], [-87.776944, 42.011982], [-87.761619, 42.011881], [-87.761858, 42.003543], [-87.76227, 42.001687], [-87.75291, 41.997303], [-87.718607, 41.997281], [-87.717477, 41.99659], [-87.717808, 41.996279], [-87.717797, 41.995528], [-87.718402, 41.99552], [-87.718301, 41.99199], [-87.718911, 41.991983], [-87.718862, 41.990263], [-87.675044, 41.990758], [-87.674836, 41.983323], [-87.679506, 41.983156], [-87.679404, 41.976033], [-87.689151, 41.975892], [-87.688965, 41.970412], [-87.676259, 41.970617], [-87.676323, 41.973314], [-87.674313, 41.973368], [-87.674174, 41.968822], [-87.666199, 41.968923], [-87.665077, 41.963637], [-87.664935, 41.961647], [-87.665954, 41.961635], [-87.664471, 41.957956], [-87.66225, 41.954378], [-87.656792, 41.954452], [-87.656806, 41.951087], [-87.64962, 41.951198], [-87.647849, 41.951642], [-87.647896, 41.952849], [-87.646554, 41.952933], [-87.646648, 41.954614], [-87.641078, 41.954846], [-87.639925, 41.951771], [-87.637744, 41.947295], [-87.636018, 41.94523], [-87.633754, 41.943137], [-87.633299, 41.94238], [-87.633542, 41.94216], [-87.634017, 41.942478], [-87.634403, 41.941564], [-87.633947, 41.941276], [-87.634014, 41.940354], [-87.633441, 41.938745], [-87.63231, 41.937048], [-87.631812, 41.935406], [-87.630534, 41.933511], [-87.63074, 41.9331], [-87.631397, 41.932838], [-87.630763, 41.931991], [-87.631154, 41.930371], [-87.631089, 41.929196], [-87.6307, 41.928158], [-87.629599, 41.926653], [-87.629614, 41.926126], [-87.629842, 41.926033], [-87.629629, 41.925193], [-87.629299, 41.924616], [-87.629549, 41.924397], [-87.629491, 41.924161], [-87.628676, 41.922936], [-87.629271, 41.922546], [-87.62936, 41.922283], [-87.628545, 41.921003], [-87.628964, 41.920784], [-87.628957, 41.920658], [-87.628061, 41.9194], [-87.62851, 41.919158], [-87.627474, 41.917873], [-87.627732, 41.917698], [-87.627747, 41.9175], [-87.626711, 41.916445], [-87.626792, 41.91633], [-87.626484, 41.915946], [-87.624456, 41.914484], [-87.623075, 41.913786], [-87.622597, 41.913615], [-87.62162, 41.913615], [-87.620201, 41.914152], [-87.620311, 41.913631], [-87.620871, 41.913055], [-87.622539, 41.912786], [-87.623621, 41.912183], [-87.624606, 41.911305], [-87.624717, 41.910674], [-87.625218, 41.909999], [-87.62527, 41.909587], [-87.624162, 41.904578], [-87.621952, 41.904232], [-87.617052, 41.900132], [-87.618407, 41.900017], [-87.61569, 41.895877], [-87.620345, 41.895798], [-87.620322, 41.895015], [-87.624252, 41.894942], [-87.624252, 41.891731], [-87.628069, 41.891672], [-87.62829, 41.899937], [-87.629865, 41.899912], [-87.629832, 41.898752], [-87.6313, 41.898731], [-87.63135, 41.900553], [-87.632755, 41.900537], [-87.632847, 41.90388], [-87.633002, 41.903877], [-87.633062, 41.905755], [-87.634542, 41.905729], [-87.634575, 41.906692], [-87.63715, 41.906656], [-87.637185, 41.907622], [-87.638484, 41.907601], [-87.638573, 41.910495], [-87.637602, 41.910342], [-87.637619, 41.910973], [-87.63859, 41.911044], [-87.638594, 41.911172], [-87.636664, 41.911197], [-87.636718, 41.912852], [-87.64116, 41.912843], [-87.641135, 41.914661], [-87.64355, 41.914625], [-87.643525, 41.913898], [-87.648361, 41.913827], [-87.648094, 41.903637], [-87.662628, 41.903409], [-87.662625, 41.903857], [-87.663843, 41.903837], [-87.66383, 41.903388], [-87.677258, 41.903191], [-87.677463, 41.91047], [-87.687221, 41.910321], [-87.687708, 41.926678], [-87.687855, 41.926732], [-87.687709, 41.926739], [-87.687768, 41.928638], [-87.684251, 41.931393], [-87.683998, 41.931679], [-87.683963, 41.932216], [-87.685464, 41.932198], [-87.685492, 41.933104], [-87.687924, 41.933079], [-87.688258, 41.946731], [-87.698031, 41.946683], [-87.698459, 41.961177], [-87.700911, 41.961234], [-87.701064, 41.9662], [-87.698714, 41.966199], [-87.700639, 41.968015], [-87.70311, 41.970888], [-87.703818, 41.972449], [-87.704748, 41.975775], [-87.71723, 41.975651], [-87.717219, 41.975195], [-87.717821, 41.975186], [-87.717827, 41.975643], [-87.73192, 41.975492], [-87.731831, 41.971845], [-87.73928, 41.971767], [-87.739176, 41.968121], [-87.740165, 41.968108], [-87.729693, 41.960927], [-87.727828, 41.960947], [-87.727669, 41.955477], [-87.722763, 41.955523], [-87.722624, 41.949698], [-87.722426, 41.948795], [-87.720089, 41.947725], [-87.719286, 41.947132], [-87.718764, 41.946488], [-87.724954, 41.946405], [-87.7249, 41.944586], [-87.727345, 41.94456], [-87.727401, 41.946373], [-87.739319, 41.946221], [-87.740962, 41.949527], [-87.74054, 41.949269], [-87.74275, 41.953474], [-87.745579, 41.953445], [-87.74576, 41.958812], [-87.746255, 41.959824], [-87.746831, 41.959818], [-87.74687, 41.960731], [-87.746458, 41.960736], [-87.747276, 41.962379], [-87.747588, 41.962235], [-87.748147, 41.962538], [-87.750659, 41.96251], [-87.750703, 41.963975], [-87.751312, 41.963984], [-87.751413, 41.964328], [-87.751921, 41.964321], [-87.751866, 41.962496], [-87.75745, 41.96247], [-87.757387, 41.9606], [-87.764778, 41.960511], [-87.76481, 41.961425], [-87.76667, 41.961402], [-87.766689, 41.962361], [-87.772803, 41.962279], [-87.772756, 41.960864], [-87.773368, 41.960856], [-87.773414, 41.962272], [-87.777082, 41.962224], [-87.777161, 41.964779], [-87.782662, 41.964703], [-87.782539, 41.960726], [-87.78315, 41.960722], [-87.783135, 41.960268], [-87.785581, 41.960236], [-87.785461, 41.956585], [-87.786699, 41.956566], [-87.786658, 41.955709], [-87.7892, 41.955666], [-87.789194, 41.955473], [-87.791015, 41.955585], [-87.790984, 41.95437], [-87.790791, 41.953557], [-87.790675, 41.953551], [-87.790646, 41.952846], [-87.80972, 41.952708], [-87.81035, 41.952393], [-87.810231, 41.950652], [-87.812136, 41.950606], [-87.812032, 41.948801], [-87.8169, 41.948707], [-87.816924, 41.949155], [-87.820008, 41.947597], [-87.820114, 41.952464], [-87.82935, 41.952226], [-87.829279, 41.950409], [-87.831122, 41.950361], [-87.831051, 41.948544], [-87.832891, 41.948494], [-87.832961, 41.950313], [-87.836735, 41.950218], [-87.836748, 41.952055], [-87.847654, 41.952686], [-87.847765, 41.951676], [-87.854117, 41.951328], [-87.853893, 41.952005], [-87.854222, 41.953065], [-87.860162, 41.954055], [-87.881022, 41.956805], [-87.883448, 41.957289], [-87.885876, 41.9581], [-87.887153, 41.958282], [-87.889256, 41.957974], [-87.893087, 41.958086], [-87.893248, 41.954707], [-87.895778, 41.952215], [-87.8971, 41.951427], [-87.898442, 41.951057], [-87.902082, 41.951036], [-87.906865, 41.955216], [-87.911815, 41.956348], [-87.913411, 41.957771], [-87.914727, 41.95849], [-87.915735, 41.958748], [-87.916676, 41.960346], [-87.920075, 41.963688], [-87.919713, 41.964168], [-87.919617, 41.964986], [-87.918815, 41.965298], [-87.91535, 41.965441], [-87.915048, 41.965792], [-87.914975, 41.966473], [-87.915033, 41.968257], [-87.916947, 41.970603], [-87.920229, 41.97184], [-87.920476, 41.993886], [-87.938967, 41.993515], [-87.938653, 41.994543], [-87.937473, 41.997132], [-87.936022, 41.999364], [-87.933729, 42.001727], [-87.933743, 42.00129], [-87.930537, 42.003981], [-87.929067, 42.004964], [-87.921228, 42.003844], [-87.920754, 42.003968], [-87.920505, 42.005077], [-87.915263, 42.005102], [-87.912856, 42.004739], [-87.908887, 42.003822], [-87.908863, 42.002766], [-87.898788, 42.000728], [-87.895964, 42.000298], [-87.89597, 42.000034], [-87.892867, 41.999856], [-87.889076, 41.999238], [-87.884531, 41.998223], [-87.884532, 41.995132], [-87.875846, 41.995371], [-87.874691, 41.995695], [-87.874264, 41.99558], [-87.871297, 41.992677], [-87.867564, 41.990487], [-87.869821, 41.984169], [-87.870131, 41.982843], [-87.870156, 41.981223], [-87.869293, 41.975113], [-87.869617, 41.973133], [-87.861854, 41.973359], [-87.861659, 41.97299], [-87.860924, 41.972332], [-87.859529, 41.971571], [-87.859021, 41.971467], [-87.85781, 41.971663], [-87.856042, 41.972488], [-87.85542, 41.972536], [-87.855033, 41.972393], [-87.854384, 41.971823], [-87.854099, 41.971153], [-87.855062, 41.968669], [-87.855117, 41.968102], [-87.854778, 41.9667], [-87.854841, 41.966138], [-87.841595, 41.966507], [-87.841591, 41.970143], [-87.836658, 41.970232], [-87.836618, 41.986365], [-87.849537, 41.988299], [-87.85483, 41.98876], [-87.855851, 41.989057], [-87.856627, 41.989863], [-87.85844, 41.990711], [-87.859313, 41.991463], [-87.859741, 41.992215], [-87.859727, 41.992886], [-87.858547, 41.994219], [-87.858432, 41.994741], [-87.858572, 41.995119], [-87.859129, 41.995613], [-87.861341, 41.997148], [-87.861493, 41.997554], [-87.861347, 41.997847], [-87.860577, 41.998327], [-87.859818, 41.999066], [-87.859579, 41.999566], [-87.859681, 41.999804], [-87.863744, 42.002906], [-87.864827, 42.002835], [-87.874245, 42.017349], [-87.874767, 42.018489], [-87.875288, 42.020684], [-87.87647, 42.023617], [-87.88052, 42.031673], [-87.882343, 42.035924], [-87.885769, 42.047514], [-87.889981, 42.049779], [-87.897758, 42.047137], [-87.899848, 42.052863], [-87.903862, 42.052711], [-87.908919, 42.051396], [-87.909204, 42.051505], [-87.909444, 42.051291], [-87.911345, 42.052143], [-87.911441, 42.051988], [-87.921301, 42.05636], [-87.921285, 42.055351], [-87.925068, 42.055435], [-87.925026, 42.051852], [-87.928608, 42.051904], [-87.929581, 42.051758], [-87.940006, 42.052046], [-87.970054, 42.051513], [-87.970098, 42.050509], [-87.971634, 42.051151], [-87.973446, 42.051442], [-87.993897, 42.051461], [-87.997333, 42.053917], [-87.995927, 42.055135], [-87.99585, 42.055692], [-87.996116, 42.056846], [-87.997369, 42.057255], [-87.999314, 42.05726], [-87.999576, 42.058445], [-88.000721, 42.058304], [-88.001167, 42.06037], [-88.003827, 42.060344], [-88.003075, 42.058979], [-88.003031, 42.056893], [-88.007064, 42.057945], [-88.007053, 42.06665], [-88.00497, 42.066636], [-88.004777, 42.074449], [-88.004896, 42.07495], [-88.004617, 42.107279], [-88.004368, 42.111076], [-88.004425, 42.124923], [-88.004693, 42.131734], [-88.00448, 42.141782], [-88.004466, 42.153645], [-88.062827, 42.153855], [-88.062988, 42.13919], [-88.063166, 42.139181], [-88.06314, 42.137258], [-88.062986, 42.13729], [-88.062987, 42.137175], [-88.056458, 42.138979], [-88.053823, 42.139422], [-88.050315, 42.139408], [-88.050313, 42.138815], [-88.049757, 42.138831], [-88.04977, 42.139405], [-88.021795, 42.139152], [-88.016016, 42.134961], [-88.014227, 42.133961], [-88.014271, 42.133282], [-88.01714, 42.13317], [-88.01746, 42.132823], [-88.017482, 42.131908], [-88.019495, 42.131956], [-88.019522, 42.128319], [-88.019145, 42.127573], [-88.019154, 42.114022], [-88.019437, 42.112169], [-88.019099, 42.111595], [-88.019318, 42.108377], [-88.02417, 42.108389], [-88.024173, 42.106565], [-88.030711, 42.106617], [-88.030751, 42.105379], [-88.032478, 42.106148], [-88.033996, 42.104046], [-88.037753, 42.104074], [-88.038617, 42.104352], [-88.039551, 42.104379], [-88.039551, 42.101742], [-88.044686, 42.101803], [-88.044924, 42.102064], [-88.044953, 42.103594], [-88.047139, 42.103509], [-88.048532, 42.101794], [-88.053438, 42.101809], [-88.053439, 42.095875], [-88.063099, 42.095922], [-88.063185, 42.088101], [-88.063038, 42.087481], [-88.062695, 42.086915], [-88.070674, 42.085053], [-88.077924, 42.084995], [-88.07791, 42.078854], [-88.074142, 42.077442], [-88.067868, 42.075681], [-88.067901, 42.075543], [-88.06467, 42.074721], [-88.064068, 42.068082], [-88.06269, 42.067975], [-88.062517, 42.067069], [-88.119541, 42.067096], [-88.121676, 42.067109], [-88.121717, 42.088656], [-88.131253, 42.088666], [-88.131375, 42.090726], [-88.131375, 42.09154], [-88.130737, 42.091562], [-88.130782, 42.094906], [-88.129625, 42.094511], [-88.128927, 42.095978], [-88.128935, 42.096803], [-88.1266, 42.096828], [-88.126569, 42.102988], [-88.128105, 42.10295], [-88.128021, 42.106911], [-88.121554, 42.107018], [-88.121552, 42.110599], [-88.147202, 42.110319], [-88.173575, 42.110325], [-88.174944, 42.110257], [-88.175705, 42.109496], [-88.176607, 42.109591], [-88.176406, 42.109969], [-88.181325, 42.109981], [-88.189344, 42.097051], [-88.189763, 42.095358], [-88.189746, 42.089426], [-88.194627, 42.089304], [-88.194653, 42.097324], [-88.199777, 42.097225], [-88.199777, 42.095989], [-88.202185, 42.096252], [-88.202222, 42.095443], [-88.201823, 42.094874], [-88.204248, 42.094861], [-88.204275, 42.095802], [-88.218774, 42.095876], [-88.218778, 42.092325], [-88.228519, 42.092284], [-88.228525, 42.092761], [-88.228878, 42.092762], [-88.230141, 42.092758], [-88.230549, 42.092325], [-88.238257, 42.092348], [-88.238292, 42.141967], [-88.238449, 42.154249]]]}}, {"type": "Feature", "properties": {"district": 16}, "geometry": {"type": "Polygon", "coordinates": [[[-90.65671, 42.488835], [-90.656462, 42.490962], [-90.656285, 42.491371], [-90.652945, 42.495794], [-90.651026, 42.497705], [-90.649612, 42.500906], [-90.647865, 42.502463], [-90.645505, 42.505527], [-90.642843, 42.508481], [-90.639427, 42.508196], [-90.639027, 42.508302], [-90.629706, 42.508302], [-90.569516, 42.507645], [-90.561801, 42.507796], [-90.556429, 42.507761], [-90.555691, 42.507614], [-90.555165, 42.507858], [-90.544355, 42.50781], [-90.541374, 42.508186], [-90.535128, 42.50775], [-90.521765, 42.507584], [-90.515508, 42.507717], [-90.5057, 42.507499], [-90.504232, 42.507643], [-90.487533, 42.507615], [-90.479446, 42.507416], [-90.477644, 42.507209], [-90.475759, 42.507301], [-90.474955, 42.507484], [-90.401703, 42.506889], [-90.370673, 42.507111], [-90.367963, 42.50734], [-90.367725, 42.507177], [-90.366526, 42.507143], [-90.353574, 42.507112], [-90.299267, 42.507491], [-90.297048, 42.507689], [-90.286601, 42.507451], [-90.272732, 42.50755], [-90.269335, 42.507726], [-90.265294, 42.50746], [-90.25311, 42.507339], [-90.252379, 42.507567], [-90.243494, 42.507685], [-90.217936, 42.507792], [-90.216682, 42.507923], [-90.202906, 42.507808], [-90.202233, 42.50793], [-90.157406, 42.508325], [-90.142406, 42.508338], [-90.133993, 42.508101], [-90.095234, 42.507886], [-90.094976, 42.508192], [-90.093197, 42.508295], [-90.084702, 42.508122], [-90.07367, 42.508275], [-90.031804, 42.507712], [-90.017028, 42.507127], [-89.985974, 42.506651], [-89.985359, 42.506521], [-89.955237, 42.505651], [-89.902096, 42.505818], [-89.833762, 42.505724], [-89.768484, 42.505331], [-89.742403, 42.505443], [-89.734177, 42.505253], [-89.66982, 42.505044], [-89.651085, 42.504712], [-89.650645, 42.504541], [-89.643866, 42.504628], [-89.623254, 42.504246], [-89.61332, 42.504016], [-89.606335, 42.50367], [-89.600112, 42.503779], [-89.599522, 42.503532], [-89.593729, 42.503554], [-89.579475, 42.503104], [-89.578266, 42.502925], [-89.57671, 42.503024], [-89.562862, 42.502582], [-89.529971, 42.50202], [-89.35358, 42.499953], [-89.291434, 42.498917], [-89.250759, 42.497994], [-89.250113, 42.49813], [-89.246972, 42.49813], [-89.224185, 42.49797], [-89.166747, 42.497247], [-89.126192, 42.497069], [-89.098912, 42.496627], [-89.098912, 42.496517], [-89.071146, 42.496206], [-88.991611, 42.496005], [-88.86241, 42.493551], [-88.852591, 42.493045], [-88.825015, 42.492377], [-88.794933, 42.491989], [-88.765342, 42.491997], [-88.656053, 42.494844], [-88.606694, 42.495094], [-88.525709, 42.49492], [-88.500098, 42.494776], [-88.497798, 42.494618], [-88.471622, 42.494618], [-88.472053, 42.416152], [-88.471908, 42.414154], [-88.472094, 42.398271], [-88.471849, 42.397869], [-88.471836, 42.397113], [-88.472111, 42.39569], [-88.472297, 42.364713], [-88.473723, 42.36545], [-88.474774, 42.365088], [-88.475727, 42.365053], [-88.482903, 42.366286], [-88.484109, 42.365956], [-88.487168, 42.363909], [-88.488605, 42.363429], [-88.501453, 42.363453], [-88.501436, 42.36589], [-88.503376, 42.36639], [-88.506674, 42.366509], [-88.507773, 42.366741], [-88.510049, 42.36642], [-88.511415, 42.365585], [-88.516213, 42.365644], [-88.516135, 42.360172], [-88.511239, 42.359967], [-88.51126, 42.327472], [-88.585887, 42.327759], [-88.822073, 42.327892], [-88.822023, 42.306668], [-88.827776, 42.306717], [-88.832284, 42.306073], [-88.838185, 42.305896], [-88.838182, 42.306598], [-88.841243, 42.306556], [-88.841415, 42.307116], [-88.841692, 42.30734], [-88.843341, 42.307414], [-88.843325, 42.305803], [-88.84655, 42.30576], [-88.846433, 42.305666], [-88.846409, 42.303668], [-88.846389, 42.291278], [-88.867113, 42.291091], [-88.861323, 42.282491], [-88.861077, 42.281259], [-88.868826, 42.281177], [-88.868832, 42.277511], [-88.869, 42.276581], [-88.869314, 42.275954], [-88.870931, 42.276405], [-88.872243, 42.276514], [-88.878581, 42.276466], [-88.879512, 42.275953], [-88.879985, 42.276135], [-88.880724, 42.276031], [-88.881042, 42.275652], [-88.880954, 42.274856], [-88.880526, 42.27383], [-88.88066, 42.273243], [-88.880579, 42.272864], [-88.880964, 42.272293], [-88.880884, 42.271113], [-88.883138, 42.270933], [-88.88333, 42.270752], [-88.883286, 42.270412], [-88.883796, 42.270291], [-88.883951, 42.26983], [-88.884853, 42.269803], [-88.884882, 42.270072], [-88.88571, 42.270001], [-88.885319, 42.26912], [-88.87159, 42.269241], [-88.871593, 42.268606], [-88.870935, 42.268623], [-88.8709, 42.267937], [-88.869029, 42.267668], [-88.869021, 42.267525], [-88.862524, 42.26753], [-88.86253, 42.261136], [-88.863741, 42.261137], [-88.863738, 42.260773], [-88.864352, 42.260763], [-88.864345, 42.259563], [-88.862409, 42.259578], [-88.86242, 42.257491], [-88.861065, 42.257456], [-88.861251, 42.250677], [-88.861641, 42.24988], [-88.861839, 42.246955], [-88.86176, 42.240469], [-88.861257, 42.240475], [-88.861257, 42.240254], [-88.861446, 42.240253], [-88.861431, 42.238781], [-88.861231, 42.235576], [-88.861136, 42.235616], [-88.861515, 42.153046], [-88.822419, 42.153391], [-88.822461, 42.125429], [-88.821896, 42.066151], [-88.715601, 42.066434], [-88.715125, 42.019383], [-88.719784, 42.019435], [-88.719724, 42.017007], [-88.718661, 42.016955], [-88.718664, 42.014874], [-88.714817, 42.014692], [-88.714641, 42.00572], [-88.718479, 41.995822], [-88.714873, 41.994435], [-88.714728, 41.980045], [-88.812369, 41.979683], [-88.941883, 41.97888], [-88.941681, 41.930903], [-88.941279, 41.891752], [-88.941335, 41.792962], [-88.94166, 41.717503], [-88.941442, 41.717229], [-88.94056, 41.717148], [-88.940317, 41.716772], [-88.938909, 41.640076], [-88.938744, 41.638362], [-88.93886, 41.638235], [-88.938679, 41.628316], [-89.052011, 41.626704], [-89.109873, 41.627584], [-89.16715, 41.628657], [-89.166522, 41.585596], [-89.166542, 41.495832], [-89.214576, 41.495386], [-89.263926, 41.495161], [-89.344484, 41.495496], [-89.373514, 41.495289], [-89.393657, 41.494931], [-89.393586, 41.407572], [-89.393273, 41.391562], [-89.393037, 41.36112], [-89.392525, 41.350391], [-89.392859, 41.326139], [-89.392725, 41.317278], [-89.393463, 41.264704], [-89.392297, 41.264653], [-89.3817, 41.2656], [-89.374629, 41.266046], [-89.371318, 41.265966], [-89.348384, 41.261018], [-89.349271, 41.259292], [-89.348198, 41.259284], [-89.348885, 41.257543], [-89.349495, 41.254851], [-89.350253, 41.252554], [-89.348322, 41.25193], [-89.348181, 41.252179], [-89.347959, 41.252107], [-89.34774, 41.253234], [-89.347177, 41.254225], [-89.34583, 41.25379], [-89.345262, 41.25479], [-89.346643, 41.255236], [-89.346075, 41.256235], [-89.343345, 41.255356], [-89.343911, 41.254354], [-89.34259, 41.253928], [-89.343159, 41.252927], [-89.340533, 41.252078], [-89.341669, 41.250078], [-89.342967, 41.250497], [-89.343456, 41.249708], [-89.343924, 41.249543], [-89.344071, 41.249244], [-89.343898, 41.248149], [-89.344015, 41.247219], [-89.345734, 41.247344], [-89.334461, 41.239784], [-89.331521, 41.23852], [-89.331571, 41.237076], [-89.330323, 41.235562], [-89.329961, 41.235504], [-89.330247, 41.227947], [-89.321404, 41.227815], [-89.320727, 41.225761], [-89.320272, 41.221394], [-89.319286, 41.219108], [-89.31818, 41.217673], [-89.317264, 41.216779], [-89.313267, 41.213937], [-89.311838, 41.212129], [-89.309635, 41.207738], [-89.308988, 41.205537], [-89.308849, 41.191417], [-89.280017, 41.191294], [-89.16262, 41.192312], [-89.162782, 41.221379], [-89.120857, 41.221505], [-89.068454, 41.221334], [-89.058997, 41.221454], [-89.056687, 41.221734], [-89.055241, 41.222185], [-89.053917, 41.222837], [-89.0508, 41.224798], [-89.048736, 41.226663], [-89.049079, 41.250035], [-89.048542, 41.28003], [-89.047238, 41.280096], [-89.046208, 41.279959], [-89.045298, 41.279639], [-89.044232, 41.278612], [-89.034716, 41.27857], [-89.034656, 41.28007], [-89.034868, 41.28023], [-89.034019, 41.281122], [-89.03314, 41.281419], [-89.029592, 41.281761], [-89.029328, 41.282869], [-89.026861, 41.28258], [-89.02249, 41.281311], [-89.020392, 41.281252], [-89.018715, 41.281757], [-89.015971, 41.283562], [-89.014728, 41.284146], [-89.012719, 41.284665], [-89.010695, 41.284773], [-89.01006, 41.284771], [-89.010084, 41.281439], [-89.010298, 41.279964], [-88.933078, 41.280034], [-88.93287, 41.258125], [-88.913425, 41.258248], [-88.913569, 41.280161], [-88.855697, 41.280507], [-88.83242, 41.280765], [-88.817013, 41.281168], [-88.817323, 41.328633], [-88.811952, 41.328838], [-88.812017, 41.330699], [-88.813534, 41.331729], [-88.813559, 41.332797], [-88.812125, 41.332782], [-88.812129, 41.333487], [-88.811791, 41.334585], [-88.811293, 41.334586], [-88.811349, 41.339916], [-88.806016, 41.340681], [-88.803838, 41.340541], [-88.798722, 41.339428], [-88.796222, 41.338369], [-88.787032, 41.33699], [-88.785207, 41.33627], [-88.784541, 41.33694], [-88.781652, 41.334548], [-88.779502, 41.33359], [-88.777435, 41.333264], [-88.772221, 41.332935], [-88.770744, 41.33271], [-88.768165, 41.332009], [-88.763847, 41.330179], [-88.761582, 41.32965], [-88.761362, 41.329836], [-88.759714, 41.329838], [-88.756053, 41.330691], [-88.748965, 41.33148], [-88.740719, 41.331365], [-88.737271, 41.330885], [-88.731818, 41.329364], [-88.723427, 41.327515], [-88.719905, 41.326527], [-88.715388, 41.325524], [-88.714106, 41.325116], [-88.712891, 41.324359], [-88.710712, 41.323453], [-88.707589, 41.323094], [-88.706649, 41.322346], [-88.703787, 41.321995], [-88.699663, 41.321831], [-88.698162, 41.321364], [-88.696939, 41.321411], [-88.694527, 41.321174], [-88.690726, 41.319577], [-88.687883, 41.318611], [-88.685988, 41.31724], [-88.685627, 41.316818], [-88.684691, 41.316347], [-88.683938, 41.315699], [-88.682833, 41.315193], [-88.675165, 41.313419], [-88.670445, 41.311902], [-88.667491, 41.311634], [-88.664699, 41.311808], [-88.662597, 41.312423], [-88.659423, 41.313747], [-88.658274, 41.313988], [-88.653156, 41.313945], [-88.65014, 41.313334], [-88.64631, 41.312097], [-88.641328, 41.31097], [-88.638292, 41.309796], [-88.635852, 41.307978], [-88.632156, 41.305645], [-88.631483, 41.304908], [-88.630088, 41.302241], [-88.629393, 41.301433], [-88.627711, 41.30037], [-88.62592, 41.299863], [-88.620704, 41.299158], [-88.615517, 41.299366], [-88.611646, 41.299079], [-88.603935, 41.299069], [-88.601828, 41.299434], [-88.599477, 41.300068], [-88.596327, 41.301463], [-88.590912, 41.303034], [-88.59004, 41.303464], [-88.593704, 41.373035], [-88.595155, 41.418222], [-88.595961, 41.457129], [-88.556237, 41.457575], [-88.481681, 41.457903], [-88.382191, 41.46024], [-88.319918, 41.461132], [-88.254972, 41.462768], [-88.252231, 41.463066], [-88.248978, 41.369865], [-88.248857, 41.360507], [-88.248044, 41.333167], [-88.247971, 41.325108], [-88.246921, 41.28511], [-88.243925, 41.194439], [-88.240889, 41.114383], [-88.28516, 41.11353], [-88.4551, 41.10927], [-88.48492, 41.10865], [-88.5095, 41.10838], [-88.58461, 41.10831], [-88.584988, 41.092172], [-88.58568, 41.03659], [-88.585686, 41.019966], [-88.58592, 41.00221], [-88.585929, 40.944853], [-88.605294, 40.935844], [-88.58804, 40.93599], [-88.591343, 40.932433], [-88.604646, 40.932261], [-88.605067, 40.930673], [-88.604917, 40.918562], [-88.60545, 40.9179], [-88.60507, 40.91773], [-88.61999, 40.9017], [-88.62165, 40.90026], [-88.62387, 40.89865], [-88.63565, 40.89206], [-88.636343, 40.892437], [-88.64283, 40.89238], [-88.64284, 40.89277], [-88.645618, 40.89459], [-88.647812, 40.894569], [-88.647819, 40.895283], [-88.648065, 40.896051], [-88.648253, 40.896183], [-88.648911, 40.89643], [-88.651935, 40.896714], [-88.653642, 40.897497], [-88.656029, 40.898031], [-88.657353, 40.898835], [-88.659866, 40.899904], [-88.66098, 40.901251], [-88.662553, 40.902139], [-88.663776, 40.903273], [-88.665997, 40.904561], [-88.665968, 40.904775], [-88.666338, 40.904843], [-88.667773, 40.905946], [-88.66926, 40.90432], [-88.67024, 40.90282], [-88.67092, 40.9012], [-88.67141, 40.8992], [-88.671198, 40.873409], [-88.640501, 40.873641], [-88.642749, 40.870007], [-88.64273, 40.868173], [-88.643236, 40.868163], [-88.64324, 40.868412], [-88.643769, 40.868598], [-88.645156, 40.866351], [-88.64271, 40.866359], [-88.64258, 40.84524], [-88.64245, 40.84449], [-88.62335, 40.84466], [-88.62355, 40.85191], [-88.58719, 40.85235], [-88.58669, 40.85218], [-88.586172, 40.851073], [-88.585221, 40.850313], [-88.58426, 40.78516], [-88.584281, 40.758027], [-88.583313, 40.707854], [-88.582355, 40.670792], [-88.58215, 40.670604], [-88.575564, 40.670744], [-88.575216, 40.670616], [-88.574588, 40.638517], [-88.574502, 40.61655], [-88.554751, 40.616579], [-88.536866, 40.616904], [-88.478561, 40.617366], [-88.459475, 40.617345], [-88.45926, 40.530039], [-88.442193, 40.529873], [-88.370661, 40.529757], [-88.370701, 40.471445], [-88.370163, 40.471447], [-88.37062, 40.47101], [-88.370646, 40.464983], [-88.346988, 40.464973], [-88.346987, 40.398417], [-88.422437, 40.398534], [-88.459957, 40.39885], [-88.460328, 40.363148], [-88.460417, 40.340526], [-88.460264, 40.31086], [-88.460418, 40.281935], [-88.479502, 40.281799], [-88.4809, 40.281216], [-88.518139, 40.281236], [-88.565286, 40.281359], [-88.604408, 40.281804], [-88.778908, 40.282466], [-88.806335, 40.282727], [-88.814657, 40.282555], [-88.89938, 40.282662], [-88.91956, 40.282294], [-88.919544, 40.282865], [-88.936805, 40.283074], [-88.977952, 40.283203], [-89.000164, 40.282542], [-89.034709, 40.282731], [-89.035926, 40.322958], [-89.036507, 40.334019], [-89.036753, 40.335756], [-89.039125, 40.38494], [-89.03775, 40.401115], [-89.03897, 40.440708], [-89.036019, 40.440782], [-89.036015, 40.441536], [-89.036098, 40.441965], [-89.037049, 40.442812], [-89.037987, 40.442231], [-89.039914, 40.442035], [-89.039965, 40.442606], [-89.0392, 40.444453], [-89.040019, 40.445776], [-89.040092, 40.446151], [-89.039369, 40.447059], [-89.038881, 40.449388], [-89.039158, 40.44988], [-89.039895, 40.450192], [-89.040494, 40.450712], [-89.039597, 40.45105], [-89.038427, 40.451129], [-89.038256, 40.453188], [-89.039353, 40.453218], [-89.039444, 40.454924], [-89.038954, 40.454926], [-89.038509, 40.455874], [-89.038246, 40.45588], [-89.038016, 40.456517], [-89.037746, 40.456493], [-89.037372, 40.458632], [-89.027992, 40.458728], [-89.026361, 40.458606], [-89.021945, 40.458864], [-89.007776, 40.458943], [-89.007774, 40.458527], [-89.007351, 40.457454], [-89.006001, 40.458173], [-89.005739, 40.451614], [-89.00588, 40.451614], [-89.005839, 40.450451], [-89.000901, 40.450476], [-89.000826, 40.449856], [-88.992985, 40.449907], [-88.989665, 40.450484], [-88.986341, 40.451552], [-88.981232, 40.451305], [-88.963702, 40.451505], [-88.963747, 40.453176], [-88.962013, 40.453185], [-88.961777, 40.454462], [-88.96189, 40.457122], [-88.962372, 40.458703], [-88.962495, 40.461027], [-88.960279, 40.461999], [-88.958302, 40.463175], [-88.956605, 40.464523], [-88.954942, 40.466307], [-88.953859, 40.46793], [-88.953061, 40.469673], [-88.952595, 40.471413], [-88.952436, 40.473575], [-88.943095, 40.473256], [-88.943131, 40.480726], [-88.927058, 40.480641], [-88.926727, 40.481036], [-88.923678, 40.481114], [-88.923551, 40.473661], [-88.907283, 40.47367], [-88.907298, 40.475333], [-88.902218, 40.474057], [-88.902528, 40.488118], [-88.933585, 40.488467], [-88.93365, 40.495757], [-88.93625, 40.495766], [-88.936258, 40.49633], [-88.935551, 40.499047], [-88.933678, 40.498944], [-88.933642, 40.499843], [-88.938654, 40.499939], [-88.938646, 40.499451], [-88.941079, 40.499437], [-88.943857, 40.499011], [-88.943866, 40.502877], [-88.947974, 40.502935], [-88.947961, 40.505333], [-88.953098, 40.505228], [-88.9532, 40.510438], [-88.941934, 40.51039], [-88.941978, 40.513309], [-88.943384, 40.516086], [-88.943577, 40.516802], [-88.943908, 40.532359], [-88.947001, 40.53235], [-88.943908, 40.534283], [-88.943913, 40.534812], [-88.957994, 40.525683], [-88.958817, 40.525312], [-88.962058, 40.523044], [-88.962738, 40.523737], [-88.962999, 40.524403], [-88.963202, 40.531993], [-88.977387, 40.531797], [-88.977406, 40.532387], [-88.980471, 40.53233], [-88.980452, 40.53174], [-88.983251, 40.531668], [-88.99367, 40.531596], [-88.995757, 40.53195], [-89.002085, 40.53187], [-89.002188, 40.53109], [-89.001968, 40.528969], [-89.001692, 40.517127], [-89.011455, 40.517137], [-89.011047, 40.502448], [-89.020819, 40.502442], [-89.028833, 40.502224], [-89.028915, 40.512304], [-89.028626, 40.51701], [-89.035871, 40.516952], [-89.036115, 40.516913], [-89.0364, 40.516546], [-89.041317, 40.516503], [-89.041241, 40.514425], [-89.044284, 40.516973], [-89.050193, 40.521499], [-89.054999, 40.525562], [-89.058311, 40.528801], [-89.058266, 40.526705], [-89.058401, 40.525482], [-89.059623, 40.522348], [-89.059915, 40.520567], [-89.058836, 40.48767], [-89.066491, 40.487599], [-89.065316, 40.486217], [-89.065154, 40.485747], [-89.065334, 40.484754], [-89.066129, 40.483526], [-89.065714, 40.482749], [-89.067176, 40.482587], [-89.068061, 40.482154], [-89.070137, 40.48053], [-89.096531, 40.480066], [-89.096437, 40.471485], [-89.105506, 40.471372], [-89.105659, 40.471539], [-89.105684, 40.47261], [-89.105913, 40.472746], [-89.124952, 40.472721], [-89.124758, 40.465444], [-89.133953, 40.465526], [-89.151015, 40.465252], [-89.151905, 40.46526], [-89.152052, 40.465393], [-89.152019, 40.463139], [-89.155121, 40.46365], [-89.155601, 40.463535], [-89.156769, 40.462758], [-89.157548, 40.46269], [-89.159973, 40.462942], [-89.160722, 40.462736], [-89.160842, 40.462599], [-89.160782, 40.462164], [-89.160303, 40.461592], [-89.160273, 40.460631], [-89.159764, 40.46022], [-89.160124, 40.458984], [-89.159675, 40.458687], [-89.159675, 40.458435], [-89.160154, 40.458047], [-89.160185, 40.457406], [-89.160993, 40.457223], [-89.162401, 40.456286], [-89.164377, 40.45592], [-89.165437, 40.455908], [-89.166096, 40.455684], [-89.166141, 40.457524], [-89.175702, 40.457296], [-89.218468, 40.456978], [-89.218154, 40.442417], [-89.217026, 40.442426], [-89.216926, 40.440609], [-89.217075, 40.440608], [-89.217041, 40.438906], [-89.213308, 40.438939], [-89.21323, 40.435074], [-89.212881, 40.435023], [-89.212897, 40.431594], [-89.216411, 40.431571], [-89.216388, 40.430579], [-89.217784, 40.430574], [-89.217703, 40.42066], [-89.222569, 40.420616], [-89.222659, 40.427832], [-89.267899, 40.427534], [-89.308436, 40.426846], [-89.308389, 40.425131], [-89.313181, 40.425094], [-89.312932, 40.419525], [-89.320973, 40.419376], [-89.351069, 40.418964], [-89.351248, 40.426212], [-89.399052, 40.4253], [-89.398873, 40.4174], [-89.399469, 40.417901], [-89.399946, 40.41805], [-89.413083, 40.417801], [-89.414808, 40.416789], [-89.422653, 40.416578], [-89.422619, 40.41559], [-89.423587, 40.415375], [-89.424968, 40.415672], [-89.42599, 40.41526], [-89.425962, 40.414665], [-89.426353, 40.414414], [-89.426324, 40.414276], [-89.426834, 40.414162], [-89.426837, 40.413636], [-89.427738, 40.413362], [-89.428489, 40.412904], [-89.428879, 40.41295], [-89.429481, 40.412607], [-89.429811, 40.412744], [-89.429723, 40.413202], [-89.430145, 40.413544], [-89.431376, 40.413933], [-89.431437, 40.414367], [-89.43216, 40.414779], [-89.432289, 40.416906], [-89.432021, 40.41718], [-89.432023, 40.417545], [-89.431546, 40.41766], [-89.431487, 40.418003], [-89.430295, 40.41814], [-89.430087, 40.418437], [-89.429431, 40.418323], [-89.427523, 40.418529], [-89.427077, 40.418254], [-89.426659, 40.41846], [-89.426214, 40.419282], [-89.426216, 40.419671], [-89.426517, 40.419991], [-89.426489, 40.420357], [-89.427119, 40.420586], [-89.427333, 40.421089], [-89.427508, 40.421041], [-89.427513, 40.421262], [-89.428946, 40.421867], [-89.429246, 40.422187], [-89.429964, 40.422187], [-89.430353, 40.421867], [-89.431311, 40.42189], [-89.43146, 40.422096], [-89.432478, 40.422164], [-89.432956, 40.422668], [-89.433555, 40.422553], [-89.435261, 40.422874], [-89.437237, 40.422256], [-89.437865, 40.421616], [-89.438314, 40.421478], [-89.438793, 40.421089], [-89.43996, 40.421227], [-89.440379, 40.421432], [-89.440798, 40.420906], [-89.440857, 40.420563], [-89.441516, 40.42022], [-89.442473, 40.420929], [-89.442713, 40.421524], [-89.442982, 40.421684], [-89.445645, 40.421409], [-89.447042, 40.421614], [-89.447971, 40.421195], [-89.447938, 40.418976], [-89.451508, 40.418986], [-89.451601, 40.424053], [-89.45128, 40.42425], [-89.451273, 40.424639], [-89.455334, 40.426848], [-89.45718, 40.427499], [-89.457725, 40.428734], [-89.458411, 40.429744], [-89.467515, 40.440197], [-89.468431, 40.441441], [-89.469181, 40.443305], [-89.471119, 40.455444], [-89.472498, 40.461704], [-89.471284, 40.470069], [-89.471428, 40.481686], [-89.492618, 40.481189], [-89.559556, 40.480712], [-89.592318, 40.4807], [-89.64431, 40.480075], [-89.644705, 40.509198], [-89.644862, 40.509216], [-89.644886, 40.510269], [-89.645642, 40.552975], [-89.653404, 40.552927], [-89.653467, 40.556544], [-89.653903, 40.556543], [-89.653907, 40.558426], [-89.654468, 40.558422], [-89.654477, 40.560127], [-89.653478, 40.560168], [-89.653488, 40.561446], [-89.652104, 40.561486], [-89.652117, 40.562388], [-89.655103, 40.562381], [-89.655437, 40.562504], [-89.657129, 40.562363], [-89.664309, 40.562404], [-89.660398, 40.565647], [-89.657601, 40.568406], [-89.655465, 40.571239], [-89.654748, 40.57264], [-89.654319, 40.574207], [-89.653889, 40.578509], [-89.654509, 40.580518], [-89.655288, 40.582285], [-89.65879, 40.589174], [-89.659269, 40.590799], [-89.659943, 40.594309], [-89.660089, 40.596054], [-89.659997, 40.597656], [-89.658795, 40.600997], [-89.658, 40.602625], [-89.653688, 40.60749], [-89.651718, 40.609114], [-89.64423, 40.616217], [-89.636322, 40.622833], [-89.628742, 40.628689], [-89.626405, 40.632073], [-89.624188, 40.634079], [-89.623171, 40.634581], [-89.619223, 40.637708], [-89.616826, 40.640402], [-89.612374, 40.646457], [-89.61111, 40.648974], [-89.610878, 40.650724], [-89.610973, 40.652322], [-89.611727, 40.653476], [-89.613635, 40.654705], [-89.615992, 40.657032], [-89.616453, 40.657889], [-89.616607, 40.659118], [-89.616521, 40.660313], [-89.616242, 40.661046], [-89.615069, 40.663186], [-89.613756, 40.665081], [-89.613097, 40.665733], [-89.604549, 40.674043], [-89.591901, 40.68455], [-89.58682, 40.68739], [-89.581926, 40.689286], [-89.578353, 40.691814], [-89.57743, 40.692635], [-89.575946, 40.693438], [-89.574765, 40.693901], [-89.571992, 40.694627], [-89.568897, 40.69592], [-89.558222, 40.698106], [-89.557112, 40.698708], [-89.555952, 40.699632], [-89.554528, 40.70118], [-89.553101, 40.703086], [-89.549273, 40.712812], [-89.546764, 40.721294], [-89.546414, 40.722994], [-89.546614, 40.724318], [-89.547937, 40.725888], [-89.548456, 40.726742], [-89.549359, 40.728913], [-89.549603, 40.730517], [-89.549456, 40.735686], [-89.549557, 40.736789], [-89.550144, 40.73878], [-89.551189, 40.741184], [-89.551657, 40.743588], [-89.552595, 40.745941], [-89.555206, 40.751262], [-89.555968, 40.75335], [-89.556389, 40.756164], [-89.556426, 40.759096], [-89.556595, 40.760244], [-89.558931, 40.759471], [-89.558829, 40.758671], [-89.56376, 40.756577], [-89.564833, 40.758084], [-89.565508, 40.758003], [-89.565461, 40.757761], [-89.566332, 40.757663], [-89.566472, 40.758305], [-89.567436, 40.758181], [-89.567775, 40.759649], [-89.569044, 40.759673], [-89.56903, 40.760561], [-89.572366, 40.760601], [-89.57236, 40.757853], [-89.571433, 40.757848], [-89.571518, 40.753353], [-89.569168, 40.753353], [-89.569207, 40.747655], [-89.568083, 40.747091], [-89.567938, 40.746435], [-89.568286, 40.74623], [-89.568362, 40.74688], [-89.568942, 40.746936], [-89.569172, 40.747152], [-89.573966, 40.747241], [-89.574224, 40.748007], [-89.575047, 40.748625], [-89.580222, 40.750074], [-89.581061, 40.750556], [-89.5821, 40.749922], [-89.582597, 40.750492], [-89.582087, 40.750774], [-89.582196, 40.750978], [-89.582774, 40.750833], [-89.583082, 40.751841], [-89.583561, 40.751851], [-89.583559, 40.752034], [-89.584862, 40.752061], [-89.584842, 40.753167], [-89.5853, 40.752939], [-89.585871, 40.753442], [-89.58542, 40.753738], [-89.586041, 40.754285], [-89.584973, 40.75504], [-89.586645, 40.756109], [-89.588105, 40.757787], [-89.589047, 40.758312], [-89.592462, 40.759413], [-89.594002, 40.759667], [-89.594924, 40.760501], [-89.597901, 40.762221], [-89.598812, 40.763074], [-89.602066, 40.768532], [-89.602575, 40.770561], [-89.602613, 40.77264], [-89.606221, 40.772711], [-89.607733, 40.773309], [-89.60874, 40.772846], [-89.612697, 40.772801], [-89.614634, 40.772292], [-89.615906, 40.771501], [-89.616487, 40.772145], [-89.614608, 40.774158], [-89.610997, 40.775537], [-89.61181, 40.778829], [-89.613869, 40.779278], [-89.613867, 40.779783], [-89.621535, 40.779805], [-89.621543, 40.777199], [-89.62128, 40.776198], [-89.624894, 40.776407], [-89.626871, 40.776251], [-89.631138, 40.776305], [-89.631201, 40.769997], [-89.628503, 40.769965], [-89.627903, 40.769754], [-89.627455, 40.769396], [-89.626733, 40.769594], [-89.626458, 40.769243], [-89.62463, 40.769148], [-89.625185, 40.768424], [-89.624971, 40.767925], [-89.625417, 40.766917], [-89.625673, 40.766674], [-89.626185, 40.766576], [-89.626192, 40.766032], [-89.628885, 40.765831], [-89.629427, 40.765939], [-89.629484, 40.764828], [-89.629716, 40.76462], [-89.62984, 40.764002], [-89.630076, 40.763699], [-89.630111, 40.763326], [-89.629883, 40.762727], [-89.630125, 40.762677], [-89.630839, 40.761781], [-89.631926, 40.761775], [-89.632694, 40.760734], [-89.633256, 40.76038], [-89.634288, 40.760092], [-89.637095, 40.760347], [-89.638869, 40.759981], [-89.640918, 40.763681], [-89.642148, 40.765187], [-89.64457, 40.767154], [-89.646991, 40.768354], [-89.669768, 40.775127], [-89.670801, 40.761809], [-89.670437, 40.761988], [-89.671074, 40.754494], [-89.65403, 40.754329], [-89.654054, 40.753598], [-89.653754, 40.753587], [-89.653106, 40.75359], [-89.653109, 40.754254], [-89.652462, 40.754256], [-89.652178, 40.753835], [-89.651506, 40.753389], [-89.650715, 40.753283], [-89.650774, 40.751618], [-89.651521, 40.750213], [-89.650837, 40.749889], [-89.650832, 40.750007], [-89.649332, 40.748509], [-89.650937, 40.747115], [-89.65094, 40.747009], [-89.650518, 40.747039], [-89.650975, 40.746634], [-89.651084, 40.743501], [-89.652347, 40.743389], [-89.653034, 40.742232], [-89.65359, 40.740791], [-89.650234, 40.740099], [-89.650372, 40.738116], [-89.654554, 40.737946], [-89.654625, 40.736766], [-89.655378, 40.734646], [-89.655795, 40.731788], [-89.655363, 40.731715], [-89.655368, 40.731514], [-89.655804, 40.73142], [-89.656231, 40.730457], [-89.656268, 40.728739], [-89.651382, 40.728804], [-89.651413, 40.717958], [-89.641747, 40.71807], [-89.641842, 40.710688], [-89.646309, 40.710888], [-89.646208, 40.710111], [-89.64787, 40.709791], [-89.645351, 40.705649], [-89.644728, 40.705368], [-89.64191, 40.704972], [-89.641963, 40.699035], [-89.645138, 40.698089], [-89.644973, 40.69795], [-89.644989, 40.69618], [-89.645678, 40.696172], [-89.645676, 40.694859], [-89.644402, 40.694552], [-89.644406, 40.694254], [-89.642024, 40.694324], [-89.642125, 40.686636], [-89.646414, 40.686641], [-89.649931, 40.687237], [-89.648905, 40.688155], [-89.648828, 40.68836], [-89.649109, 40.688365], [-89.648917, 40.688588], [-89.654, 40.688488], [-89.650876, 40.689984], [-89.650509, 40.690341], [-89.650363, 40.690935], [-89.650574, 40.69202], [-89.651087, 40.693394], [-89.653234, 40.697729], [-89.653696, 40.699609], [-89.65446, 40.700983], [-89.657494, 40.699946], [-89.659951, 40.698158], [-89.661321, 40.697608], [-89.661078, 40.697321], [-89.661125, 40.69549], [-89.664985, 40.695636], [-89.664973, 40.696539], [-89.665238, 40.696545], [-89.665276, 40.695287], [-89.66681, 40.695342], [-89.666805, 40.695694], [-89.668672, 40.69582], [-89.668665, 40.696311], [-89.671588, 40.69629], [-89.671565, 40.69584], [-89.673222, 40.69589], [-89.673228, 40.696329], [-89.675639, 40.696345], [-89.675687, 40.698368], [-89.680313, 40.697614], [-89.689238, 40.697522], [-89.690528, 40.697716], [-89.692541, 40.698665], [-89.693875, 40.699013], [-89.700572, 40.699121], [-89.700438, 40.700068], [-89.699367, 40.701699], [-89.698964, 40.702711], [-89.698834, 40.705734], [-89.695878, 40.70574], [-89.695878, 40.711001], [-89.706142, 40.711012], [-89.706145, 40.710801], [-89.718119, 40.711049], [-89.774045, 40.710956], [-89.78032, 40.7111], [-89.781127, 40.710982], [-89.794716, 40.710968], [-89.794859, 40.725347], [-89.804658, 40.725392], [-89.804657, 40.733241], [-89.820756, 40.733396], [-89.820924, 40.737212], [-89.819122, 40.755639], [-89.818806, 40.75583], [-89.814599, 40.755681], [-89.813937, 40.755973], [-89.813689, 40.762031], [-89.824049, 40.766097], [-89.824167, 40.793454], [-89.834526, 40.793793], [-89.839048, 40.794779], [-89.841029, 40.794835], [-89.842887, 40.794474], [-89.847527, 40.792533], [-89.851638, 40.791909], [-89.851606, 40.799378], [-89.985333, 40.800074], [-89.985224, 40.847681], [-89.985376, 40.850576], [-89.985483, 40.945624], [-89.98559, 40.947026], [-89.984559, 41.149394], [-89.935485, 41.149304], [-89.868152, 41.149493], [-89.867793, 41.23443], [-89.857743, 41.234413], [-89.857496, 41.234655], [-89.857562, 41.257036], [-89.856914, 41.285232], [-89.856619, 41.320967], [-89.89525, 41.321067], [-89.972779, 41.32193], [-89.97295, 41.302173], [-89.972835, 41.29869], [-89.972858, 41.296457], [-89.973053, 41.295187], [-89.973028, 41.270477], [-89.973187, 41.263708], [-89.973298, 41.23454], [-90.095118, 41.235312], [-90.096085, 41.179055], [-90.096311, 41.14988], [-90.208816, 41.15211], [-90.323179, 41.151197], [-90.390867, 41.151209], [-90.437652, 41.151463], [-90.436446, 41.211623], [-90.436061, 41.238704], [-90.434189, 41.304019], [-90.434192, 41.31114], [-90.433737, 41.326989], [-90.433495, 41.370426], [-90.433205, 41.377674], [-90.432936, 41.392269], [-90.43273, 41.395478], [-90.432181, 41.434725], [-90.423769, 41.434536], [-90.42374, 41.437844], [-90.42005, 41.436811], [-90.420039, 41.437786], [-90.419761, 41.437707], [-90.419516, 41.43851], [-90.418511, 41.438222], [-90.418753, 41.43741], [-90.416469, 41.436922], [-90.416479, 41.439541], [-90.415236, 41.44031], [-90.415223, 41.449615], [-90.405839, 41.4493], [-90.405644, 41.449701], [-90.405643, 41.451468], [-90.405884, 41.451465], [-90.405884, 41.451967], [-90.405298, 41.45217], [-90.405236, 41.451463], [-90.404435, 41.451558], [-90.404439, 41.453379], [-90.403329, 41.453379], [-90.403156, 41.453246], [-90.402134, 41.45382], [-90.401647, 41.454472], [-90.401289, 41.455983], [-90.384443, 41.455834], [-90.382231, 41.456239], [-90.379125, 41.457373], [-90.377438, 41.457538], [-90.367863, 41.456801], [-90.357928, 41.455346], [-90.348269, 41.455003], [-90.348232, 41.441157], [-90.338511, 41.440966], [-90.338514, 41.44136], [-90.334226, 41.44129], [-90.333314, 41.441605], [-90.331955, 41.442911], [-90.33206, 41.443862], [-90.333884, 41.447537], [-90.333729, 41.447535], [-90.33376, 41.451162], [-90.329033, 41.451113], [-90.328977, 41.447483], [-90.324109, 41.447436], [-90.324277, 41.46198], [-90.319456, 41.461925], [-90.319473, 41.463954], [-90.320027, 41.463954], [-90.320031, 41.464407], [-90.31948, 41.464412], [-90.319861, 41.50174], [-90.31951, 41.509705], [-90.319192, 41.509576], [-90.318733, 41.508898], [-90.317608, 41.508709], [-90.315059, 41.509204], [-90.312678, 41.510239], [-90.312094, 41.510591], [-90.310168, 41.512508], [-90.30643, 41.516788], [-90.304716, 41.517791], [-90.302678, 41.518088], [-90.297076, 41.518207], [-90.294086, 41.51881], [-90.289224, 41.520334], [-90.279324, 41.520334], [-90.268324, 41.522134], [-90.266297, 41.522121], [-90.263841, 41.52174], [-90.260523, 41.521534], [-90.256486, 41.522319], [-90.250123, 41.522755], [-90.247405, 41.523581], [-90.246484, 41.524085], [-90.245649, 41.524324], [-90.241657, 41.524826], [-90.24078, 41.525088], [-90.231545, 41.529036], [-90.230112, 41.529297], [-90.228214, 41.529289], [-90.225842, 41.529917], [-90.224877, 41.530591], [-90.224167, 41.531418], [-90.223859, 41.533342], [-90.223415, 41.534509], [-90.222459, 41.53557], [-90.221418, 41.536251], [-90.219018, 41.5372], [-90.216737, 41.537916], [-90.214843, 41.538312], [-90.210399, 41.538957], [-90.204282, 41.53919], [-90.199489, 41.539655], [-90.196535, 41.540126], [-90.195324, 41.540686], [-90.192498, 41.543213], [-90.190796, 41.545697], [-90.189057, 41.549075], [-90.184991, 41.555457], [-90.183561, 41.558941], [-90.182278, 41.562829], [-90.180652, 41.5669], [-90.17992, 41.569759], [-90.179872, 41.570629], [-90.179328, 41.572367], [-90.179098, 41.573487], [-90.179173, 41.57543], [-90.179287, 41.576083], [-90.17969, 41.576737], [-90.180052, 41.578716], [-90.181034, 41.579548], [-90.182968, 41.582175], [-90.185536, 41.584574], [-90.106194, 41.584653], [-90.089263, 41.58432], [-90.051443, 41.583925], [-90.012099, 41.58372], [-89.994465, 41.583697], [-89.988126, 41.583843], [-89.988059, 41.583712], [-89.986531, 41.583691], [-89.950025, 41.583663], [-89.947777, 41.583769], [-89.891131, 41.583768], [-89.882149, 41.584008], [-89.805074, 41.584134], [-89.735899, 41.584556], [-89.703574, 41.584573], [-89.672437, 41.584867], [-89.631494, 41.584949], [-89.631991, 41.62839], [-89.631976, 41.642911], [-89.632379, 41.671561], [-89.631753, 41.744005], [-89.631467, 41.758076], [-89.631544, 41.772594], [-89.63118, 41.779355], [-89.628907, 41.930044], [-89.685366, 41.93034], [-89.686455, 41.936927], [-89.686466, 41.944783], [-89.686356, 41.955608], [-89.686026, 41.961404], [-89.68601, 41.972481], [-89.685582, 41.993726], [-89.685725, 41.995635], [-89.685397, 42.023886], [-89.684694, 42.025933], [-89.685454, 42.05385], [-89.686007, 42.082654], [-89.685984, 42.112009], [-89.687187, 42.147438], [-89.68788, 42.17739], [-89.687924, 42.184705], [-89.688229, 42.188249], [-89.688486, 42.199112], [-89.629821, 42.200534], [-89.570905, 42.200863], [-89.512582, 42.200657], [-89.507744, 42.200659], [-89.507745, 42.200809], [-89.505681, 42.200833], [-89.4934, 42.200688], [-89.467511, 42.200791], [-89.396192, 42.201916], [-89.376701, 42.201918], [-89.271657, 42.203147], [-89.253303, 42.203668], [-89.250107, 42.203397], [-89.173, 42.204241], [-89.173003, 42.208398], [-89.139842, 42.208496], [-89.138916, 42.210346], [-89.138116, 42.211461], [-89.113738, 42.237615], [-89.110965, 42.237635], [-89.111019, 42.237183], [-89.10918, 42.237217], [-89.109241, 42.235541], [-89.108142, 42.235549], [-89.10814, 42.235343], [-89.102431, 42.23539], [-89.101519, 42.233479], [-89.101387, 42.232637], [-89.101572, 42.232122], [-89.102284, 42.231675], [-89.102636, 42.231244], [-89.102784, 42.230389], [-89.102624, 42.229809], [-89.100418, 42.225923], [-89.098733, 42.223944], [-89.098638, 42.223572], [-89.097603, 42.222214], [-89.095945, 42.220505], [-89.095422, 42.219532], [-89.095847, 42.219531], [-89.095847, 42.219366], [-89.094722, 42.219369], [-89.095258, 42.217078], [-89.095011, 42.214875], [-89.094312, 42.213327], [-89.091733, 42.211089], [-89.091877, 42.210094], [-89.091767, 42.208489], [-89.091882, 42.207662], [-89.09231, 42.206836], [-89.093012, 42.206067], [-89.094606, 42.205161], [-89.098997, 42.204026], [-89.101001, 42.204112], [-89.102761, 42.203782], [-89.10699, 42.203961], [-89.107223, 42.203889], [-89.106935, 42.202764], [-89.111121, 42.201999], [-89.113489, 42.201104], [-89.115232, 42.199838], [-89.117042, 42.197536], [-89.117433, 42.196559], [-89.117668, 42.194377], [-89.118274, 42.193348], [-89.119316, 42.192573], [-89.123982, 42.190247], [-89.124634, 42.18975], [-89.125275, 42.188919], [-89.120977, 42.187385], [-89.119812, 42.187137], [-89.104087, 42.18683], [-89.10131, 42.185654], [-89.099675, 42.184507], [-89.093675, 42.18105], [-89.090569, 42.180806], [-89.089907, 42.181095], [-89.089287, 42.181757], [-89.087148, 42.184462], [-89.086567, 42.185633], [-89.086579, 42.194359], [-89.085057, 42.194366], [-89.082296, 42.198585], [-89.082001, 42.202498], [-89.082189, 42.207039], [-89.081997, 42.208894], [-89.071509, 42.208939], [-89.071814, 42.210513], [-89.071818, 42.211692], [-89.067268, 42.211667], [-89.067274, 42.212579], [-89.057495, 42.212612], [-89.057505, 42.215753], [-89.053609, 42.215813], [-89.053042, 42.216473], [-89.052132, 42.216885], [-89.051602, 42.216292], [-89.048277, 42.216338], [-89.048266, 42.20907], [-89.046765, 42.20909], [-89.046701, 42.206301], [-89.045386, 42.206365], [-89.044581, 42.205866], [-89.044453, 42.205528], [-89.044383, 42.202957], [-89.043718, 42.202923], [-89.043741, 42.201492], [-89.043108, 42.201486], [-89.043116, 42.201866], [-89.03332, 42.20201], [-89.033417, 42.209282], [-89.023148, 42.209444], [-89.023072, 42.209166], [-89.018647, 42.209142], [-89.018688, 42.201534], [-89.015225, 42.203787], [-89.01379, 42.204514], [-89.012514, 42.204849], [-89.011395, 42.205609], [-89.00917, 42.20586], [-89.005471, 42.205997], [-89.0055, 42.207068], [-89.005284, 42.207225], [-89.004001, 42.20724], [-89.003854, 42.207108], [-89.003829, 42.206144], [-89.002916, 42.206229], [-89.002389, 42.206429], [-89.000969, 42.207669], [-88.99895, 42.207805], [-88.998955, 42.209105], [-88.998704, 42.209117], [-88.998834, 42.22848], [-89.003857, 42.229233], [-89.003986, 42.238375], [-88.999452, 42.238422], [-88.999734, 42.239866], [-88.999659, 42.244484], [-89.001573, 42.244711], [-89.001478, 42.24535], [-89.001735, 42.245742], [-89.002397, 42.245516], [-89.004001, 42.245694], [-89.004136, 42.246841], [-89.006996, 42.247113], [-89.007107, 42.248191], [-89.008567, 42.248132], [-89.008752, 42.249666], [-89.00796, 42.25074], [-89.007841, 42.251222], [-89.008008, 42.251645], [-89.008755, 42.252427], [-89.008873, 42.253001], [-88.994121, 42.253174], [-88.994109, 42.257963], [-88.993975, 42.258741], [-88.994107, 42.259731], [-88.992022, 42.259978], [-88.989745, 42.260016], [-88.989717, 42.260688], [-88.989196, 42.261582], [-88.98918, 42.263171], [-88.989843, 42.264297], [-88.989859, 42.267861], [-88.98261, 42.268781], [-88.982614, 42.27167], [-88.980132, 42.271667], [-88.980115, 42.274712], [-88.979804, 42.279061], [-88.97991, 42.282464], [-88.99265, 42.282296], [-88.992617, 42.281555], [-88.99285, 42.281287], [-88.994492, 42.280379], [-88.994723, 42.280017], [-88.994603, 42.277606], [-88.994833, 42.277521], [-88.996447, 42.277846], [-88.997044, 42.277677], [-88.996281, 42.276893], [-88.996031, 42.276333], [-88.996404, 42.273917], [-88.997588, 42.274069], [-88.998857, 42.273549], [-88.999737, 42.273543], [-88.999731, 42.275615], [-89.001302, 42.275559], [-89.001319, 42.27491], [-89.008102, 42.274853], [-89.008106, 42.275311], [-89.008404, 42.275309], [-89.008397, 42.27484], [-89.01926, 42.274747], [-89.019257, 42.281652], [-89.018366, 42.281993], [-89.016687, 42.282033], [-89.01671, 42.285038], [-89.014348, 42.285071], [-89.014378, 42.287176], [-89.015809, 42.287209], [-89.017385, 42.288579], [-89.018079, 42.28884], [-89.019285, 42.28889], [-89.019281, 42.2893], [-89.022935, 42.289239], [-89.022939, 42.291515], [-89.024354, 42.29197], [-89.02398, 42.292862], [-89.023981, 42.294975], [-89.024614, 42.295], [-89.024605, 42.296494], [-89.018389, 42.296598], [-89.018389, 42.29585], [-89.017977, 42.295828], [-89.017964, 42.295406], [-89.014341, 42.295451], [-89.014347, 42.296634], [-88.99966, 42.296829], [-88.999639, 42.304018], [-88.99304, 42.304161], [-88.985898, 42.305874], [-88.985507, 42.30506], [-88.984997, 42.30453], [-88.984923, 42.304149], [-88.975671, 42.304361], [-88.975674, 42.304512], [-88.973919, 42.305651], [-88.972808, 42.305605], [-88.97281, 42.305498], [-88.972362, 42.305999], [-88.972177, 42.305758], [-88.971711, 42.305961], [-88.971445, 42.306313], [-88.970773, 42.306554], [-88.970617, 42.30679], [-88.970736, 42.307015], [-88.970529, 42.307268], [-88.970655, 42.307603], [-88.970166, 42.307734], [-88.968398, 42.309067], [-88.96803, 42.309182], [-88.967417, 42.30838], [-88.966814, 42.308498], [-88.967077, 42.30948], [-88.964782, 42.310181], [-88.96443, 42.343579], [-88.968322, 42.342728], [-88.971583, 42.341423], [-88.973213, 42.340994], [-88.979616, 42.340819], [-88.979582, 42.328054], [-88.979745, 42.326255], [-89.00705, 42.325874], [-89.007346, 42.323774], [-89.00834, 42.32179], [-89.008652, 42.320827], [-89.008396, 42.318437], [-89.008914, 42.317558], [-89.008811, 42.315584], [-89.010014, 42.314495], [-89.010059, 42.312303], [-89.010928, 42.311519], [-89.011007, 42.310604], [-89.016372, 42.310875], [-89.017076, 42.309685], [-89.017381, 42.309436], [-89.019903, 42.309218], [-89.019892, 42.307121], [-89.023623, 42.307051], [-89.023622, 42.306642], [-89.026019, 42.306595], [-89.026808, 42.30695], [-89.027801, 42.306653], [-89.030421, 42.306621], [-89.033488, 42.307232], [-89.038884, 42.307178], [-89.039207, 42.307225], [-89.040685, 42.308591], [-89.040706, 42.309245], [-89.041184, 42.308953], [-89.042157, 42.309806], [-89.034663, 42.316103], [-89.032843, 42.318179], [-89.029247, 42.318245], [-89.029145, 42.320417], [-89.028415, 42.323241], [-89.028422, 42.325522], [-89.058007, 42.324983], [-89.057853, 42.310572], [-89.065892, 42.31049], [-89.06594, 42.314018], [-89.066986, 42.314124], [-89.067608, 42.316006], [-89.070494, 42.31584], [-89.070526, 42.317212], [-89.070861, 42.318548], [-89.070724, 42.322959], [-89.071129, 42.324728], [-89.08717, 42.324747], [-89.087098, 42.317576], [-89.092907, 42.317535], [-89.093044, 42.315696], [-89.11619, 42.315385], [-89.116132, 42.305306], [-89.116498, 42.303111], [-89.116117, 42.301051], [-89.11607, 42.288328], [-89.145267, 42.288081], [-89.145268, 42.279368], [-89.147256, 42.279234], [-89.147265, 42.278498], [-89.148485, 42.278503], [-89.14849, 42.27794], [-89.149722, 42.278009], [-89.149693, 42.280861], [-89.150342, 42.280854], [-89.15034, 42.28096], [-89.154413, 42.280813], [-89.154428, 42.279119], [-89.15387, 42.279074], [-89.153886, 42.278244], [-89.187888, 42.280159], [-89.196739, 42.280107], [-89.203936, 42.280523], [-89.215662, 42.280066], [-89.231044, 42.280352], [-89.260485, 42.282134], [-89.270307, 42.283021], [-89.281152, 42.283757], [-89.28127, 42.289622], [-89.358985, 42.289277], [-89.397434, 42.288722], [-89.397518, 42.29957], [-89.397876, 42.307477], [-89.397934, 42.313056], [-89.397678, 42.3155], [-89.397819, 42.328733], [-89.397665, 42.332022], [-89.417147, 42.332131], [-89.456165, 42.331578], [-89.475729, 42.331556], [-89.495155, 42.331257], [-89.513291, 42.331174], [-89.514272, 42.331019], [-89.514997, 42.374347], [-89.637264, 42.374232], [-89.702527, 42.372693], [-89.749895, 42.371875], [-89.864728, 42.371791], [-89.923959, 42.37141], [-89.923171, 42.342091], [-89.921577, 42.302797], [-89.920823, 42.291112], [-89.920542, 42.283854], [-89.921048, 42.283874], [-89.921122, 42.279006], [-89.92057, 42.265125], [-89.919822, 42.212255], [-89.919772, 42.196881], [-89.956053, 42.196773], [-90.046657, 42.197298], [-90.074697, 42.196972], [-90.087768, 42.197163], [-90.115362, 42.197156], [-90.174938, 42.1966], [-90.317395, 42.193645], [-90.328273, 42.201047], [-90.332177, 42.202232], [-90.338169, 42.203321], [-90.349162, 42.204277], [-90.356964, 42.205445], [-90.365138, 42.210526], [-90.375129, 42.214811], [-90.382251, 42.219646], [-90.386781, 42.222967], [-90.391108, 42.225473], [-90.393151, 42.227186], [-90.394749, 42.229059], [-90.395883, 42.233133], [-90.400653, 42.239293], [-90.410471, 42.247749], [-90.413642, 42.250016], [-90.416315, 42.251679], [-90.418274, 42.253215], [-90.419326, 42.254467], [-90.42098, 42.257282], [-90.422181, 42.259899], [-90.422732, 42.261316], [-90.423242, 42.264411], [-90.424098, 42.266364], [-90.430884, 42.27823], [-90.431039, 42.282452], [-90.430735, 42.284211], [-90.430218, 42.284593], [-90.426909, 42.290719], [-90.424326, 42.293326], [-90.424257, 42.294576], [-90.422675, 42.298804], [-90.421676, 42.302506], [-90.419878, 42.306603], [-90.418915, 42.308328], [-90.419008, 42.309217], [-90.4203, 42.31169], [-90.421182, 42.315255], [-90.420753, 42.3168], [-90.420075, 42.317681], [-90.417125, 42.319943], [-90.4162, 42.321314], [-90.415937, 42.322699], [-90.416535, 42.325109], [-90.419027, 42.328505], [-90.42135, 42.330472], [-90.425363, 42.332615], [-90.430546, 42.33686], [-90.433949, 42.341701], [-90.438951, 42.34771], [-90.44248, 42.353511], [-90.443874, 42.355218], [-90.445167, 42.356441], [-90.44632, 42.357041], [-90.450836, 42.358527], [-90.452724, 42.359303], [-90.454646, 42.360652], [-90.456298, 42.362548], [-90.462619, 42.367253], [-90.464053, 42.36859], [-90.465879, 42.371147], [-90.46775, 42.374881], [-90.470273, 42.378355], [-90.472007, 42.379957], [-90.474891, 42.38228], [-90.477941, 42.384151], [-90.480148, 42.384616], [-90.484621, 42.38453], [-90.485698, 42.384662], [-90.487154, 42.385141], [-90.490334, 42.387093], [-90.493642, 42.389996], [-90.495766, 42.392406], [-90.496809, 42.392949], [-90.500128, 42.395539], [-90.506829, 42.398792], [-90.513504, 42.401293], [-90.517516, 42.403019], [-90.541954, 42.411374], [-90.548068, 42.413115], [-90.55281, 42.414985], [-90.555018, 42.416138], [-90.556149, 42.417283], [-90.55755, 42.419258], [-90.558168, 42.420984], [-90.558326, 42.425404], [-90.558801, 42.428517], [-90.559451, 42.430695], [-90.560439, 42.432897], [-90.561841, 42.435034], [-90.565248, 42.438742], [-90.567968, 42.440389], [-90.570736, 42.441701], [-90.575104, 42.442885], [-90.582128, 42.444437], [-90.590416, 42.447493], [-90.597488, 42.449477], [-90.604016, 42.450805], [-90.606328, 42.451505], [-90.624328, 42.458904], [-90.641027, 42.468304], [-90.644417, 42.470055], [-90.646419, 42.471328], [-90.65112, 42.475189], [-90.654496, 42.479205], [-90.655376, 42.480764], [-90.656302, 42.483691], [-90.65671, 42.488835]]]}}, {"type": "Feature", "properties": {"district": 6}, "geometry": {"type": "Polygon", "coordinates": [[[-88.119297, 41.805625], [-88.117275, 41.808935], [-88.117417, 41.808939], [-88.116288, 41.81088], [-88.116045, 41.810799], [-88.115732, 41.811229], [-88.113615, 41.814992], [-88.110049, 41.820072], [-88.107412, 41.825461], [-88.102612, 41.833408], [-88.101992, 41.834793], [-88.101728, 41.836604], [-88.101754, 41.851508], [-88.103041, 41.86534], [-88.091998, 41.867687], [-88.091997, 41.872052], [-88.08565, 41.872176], [-88.085484, 41.871956], [-88.081915, 41.874748], [-88.080387, 41.875561], [-88.078597, 41.876206], [-88.076848, 41.876577], [-88.074907, 41.876737], [-88.072348, 41.876618], [-88.072452, 41.876304], [-88.069305, 41.875955], [-88.067746, 41.875933], [-88.065728, 41.876154], [-88.039726, 41.883044], [-88.036477, 41.883705], [-88.036129, 41.883981], [-88.03457, 41.884156], [-88.037, 41.888021], [-88.037567, 41.889795], [-88.038044, 41.89932], [-88.038119, 41.904272], [-88.026339, 41.904643], [-88.024668, 41.90467], [-88.024666, 41.904473], [-88.004709, 41.904875], [-88.004718, 41.90428], [-88.003994, 41.904299], [-88.004, 41.904185], [-87.998227, 41.904261], [-87.998404, 41.898097], [-87.997591, 41.898084], [-87.997564, 41.898952], [-87.995685, 41.898934], [-87.993436, 41.899707], [-87.993395, 41.900931], [-87.992794, 41.900929], [-87.992657, 41.905128], [-87.988353, 41.905255], [-87.988359, 41.912513], [-87.983566, 41.912717], [-87.98359, 41.913955], [-87.98293, 41.914723], [-87.983112, 41.920039], [-87.974691, 41.920176], [-87.974258, 41.919474], [-87.969804, 41.919533], [-87.969822, 41.920256], [-87.969318, 41.920271], [-87.96929, 41.922021], [-87.969044, 41.922023], [-87.969047, 41.923016], [-87.967594, 41.922732], [-87.967594, 41.922394], [-87.966332, 41.922392], [-87.966357, 41.924125], [-87.966549, 41.924214], [-87.966596, 41.924909], [-87.96679, 41.930079], [-87.933893, 41.931662], [-87.920288, 41.9313], [-87.920423, 41.906843], [-87.923862, 41.906555], [-87.939872, 41.906265], [-87.940078, 41.890849], [-87.939983, 41.883527], [-87.939322, 41.881881], [-87.939967, 41.882102], [-87.939871, 41.876234], [-87.941159, 41.876189], [-87.940977, 41.874373], [-87.939718, 41.874413], [-87.938555, 41.86154], [-87.939444, 41.861516], [-87.939563, 41.861278], [-87.94862, 41.861026], [-87.948585, 41.858953], [-87.949475, 41.858918], [-87.949753, 41.857667], [-87.9533, 41.857537], [-87.953292, 41.856318], [-87.957927, 41.856146], [-87.957893, 41.853112], [-87.957498, 41.853112], [-87.95747, 41.846583], [-87.967225, 41.846238], [-87.9671, 41.84447], [-87.966878, 41.84447], [-87.96687, 41.843783], [-87.964914, 41.843797], [-87.964953, 41.842168], [-87.966097, 41.840715], [-87.966094, 41.839533], [-87.965863, 41.838967], [-87.965163, 41.83841], [-87.963257, 41.837678], [-87.962344, 41.836891], [-87.961329, 41.835453], [-87.960314, 41.833186], [-87.959841, 41.832728], [-87.958855, 41.832489], [-87.95883, 41.832113], [-87.955326, 41.832276], [-87.954353, 41.83029], [-87.953773, 41.828224], [-87.953538, 41.825048], [-87.953307, 41.825048], [-87.953005, 41.819103], [-87.952571, 41.817757], [-87.951444, 41.816362], [-87.948348, 41.813735], [-87.946922, 41.811908], [-87.946816, 41.810735], [-87.956506, 41.810429], [-87.956393, 41.807404], [-87.950631, 41.808807], [-87.950518, 41.805635], [-87.950246, 41.804972], [-87.950177, 41.803239], [-87.955545, 41.803134], [-87.95526, 41.80122], [-87.953257, 41.801251], [-87.952895, 41.800298], [-87.953055, 41.799826], [-87.953738, 41.799027], [-87.953717, 41.798123], [-87.954013, 41.797429], [-87.954692, 41.79734], [-87.954247, 41.795779], [-87.955198, 41.795607], [-87.955295, 41.795354], [-87.955362, 41.794965], [-87.954684, 41.793799], [-87.954547, 41.792954], [-87.954923, 41.792604], [-87.954999, 41.792305], [-87.954927, 41.791276], [-87.955314, 41.790864], [-87.955467, 41.79096], [-87.955909, 41.790586], [-87.956302, 41.789987], [-87.956199, 41.788593], [-87.946898, 41.788607], [-87.946665, 41.781606], [-87.946504, 41.781524], [-87.921572, 41.782028], [-87.921557, 41.781636], [-87.91672, 41.781733], [-87.916658, 41.780224], [-87.914257, 41.780281], [-87.911931, 41.780127], [-87.911903, 41.780935], [-87.90926, 41.780988], [-87.909231, 41.780808], [-87.908413, 41.780829], [-87.908431, 41.782097], [-87.909405, 41.782947], [-87.909518, 41.784219], [-87.908928, 41.784762], [-87.908718, 41.785287], [-87.908621, 41.789082], [-87.908784, 41.789239], [-87.90992, 41.789238], [-87.910059, 41.789407], [-87.910019, 41.789571], [-87.907907, 41.789618], [-87.90815, 41.796367], [-87.908729, 41.798776], [-87.913194, 41.810482], [-87.913471, 41.818641], [-87.913629, 41.818636], [-87.900744, 41.82071], [-87.889432, 41.819672], [-87.888789, 41.804646], [-87.883982, 41.80476], [-87.88394, 41.802959], [-87.879048, 41.803044], [-87.878884, 41.799403], [-87.87054, 41.799571], [-87.870621, 41.801397], [-87.865449, 41.801504], [-87.865377, 41.799673], [-87.864149, 41.7997], [-87.864224, 41.80153], [-87.859316, 41.801612], [-87.8586, 41.783614], [-87.856965, 41.783579], [-87.856134, 41.783949], [-87.856106, 41.783732], [-87.838749, 41.78383], [-87.834556, 41.782231], [-87.831056, 41.785131], [-87.830647, 41.78381], [-87.827178, 41.783741], [-87.816724, 41.777415], [-87.814716, 41.775946], [-87.814453, 41.776309], [-87.81194, 41.77449], [-87.81225, 41.774584], [-87.812039, 41.774378], [-87.805692, 41.774432], [-87.805849, 41.772387], [-87.804527, 41.772506], [-87.804362, 41.772386], [-87.801039, 41.776221], [-87.800886, 41.776567], [-87.801615, 41.794814], [-87.802094, 41.797847], [-87.796626, 41.799576], [-87.796042, 41.79943], [-87.792824, 41.799465], [-87.762538, 41.800058], [-87.762302, 41.792736], [-87.772066, 41.792542], [-87.771353, 41.774205], [-87.742165, 41.77478], [-87.742055, 41.771129], [-87.742166, 41.768121], [-87.741599, 41.756489], [-87.746405, 41.756414], [-87.749204, 41.754527], [-87.751243, 41.754495], [-87.751164, 41.75631], [-87.751336, 41.756293], [-87.751347, 41.756561], [-87.760989, 41.756431], [-87.76098, 41.756137], [-87.761449, 41.756097], [-87.780749, 41.75544], [-87.780348, 41.752109], [-87.794875, 41.751781], [-87.794851, 41.748209], [-87.799744, 41.748134], [-87.799102, 41.7335], [-87.770556, 41.734012], [-87.770563, 41.733568], [-87.768507, 41.733603], [-87.768113, 41.733615], [-87.768121, 41.734055], [-87.763228, 41.734139], [-87.763098, 41.730573], [-87.76067, 41.730606], [-87.760549, 41.72702], [-87.750989, 41.727181], [-87.74104, 41.727363], [-87.741208, 41.732755], [-87.741067, 41.734524], [-87.702124, 41.735203], [-87.702243, 41.734165], [-87.701834, 41.720732], [-87.695661, 41.720801], [-87.695548, 41.717178], [-87.69184, 41.717211], [-87.691732, 41.713566], [-87.681843, 41.713672], [-87.682514, 41.735525], [-87.67309, 41.73565], [-87.668216, 41.730177], [-87.667436, 41.728451], [-87.667729, 41.728396], [-87.667951, 41.728607], [-87.667891, 41.728415], [-87.669177, 41.728233], [-87.668471, 41.727219], [-87.668004, 41.725905], [-87.668179, 41.725531], [-87.668339, 41.721181], [-87.669151, 41.721164], [-87.668897, 41.712042], [-87.669198, 41.710498], [-87.670015, 41.708956], [-87.670636, 41.707086], [-87.670903, 41.705421], [-87.670834, 41.70332], [-87.671049, 41.702086], [-87.67108, 41.699627], [-87.671199, 41.699218], [-87.67436, 41.699154], [-87.674328, 41.698066], [-87.674016, 41.697222], [-87.674077, 41.696743], [-87.67883, 41.696649], [-87.67908, 41.695431], [-87.681271, 41.695422], [-87.680928, 41.684504], [-87.685864, 41.684475], [-87.685663, 41.679491], [-87.68576, 41.678619], [-87.686363, 41.677205], [-87.709901, 41.676837], [-87.71013, 41.680479], [-87.71136, 41.680438], [-87.71139, 41.681268], [-87.711576, 41.681356], [-87.711599, 41.681803], [-87.711326, 41.681808], [-87.711516, 41.684093], [-87.715154, 41.684042], [-87.715151, 41.684812], [-87.714668, 41.68487], [-87.714779, 41.687722], [-87.715266, 41.687765], [-87.715282, 41.6885], [-87.710467, 41.688616], [-87.710579, 41.691415], [-87.73973, 41.690891], [-87.739449, 41.683632], [-87.729747, 41.683804], [-87.729448, 41.676515], [-87.719739, 41.676673], [-87.718623, 41.647496], [-87.727013, 41.647313], [-87.728295, 41.647649], [-87.728352, 41.647329], [-87.738082, 41.647163], [-87.737758, 41.638373], [-87.747403, 41.636776], [-87.747162, 41.632412], [-87.757001, 41.632186], [-87.756907, 41.629356], [-87.75398, 41.629406], [-87.753898, 41.627493], [-87.75319, 41.627483], [-87.753035, 41.62559], [-87.75383, 41.625579], [-87.753823, 41.624953], [-87.752505, 41.624978], [-87.752317, 41.6198], [-87.752311, 41.61961], [-87.752651, 41.619629], [-87.753926, 41.620081], [-87.756582, 41.620278], [-87.755564, 41.590273], [-87.75795, 41.588294], [-87.760303, 41.588269], [-87.760284, 41.5866], [-87.762151, 41.585314], [-87.765124, 41.583811], [-87.765116, 41.583499], [-87.774754, 41.579234], [-87.774425, 41.569719], [-87.775647, 41.569706], [-87.775515, 41.566053], [-87.778781, 41.566016], [-87.778642, 41.564674], [-87.77757, 41.563347], [-87.777419, 41.562414], [-87.776967, 41.562419], [-87.776966, 41.561932], [-87.777182, 41.561542], [-87.77714, 41.560001], [-87.775993, 41.560021], [-87.775959, 41.558812], [-87.856185, 41.557606], [-87.85639, 41.564855], [-87.851837, 41.564943], [-87.851591, 41.566573], [-87.851799, 41.572229], [-87.87122, 41.571872], [-87.871457, 41.579082], [-87.881146, 41.579006], [-87.881403, 41.586274], [-87.891049, 41.58616], [-87.891447, 41.600671], [-87.895063, 41.600602], [-87.895071, 41.600833], [-87.901066, 41.600669], [-87.901062, 41.600484], [-87.910481, 41.600443], [-87.912567, 41.661985], [-87.912746, 41.662139], [-87.912607, 41.663159], [-87.912922, 41.672541], [-87.912798, 41.672547], [-87.912821, 41.673032], [-87.912946, 41.67304], [-87.913169, 41.679677], [-87.913302, 41.680118], [-87.913771, 41.693776], [-87.913734, 41.696531], [-87.914361, 41.711614], [-87.914265, 41.716746], [-87.91461, 41.723888], [-87.970551, 41.722743], [-87.972537, 41.726799], [-87.973119, 41.731226], [-87.982264, 41.728084], [-87.982271, 41.728308], [-87.986474, 41.72687], [-87.992457, 41.724335], [-87.992585, 41.729613], [-88.002298, 41.729433], [-88.002184, 41.728228], [-88.005011, 41.729267], [-88.011846, 41.729232], [-88.01212, 41.730506], [-88.012707, 41.751152], [-88.027266, 41.750848], [-88.027503, 41.75812], [-88.031258, 41.758018], [-88.031525, 41.765571], [-88.038904, 41.765356], [-88.04541, 41.772067], [-88.039084, 41.772309], [-88.039448, 41.779426], [-88.04245, 41.779412], [-88.042491, 41.779536], [-88.046846, 41.779446], [-88.056442, 41.779066], [-88.056141, 41.773445], [-88.064199, 41.773235], [-88.064259, 41.775092], [-88.067022, 41.774844], [-88.067127, 41.77548], [-88.070665, 41.775164], [-88.072407, 41.78031], [-88.072522, 41.780299], [-88.073512, 41.783878], [-88.073763, 41.78389], [-88.073725, 41.783999], [-88.075677, 41.78384], [-88.075772, 41.784204], [-88.075658, 41.784217], [-88.076317, 41.786271], [-88.079385, 41.785824], [-88.079135, 41.781278], [-88.078412, 41.7777], [-88.080394, 41.777312], [-88.081084, 41.777491], [-88.081915, 41.777994], [-88.082834, 41.778225], [-88.083401, 41.778031], [-88.084228, 41.777159], [-88.086873, 41.776901], [-88.08702, 41.778942], [-88.087834, 41.783654], [-88.090065, 41.782666], [-88.092619, 41.782158], [-88.092504, 41.785045], [-88.092249, 41.785791], [-88.091631, 41.786784], [-88.100231, 41.786651], [-88.100042, 41.789216], [-88.100665, 41.789095], [-88.100695, 41.789541], [-88.100565, 41.789588], [-88.100486, 41.792094], [-88.103266, 41.791536], [-88.103445, 41.792362], [-88.103272, 41.792421], [-88.103349, 41.793444], [-88.103496, 41.79353], [-88.103883, 41.797159], [-88.106427, 41.796677], [-88.110263, 41.796435], [-88.110845, 41.799618], [-88.111074, 41.805986], [-88.112568, 41.806032], [-88.112662, 41.805554], [-88.118758, 41.805556], [-88.119297, 41.805625]]]}}, {"type": "Feature", "properties": {"district": 17}, "geometry": {"type": "Polygon", "coordinates": [[[-91.072065, 41.333408], [-91.071555, 41.339648], [-91.070498, 41.34627], [-91.069763, 41.350302], [-91.067586, 41.359319], [-91.066913, 41.363417], [-91.066232, 41.366367], [-91.065656, 41.367996], [-91.065058, 41.369101], [-91.062285, 41.372535], [-91.059971, 41.375028], [-91.059607, 41.375867], [-91.056813, 41.378928], [-91.055598, 41.380026], [-91.051933, 41.384482], [-91.05158, 41.385283], [-91.051106, 41.386651], [-91.05101, 41.387556], [-91.050749, 41.39597], [-91.050328, 41.400049], [-91.048259, 41.409748], [-91.047642, 41.41131], [-91.04589, 41.414085], [-91.043988, 41.415897], [-91.039872, 41.418523], [-91.037131, 41.420017], [-91.033184, 41.421409], [-91.027787, 41.423603], [-91.024136, 41.424062], [-91.01198, 41.425024], [-91.005846, 41.426135], [-91.003368, 41.427337], [-90.993969, 41.430282], [-90.985886, 41.433689], [-90.982913, 41.434171], [-90.979815, 41.434321], [-90.975168, 41.433985], [-90.974185, 41.433712], [-90.973086, 41.433276], [-90.970173, 41.431238], [-90.966662, 41.430051], [-90.962095, 41.429327], [-90.958864, 41.428029], [-90.954735, 41.42561], [-90.949791, 41.424163], [-90.939668, 41.423142], [-90.933802, 41.421882], [-90.932817, 41.421827], [-90.932124, 41.421556], [-90.930016, 41.421404], [-90.925795, 41.422337], [-90.924343, 41.42286], [-90.919351, 41.425589], [-90.90935, 41.428801], [-90.902667, 41.430313], [-90.900471, 41.431154], [-90.892143, 41.434949], [-90.890676, 41.435488], [-90.879778, 41.441065], [-90.876958, 41.442871], [-90.869818, 41.44676], [-90.86924, 41.447204], [-90.860626, 41.451393], [-90.857554, 41.452751], [-90.853604, 41.453909], [-90.846558, 41.455141], [-90.840755, 41.455621], [-90.835359, 41.455575], [-90.82903, 41.455127], [-90.824736, 41.454467], [-90.81677, 41.454326], [-90.810035, 41.45457], [-90.798931, 41.454025], [-90.788203, 41.453147], [-90.777583, 41.451261], [-90.773417, 41.450882], [-90.765484, 41.450672], [-90.751706, 41.449678], [-90.745946, 41.44973], [-90.737537, 41.450127], [-90.733441, 41.450931], [-90.723545, 41.452248], [-90.707858, 41.453743], [-90.701159, 41.454743], [-90.690951, 41.456643], [-90.676439, 41.460832], [-90.666239, 41.460632], [-90.655839, 41.462132], [-90.650238, 41.465032], [-90.640238, 41.473332], [-90.632538, 41.478732], [-90.630738, 41.479732], [-90.618537, 41.485032], [-90.605936, 41.494232], [-90.604237, 41.497032], [-90.602137, 41.506032], [-90.595237, 41.511032], [-90.591037, 41.512832], [-90.586236, 41.514232], [-90.582936, 41.514832], [-90.582029, 41.515133], [-90.571136, 41.516332], [-90.567236, 41.517532], [-90.566328, 41.517937], [-90.563836, 41.519632], [-90.556235, 41.524232], [-90.545535, 41.525732], [-90.540935, 41.526133], [-90.533035, 41.524933], [-90.513134, 41.519533], [-90.503633, 41.518233], [-90.500633, 41.518033], [-90.489933, 41.518233], [-90.474332, 41.519733], [-90.461432, 41.523533], [-90.445231, 41.536133], [-90.438431, 41.544133], [-90.432731, 41.549533], [-90.427231, 41.551533], [-90.42223, 41.554233], [-90.41883, 41.559233], [-90.41583, 41.562933], [-90.412825, 41.565329], [-90.40573, 41.568333], [-90.39793, 41.572233], [-90.381329, 41.576633], [-90.364128, 41.579633], [-90.343228, 41.587833], [-90.341528, 41.590633], [-90.339528, 41.598633], [-90.341028, 41.614332], [-90.340918, 41.616472], [-90.34194, 41.623476], [-90.341971, 41.627489], [-90.342506, 41.634317], [-90.342811, 41.638071], [-90.34333, 41.640855], [-90.343452, 41.646959], [-90.342872, 41.649225], [-90.342231, 41.650964], [-90.341193, 41.653169], [-90.339759, 41.656862], [-90.337653, 41.661424], [-90.336729, 41.664532], [-90.335729, 41.670432], [-90.335349, 41.674577], [-90.334525, 41.679559], [-90.333621, 41.68092], [-90.332481, 41.682146], [-90.330222, 41.683954], [-90.328971, 41.684717], [-90.326957, 41.68564], [-90.323234, 41.687933], [-90.319924, 41.689721], [-90.317315, 41.69167], [-90.315981, 41.692989], [-90.314687, 41.69483], [-90.313435, 41.698082], [-90.313052, 41.699631], [-90.31277, 41.702426], [-90.312667, 41.704581], [-90.312893, 41.707528], [-90.31332, 41.709494], [-90.316106, 41.71495], [-90.317421, 41.718333], [-90.317668, 41.722689], [-90.31613, 41.728769], [-90.316562, 41.728928], [-90.315549, 41.734426], [-90.312609, 41.739939], [-90.310878, 41.742325], [-90.309973, 41.74342], [-90.307244, 41.746092], [-90.302782, 41.750031], [-90.289732, 41.759507], [-90.287697, 41.760545], [-90.284551, 41.763082], [-90.283941, 41.76368], [-90.283552, 41.764386], [-90.281894, 41.765174], [-90.278633, 41.767358], [-90.269694, 41.770286], [-90.264696, 41.771475], [-90.263286, 41.772112], [-90.261623, 41.773101], [-90.258622, 41.775295], [-90.248631, 41.779805], [-90.222161, 41.793175], [-90.216889, 41.795335], [-90.203588, 41.799109], [-90.196165, 41.800656], [-90.187969, 41.803163], [-90.181973, 41.80707], [-90.180954, 41.809354], [-90.180643, 41.811979], [-90.181904, 41.824605], [-90.181889, 41.827755], [-90.183187, 41.830047], [-90.183649, 41.831381], [-90.183973, 41.83307], [-90.183765, 41.83624], [-90.183251, 41.837906], [-90.182608, 41.839235], [-90.181901, 41.843216], [-90.181401, 41.844647], [-90.180049, 41.846276], [-90.175057, 41.853615], [-90.173009, 41.857393], [-90.17287, 41.858409], [-90.173329, 41.863671], [-90.173237, 41.86461], [-90.172765, 41.866149], [-90.170984, 41.870133], [-90.170491, 41.875028], [-90.170041, 41.876439], [-90.167865, 41.879395], [-90.165065, 41.883777], [-90.157019, 41.898019], [-90.153584, 41.906614], [-90.153362, 41.915593], [-90.152138, 41.928052], [-90.1516, 41.931002], [-90.152659, 41.933058], [-90.15431, 41.934527], [-90.156902, 41.938181], [-90.160648, 41.940845], [-90.163847, 41.944934], [-90.164939, 41.948861], [-90.164135, 41.956178], [-90.162141, 41.961293], [-90.158592, 41.967117], [-90.156315, 41.969113], [-90.155064, 41.971337], [-90.153828, 41.974121], [-90.152107, 41.97567], [-90.148599, 41.978269], [-90.146225, 41.981329], [-90.146399, 41.985375], [-90.146033, 41.988139], [-90.144241, 41.991031], [-90.140613, 41.995999], [-90.140536, 42.000026], [-90.140061, 42.003252], [-90.141167, 42.008931], [-90.142306, 42.011839], [-90.143776, 42.014881], [-90.144683, 42.016198], [-90.146026, 42.017271], [-90.147194, 42.018479], [-90.148096, 42.020014], [-90.149112, 42.022679], [-90.149188, 42.024058], [-90.149733, 42.026564], [-90.150916, 42.02944], [-90.151579, 42.030633], [-90.153334, 42.032066], [-90.155529, 42.034584], [-90.156663, 42.035412], [-90.158829, 42.037769], [-90.161629, 42.039248], [-90.163446, 42.040407], [-90.164337, 42.041515], [-90.164485, 42.042105], [-90.164537, 42.045007], [-90.165294, 42.050973], [-90.166495, 42.054543], [-90.166853, 42.05491], [-90.166808, 42.055933], [-90.165765, 42.060047], [-90.165526, 42.061518], [-90.165555, 42.062638], [-90.166482, 42.067333], [-90.167734, 42.071484], [-90.168358, 42.075779], [-90.167556, 42.078316], [-90.166512, 42.080568], [-90.16573, 42.081751], [-90.163405, 42.087613], [-90.162615, 42.090995], [-90.162401, 42.094185], [-90.161779, 42.096836], [-90.161504, 42.098912], [-90.16112, 42.104404], [-90.16116, 42.106372], [-90.161352, 42.11017], [-90.161884, 42.11378], [-90.162895, 42.116718], [-90.163992, 42.118303], [-90.167533, 42.122475], [-90.17041, 42.125021], [-90.17097, 42.125198], [-90.18471, 42.125198], [-90.190452, 42.125779], [-90.197342, 42.128163], [-90.201404, 42.130937], [-90.204145, 42.136995], [-90.20536, 42.139079], [-90.206369, 42.1455], [-90.207421, 42.149109], [-90.20826, 42.15099], [-90.209479, 42.15268], [-90.211328, 42.15401], [-90.216107, 42.15673], [-90.224244, 42.160028], [-90.234919, 42.165431], [-90.250129, 42.171469], [-90.255456, 42.171821], [-90.262345, 42.173451], [-90.26908, 42.1745], [-90.282173, 42.178846], [-90.298442, 42.187576], [-90.306531, 42.190439], [-90.314465, 42.192537], [-90.317395, 42.193645], [-90.174938, 42.1966], [-90.115362, 42.197156], [-90.087768, 42.197163], [-90.074697, 42.196972], [-90.046657, 42.197298], [-89.956053, 42.196773], [-89.919772, 42.196881], [-89.919822, 42.212255], [-89.92057, 42.265125], [-89.921122, 42.279006], [-89.921048, 42.283874], [-89.920542, 42.283854], [-89.920823, 42.291112], [-89.921577, 42.302797], [-89.923171, 42.342091], [-89.923959, 42.37141], [-89.864728, 42.371791], [-89.749895, 42.371875], [-89.702527, 42.372693], [-89.637264, 42.374232], [-89.514997, 42.374347], [-89.514272, 42.331019], [-89.513291, 42.331174], [-89.495155, 42.331257], [-89.475729, 42.331556], [-89.456165, 42.331578], [-89.417147, 42.332131], [-89.397665, 42.332022], [-89.397819, 42.328733], [-89.397678, 42.3155], [-89.397934, 42.313056], [-89.397876, 42.307477], [-89.397518, 42.29957], [-89.397434, 42.288722], [-89.358985, 42.289277], [-89.28127, 42.289622], [-89.281152, 42.283757], [-89.270307, 42.283021], [-89.260485, 42.282134], [-89.231044, 42.280352], [-89.215662, 42.280066], [-89.203936, 42.280523], [-89.196739, 42.280107], [-89.187888, 42.280159], [-89.153886, 42.278244], [-89.15387, 42.279074], [-89.154428, 42.279119], [-89.154413, 42.280813], [-89.15034, 42.28096], [-89.150342, 42.280854], [-89.149693, 42.280861], [-89.149722, 42.278009], [-89.14849, 42.27794], [-89.148485, 42.278503], [-89.147265, 42.278498], [-89.147256, 42.279234], [-89.145268, 42.279368], [-89.145267, 42.288081], [-89.11607, 42.288328], [-89.116117, 42.301051], [-89.116498, 42.303111], [-89.116132, 42.305306], [-89.11619, 42.315385], [-89.093044, 42.315696], [-89.092907, 42.317535], [-89.087098, 42.317576], [-89.08717, 42.324747], [-89.071129, 42.324728], [-89.070724, 42.322959], [-89.070861, 42.318548], [-89.070526, 42.317212], [-89.070494, 42.31584], [-89.067608, 42.316006], [-89.066986, 42.314124], [-89.06594, 42.314018], [-89.065892, 42.31049], [-89.057853, 42.310572], [-89.058007, 42.324983], [-89.028422, 42.325522], [-89.028415, 42.323241], [-89.029145, 42.320417], [-89.029247, 42.318245], [-89.032843, 42.318179], [-89.034663, 42.316103], [-89.042157, 42.309806], [-89.041184, 42.308953], [-89.040706, 42.309245], [-89.040685, 42.308591], [-89.039207, 42.307225], [-89.038884, 42.307178], [-89.033488, 42.307232], [-89.030421, 42.306621], [-89.027801, 42.306653], [-89.026808, 42.30695], [-89.026019, 42.306595], [-89.023622, 42.306642], [-89.023623, 42.307051], [-89.019892, 42.307121], [-89.019903, 42.309218], [-89.017381, 42.309436], [-89.017076, 42.309685], [-89.016372, 42.310875], [-89.011007, 42.310604], [-89.010928, 42.311519], [-89.010059, 42.312303], [-89.010014, 42.314495], [-89.008811, 42.315584], [-89.008914, 42.317558], [-89.008396, 42.318437], [-89.008652, 42.320827], [-89.00834, 42.32179], [-89.007346, 42.323774], [-89.00705, 42.325874], [-88.979745, 42.326255], [-88.979582, 42.328054], [-88.979616, 42.340819], [-88.973213, 42.340994], [-88.971583, 42.341423], [-88.968322, 42.342728], [-88.96443, 42.343579], [-88.964782, 42.310181], [-88.967077, 42.30948], [-88.966814, 42.308498], [-88.967417, 42.30838], [-88.96803, 42.309182], [-88.968398, 42.309067], [-88.970166, 42.307734], [-88.970655, 42.307603], [-88.970529, 42.307268], [-88.970736, 42.307015], [-88.970617, 42.30679], [-88.970773, 42.306554], [-88.971445, 42.306313], [-88.971711, 42.305961], [-88.972177, 42.305758], [-88.972362, 42.305999], [-88.97281, 42.305498], [-88.972808, 42.305605], [-88.973919, 42.305651], [-88.975674, 42.304512], [-88.975671, 42.304361], [-88.984923, 42.304149], [-88.984997, 42.30453], [-88.985507, 42.30506], [-88.985898, 42.305874], [-88.99304, 42.304161], [-88.999639, 42.304018], [-88.99966, 42.296829], [-89.014347, 42.296634], [-89.014341, 42.295451], [-89.017964, 42.295406], [-89.017977, 42.295828], [-89.018389, 42.29585], [-89.018389, 42.296598], [-89.024605, 42.296494], [-89.024614, 42.295], [-89.023981, 42.294975], [-89.02398, 42.292862], [-89.024354, 42.29197], [-89.022939, 42.291515], [-89.022935, 42.289239], [-89.019281, 42.2893], [-89.019285, 42.28889], [-89.018079, 42.28884], [-89.017385, 42.288579], [-89.015809, 42.287209], [-89.014378, 42.287176], [-89.014348, 42.285071], [-89.01671, 42.285038], [-89.016687, 42.282033], [-89.018366, 42.281993], [-89.019257, 42.281652], [-89.01926, 42.274747], [-89.008397, 42.27484], [-89.008404, 42.275309], [-89.008106, 42.275311], [-89.008102, 42.274853], [-89.001319, 42.27491], [-89.001302, 42.275559], [-88.999731, 42.275615], [-88.999737, 42.273543], [-88.998857, 42.273549], [-88.997588, 42.274069], [-88.996404, 42.273917], [-88.996031, 42.276333], [-88.996281, 42.276893], [-88.997044, 42.277677], [-88.996447, 42.277846], [-88.994833, 42.277521], [-88.994603, 42.277606], [-88.994723, 42.280017], [-88.994492, 42.280379], [-88.99285, 42.281287], [-88.992617, 42.281555], [-88.99265, 42.282296], [-88.97991, 42.282464], [-88.979804, 42.279061], [-88.980115, 42.274712], [-88.980132, 42.271667], [-88.982614, 42.27167], [-88.98261, 42.268781], [-88.989859, 42.267861], [-88.989843, 42.264297], [-88.98918, 42.263171], [-88.989196, 42.261582], [-88.989717, 42.260688], [-88.989745, 42.260016], [-88.992022, 42.259978], [-88.994107, 42.259731], [-88.993975, 42.258741], [-88.994109, 42.257963], [-88.994121, 42.253174], [-89.008873, 42.253001], [-89.008755, 42.252427], [-89.008008, 42.251645], [-89.007841, 42.251222], [-89.00796, 42.25074], [-89.008752, 42.249666], [-89.008567, 42.248132], [-89.007107, 42.248191], [-89.006996, 42.247113], [-89.004136, 42.246841], [-89.004001, 42.245694], [-89.002397, 42.245516], [-89.001735, 42.245742], [-89.001478, 42.24535], [-89.001573, 42.244711], [-88.999659, 42.244484], [-88.999734, 42.239866], [-88.999452, 42.238422], [-89.003986, 42.238375], [-89.003857, 42.229233], [-88.998834, 42.22848], [-88.998704, 42.209117], [-88.998955, 42.209105], [-88.99895, 42.207805], [-89.000969, 42.207669], [-89.002389, 42.206429], [-89.002916, 42.206229], [-89.003829, 42.206144], [-89.003854, 42.207108], [-89.004001, 42.20724], [-89.005284, 42.207225], [-89.0055, 42.207068], [-89.005471, 42.205997], [-89.00917, 42.20586], [-89.011395, 42.205609], [-89.012514, 42.204849], [-89.01379, 42.204514], [-89.015225, 42.203787], [-89.018688, 42.201534], [-89.018647, 42.209142], [-89.023072, 42.209166], [-89.023148, 42.209444], [-89.033417, 42.209282], [-89.03332, 42.20201], [-89.043116, 42.201866], [-89.043108, 42.201486], [-89.043741, 42.201492], [-89.043718, 42.202923], [-89.044383, 42.202957], [-89.044453, 42.205528], [-89.044581, 42.205866], [-89.045386, 42.206365], [-89.046701, 42.206301], [-89.046765, 42.20909], [-89.048266, 42.20907], [-89.048277, 42.216338], [-89.051602, 42.216292], [-89.052132, 42.216885], [-89.053042, 42.216473], [-89.053609, 42.215813], [-89.057505, 42.215753], [-89.057495, 42.212612], [-89.067274, 42.212579], [-89.067268, 42.211667], [-89.071818, 42.211692], [-89.071814, 42.210513], [-89.071509, 42.208939], [-89.081997, 42.208894], [-89.082189, 42.207039], [-89.082001, 42.202498], [-89.082296, 42.198585], [-89.085057, 42.194366], [-89.086579, 42.194359], [-89.086567, 42.185633], [-89.087148, 42.184462], [-89.089287, 42.181757], [-89.089907, 42.181095], [-89.090569, 42.180806], [-89.093675, 42.18105], [-89.099675, 42.184507], [-89.10131, 42.185654], [-89.104087, 42.18683], [-89.119812, 42.187137], [-89.120977, 42.187385], [-89.125275, 42.188919], [-89.124634, 42.18975], [-89.123982, 42.190247], [-89.119316, 42.192573], [-89.118274, 42.193348], [-89.117668, 42.194377], [-89.117433, 42.196559], [-89.117042, 42.197536], [-89.115232, 42.199838], [-89.113489, 42.201104], [-89.111121, 42.201999], [-89.106935, 42.202764], [-89.107223, 42.203889], [-89.10699, 42.203961], [-89.102761, 42.203782], [-89.101001, 42.204112], [-89.098997, 42.204026], [-89.094606, 42.205161], [-89.093012, 42.206067], [-89.09231, 42.206836], [-89.091882, 42.207662], [-89.091767, 42.208489], [-89.091877, 42.210094], [-89.091733, 42.211089], [-89.094312, 42.213327], [-89.095011, 42.214875], [-89.095258, 42.217078], [-89.094722, 42.219369], [-89.095847, 42.219366], [-89.095847, 42.219531], [-89.095422, 42.219532], [-89.095945, 42.220505], [-89.097603, 42.222214], [-89.098638, 42.223572], [-89.098733, 42.223944], [-89.100418, 42.225923], [-89.102624, 42.229809], [-89.102784, 42.230389], [-89.102636, 42.231244], [-89.102284, 42.231675], [-89.101572, 42.232122], [-89.101387, 42.232637], [-89.101519, 42.233479], [-89.102431, 42.23539], [-89.10814, 42.235343], [-89.108142, 42.235549], [-89.109241, 42.235541], [-89.10918, 42.237217], [-89.111019, 42.237183], [-89.110965, 42.237635], [-89.113738, 42.237615], [-89.138116, 42.211461], [-89.138916, 42.210346], [-89.139842, 42.208496], [-89.173003, 42.208398], [-89.173, 42.204241], [-89.250107, 42.203397], [-89.253303, 42.203668], [-89.271657, 42.203147], [-89.376701, 42.201918], [-89.396192, 42.201916], [-89.467511, 42.200791], [-89.4934, 42.200688], [-89.505681, 42.200833], [-89.507745, 42.200809], [-89.507744, 42.200659], [-89.512582, 42.200657], [-89.570905, 42.200863], [-89.629821, 42.200534], [-89.688486, 42.199112], [-89.688229, 42.188249], [-89.687924, 42.184705], [-89.68788, 42.17739], [-89.687187, 42.147438], [-89.685984, 42.112009], [-89.686007, 42.082654], [-89.685454, 42.05385], [-89.684694, 42.025933], [-89.685397, 42.023886], [-89.685725, 41.995635], [-89.685582, 41.993726], [-89.68601, 41.972481], [-89.686026, 41.961404], [-89.686356, 41.955608], [-89.686466, 41.944783], [-89.686455, 41.936927], [-89.685366, 41.93034], [-89.628907, 41.930044], [-89.63118, 41.779355], [-89.631544, 41.772594], [-89.631467, 41.758076], [-89.631753, 41.744005], [-89.632379, 41.671561], [-89.631976, 41.642911], [-89.631991, 41.62839], [-89.631494, 41.584949], [-89.672437, 41.584867], [-89.703574, 41.584573], [-89.735899, 41.584556], [-89.805074, 41.584134], [-89.882149, 41.584008], [-89.891131, 41.583768], [-89.947777, 41.583769], [-89.950025, 41.583663], [-89.986531, 41.583691], [-89.988059, 41.583712], [-89.988126, 41.583843], [-89.994465, 41.583697], [-90.012099, 41.58372], [-90.051443, 41.583925], [-90.089263, 41.58432], [-90.106194, 41.584653], [-90.185536, 41.584574], [-90.182968, 41.582175], [-90.181034, 41.579548], [-90.180052, 41.578716], [-90.17969, 41.576737], [-90.179287, 41.576083], [-90.179173, 41.57543], [-90.179098, 41.573487], [-90.179328, 41.572367], [-90.179872, 41.570629], [-90.17992, 41.569759], [-90.180652, 41.5669], [-90.182278, 41.562829], [-90.183561, 41.558941], [-90.184991, 41.555457], [-90.189057, 41.549075], [-90.190796, 41.545697], [-90.192498, 41.543213], [-90.195324, 41.540686], [-90.196535, 41.540126], [-90.199489, 41.539655], [-90.204282, 41.53919], [-90.210399, 41.538957], [-90.214843, 41.538312], [-90.216737, 41.537916], [-90.219018, 41.5372], [-90.221418, 41.536251], [-90.222459, 41.53557], [-90.223415, 41.534509], [-90.223859, 41.533342], [-90.224167, 41.531418], [-90.224877, 41.530591], [-90.225842, 41.529917], [-90.228214, 41.529289], [-90.230112, 41.529297], [-90.231545, 41.529036], [-90.24078, 41.525088], [-90.241657, 41.524826], [-90.245649, 41.524324], [-90.246484, 41.524085], [-90.247405, 41.523581], [-90.250123, 41.522755], [-90.256486, 41.522319], [-90.260523, 41.521534], [-90.263841, 41.52174], [-90.266297, 41.522121], [-90.268324, 41.522134], [-90.279324, 41.520334], [-90.289224, 41.520334], [-90.294086, 41.51881], [-90.297076, 41.518207], [-90.302678, 41.518088], [-90.304716, 41.517791], [-90.30643, 41.516788], [-90.310168, 41.512508], [-90.312094, 41.510591], [-90.312678, 41.510239], [-90.315059, 41.509204], [-90.317608, 41.508709], [-90.318733, 41.508898], [-90.319192, 41.509576], [-90.31951, 41.509705], [-90.319861, 41.50174], [-90.31948, 41.464412], [-90.320031, 41.464407], [-90.320027, 41.463954], [-90.319473, 41.463954], [-90.319456, 41.461925], [-90.324277, 41.46198], [-90.324109, 41.447436], [-90.328977, 41.447483], [-90.329033, 41.451113], [-90.33376, 41.451162], [-90.333729, 41.447535], [-90.333884, 41.447537], [-90.33206, 41.443862], [-90.331955, 41.442911], [-90.333314, 41.441605], [-90.334226, 41.44129], [-90.338514, 41.44136], [-90.338511, 41.440966], [-90.348232, 41.441157], [-90.348269, 41.455003], [-90.357928, 41.455346], [-90.367863, 41.456801], [-90.377438, 41.457538], [-90.379125, 41.457373], [-90.382231, 41.456239], [-90.384443, 41.455834], [-90.401289, 41.455983], [-90.401647, 41.454472], [-90.402134, 41.45382], [-90.403156, 41.453246], [-90.403329, 41.453379], [-90.404439, 41.453379], [-90.404435, 41.451558], [-90.405236, 41.451463], [-90.405298, 41.45217], [-90.405884, 41.451967], [-90.405884, 41.451465], [-90.405643, 41.451468], [-90.405644, 41.449701], [-90.405839, 41.4493], [-90.415223, 41.449615], [-90.415236, 41.44031], [-90.416479, 41.439541], [-90.416469, 41.436922], [-90.418753, 41.43741], [-90.418511, 41.438222], [-90.419516, 41.43851], [-90.419761, 41.437707], [-90.420039, 41.437786], [-90.42005, 41.436811], [-90.42374, 41.437844], [-90.423769, 41.434536], [-90.432181, 41.434725], [-90.43273, 41.395478], [-90.432936, 41.392269], [-90.433205, 41.377674], [-90.433495, 41.370426], [-90.433737, 41.326989], [-90.434192, 41.31114], [-90.434189, 41.304019], [-90.436061, 41.238704], [-90.436446, 41.211623], [-90.437652, 41.151463], [-90.390867, 41.151209], [-90.323179, 41.151197], [-90.208816, 41.15211], [-90.096311, 41.14988], [-90.096085, 41.179055], [-90.095118, 41.235312], [-89.973298, 41.23454], [-89.973187, 41.263708], [-89.973028, 41.270477], [-89.973053, 41.295187], [-89.972858, 41.296457], [-89.972835, 41.29869], [-89.97295, 41.302173], [-89.972779, 41.32193], [-89.89525, 41.321067], [-89.856619, 41.320967], [-89.856914, 41.285232], [-89.857562, 41.257036], [-89.857496, 41.234655], [-89.857743, 41.234413], [-89.867793, 41.23443], [-89.868152, 41.149493], [-89.935485, 41.149304], [-89.984559, 41.149394], [-89.98559, 40.947026], [-89.985483, 40.945624], [-89.985376, 40.850576], [-89.985224, 40.847681], [-89.985333, 40.800074], [-89.851606, 40.799378], [-89.851638, 40.791909], [-89.847527, 40.792533], [-89.842887, 40.794474], [-89.841029, 40.794835], [-89.839048, 40.794779], [-89.834526, 40.793793], [-89.824167, 40.793454], [-89.824049, 40.766097], [-89.813689, 40.762031], [-89.813937, 40.755973], [-89.814599, 40.755681], [-89.818806, 40.75583], [-89.819122, 40.755639], [-89.820924, 40.737212], [-89.820756, 40.733396], [-89.804657, 40.733241], [-89.804658, 40.725392], [-89.794859, 40.725347], [-89.794716, 40.710968], [-89.781127, 40.710982], [-89.78032, 40.7111], [-89.774045, 40.710956], [-89.718119, 40.711049], [-89.706145, 40.710801], [-89.706142, 40.711012], [-89.695878, 40.711001], [-89.695878, 40.70574], [-89.698834, 40.705734], [-89.698964, 40.702711], [-89.699367, 40.701699], [-89.700438, 40.700068], [-89.700572, 40.699121], [-89.693875, 40.699013], [-89.692541, 40.698665], [-89.690528, 40.697716], [-89.689238, 40.697522], [-89.680313, 40.697614], [-89.675687, 40.698368], [-89.675639, 40.696345], [-89.673228, 40.696329], [-89.673222, 40.69589], [-89.671565, 40.69584], [-89.671588, 40.69629], [-89.668665, 40.696311], [-89.668672, 40.69582], [-89.666805, 40.695694], [-89.66681, 40.695342], [-89.665276, 40.695287], [-89.665238, 40.696545], [-89.664973, 40.696539], [-89.664985, 40.695636], [-89.661125, 40.69549], [-89.661078, 40.697321], [-89.661321, 40.697608], [-89.659951, 40.698158], [-89.657494, 40.699946], [-89.65446, 40.700983], [-89.653696, 40.699609], [-89.653234, 40.697729], [-89.651087, 40.693394], [-89.650574, 40.69202], [-89.650363, 40.690935], [-89.650509, 40.690341], [-89.650876, 40.689984], [-89.654, 40.688488], [-89.648917, 40.688588], [-89.649109, 40.688365], [-89.648828, 40.68836], [-89.648905, 40.688155], [-89.649931, 40.687237], [-89.646414, 40.686641], [-89.642125, 40.686636], [-89.642024, 40.694324], [-89.644406, 40.694254], [-89.644402, 40.694552], [-89.645676, 40.694859], [-89.645678, 40.696172], [-89.644989, 40.69618], [-89.644973, 40.69795], [-89.645138, 40.698089], [-89.641963, 40.699035], [-89.64191, 40.704972], [-89.644728, 40.705368], [-89.645351, 40.705649], [-89.64787, 40.709791], [-89.646208, 40.710111], [-89.646309, 40.710888], [-89.641842, 40.710688], [-89.641747, 40.71807], [-89.651413, 40.717958], [-89.651382, 40.728804], [-89.656268, 40.728739], [-89.656231, 40.730457], [-89.655804, 40.73142], [-89.655368, 40.731514], [-89.655363, 40.731715], [-89.655795, 40.731788], [-89.655378, 40.734646], [-89.654625, 40.736766], [-89.654554, 40.737946], [-89.650372, 40.738116], [-89.650234, 40.740099], [-89.65359, 40.740791], [-89.653034, 40.742232], [-89.652347, 40.743389], [-89.651084, 40.743501], [-89.650975, 40.746634], [-89.650518, 40.747039], [-89.65094, 40.747009], [-89.650937, 40.747115], [-89.649332, 40.748509], [-89.650832, 40.750007], [-89.650837, 40.749889], [-89.651521, 40.750213], [-89.650774, 40.751618], [-89.650715, 40.753283], [-89.651506, 40.753389], [-89.652178, 40.753835], [-89.652462, 40.754256], [-89.653109, 40.754254], [-89.653106, 40.75359], [-89.653754, 40.753587], [-89.654054, 40.753598], [-89.65403, 40.754329], [-89.671074, 40.754494], [-89.670437, 40.761988], [-89.670801, 40.761809], [-89.669768, 40.775127], [-89.646991, 40.768354], [-89.64457, 40.767154], [-89.642148, 40.765187], [-89.640918, 40.763681], [-89.638869, 40.759981], [-89.637095, 40.760347], [-89.634288, 40.760092], [-89.633256, 40.76038], [-89.632694, 40.760734], [-89.631926, 40.761775], [-89.630839, 40.761781], [-89.630125, 40.762677], [-89.629883, 40.762727], [-89.630111, 40.763326], [-89.630076, 40.763699], [-89.62984, 40.764002], [-89.629716, 40.76462], [-89.629484, 40.764828], [-89.629427, 40.765939], [-89.628885, 40.765831], [-89.626192, 40.766032], [-89.626185, 40.766576], [-89.625673, 40.766674], [-89.625417, 40.766917], [-89.624971, 40.767925], [-89.625185, 40.768424], [-89.62463, 40.769148], [-89.626458, 40.769243], [-89.626733, 40.769594], [-89.627455, 40.769396], [-89.627903, 40.769754], [-89.628503, 40.769965], [-89.631201, 40.769997], [-89.631138, 40.776305], [-89.626871, 40.776251], [-89.624894, 40.776407], [-89.62128, 40.776198], [-89.621543, 40.777199], [-89.621535, 40.779805], [-89.613867, 40.779783], [-89.613869, 40.779278], [-89.61181, 40.778829], [-89.610997, 40.775537], [-89.614608, 40.774158], [-89.616487, 40.772145], [-89.615906, 40.771501], [-89.614634, 40.772292], [-89.612697, 40.772801], [-89.60874, 40.772846], [-89.607733, 40.773309], [-89.606221, 40.772711], [-89.602613, 40.77264], [-89.602575, 40.770561], [-89.602066, 40.768532], [-89.598812, 40.763074], [-89.597901, 40.762221], [-89.594924, 40.760501], [-89.594002, 40.759667], [-89.592462, 40.759413], [-89.589047, 40.758312], [-89.588105, 40.757787], [-89.586645, 40.756109], [-89.584973, 40.75504], [-89.586041, 40.754285], [-89.58542, 40.753738], [-89.585871, 40.753442], [-89.5853, 40.752939], [-89.584842, 40.753167], [-89.584862, 40.752061], [-89.583559, 40.752034], [-89.583561, 40.751851], [-89.583082, 40.751841], [-89.582774, 40.750833], [-89.582196, 40.750978], [-89.582087, 40.750774], [-89.582597, 40.750492], [-89.5821, 40.749922], [-89.581061, 40.750556], [-89.580222, 40.750074], [-89.575047, 40.748625], [-89.574224, 40.748007], [-89.573966, 40.747241], [-89.569172, 40.747152], [-89.568942, 40.746936], [-89.568362, 40.74688], [-89.568286, 40.74623], [-89.567938, 40.746435], [-89.568083, 40.747091], [-89.569207, 40.747655], [-89.569168, 40.753353], [-89.571518, 40.753353], [-89.571433, 40.757848], [-89.57236, 40.757853], [-89.572366, 40.760601], [-89.56903, 40.760561], [-89.569044, 40.759673], [-89.567775, 40.759649], [-89.567436, 40.758181], [-89.566472, 40.758305], [-89.566332, 40.757663], [-89.565461, 40.757761], [-89.565508, 40.758003], [-89.564833, 40.758084], [-89.56376, 40.756577], [-89.558829, 40.758671], [-89.558931, 40.759471], [-89.556595, 40.760244], [-89.556426, 40.759096], [-89.556389, 40.756164], [-89.555968, 40.75335], [-89.555206, 40.751262], [-89.552595, 40.745941], [-89.551657, 40.743588], [-89.551189, 40.741184], [-89.550144, 40.73878], [-89.549557, 40.736789], [-89.549456, 40.735686], [-89.549603, 40.730517], [-89.549359, 40.728913], [-89.548456, 40.726742], [-89.547937, 40.725888], [-89.546614, 40.724318], [-89.546414, 40.722994], [-89.546764, 40.721294], [-89.549273, 40.712812], [-89.553101, 40.703086], [-89.554528, 40.70118], [-89.555952, 40.699632], [-89.557112, 40.698708], [-89.558222, 40.698106], [-89.568897, 40.69592], [-89.571992, 40.694627], [-89.574765, 40.693901], [-89.575946, 40.693438], [-89.57743, 40.692635], [-89.578353, 40.691814], [-89.581926, 40.689286], [-89.58682, 40.68739], [-89.591901, 40.68455], [-89.604549, 40.674043], [-89.613097, 40.665733], [-89.613756, 40.665081], [-89.615069, 40.663186], [-89.616242, 40.661046], [-89.616521, 40.660313], [-89.616607, 40.659118], [-89.616453, 40.657889], [-89.615992, 40.657032], [-89.613635, 40.654705], [-89.611727, 40.653476], [-89.610973, 40.652322], [-89.610878, 40.650724], [-89.61111, 40.648974], [-89.612374, 40.646457], [-89.616826, 40.640402], [-89.619223, 40.637708], [-89.623171, 40.634581], [-89.624188, 40.634079], [-89.626405, 40.632073], [-89.628742, 40.628689], [-89.636322, 40.622833], [-89.64423, 40.616217], [-89.651718, 40.609114], [-89.653688, 40.60749], [-89.658, 40.602625], [-89.658795, 40.600997], [-89.659997, 40.597656], [-89.660089, 40.596054], [-89.659943, 40.594309], [-89.659269, 40.590799], [-89.65879, 40.589174], [-89.655288, 40.582285], [-89.654509, 40.580518], [-89.653889, 40.578509], [-89.654319, 40.574207], [-89.654748, 40.57264], [-89.655465, 40.571239], [-89.657601, 40.568406], [-89.660398, 40.565647], [-89.664309, 40.562404], [-89.657129, 40.562363], [-89.655437, 40.562504], [-89.655103, 40.562381], [-89.652117, 40.562388], [-89.652104, 40.561486], [-89.653488, 40.561446], [-89.653478, 40.560168], [-89.654477, 40.560127], [-89.654468, 40.558422], [-89.653907, 40.558426], [-89.653903, 40.556543], [-89.653467, 40.556544], [-89.653404, 40.552927], [-89.645642, 40.552975], [-89.644886, 40.510269], [-89.644862, 40.509216], [-89.644705, 40.509198], [-89.64431, 40.480075], [-89.592318, 40.4807], [-89.559556, 40.480712], [-89.492618, 40.481189], [-89.471428, 40.481686], [-89.471284, 40.470069], [-89.472498, 40.461704], [-89.471119, 40.455444], [-89.469181, 40.443305], [-89.468431, 40.441441], [-89.467515, 40.440197], [-89.458411, 40.429744], [-89.457725, 40.428734], [-89.45718, 40.427499], [-89.455334, 40.426848], [-89.451273, 40.424639], [-89.45128, 40.42425], [-89.451601, 40.424053], [-89.451508, 40.418986], [-89.447938, 40.418976], [-89.447971, 40.421195], [-89.447042, 40.421614], [-89.445645, 40.421409], [-89.442982, 40.421684], [-89.442713, 40.421524], [-89.442473, 40.420929], [-89.441516, 40.42022], [-89.440857, 40.420563], [-89.440798, 40.420906], [-89.440379, 40.421432], [-89.43996, 40.421227], [-89.438793, 40.421089], [-89.438314, 40.421478], [-89.437865, 40.421616], [-89.437237, 40.422256], [-89.435261, 40.422874], [-89.433555, 40.422553], [-89.432956, 40.422668], [-89.432478, 40.422164], [-89.43146, 40.422096], [-89.431311, 40.42189], [-89.430353, 40.421867], [-89.429964, 40.422187], [-89.429246, 40.422187], [-89.428946, 40.421867], [-89.427513, 40.421262], [-89.427508, 40.421041], [-89.427333, 40.421089], [-89.427119, 40.420586], [-89.426489, 40.420357], [-89.426517, 40.419991], [-89.426216, 40.419671], [-89.426214, 40.419282], [-89.426659, 40.41846], [-89.427077, 40.418254], [-89.427523, 40.418529], [-89.429431, 40.418323], [-89.430087, 40.418437], [-89.430295, 40.41814], [-89.431487, 40.418003], [-89.431546, 40.41766], [-89.432023, 40.417545], [-89.432021, 40.41718], [-89.432289, 40.416906], [-89.43216, 40.414779], [-89.431437, 40.414367], [-89.431376, 40.413933], [-89.430145, 40.413544], [-89.429723, 40.413202], [-89.429721, 40.412653], [-89.429481, 40.412607], [-89.428879, 40.41295], [-89.428489, 40.412904], [-89.427738, 40.413362], [-89.426837, 40.413636], [-89.426834, 40.414162], [-89.426324, 40.414276], [-89.426353, 40.414414], [-89.425962, 40.414665], [-89.42599, 40.41526], [-89.424968, 40.415672], [-89.423587, 40.415375], [-89.422619, 40.41559], [-89.422653, 40.416578], [-89.414808, 40.416789], [-89.413083, 40.417801], [-89.399946, 40.41805], [-89.399469, 40.417901], [-89.398873, 40.4174], [-89.399052, 40.4253], [-89.351248, 40.426212], [-89.351069, 40.418964], [-89.320973, 40.419376], [-89.312932, 40.419525], [-89.313181, 40.425094], [-89.308389, 40.425131], [-89.308436, 40.426846], [-89.267899, 40.427534], [-89.222659, 40.427832], [-89.222569, 40.420616], [-89.217703, 40.42066], [-89.217784, 40.430574], [-89.216388, 40.430579], [-89.216411, 40.431571], [-89.212897, 40.431594], [-89.212881, 40.435023], [-89.21323, 40.435074], [-89.213308, 40.438939], [-89.217041, 40.438906], [-89.217075, 40.440608], [-89.216926, 40.440609], [-89.217026, 40.442426], [-89.218154, 40.442417], [-89.218468, 40.456978], [-89.175702, 40.457296], [-89.166141, 40.457524], [-89.166096, 40.455684], [-89.165437, 40.455908], [-89.164377, 40.45592], [-89.162401, 40.456286], [-89.160993, 40.457223], [-89.160185, 40.457406], [-89.160154, 40.458047], [-89.159675, 40.458435], [-89.159675, 40.458687], [-89.160124, 40.458984], [-89.159764, 40.46022], [-89.160273, 40.460631], [-89.160303, 40.461592], [-89.160782, 40.462164], [-89.160842, 40.462599], [-89.160722, 40.462736], [-89.159973, 40.462942], [-89.157548, 40.46269], [-89.156769, 40.462758], [-89.155601, 40.463535], [-89.155121, 40.46365], [-89.152019, 40.463139], [-89.152052, 40.465393], [-89.151905, 40.46526], [-89.151015, 40.465252], [-89.133953, 40.465526], [-89.124758, 40.465444], [-89.124952, 40.472721], [-89.105913, 40.472746], [-89.105684, 40.47261], [-89.105659, 40.471539], [-89.105506, 40.471372], [-89.096437, 40.471485], [-89.096531, 40.480066], [-89.070137, 40.48053], [-89.068061, 40.482154], [-89.067176, 40.482587], [-89.065714, 40.482749], [-89.066129, 40.483526], [-89.065334, 40.484754], [-89.065154, 40.485747], [-89.065316, 40.486217], [-89.066491, 40.487599], [-89.058836, 40.48767], [-89.059915, 40.520567], [-89.059623, 40.522348], [-89.058401, 40.525482], [-89.058266, 40.526705], [-89.058311, 40.528801], [-89.054999, 40.525562], [-89.050193, 40.521499], [-89.044284, 40.516973], [-89.041241, 40.514425], [-89.041317, 40.516503], [-89.0364, 40.516546], [-89.036115, 40.516913], [-89.035871, 40.516952], [-89.028626, 40.51701], [-89.028915, 40.512304], [-89.028833, 40.502224], [-89.020819, 40.502442], [-89.011047, 40.502448], [-89.011455, 40.517137], [-89.001692, 40.517127], [-89.001968, 40.528969], [-89.002188, 40.53109], [-89.002085, 40.53187], [-88.995757, 40.53195], [-88.99367, 40.531596], [-88.983251, 40.531668], [-88.980452, 40.53174], [-88.980471, 40.53233], [-88.977406, 40.532387], [-88.977387, 40.531797], [-88.963202, 40.531993], [-88.962999, 40.524403], [-88.962738, 40.523737], [-88.962058, 40.523044], [-88.958817, 40.525312], [-88.957994, 40.525683], [-88.943913, 40.534812], [-88.943908, 40.534283], [-88.947001, 40.53235], [-88.943908, 40.532359], [-88.943577, 40.516802], [-88.943384, 40.516086], [-88.941978, 40.513309], [-88.941934, 40.51039], [-88.9532, 40.510438], [-88.953098, 40.505228], [-88.947961, 40.505333], [-88.947974, 40.502935], [-88.943866, 40.502877], [-88.943857, 40.499011], [-88.941079, 40.499437], [-88.938646, 40.499451], [-88.938654, 40.499939], [-88.933642, 40.499843], [-88.933678, 40.498944], [-88.935551, 40.499047], [-88.936258, 40.49633], [-88.93625, 40.495766], [-88.93365, 40.495757], [-88.933585, 40.488467], [-88.902528, 40.488118], [-88.902218, 40.474057], [-88.907298, 40.475333], [-88.907283, 40.47367], [-88.923551, 40.473661], [-88.923678, 40.481114], [-88.926727, 40.481036], [-88.927058, 40.480641], [-88.943131, 40.480726], [-88.943095, 40.473256], [-88.952436, 40.473575], [-88.952595, 40.471413], [-88.953061, 40.469673], [-88.953859, 40.46793], [-88.954942, 40.466307], [-88.956605, 40.464523], [-88.958302, 40.463175], [-88.960279, 40.461999], [-88.962495, 40.461027], [-88.962372, 40.458703], [-88.96189, 40.457122], [-88.961777, 40.454462], [-88.962013, 40.453185], [-88.963747, 40.453176], [-88.963702, 40.451505], [-88.981232, 40.451305], [-88.986341, 40.451552], [-88.989665, 40.450484], [-88.992985, 40.449907], [-89.000826, 40.449856], [-89.000901, 40.450476], [-89.005839, 40.450451], [-89.00588, 40.451614], [-89.005739, 40.451614], [-89.006001, 40.458173], [-89.007351, 40.457454], [-89.007774, 40.458527], [-89.007776, 40.458943], [-89.021945, 40.458864], [-89.026361, 40.458606], [-89.027992, 40.458728], [-89.037372, 40.458632], [-89.037746, 40.456493], [-89.038016, 40.456517], [-89.038246, 40.45588], [-89.038509, 40.455874], [-89.038954, 40.454926], [-89.039444, 40.454924], [-89.039353, 40.453218], [-89.038256, 40.453188], [-89.038427, 40.451129], [-89.039597, 40.45105], [-89.040494, 40.450712], [-89.039895, 40.450192], [-89.039158, 40.44988], [-89.038881, 40.449388], [-89.039369, 40.447059], [-89.040092, 40.446151], [-89.040019, 40.445776], [-89.0392, 40.444453], [-89.039965, 40.442606], [-89.039914, 40.442035], [-89.037987, 40.442231], [-89.037049, 40.442812], [-89.036098, 40.441965], [-89.036015, 40.441536], [-89.036019, 40.440782], [-89.03897, 40.440708], [-89.03775, 40.401115], [-89.039125, 40.38494], [-89.036753, 40.335756], [-89.036507, 40.334019], [-89.035926, 40.322958], [-89.034711, 40.282797], [-89.052067, 40.283159], [-89.073432, 40.282512], [-89.116134, 40.282418], [-89.148764, 40.282038], [-89.148772, 40.28252], [-89.149839, 40.282515], [-89.166939, 40.282014], [-89.25009, 40.281249], [-89.26265, 40.280919], [-89.262962, 40.294296], [-89.263217, 40.295259], [-89.263391, 40.302022], [-89.263418, 40.310661], [-89.26374, 40.325344], [-89.395853, 40.323859], [-89.455365, 40.322657], [-89.489415, 40.322152], [-89.489426, 40.322045], [-89.51868, 40.321403], [-89.537025, 40.321156], [-89.544854, 40.320837], [-89.546379, 40.320964], [-89.602981, 40.320273], [-89.602979, 40.320129], [-89.603504, 40.320099], [-89.625049, 40.319834], [-89.714927, 40.319218], [-89.715727, 40.364894], [-89.715949, 40.36871], [-89.716902, 40.425343], [-89.717154, 40.426591], [-89.716986, 40.430673], [-89.717104, 40.435655], [-89.735479, 40.435438], [-89.750113, 40.435038], [-89.78269, 40.435133], [-89.809403, 40.434408], [-89.826376, 40.434573], [-89.828484, 40.43438], [-89.860771, 40.435315], [-89.863367, 40.435681], [-89.875001, 40.435738], [-89.885132, 40.435995], [-89.895258, 40.435925], [-89.900794, 40.435689], [-89.901368, 40.435541], [-89.913899, 40.435585], [-89.914002, 40.435703], [-89.915618, 40.435635], [-89.92468, 40.435921], [-89.918362, 40.437886], [-89.914278, 40.440345], [-89.908543, 40.445278], [-89.906449, 40.447759], [-89.906018, 40.448832], [-89.905582, 40.451506], [-89.91497, 40.451508], [-89.933962, 40.450984], [-89.940528, 40.450964], [-89.95925, 40.451076], [-89.973915, 40.451473], [-90.000115, 40.451471], [-90.029331, 40.451698], [-90.030474, 40.451566], [-90.072197, 40.451648], [-90.171512, 40.451295], [-90.219565, 40.451497], [-90.329298, 40.451229], [-90.452929, 40.452132], [-90.560044, 40.455251], [-90.578574, 40.45504], [-90.614772, 40.454978], [-90.61638, 40.455239], [-90.61775, 40.455877], [-90.618168, 40.454693], [-90.618281, 40.447517], [-90.661558, 40.447923], [-90.675064, 40.447956], [-90.676743, 40.447734], [-90.693765, 40.447708], [-90.7048, 40.448035], [-90.704746, 40.454351], [-90.705237, 40.454906], [-90.704805, 40.455359], [-90.705214, 40.455508], [-90.714438, 40.455633], [-90.714535, 40.459099], [-90.718283, 40.4591], [-90.719052, 40.460143], [-90.719055, 40.461171], [-90.718896, 40.461387], [-90.717745, 40.461911], [-90.717753, 40.463013], [-90.721009, 40.46305], [-90.721057, 40.46321], [-90.720745, 40.463625], [-90.720438, 40.465057], [-90.719538, 40.464991], [-90.718733, 40.46543], [-90.718618, 40.465641], [-90.718973, 40.466304], [-90.718476, 40.467152], [-90.719079, 40.467358], [-90.719379, 40.468123], [-90.719348, 40.469579], [-90.719457, 40.469727], [-90.719073, 40.470101], [-90.719457, 40.470362], [-90.719199, 40.470664], [-90.719545, 40.47087], [-90.719736, 40.470585], [-90.71999, 40.470863], [-90.720626, 40.47069], [-90.720623, 40.470913], [-90.721524, 40.47097], [-90.723077, 40.471467], [-90.723605, 40.471141], [-90.724127, 40.471067], [-90.724826, 40.471464], [-90.724986, 40.47172], [-90.726032, 40.471699], [-90.725678, 40.472177], [-90.725998, 40.472766], [-90.725932, 40.473391], [-90.727108, 40.474283], [-90.727546, 40.474379], [-90.727599, 40.47474], [-90.727823, 40.474953], [-90.727706, 40.475534], [-90.727871, 40.47642], [-90.727677, 40.477236], [-90.727059, 40.477918], [-90.726627, 40.479377], [-90.726251, 40.479958], [-90.724488, 40.479921], [-90.724131, 40.480069], [-90.724104, 40.485438], [-90.716266, 40.485323], [-90.705468, 40.485563], [-90.68521, 40.485234], [-90.677956, 40.484628], [-90.677959, 40.483554], [-90.676763, 40.483507], [-90.67585, 40.482113], [-90.675206, 40.48284], [-90.674679, 40.482841], [-90.675197, 40.485356], [-90.675317, 40.488008], [-90.675258, 40.491196], [-90.674742, 40.494324], [-90.674524, 40.499617], [-90.674653, 40.504408], [-90.673964, 40.543188], [-90.59618, 40.543134], [-90.579515, 40.542868], [-90.557122, 40.542762], [-90.542834, 40.542339], [-90.54293, 40.528727], [-90.523727, 40.528234], [-90.523599, 40.535748], [-90.523426, 40.535935], [-90.522907, 40.535956], [-90.522738, 40.536124], [-90.522668, 40.541783], [-90.446883, 40.539839], [-90.446627, 40.56907], [-90.445803, 40.621051], [-90.445483, 40.63108], [-90.445399, 40.642266], [-90.445055, 40.656804], [-90.444606, 40.695505], [-90.444429, 40.697371], [-90.44431, 40.71977], [-90.44372, 40.751489], [-90.44373, 40.758623], [-90.443135, 40.773195], [-90.443235, 40.780293], [-90.442437, 40.847519], [-90.4422, 40.853034], [-90.442231, 40.862152], [-90.44246, 40.863698], [-90.442155, 40.86553], [-90.442076, 40.867678], [-90.44176, 40.88906], [-90.462946, 40.889073], [-90.479678, 40.889399], [-90.498665, 40.889459], [-90.509699, 40.889408], [-90.510907, 40.889125], [-90.542113, 40.88933], [-90.622035, 40.890912], [-90.648979, 40.891985], [-90.671535, 40.892461], [-90.67041, 40.957668], [-90.669695, 40.974304], [-90.669277, 40.997477], [-90.668396, 41.0312], [-90.66745, 41.081968], [-90.666737, 41.140608], [-90.666188, 41.158405], [-90.66619, 41.167367], [-90.665934, 41.171275], [-90.665763, 41.198985], [-90.66533, 41.228137], [-90.665184, 41.228896], [-90.664836, 41.240431], [-90.664903, 41.240663], [-90.665263, 41.240773], [-90.668615, 41.240788], [-90.667954, 41.269231], [-90.668047, 41.285071], [-90.667924, 41.305046], [-90.667959, 41.327026], [-90.66859, 41.327009], [-90.668575, 41.327622], [-90.669198, 41.327611], [-90.669151, 41.327008], [-90.66971, 41.32699], [-90.669655, 41.32767], [-90.677617, 41.327743], [-90.677651, 41.328585], [-90.73553, 41.328747], [-90.76026, 41.328975], [-90.894753, 41.332163], [-90.980639, 41.332507], [-91.055223, 41.333071], [-91.072065, 41.333408]]]}}, {"type": "Feature", "properties": {"district": 7}, "geometry": {"type": "Polygon", "coordinates": [[[-87.920504, 41.880676], [-87.920606, 41.882701], [-87.911416, 41.881955], [-87.911417, 41.882308], [-87.910759, 41.882347], [-87.910733, 41.883773], [-87.910226, 41.883774], [-87.910218, 41.885416], [-87.908137, 41.885404], [-87.908125, 41.889421], [-87.903254, 41.889289], [-87.903266, 41.892666], [-87.899336, 41.892644], [-87.898466, 41.892509], [-87.895511, 41.892651], [-87.894293, 41.892527], [-87.894073, 41.892238], [-87.888401, 41.891716], [-87.888263, 41.89243], [-87.883518, 41.892407], [-87.878485, 41.892744], [-87.864013, 41.892923], [-87.863949, 41.891155], [-87.840457, 41.888531], [-87.840595, 41.891713], [-87.839378, 41.891732], [-87.839491, 41.894456], [-87.8407, 41.894435], [-87.84077, 41.896249], [-87.835914, 41.896333], [-87.835948, 41.897257], [-87.834654, 41.897259], [-87.834243, 41.898396], [-87.833496, 41.901554], [-87.832371, 41.903586], [-87.830755, 41.904799], [-87.82798, 41.905717], [-87.826641, 41.906355], [-87.825591, 41.906984], [-87.824776, 41.907732], [-87.824511, 41.908562], [-87.825454, 41.908545], [-87.825444, 41.912203], [-87.82421, 41.912222], [-87.824163, 41.910766], [-87.823564, 41.910233], [-87.822927, 41.910244], [-87.822987, 41.912243], [-87.820541, 41.912287], [-87.820484, 41.91046], [-87.817066, 41.910516], [-87.816822, 41.910521], [-87.816882, 41.912348], [-87.816271, 41.912359], [-87.81621, 41.910531], [-87.815844, 41.910537], [-87.8156, 41.910542], [-87.815659, 41.912369], [-87.814437, 41.91239], [-87.81438, 41.910563], [-87.813765, 41.910571], [-87.813828, 41.912402], [-87.808333, 41.912494], [-87.808274, 41.910666], [-87.807055, 41.910579], [-87.805826, 41.910706], [-87.806005, 41.916189], [-87.801427, 41.916241], [-87.801484, 41.918069], [-87.798734, 41.918094], [-87.798664, 41.915813], [-87.795, 41.915848], [-87.794958, 41.914484], [-87.785177, 41.914592], [-87.785277, 41.918228], [-87.780401, 41.918292], [-87.780389, 41.917921], [-87.780259, 41.917846], [-87.768201, 41.918052], [-87.76816, 41.916856], [-87.76694, 41.916869], [-87.767018, 41.91898], [-87.760871, 41.917848], [-87.76079, 41.916261], [-87.752858, 41.915326], [-87.752647, 41.909541], [-87.751035, 41.909563], [-87.750995, 41.907743], [-87.748542, 41.907762], [-87.748502, 41.905961], [-87.746036, 41.905988], [-87.745807, 41.895004], [-87.72608, 41.895368], [-87.72614, 41.897201], [-87.724916, 41.897206], [-87.724971, 41.899035], [-87.69556, 41.899289], [-87.695468, 41.895658], [-87.686843, 41.895743], [-87.687221, 41.910321], [-87.677463, 41.91047], [-87.677258, 41.903191], [-87.66383, 41.903388], [-87.663843, 41.903837], [-87.662625, 41.903857], [-87.662628, 41.903409], [-87.648094, 41.903637], [-87.648361, 41.913827], [-87.643525, 41.913898], [-87.64355, 41.914625], [-87.641135, 41.914661], [-87.64116, 41.912843], [-87.636718, 41.912852], [-87.636664, 41.911197], [-87.638594, 41.911172], [-87.63859, 41.911044], [-87.637619, 41.910973], [-87.637602, 41.910342], [-87.638573, 41.910495], [-87.638484, 41.907601], [-87.637185, 41.907622], [-87.63715, 41.906656], [-87.634575, 41.906692], [-87.634542, 41.905729], [-87.633062, 41.905755], [-87.633002, 41.903877], [-87.632847, 41.90388], [-87.632755, 41.900537], [-87.63135, 41.900553], [-87.6313, 41.898731], [-87.629832, 41.898752], [-87.629865, 41.899912], [-87.62829, 41.899937], [-87.628069, 41.891672], [-87.624252, 41.891731], [-87.624252, 41.894942], [-87.620322, 41.895015], [-87.620345, 41.895798], [-87.61569, 41.895877], [-87.61371, 41.893123], [-87.612543, 41.893119], [-87.612036, 41.893432], [-87.610247, 41.896192], [-87.606896, 41.896218], [-87.606793, 41.896377], [-87.605845, 41.896409], [-87.605654, 41.896239], [-87.602369, 41.896335], [-87.60237, 41.892151], [-87.598509, 41.892192], [-87.598569, 41.89138], [-87.600906, 41.891376], [-87.600928, 41.891058], [-87.609525, 41.890965], [-87.609505, 41.889241], [-87.612504, 41.88913], [-87.612742, 41.889045], [-87.612731, 41.88831], [-87.613913, 41.888324], [-87.613911, 41.888081], [-87.613438, 41.887887], [-87.612725, 41.887927], [-87.612715, 41.883714], [-87.612917, 41.883299], [-87.614021, 41.882616], [-87.615703, 41.882442], [-87.616099, 41.882261], [-87.609247, 41.882334], [-87.605351, 41.874433], [-87.616176, 41.87443], [-87.616198, 41.871981], [-87.616344, 41.871864], [-87.616257, 41.8689], [-87.6157, 41.86862], [-87.615362, 41.86825], [-87.61478, 41.868251], [-87.605255, 41.869818], [-87.604838, 41.854236], [-87.6043, 41.852714], [-87.614544, 41.852834], [-87.616732, 41.857948], [-87.618882, 41.857922], [-87.620402, 41.86011], [-87.620832, 41.86051], [-87.620858, 41.860237], [-87.622473, 41.86025], [-87.622243, 41.851135], [-87.62376, 41.851114], [-87.623669, 41.847468], [-87.623392, 41.845642], [-87.622138, 41.84566], [-87.622208, 41.843865], [-87.621978, 41.841993], [-87.622694, 41.841928], [-87.622683, 41.841314], [-87.623279, 41.841293], [-87.623226, 41.839172], [-87.623313, 41.838346], [-87.623443, 41.838345], [-87.62333, 41.834703], [-87.630575, 41.834613], [-87.630296, 41.823662], [-87.616732, 41.823838], [-87.616583, 41.818438], [-87.613763, 41.818484], [-87.613938, 41.817582], [-87.616558, 41.817539], [-87.616479, 41.814827], [-87.615712, 41.814839], [-87.615698, 41.81546], [-87.614869, 41.815467], [-87.614803, 41.814857], [-87.614029, 41.81487], [-87.613939, 41.813057], [-87.614591, 41.813046], [-87.614562, 41.812141], [-87.613894, 41.812154], [-87.613805, 41.811179], [-87.613873, 41.803945], [-87.61402, 41.803047], [-87.614995, 41.803027], [-87.614968, 41.802115], [-87.616111, 41.802103], [-87.616143, 41.80191], [-87.615622, 41.780239], [-87.621063, 41.780048], [-87.646174, 41.779729], [-87.646131, 41.777933], [-87.645953, 41.777726], [-87.645613, 41.764727], [-87.646222, 41.764719], [-87.646186, 41.763356], [-87.645578, 41.763364], [-87.645531, 41.761544], [-87.644321, 41.761564], [-87.644232, 41.757994], [-87.676468, 41.757457], [-87.686682, 41.757478], [-87.686864, 41.762814], [-87.688085, 41.762794], [-87.688136, 41.764618], [-87.693029, 41.76454], [-87.693206, 41.771824], [-87.70781, 41.771599], [-87.707943, 41.777063], [-87.703095, 41.777144], [-87.703137, 41.778973], [-87.690959, 41.779153], [-87.691156, 41.786447], [-87.687498, 41.786504], [-87.687548, 41.788331], [-87.686329, 41.788353], [-87.68638, 41.790176], [-87.685168, 41.790194], [-87.685237, 41.792012], [-87.683991, 41.792035], [-87.684042, 41.793877], [-87.682292, 41.793828], [-87.682314, 41.794755], [-87.679162, 41.794752], [-87.679581, 41.795178], [-87.679641, 41.801168], [-87.669645, 41.801276], [-87.669692, 41.803098], [-87.663609, 41.803155], [-87.663656, 41.804979], [-87.660012, 41.805029], [-87.660005, 41.804753], [-87.650288, 41.80493], [-87.650274, 41.804256], [-87.645416, 41.804313], [-87.646431, 41.844513], [-87.649812, 41.844407], [-87.650843, 41.845498], [-87.649779, 41.845652], [-87.649217, 41.8459], [-87.649482, 41.846259], [-87.646706, 41.847663], [-87.64552, 41.848117], [-87.643803, 41.848488], [-87.64442, 41.849411], [-87.644161, 41.849437], [-87.6449, 41.85084], [-87.645194, 41.852259], [-87.645124, 41.853115], [-87.64415, 41.856765], [-87.644222, 41.859956], [-87.685834, 41.859366], [-87.685839, 41.85764], [-87.687268, 41.857125], [-87.695558, 41.85524], [-87.695569, 41.855552], [-87.699213, 41.855505], [-87.699176, 41.854456], [-87.700056, 41.854272], [-87.702892, 41.854183], [-87.702877, 41.853802], [-87.703771, 41.853611], [-87.705307, 41.853587], [-87.705294, 41.853109], [-87.710136, 41.852011], [-87.710128, 41.851706], [-87.71089, 41.851645], [-87.711143, 41.851991], [-87.712534, 41.851693], [-87.713778, 41.851677], [-87.713764, 41.851183], [-87.739198, 41.845473], [-87.739846, 41.860312], [-87.739932, 41.86596], [-87.774139, 41.865459], [-87.774146, 41.865915], [-87.776603, 41.865882], [-87.776588, 41.865426], [-87.804199, 41.86498], [-87.803944, 41.857735], [-87.808348, 41.857668], [-87.808079, 41.850291], [-87.842714, 41.849684], [-87.842344, 41.842527], [-87.846373, 41.84221], [-87.848922, 41.842201], [-87.848665, 41.841922], [-87.849018, 41.841767], [-87.849658, 41.841756], [-87.849684, 41.842196], [-87.864659, 41.841831], [-87.865254, 41.841706], [-87.865261, 41.841835], [-87.866128, 41.841927], [-87.866857, 41.841752], [-87.866896, 41.843706], [-87.866259, 41.843831], [-87.866283, 41.844413], [-87.868548, 41.844365], [-87.868053, 41.832593], [-87.873756, 41.83244], [-87.874229, 41.834263], [-87.918952, 41.833149], [-87.919081, 41.836014], [-87.919764, 41.839607], [-87.919213, 41.847228], [-87.919395, 41.854039], [-87.920375, 41.86308], [-87.920504, 41.880676]]]}}, {"type": "Feature", "properties": {"district": 8}, "geometry": {"type": "Polygon", "coordinates": [[[-88.472156, 42.132599], [-88.471985, 42.132594], [-88.471984, 42.131956], [-88.466592, 42.131952], [-88.466915, 42.127573], [-88.466843, 42.121231], [-88.457093, 42.121163], [-88.45708, 42.124733], [-88.457728, 42.130283], [-88.441972, 42.126316], [-88.438695, 42.124991], [-88.432681, 42.122062], [-88.43268, 42.137512], [-88.434493, 42.137439], [-88.436532, 42.1368], [-88.43945, 42.136321], [-88.441538, 42.136321], [-88.443227, 42.136591], [-88.445887, 42.137254], [-88.445112, 42.138675], [-88.444778, 42.139692], [-88.446036, 42.139902], [-88.446519, 42.140264], [-88.446655, 42.140636], [-88.44639, 42.141231], [-88.445869, 42.141504], [-88.444367, 42.141421], [-88.44408, 42.141932], [-88.442185, 42.143905], [-88.442036, 42.144262], [-88.442093, 42.145454], [-88.441454, 42.146473], [-88.440805, 42.147097], [-88.440666, 42.148281], [-88.440505, 42.14855], [-88.439902, 42.14902], [-88.438185, 42.148471], [-88.432668, 42.148437], [-88.4327, 42.153052], [-88.432487, 42.153823], [-88.339161, 42.154002], [-88.308532, 42.15375], [-88.297016, 42.153937], [-88.28649, 42.153723], [-88.277284, 42.153971], [-88.265152, 42.153667], [-88.260859, 42.15402], [-88.257734, 42.154079], [-88.247839, 42.153627], [-88.238449, 42.154249], [-88.238292, 42.141967], [-88.238257, 42.092348], [-88.230549, 42.092325], [-88.230141, 42.092758], [-88.228878, 42.092762], [-88.228525, 42.092761], [-88.228519, 42.092284], [-88.218778, 42.092325], [-88.218774, 42.095876], [-88.204275, 42.095802], [-88.204248, 42.094861], [-88.201823, 42.094874], [-88.202222, 42.095443], [-88.202185, 42.096252], [-88.199777, 42.095989], [-88.199777, 42.097225], [-88.194653, 42.097324], [-88.194627, 42.089304], [-88.189746, 42.089426], [-88.189763, 42.095358], [-88.189344, 42.097051], [-88.181325, 42.109981], [-88.176406, 42.109969], [-88.176607, 42.109591], [-88.175705, 42.109496], [-88.174944, 42.110257], [-88.173575, 42.110325], [-88.147202, 42.110319], [-88.121552, 42.110599], [-88.121554, 42.107018], [-88.128021, 42.106911], [-88.128105, 42.10295], [-88.126569, 42.102988], [-88.1266, 42.096828], [-88.128935, 42.096803], [-88.128927, 42.095978], [-88.129625, 42.094511], [-88.130782, 42.094906], [-88.130737, 42.091562], [-88.131375, 42.09154], [-88.131253, 42.088666], [-88.121717, 42.088656], [-88.121676, 42.067109], [-88.062517, 42.067069], [-88.06269, 42.067975], [-88.064068, 42.068082], [-88.06467, 42.074721], [-88.067901, 42.075543], [-88.067868, 42.075681], [-88.074142, 42.077442], [-88.07791, 42.078854], [-88.077924, 42.084995], [-88.070674, 42.085053], [-88.062695, 42.086915], [-88.063038, 42.087481], [-88.063185, 42.088101], [-88.063099, 42.095922], [-88.053439, 42.095875], [-88.053438, 42.101809], [-88.048532, 42.101794], [-88.047139, 42.103509], [-88.044953, 42.103594], [-88.044924, 42.102064], [-88.044686, 42.101803], [-88.039551, 42.101742], [-88.039551, 42.104379], [-88.038617, 42.104352], [-88.037753, 42.104074], [-88.033996, 42.104046], [-88.032478, 42.106148], [-88.030751, 42.105379], [-88.030711, 42.106617], [-88.024173, 42.106565], [-88.02417, 42.108389], [-88.019318, 42.108377], [-88.019099, 42.111595], [-88.019437, 42.112169], [-88.019154, 42.114022], [-88.019145, 42.127573], [-88.019522, 42.128319], [-88.019495, 42.131956], [-88.017482, 42.131908], [-88.01746, 42.132823], [-88.01714, 42.13317], [-88.014271, 42.133282], [-88.014227, 42.133961], [-88.016016, 42.134961], [-88.021795, 42.139152], [-88.04977, 42.139405], [-88.049757, 42.138831], [-88.050313, 42.138815], [-88.050315, 42.139408], [-88.053823, 42.139422], [-88.056458, 42.138979], [-88.062987, 42.137175], [-88.062986, 42.13729], [-88.06314, 42.137258], [-88.063166, 42.139181], [-88.062988, 42.13919], [-88.062827, 42.153855], [-88.004466, 42.153645], [-88.00448, 42.141782], [-88.004693, 42.131734], [-88.004425, 42.124923], [-88.004368, 42.111076], [-88.004617, 42.107279], [-88.004896, 42.07495], [-88.004777, 42.074449], [-88.00497, 42.066636], [-88.007053, 42.06665], [-88.007064, 42.057945], [-88.003031, 42.056893], [-88.003075, 42.058979], [-88.003827, 42.060344], [-88.001167, 42.06037], [-88.000721, 42.058304], [-87.999576, 42.058445], [-87.999314, 42.05726], [-87.997369, 42.057255], [-87.996116, 42.056846], [-87.99585, 42.055692], [-87.995927, 42.055135], [-87.997333, 42.053917], [-87.993897, 42.051461], [-87.973446, 42.051442], [-87.971634, 42.051151], [-87.970098, 42.050509], [-87.970054, 42.051513], [-87.940006, 42.052046], [-87.929581, 42.051758], [-87.928608, 42.051904], [-87.925026, 42.051852], [-87.925068, 42.055435], [-87.921285, 42.055351], [-87.921301, 42.05636], [-87.911441, 42.051988], [-87.911345, 42.052143], [-87.909444, 42.051291], [-87.909204, 42.051505], [-87.908919, 42.051396], [-87.903862, 42.052711], [-87.899848, 42.052863], [-87.897758, 42.047137], [-87.889981, 42.049779], [-87.885769, 42.047514], [-87.882343, 42.035924], [-87.88052, 42.031673], [-87.87647, 42.023617], [-87.875288, 42.020684], [-87.874767, 42.018489], [-87.874245, 42.017349], [-87.864827, 42.002835], [-87.863744, 42.002906], [-87.859681, 41.999804], [-87.859579, 41.999566], [-87.859818, 41.999066], [-87.860577, 41.998327], [-87.861347, 41.997847], [-87.861493, 41.997554], [-87.861341, 41.997148], [-87.859129, 41.995613], [-87.858572, 41.995119], [-87.858432, 41.994741], [-87.858547, 41.994219], [-87.859727, 41.992886], [-87.859741, 41.992215], [-87.859313, 41.991463], [-87.85844, 41.990711], [-87.856627, 41.989863], [-87.855851, 41.989057], [-87.85483, 41.98876], [-87.849537, 41.988299], [-87.836618, 41.986365], [-87.836658, 41.970232], [-87.841591, 41.970143], [-87.841595, 41.966507], [-87.854841, 41.966138], [-87.854778, 41.9667], [-87.855117, 41.968102], [-87.855062, 41.968669], [-87.854099, 41.971153], [-87.854384, 41.971823], [-87.855033, 41.972393], [-87.85542, 41.972536], [-87.856042, 41.972488], [-87.85781, 41.971663], [-87.859021, 41.971467], [-87.859529, 41.971571], [-87.860924, 41.972332], [-87.861659, 41.97299], [-87.861854, 41.973359], [-87.869617, 41.973133], [-87.869293, 41.975113], [-87.870156, 41.981223], [-87.870131, 41.982843], [-87.869821, 41.984169], [-87.867564, 41.990487], [-87.871297, 41.992677], [-87.874264, 41.99558], [-87.874691, 41.995695], [-87.875846, 41.995371], [-87.884532, 41.995132], [-87.884531, 41.998223], [-87.889076, 41.999238], [-87.892867, 41.999856], [-87.89597, 42.000034], [-87.896044, 42.00227], [-87.890131, 42.00232], [-87.890015, 42.003326], [-87.89187, 42.004102], [-87.893127, 42.004172], [-87.893127, 42.003284], [-87.893473, 42.003273], [-87.893488, 42.002899], [-87.894118, 42.002888], [-87.894082, 42.006943], [-87.893105, 42.006968], [-87.892115, 42.005816], [-87.891823, 42.005799], [-87.891816, 42.009442], [-87.899972, 42.009178], [-87.900028, 42.016447], [-87.900425, 42.016435], [-87.900483, 42.023717], [-87.922794, 42.022828], [-87.940483, 42.022716], [-87.940697, 42.037389], [-87.9637, 42.036903], [-87.966984, 42.038141], [-87.966967, 42.036852], [-87.969891, 42.036798], [-87.969849, 42.032964], [-87.959942, 42.025745], [-87.959925, 42.024639], [-87.961352, 42.025683], [-87.961379, 42.024755], [-87.962959, 42.025371], [-87.963973, 42.025521], [-87.964557, 42.025259], [-87.965749, 42.025805], [-87.96897, 42.026126], [-87.968947, 42.022288], [-87.973817, 42.022217], [-87.97381, 42.021037], [-87.973633, 42.020902], [-87.972565, 42.020854], [-87.972271, 42.020036], [-87.972412, 42.019761], [-87.973387, 42.019009], [-87.973927, 42.01828], [-87.973895, 42.017677], [-87.97339, 42.017207], [-87.974057, 42.016566], [-87.974268, 42.015965], [-87.974037, 42.015625], [-87.973646, 42.01548], [-87.972248, 42.015427], [-87.972226, 42.014113], [-87.972473, 42.013471], [-87.974672, 42.014227], [-87.979203, 42.015277], [-87.979176, 42.007395], [-87.978667, 41.996329], [-87.978854, 41.995531], [-87.976682, 41.995484], [-87.976594, 41.992915], [-87.970353, 41.993001], [-87.970408, 41.983965], [-87.969532, 41.983883], [-87.969582, 41.978091], [-87.971542, 41.977946], [-87.970746, 41.976912], [-87.969005, 41.971632], [-87.969028, 41.969222], [-87.978805, 41.969057], [-87.978833, 41.963753], [-87.973672, 41.962056], [-87.969119, 41.961168], [-87.969154, 41.949552], [-87.971944, 41.949562], [-87.972098, 41.949397], [-87.972186, 41.949559], [-87.988692, 41.949201], [-87.988674, 41.942526], [-87.99828, 41.946955], [-87.998279, 41.946802], [-88.003325, 41.949], [-88.003328, 41.946133], [-88.007631, 41.946041], [-88.007641, 41.943496], [-88.0075, 41.94302], [-88.008259, 41.943004], [-88.008261, 41.94122], [-88.007585, 41.941233], [-88.007598, 41.940214], [-88.013174, 41.942559], [-88.013196, 41.937698], [-88.018107, 41.937582], [-88.018118, 41.935561], [-88.022475, 41.935438], [-88.022454, 41.933826], [-88.032015, 41.933573], [-88.032023, 41.931485], [-88.03616, 41.932148], [-88.04692, 41.933374], [-88.052007, 41.934275], [-88.052021, 41.930579], [-88.05218, 41.930574], [-88.052179, 41.92874], [-88.051874, 41.928748], [-88.051877, 41.928334], [-88.051668, 41.928028], [-88.052087, 41.927426], [-88.05213, 41.920989], [-88.062224, 41.922317], [-88.062157, 41.921896], [-88.063472, 41.921873], [-88.064135, 41.922023], [-88.0641, 41.92173], [-88.081379, 41.921211], [-88.08136, 41.924797], [-88.091137, 41.924513], [-88.091146, 41.922051], [-88.09614, 41.921928], [-88.096136, 41.91822], [-88.096436, 41.918214], [-88.096436, 41.917842], [-88.096158, 41.917849], [-88.096052, 41.916641], [-88.091698, 41.916705], [-88.091477, 41.916099], [-88.091254, 41.915893], [-88.090901, 41.916186], [-88.090398, 41.915769], [-88.090251, 41.915319], [-88.09058, 41.914719], [-88.09091, 41.914529], [-88.091206, 41.914845], [-88.091411, 41.914742], [-88.091811, 41.914408], [-88.092017, 41.913984], [-88.092058, 41.908207], [-88.093389, 41.908213], [-88.094213, 41.907562], [-88.096102, 41.907514], [-88.096151, 41.902488], [-88.087819, 41.902756], [-88.087856, 41.903493], [-88.087489, 41.903504], [-88.087461, 41.902769], [-88.08536, 41.902844], [-88.085412, 41.903568], [-88.085044, 41.903579], [-88.085001, 41.902857], [-88.081979, 41.902963], [-88.082175, 41.901344], [-88.082229, 41.888881], [-88.092349, 41.888358], [-88.111861, 41.888027], [-88.111834, 41.892802], [-88.116679, 41.892716], [-88.116677, 41.892317], [-88.119669, 41.892269], [-88.119672, 41.892662], [-88.121582, 41.892627], [-88.121581, 41.896331], [-88.120707, 41.898845], [-88.120545, 41.899895], [-88.120556, 41.904306], [-88.148014, 41.907576], [-88.148016, 41.907322], [-88.148678, 41.907401], [-88.148685, 41.907658], [-88.150508, 41.907881], [-88.150383, 41.914186], [-88.15054, 41.917376], [-88.151769, 41.917257], [-88.153527, 41.916468], [-88.155431, 41.916426], [-88.155382, 41.91898], [-88.169419, 41.918715], [-88.169471, 41.918217], [-88.16975, 41.918112], [-88.169911, 41.917769], [-88.172179, 41.917729], [-88.172158, 41.917001], [-88.17319, 41.91701], [-88.173177, 41.917712], [-88.174862, 41.917685], [-88.17492, 41.91296], [-88.179697, 41.912847], [-88.179647, 41.913144], [-88.179859, 41.913692], [-88.180937, 41.914145], [-88.18103, 41.914373], [-88.180917, 41.914559], [-88.181109, 41.914718], [-88.181928, 41.914968], [-88.181751, 41.915614], [-88.182172, 41.9159], [-88.18212, 41.922126], [-88.179655, 41.922134], [-88.179504, 41.936836], [-88.180682, 41.943894], [-88.181515, 41.943889], [-88.182392, 41.947899], [-88.184264, 41.947884], [-88.184092, 41.956927], [-88.184596, 41.957032], [-88.185542, 41.959217], [-88.185633, 41.959812], [-88.185627, 41.960823], [-88.185356, 41.96203], [-88.184067, 41.96455], [-88.183894, 41.965346], [-88.183568, 41.985988], [-88.184215, 41.987599], [-88.169102, 41.987731], [-88.145101, 41.988242], [-88.144896, 41.991212], [-88.144803, 42.005431], [-88.148963, 42.007016], [-88.154335, 42.008304], [-88.159296, 42.009019], [-88.159248, 42.011169], [-88.159509, 42.01359], [-88.164729, 42.013655], [-88.16731, 42.014055], [-88.1688, 42.013982], [-88.169318, 42.014144], [-88.170214, 42.015374], [-88.17462, 42.013924], [-88.175239, 42.013568], [-88.175831, 42.013915], [-88.177011, 42.012373], [-88.180338, 42.013049], [-88.184279, 42.013606], [-88.188008, 42.014903], [-88.188297, 42.014355], [-88.188287, 42.009761], [-88.184626, 42.009726], [-88.185359, 42.008396], [-88.185608, 42.007251], [-88.186654, 42.005827], [-88.187974, 42.006027], [-88.192702, 42.00607], [-88.193165, 42.005779], [-88.198179, 42.006631], [-88.198343, 42.006899], [-88.200989, 42.008364], [-88.203181, 42.008909], [-88.203167, 42.009884], [-88.204396, 42.009854], [-88.205221, 42.009357], [-88.20573, 42.009253], [-88.206307, 42.009278], [-88.208606, 42.010051], [-88.208794, 42.009885], [-88.209732, 42.009896], [-88.209881, 42.010058], [-88.209707, 42.010422], [-88.213191, 42.011754], [-88.217649, 42.013019], [-88.219596, 42.01451], [-88.220494, 42.014883], [-88.221738, 42.015058], [-88.224893, 42.015041], [-88.224942, 42.015705], [-88.224699, 42.01648], [-88.225634, 42.016918], [-88.225479, 42.017176], [-88.225063, 42.017475], [-88.223982, 42.017767], [-88.223166, 42.018498], [-88.22205, 42.018684], [-88.225196, 42.022406], [-88.224501, 42.022797], [-88.223602, 42.023998], [-88.225167, 42.023887], [-88.225878, 42.024449], [-88.226799, 42.023948], [-88.22705, 42.02353], [-88.228566, 42.023712], [-88.228445, 42.024144], [-88.227632, 42.024699], [-88.22749, 42.025283], [-88.226885, 42.025707], [-88.229095, 42.028221], [-88.22961, 42.02841], [-88.228565, 42.030151], [-88.229753, 42.030272], [-88.229774, 42.030662], [-88.230534, 42.032439], [-88.230079, 42.038279], [-88.22779, 42.038418], [-88.224927, 42.040693], [-88.225004, 42.040763], [-88.227599, 42.038644], [-88.228255, 42.038425], [-88.228375, 42.038421], [-88.228383, 42.040286], [-88.232845, 42.040183], [-88.233039, 42.046809], [-88.251537, 42.046493], [-88.251838, 42.048539], [-88.254303, 42.048445], [-88.254763, 42.048677], [-88.253895, 42.049396], [-88.253614, 42.049857], [-88.2537, 42.05139], [-88.254607, 42.052205], [-88.25393, 42.052589], [-88.253615, 42.053121], [-88.253827, 42.053647], [-88.254724, 42.054401], [-88.254839, 42.055718], [-88.254654, 42.056041], [-88.253791, 42.056489], [-88.253706, 42.056766], [-88.252838, 42.056742], [-88.251922, 42.057914], [-88.252447, 42.058519], [-88.252515, 42.059423], [-88.258106, 42.059406], [-88.258822, 42.059099], [-88.262391, 42.059093], [-88.262796, 42.059212], [-88.263546, 42.05898], [-88.26322, 42.021951], [-88.263322, 42.019937], [-88.262922, 41.993616], [-88.262732, 41.963035], [-88.26241, 41.899234], [-88.262552, 41.871154], [-88.269058, 41.871177], [-88.272004, 41.869327], [-88.273265, 41.869153], [-88.287974, 41.868943], [-88.287969, 41.868669], [-88.293945, 41.868584], [-88.297604, 41.868116], [-88.297312, 41.866961], [-88.298686, 41.866835], [-88.304875, 41.865491], [-88.30497, 41.862631], [-88.306617, 41.862596], [-88.306601, 41.861927], [-88.309451, 41.861915], [-88.309616, 41.862579], [-88.309938, 41.862956], [-88.309769, 41.865195], [-88.310203, 41.865045], [-88.310319, 41.865311], [-88.309741, 41.868033], [-88.308847, 41.869874], [-88.308038, 41.873535], [-88.307354, 41.875554], [-88.304922, 41.879133], [-88.303851, 41.881751], [-88.302944, 41.887275], [-88.301903, 41.890539], [-88.301936, 41.892416], [-88.302324, 41.896046], [-88.302921, 41.898248], [-88.29227, 41.898435], [-88.291322, 41.898575], [-88.289571, 41.898163], [-88.288909, 41.898302], [-88.28784, 41.898837], [-88.287168, 41.898837], [-88.286748, 41.9011], [-88.286702, 41.903679], [-88.287954, 41.90653], [-88.287966, 41.907483], [-88.287769, 41.907879], [-88.288934, 41.908358], [-88.289675, 41.908951], [-88.292335, 41.912454], [-88.292244, 41.913255], [-88.29177, 41.913596], [-88.292154, 41.915088], [-88.292607, 41.918331], [-88.301687, 41.916744], [-88.307784, 41.914532], [-88.320211, 41.912646], [-88.342171, 41.912674], [-88.347828, 41.913004], [-88.349301, 41.913312], [-88.350587, 41.913178], [-88.376345, 41.914201], [-88.375721, 41.917843], [-88.374787, 41.917873], [-88.375382, 41.926285], [-88.375453, 41.930117], [-88.373459, 41.929815], [-88.37544, 41.930838], [-88.375369, 41.935389], [-88.375573, 41.937468], [-88.375459, 41.941881], [-88.375607, 41.945951], [-88.375596, 41.953892], [-88.375873, 41.962515], [-88.375804, 41.972536], [-88.375655, 41.97289], [-88.375612, 41.974561], [-88.375714, 41.980916], [-88.37548, 41.986023], [-88.375654, 41.991784], [-88.375862, 41.991784], [-88.375901, 41.993209], [-88.375931, 42.012851], [-88.376219, 42.018401], [-88.376248, 42.028802], [-88.376568, 42.032448], [-88.376258, 42.039843], [-88.376206, 42.045837], [-88.376645, 42.064073], [-88.376612, 42.065969], [-88.376076, 42.066918], [-88.407405, 42.066729], [-88.417385, 42.066933], [-88.425082, 42.066725], [-88.471755, 42.066953], [-88.471899, 42.115886], [-88.472156, 42.132599]]]}}, {"type": "Feature", "properties": {"district": 9}, "geometry": {"type": "Polygon", "coordinates": [[[-88.355054, 42.240752], [-88.297417, 42.241354], [-88.252769, 42.241638], [-88.198245, 42.241559], [-88.198481, 42.273027], [-88.197041, 42.272841], [-88.196971, 42.274179], [-88.197588, 42.27443], [-88.198485, 42.274434], [-88.19855, 42.284586], [-88.191548, 42.284531], [-88.191523, 42.283413], [-88.190782, 42.283406], [-88.190788, 42.282673], [-88.188951, 42.282665], [-88.188836, 42.277737], [-88.191276, 42.277733], [-88.191221, 42.273729], [-88.188333, 42.273782], [-88.186999, 42.273929], [-88.185594, 42.274369], [-88.185006, 42.27431], [-88.18393, 42.274501], [-88.183874, 42.266803], [-88.180247, 42.264567], [-88.177963, 42.26381], [-88.171122, 42.262539], [-88.166033, 42.261415], [-88.1523, 42.257659], [-88.146809, 42.25679], [-88.145556, 42.256687], [-88.143018, 42.258739], [-88.140997, 42.257358], [-88.138833, 42.2593], [-88.137545, 42.258824], [-88.136331, 42.258967], [-88.136294, 42.258192], [-88.135889, 42.257975], [-88.132215, 42.257994], [-88.13222, 42.258474], [-88.129968, 42.258469], [-88.129935, 42.259261], [-88.120066, 42.259203], [-88.119823, 42.262729], [-88.090744, 42.262571], [-88.089626, 42.262861], [-88.088653, 42.263361], [-88.085807, 42.265716], [-88.084663, 42.266147], [-88.083538, 42.266301], [-88.069678, 42.266255], [-88.064394, 42.259022], [-88.052914, 42.259025], [-88.052916, 42.259372], [-88.052564, 42.259653], [-88.051575, 42.25997], [-88.049166, 42.260041], [-88.048861, 42.261926], [-88.050157, 42.262639], [-88.046441, 42.26264], [-88.046326, 42.263079], [-88.045379, 42.263079], [-88.045378, 42.26264], [-88.042918, 42.262641], [-88.042946, 42.266425], [-88.037781, 42.267183], [-88.03368, 42.269129], [-88.028672, 42.263521], [-88.028239, 42.248368], [-88.029854, 42.246988], [-88.031441, 42.24607], [-88.045086, 42.240871], [-88.004265, 42.240696], [-88.004271, 42.215377], [-88.002962, 42.215377], [-88.002951, 42.215632], [-87.999809, 42.215623], [-87.996745, 42.216585], [-87.99498, 42.216561], [-87.994086, 42.215454], [-87.994074, 42.213405], [-87.993669, 42.211963], [-87.990449, 42.207391], [-87.989849, 42.206282], [-87.988473, 42.206394], [-87.986394, 42.206201], [-87.985197, 42.204253], [-87.984443, 42.20384], [-87.983382, 42.203757], [-87.97965, 42.20409], [-87.979749, 42.197204], [-87.968537, 42.197178], [-87.965367, 42.196119], [-87.966011, 42.195724], [-87.966151, 42.195349], [-87.965605, 42.194619], [-87.965121, 42.194291], [-87.965132, 42.192177], [-87.964684, 42.192119], [-87.96439, 42.191864], [-87.964753, 42.190941], [-87.964586, 42.189989], [-87.965157, 42.189894], [-87.965179, 42.185424], [-87.965311, 42.185431], [-87.965319, 42.182675], [-87.965469, 42.182676], [-87.965269, 42.179043], [-87.965306, 42.176298], [-87.969138, 42.176232], [-87.969169, 42.171783], [-87.965348, 42.171749], [-87.965394, 42.167891], [-87.965151, 42.166003], [-87.965161, 42.162322], [-87.964389, 42.157045], [-87.967223, 42.157475], [-87.967698, 42.155455], [-87.967637, 42.154757], [-87.967318, 42.154414], [-87.968951, 42.153589], [-87.961974, 42.153546], [-87.959047, 42.150262], [-87.958761, 42.149582], [-87.958445, 42.146207], [-87.958593, 42.138903], [-87.946474, 42.138796], [-87.946543, 42.125697], [-87.945594, 42.125818], [-87.945245, 42.125695], [-87.942736, 42.125681], [-87.942332, 42.125507], [-87.942239, 42.124302], [-87.941678, 42.124299], [-87.941657, 42.120679], [-87.93678, 42.120669], [-87.936782, 42.113408], [-87.931936, 42.113381], [-87.931922, 42.11097], [-87.930108, 42.110962], [-87.930118, 42.109758], [-87.914837, 42.109705], [-87.907653, 42.109523], [-87.907653, 42.109725], [-87.90731, 42.109723], [-87.886725, 42.109396], [-87.884223, 42.109506], [-87.882492, 42.109339], [-87.875961, 42.109235], [-87.873249, 42.108736], [-87.867418, 42.106375], [-87.864712, 42.105804], [-87.858792, 42.105743], [-87.85877, 42.107555], [-87.858545, 42.107565], [-87.856795, 42.107552], [-87.856997, 42.105736], [-87.83436, 42.105639], [-87.834337, 42.107505], [-87.829376, 42.107501], [-87.829398, 42.109301], [-87.83824, 42.109367], [-87.839166, 42.109634], [-87.840402, 42.109645], [-87.840321, 42.11654], [-87.807083, 42.116418], [-87.805662, 42.115106], [-87.804276, 42.113527], [-87.803641, 42.114455], [-87.803525, 42.116044], [-87.802211, 42.1182], [-87.800572, 42.118201], [-87.800583, 42.119063], [-87.797575, 42.119062], [-87.797652, 42.1235], [-87.793804, 42.123475], [-87.79143, 42.123224], [-87.789629, 42.123246], [-87.789275, 42.12346], [-87.782628, 42.12354], [-87.770274, 42.123355], [-87.770801, 42.106038], [-87.770695, 42.095939], [-87.770811, 42.094972], [-87.770668, 42.094135], [-87.770888, 42.093876], [-87.770762, 42.093536], [-87.770966, 42.092944], [-87.771158, 42.087991], [-87.771379, 42.08762], [-87.771062, 42.086921], [-87.771348, 42.080693], [-87.771246, 42.079703], [-87.693697, 42.078727], [-87.693695, 42.080064], [-87.692241, 42.081327], [-87.691019, 42.082665], [-87.682217, 42.078869], [-87.680868, 42.077853], [-87.680831, 42.077507], [-87.679836, 42.077573], [-87.679343, 42.077205], [-87.67946, 42.077139], [-87.679851, 42.07748], [-87.682231, 42.077194], [-87.682099, 42.07714], [-87.68215, 42.076925], [-87.681428, 42.076755], [-87.680087, 42.076892], [-87.681465, 42.076645], [-87.681878, 42.076711], [-87.68218, 42.075427], [-87.6819, 42.074757], [-87.681052, 42.073483], [-87.680021, 42.072407], [-87.678415, 42.069695], [-87.676632, 42.067081], [-87.67591, 42.066576], [-87.67563, 42.065983], [-87.675718, 42.065791], [-87.675409, 42.064863], [-87.673995, 42.064045], [-87.674201, 42.063858], [-87.673766, 42.063222], [-87.673376, 42.061816], [-87.673059, 42.061355], [-87.671277, 42.05973], [-87.670864, 42.060075], [-87.66987, 42.059938], [-87.669545, 42.059724], [-87.670003, 42.057874], [-87.670106, 42.055925], [-87.669864, 42.053992], [-87.669319, 42.052323], [-87.669496, 42.052082], [-87.670159, 42.051961], [-87.670377, 42.052273], [-87.671042, 42.052341], [-87.671131, 42.050545], [-87.671213, 42.05072], [-87.672067, 42.050698], [-87.67262, 42.049738], [-87.672649, 42.049079], [-87.672215, 42.048228], [-87.673173, 42.047937], [-87.672252, 42.045604], [-87.672083, 42.045472], [-87.672142, 42.044681], [-87.671965, 42.043792], [-87.670242, 42.041936], [-87.669373, 42.041266], [-87.669109, 42.039548], [-87.669529, 42.039015], [-87.669566, 42.037549], [-87.669868, 42.037396], [-87.670045, 42.036929], [-87.669861, 42.036451], [-87.66908, 42.035507], [-87.669647, 42.035474], [-87.669397, 42.034359], [-87.669589, 42.03431], [-87.669294, 42.03381], [-87.668603, 42.029259], [-87.668684, 42.028979], [-87.668434, 42.028188], [-87.666976, 42.026854], [-87.667227, 42.026706], [-87.666682, 42.026135], [-87.665173, 42.023395], [-87.6651, 42.022774], [-87.664636, 42.02194], [-87.664754, 42.021918], [-87.664261, 42.021292], [-87.664055, 42.021347], [-87.66379, 42.02038], [-87.664077, 42.020161], [-87.663857, 42.019524], [-87.66371, 42.019557], [-87.66368, 42.019398], [-87.663842, 42.019343], [-87.663754, 42.018948], [-87.663231, 42.018453], [-87.66329, 42.018086], [-87.663077, 42.017608], [-87.663143, 42.016916], [-87.662812, 42.01662], [-87.662673, 42.015818], [-87.662467, 42.015763], [-87.661003, 42.012189], [-87.6587, 42.010014], [-87.658648, 42.009657], [-87.655543, 42.006752], [-87.655278, 42.00673], [-87.655764, 42.006302], [-87.657295, 42.006275], [-87.657318, 42.005243], [-87.656788, 42.004232], [-87.657289, 42.004183], [-87.656767, 42.002371], [-87.656193, 42.001267], [-87.656341, 42.001037], [-87.65587, 42.000032], [-87.655813, 41.999394], [-87.655129, 41.998729], [-87.654997, 41.998296], [-87.655129, 41.998301], [-87.655122, 41.998158], [-87.654733, 41.998153], [-87.654725, 41.997284], [-87.654513, 41.997278], [-87.65446, 41.996489], [-87.654718, 41.996368], [-87.654836, 41.995463], [-87.654681, 41.995314], [-87.654741, 41.994568], [-87.654476, 41.994392], [-87.654432, 41.994095], [-87.6548, 41.993184], [-87.654749, 41.992849], [-87.654241, 41.992563], [-87.654383, 41.990202], [-87.654125, 41.989058], [-87.650123, 41.984944], [-87.650478, 41.984124], [-87.650723, 41.982925], [-87.650676, 41.980684], [-87.650226, 41.979721], [-87.650371, 41.979597], [-87.649696, 41.979039], [-87.64678, 41.977457], [-87.646486, 41.977133], [-87.646311, 41.973581], [-87.64612, 41.972873], [-87.644842, 41.97061], [-87.642989, 41.9686], [-87.641732, 41.967655], [-87.639202, 41.966205], [-87.636436, 41.965523], [-87.631971, 41.965241], [-87.631391, 41.963132], [-87.631465, 41.962924], [-87.631833, 41.962578], [-87.634424, 41.961349], [-87.636183, 41.959895], [-87.637529, 41.959495], [-87.638515, 41.959468], [-87.640295, 41.959798], [-87.640876, 41.960188], [-87.64089, 41.96066], [-87.64039, 41.960858], [-87.638868, 41.960324], [-87.63733, 41.960538], [-87.636476, 41.9609], [-87.636138, 41.961207], [-87.635423, 41.962267], [-87.635534, 41.962569], [-87.636482, 41.962866], [-87.640426, 41.962455], [-87.641801, 41.96217], [-87.642228, 41.96172], [-87.642324, 41.961204], [-87.641582, 41.960364], [-87.641716, 41.958569], [-87.641394, 41.95595], [-87.641078, 41.954846], [-87.646648, 41.954614], [-87.646554, 41.952933], [-87.647896, 41.952849], [-87.647849, 41.951642], [-87.64962, 41.951198], [-87.656806, 41.951087], [-87.656792, 41.954452], [-87.66225, 41.954378], [-87.664471, 41.957956], [-87.665954, 41.961635], [-87.664935, 41.961647], [-87.665077, 41.963637], [-87.666199, 41.968923], [-87.674174, 41.968822], [-87.674313, 41.973368], [-87.676323, 41.973314], [-87.676259, 41.970617], [-87.688965, 41.970412], [-87.689151, 41.975892], [-87.679404, 41.976033], [-87.679506, 41.983156], [-87.674836, 41.983323], [-87.675044, 41.990758], [-87.718862, 41.990263], [-87.718911, 41.991983], [-87.718301, 41.99199], [-87.718402, 41.99552], [-87.717797, 41.995528], [-87.717808, 41.996279], [-87.717477, 41.99659], [-87.718607, 41.997281], [-87.75291, 41.997303], [-87.76227, 42.001687], [-87.761858, 42.003543], [-87.761619, 42.011881], [-87.776944, 42.011982], [-87.776922, 42.015457], [-87.779118, 42.015539], [-87.77906, 42.011991], [-87.788723, 42.011997], [-87.783208, 42.005542], [-87.782215, 42.004637], [-87.782714, 42.00423], [-87.786909, 42.002488], [-87.790766, 42.000531], [-87.791166, 42.00098], [-87.795553, 42.00095], [-87.795546, 42.001404], [-87.797121, 42.001392], [-87.797126, 42.000005], [-87.799481, 41.999985], [-87.799814, 42.001529], [-87.80675, 42.001505], [-87.806718, 42.004474], [-87.816482, 42.00415], [-87.81725, 42.003473], [-87.821495, 42.006159], [-87.82132, 42.006319], [-87.821319, 42.006697], [-87.821553, 42.006845], [-87.821116, 42.007225], [-87.821318, 42.007354], [-87.821253, 42.011357], [-87.829259, 42.01131], [-87.830476, 42.011129], [-87.833375, 42.011069], [-87.835705, 42.012398], [-87.835858, 42.012268], [-87.835859, 42.011008], [-87.841933, 42.010867], [-87.841922, 42.012721], [-87.842521, 42.012708], [-87.842519, 42.014595], [-87.843131, 42.014581], [-87.84311, 42.016563], [-87.860147, 42.026186], [-87.860003, 42.026396], [-87.860027, 42.02845], [-87.857648, 42.028516], [-87.857239, 42.028658], [-87.85907, 42.029913], [-87.858675, 42.030257], [-87.858564, 42.032266], [-87.858673, 42.032347], [-87.858437, 42.033057], [-87.858349, 42.034608], [-87.858483, 42.035732], [-87.860011, 42.03569], [-87.860009, 42.039338], [-87.844729, 42.039903], [-87.830762, 42.040217], [-87.830721, 42.042948], [-87.833167, 42.042891], [-87.833147, 42.043774], [-87.840507, 42.043629], [-87.840293, 42.063134], [-87.83994, 42.065789], [-87.848897, 42.065826], [-87.857181, 42.074141], [-87.857696, 42.073615], [-87.857844, 42.073714], [-87.862242, 42.069366], [-87.863774, 42.067619], [-87.863517, 42.067566], [-87.863987, 42.067266], [-87.865236, 42.065897], [-87.891818, 42.066018], [-87.893634, 42.071887], [-87.893654, 42.073297], [-87.896056, 42.073318], [-87.895244, 42.07405], [-87.895149, 42.074764], [-87.897955, 42.074791], [-87.897947, 42.076279], [-87.900888, 42.076275], [-87.901732, 42.078314], [-87.902332, 42.078323], [-87.902927, 42.079765], [-87.907713, 42.079829], [-87.907716, 42.080639], [-87.936065, 42.080751], [-87.940382, 42.083981], [-87.951174, 42.092923], [-87.969142, 42.10499], [-87.968319, 42.105662], [-87.96841, 42.106365], [-87.970123, 42.106372], [-87.970534, 42.106528], [-87.970959, 42.106227], [-87.980423, 42.112619], [-87.980245, 42.139079], [-87.985149, 42.139106], [-87.985113, 42.142124], [-87.985266, 42.142264], [-87.985481, 42.146023], [-87.985448, 42.146376], [-87.983965, 42.146566], [-87.982043, 42.147626], [-87.981194, 42.14779], [-87.979636, 42.1478], [-87.979547, 42.149013], [-87.978164, 42.150403], [-87.978076, 42.15203], [-87.978261, 42.152395], [-87.978866, 42.152799], [-87.979796, 42.153059], [-87.981242, 42.153105], [-87.981499, 42.153268], [-87.981571, 42.153621], [-87.984994, 42.153626], [-87.985118, 42.153735], [-87.984826, 42.168182], [-87.993682, 42.16818], [-87.993672, 42.17182], [-87.992974, 42.171816], [-87.993456, 42.172076], [-87.992831, 42.172501], [-87.993228, 42.172674], [-87.992172, 42.173463], [-87.991467, 42.173458], [-87.991288, 42.173827], [-87.99092, 42.17406], [-87.991646, 42.174617], [-87.991969, 42.175455], [-87.989117, 42.175448], [-87.989569, 42.176072], [-87.98975, 42.176651], [-87.989652, 42.182721], [-88.004546, 42.182793], [-88.00435, 42.197259], [-88.018235, 42.197151], [-88.057909, 42.197376], [-88.057941, 42.202361], [-88.060195, 42.202379], [-88.060212, 42.201316], [-88.062913, 42.201353], [-88.062789, 42.204672], [-88.057973, 42.204628], [-88.058294, 42.209344], [-88.057992, 42.212481], [-88.057987, 42.218875], [-88.059408, 42.219107], [-88.064135, 42.219159], [-88.065161, 42.219295], [-88.066783, 42.219817], [-88.073366, 42.214706], [-88.075616, 42.215594], [-88.083683, 42.21551], [-88.083582, 42.216668], [-88.089725, 42.215075], [-88.091136, 42.214566], [-88.092423, 42.213791], [-88.096635, 42.213754], [-88.096737, 42.212167], [-88.096879, 42.211997], [-88.107467, 42.212033], [-88.108102, 42.212188], [-88.1081, 42.212037], [-88.11166, 42.21205], [-88.121184, 42.212339], [-88.139994, 42.212019], [-88.149409, 42.2123], [-88.151355, 42.212913], [-88.152617, 42.212558], [-88.154856, 42.212532], [-88.168576, 42.212704], [-88.170167, 42.212865], [-88.171247, 42.211932], [-88.172974, 42.211289], [-88.174224, 42.211153], [-88.178934, 42.211121], [-88.180837, 42.210674], [-88.181944, 42.210078], [-88.18271, 42.20941], [-88.183216, 42.208702], [-88.183886, 42.207193], [-88.194931, 42.207141], [-88.194407, 42.205715], [-88.194439, 42.204791], [-88.194992, 42.204118], [-88.195918, 42.203652], [-88.199378, 42.202966], [-88.199763, 42.171067], [-88.19945, 42.162548], [-88.199584, 42.15426], [-88.237067, 42.154288], [-88.247839, 42.153627], [-88.257734, 42.154079], [-88.260859, 42.15402], [-88.265152, 42.153667], [-88.277284, 42.153971], [-88.28649, 42.153723], [-88.297016, 42.153937], [-88.308532, 42.15375], [-88.354416, 42.154], [-88.355054, 42.240752]]]}}, {"type": "Feature", "properties": {"district": 10}, "geometry": {"type": "Polygon", "coordinates": [[[-88.472286, 42.370479], [-88.472111, 42.39569], [-88.471836, 42.397113], [-88.471849, 42.397869], [-88.472094, 42.398271], [-88.471908, 42.414154], [-88.472053, 42.416152], [-88.471622, 42.494618], [-88.461829, 42.494798], [-88.431633, 42.494669], [-88.422241, 42.494495], [-88.421892, 42.494669], [-88.389994, 42.494516], [-88.303192, 42.494618], [-88.279549, 42.494827], [-88.272663, 42.494818], [-88.270096, 42.494677], [-88.257027, 42.494889], [-88.23789, 42.494895], [-88.141717, 42.495599], [-88.081066, 42.495631], [-88.003284, 42.494893], [-87.981324, 42.494928], [-87.961772, 42.494756], [-87.90281, 42.493982], [-87.846583, 42.493078], [-87.805343, 42.492611], [-87.803218, 42.492566], [-87.800561, 42.49192], [-87.800148, 42.489645], [-87.799083, 42.489067], [-87.798496, 42.488275], [-87.799829, 42.487892], [-87.798643, 42.484853], [-87.79869, 42.48328], [-87.799119, 42.48036], [-87.799374, 42.479868], [-87.799646, 42.479727], [-87.800684, 42.479613], [-87.800859, 42.479385], [-87.800905, 42.478571], [-87.800578, 42.476958], [-87.799927, 42.475305], [-87.798908, 42.473705], [-87.798538, 42.472404], [-87.797484, 42.471191], [-87.797958, 42.47069], [-87.797501, 42.469811], [-87.797378, 42.469037], [-87.797492, 42.469037], [-87.797527, 42.467982], [-87.797343, 42.467886], [-87.798327, 42.467807], [-87.799312, 42.465495], [-87.799074, 42.464228], [-87.797913, 42.46413], [-87.797561, 42.462588], [-87.79784, 42.462029], [-87.797773, 42.461192], [-87.797994, 42.460632], [-87.798068, 42.458895], [-87.797919, 42.458014], [-87.798385, 42.456565], [-87.798226, 42.455162], [-87.7986, 42.454042], [-87.798516, 42.452567], [-87.798889, 42.452316], [-87.798805, 42.450045], [-87.79998, 42.449702], [-87.800015, 42.448712], [-87.800947, 42.444229], [-87.801907, 42.442055], [-87.802406, 42.441295], [-87.802635, 42.439103], [-87.80318, 42.437767], [-87.803866, 42.432246], [-87.804429, 42.43098], [-87.804481, 42.430224], [-87.804218, 42.428659], [-87.804446, 42.428026], [-87.804411, 42.427675], [-87.803919, 42.424914], [-87.804165, 42.42189], [-87.802969, 42.415068], [-87.802582, 42.40749], [-87.803034, 42.404817], [-87.802618, 42.396009], [-87.801684, 42.390564], [-87.801917, 42.390354], [-87.802949, 42.390088], [-87.804146, 42.388579], [-87.804756, 42.386772], [-87.804867, 42.386173], [-87.804779, 42.385463], [-87.804967, 42.38456], [-87.805742, 42.384006], [-87.806111, 42.38335], [-87.806685, 42.383458], [-87.807458, 42.382457], [-87.808543, 42.380079], [-87.808965, 42.37862], [-87.809563, 42.377266], [-87.812464, 42.371903], [-87.812563, 42.370059], [-87.813047, 42.367677], [-87.812778, 42.363856], [-87.81063, 42.362285], [-87.810759, 42.362238], [-87.813006, 42.363925], [-87.814847, 42.364167], [-87.816201, 42.362862], [-87.81649, 42.362323], [-87.816535, 42.361793], [-87.816495, 42.361455], [-87.814633, 42.361361], [-87.820121, 42.361394], [-87.820948, 42.36166], [-87.822077, 42.362586], [-87.822082, 42.363472], [-87.823603, 42.363202], [-87.823614, 42.361868], [-87.82411, 42.361836], [-87.824073, 42.360502], [-87.82429, 42.360315], [-87.824211, 42.359785], [-87.821338, 42.36078], [-87.813302, 42.360642], [-87.819741, 42.3607], [-87.819855, 42.356233], [-87.820477, 42.355765], [-87.820583, 42.355841], [-87.819994, 42.35625], [-87.81991, 42.360672], [-87.821302, 42.360714], [-87.824122, 42.359759], [-87.824181, 42.357058], [-87.820598, 42.356695], [-87.823135, 42.356582], [-87.824516, 42.356772], [-87.825109, 42.356334], [-87.82577, 42.355535], [-87.826081, 42.351423], [-87.826588, 42.34859], [-87.826405, 42.347491], [-87.826542, 42.347084], [-87.826907, 42.346797], [-87.827006, 42.346268], [-87.826917, 42.34449], [-87.826716, 42.343604], [-87.826856, 42.341258], [-87.826645, 42.340413], [-87.826865, 42.338906], [-87.826796, 42.338279], [-87.827361, 42.337154], [-87.827463, 42.336571], [-87.828395, 42.335095], [-87.8287, 42.334178], [-87.829696, 42.332999], [-87.830369, 42.331534], [-87.830742, 42.33131], [-87.831043, 42.330728], [-87.831424, 42.330526], [-87.831633, 42.32853], [-87.831481, 42.327957], [-87.831706, 42.327672], [-87.831706, 42.326781], [-87.831966, 42.325739], [-87.831337, 42.323926], [-87.830512, 42.322262], [-87.830526, 42.321883], [-87.830737, 42.32157], [-87.83037, 42.320847], [-87.830576, 42.320422], [-87.830697, 42.3194], [-87.83094, 42.319136], [-87.830792, 42.31866], [-87.831126, 42.31839], [-87.830898, 42.317966], [-87.831114, 42.31769], [-87.830796, 42.317189], [-87.830591, 42.317233], [-87.830494, 42.317039], [-87.83106, 42.316815], [-87.831062, 42.316523], [-87.830294, 42.314776], [-87.828284, 42.311339], [-87.82488, 42.309949], [-87.824655, 42.309678], [-87.824777, 42.307194], [-87.824761, 42.309477], [-87.824904, 42.309838], [-87.827612, 42.310937], [-87.826219, 42.310188], [-87.82618, 42.309849], [-87.826875, 42.3097], [-87.828201, 42.310702], [-87.829266, 42.311009], [-87.830395, 42.310882], [-87.831792, 42.310146], [-87.832243, 42.309479], [-87.832132, 42.308855], [-87.832924, 42.308992], [-87.833208, 42.308305], [-87.833169, 42.307934], [-87.831998, 42.307712], [-87.832513, 42.307209], [-87.832704, 42.306595], [-87.833182, 42.306077], [-87.832793, 42.305298], [-87.832367, 42.304915], [-87.830589, 42.304862], [-87.830506, 42.304746], [-87.832527, 42.304705], [-87.833075, 42.30449], [-87.833797, 42.303912], [-87.83437, 42.302405], [-87.834249, 42.301794], [-87.834426, 42.300953], [-87.834148, 42.29951], [-87.833432, 42.298044], [-87.832981, 42.296001], [-87.833149, 42.295408], [-87.833033, 42.295127], [-87.833785, 42.294734], [-87.833829, 42.293859], [-87.833388, 42.292355], [-87.832483, 42.290459], [-87.832651, 42.289899], [-87.832608, 42.288732], [-87.832372, 42.287581], [-87.832074, 42.286909], [-87.831763, 42.285232], [-87.831371, 42.284766], [-87.831628, 42.284682], [-87.831497, 42.284442], [-87.831322, 42.284516], [-87.831505, 42.284361], [-87.831369, 42.283948], [-87.829993, 42.280906], [-87.829573, 42.279623], [-87.829343, 42.279421], [-87.82913, 42.279495], [-87.829058, 42.279158], [-87.82923, 42.279211], [-87.829352, 42.279059], [-87.828673, 42.277493], [-87.828474, 42.277353], [-87.828532, 42.27704], [-87.828784, 42.277194], [-87.829047, 42.276883], [-87.828847, 42.276309], [-87.828694, 42.276204], [-87.828554, 42.276301], [-87.828442, 42.276124], [-87.828986, 42.276002], [-87.829018, 42.275253], [-87.828524, 42.275245], [-87.828762, 42.274891], [-87.828997, 42.274914], [-87.829023, 42.273962], [-87.828392, 42.272193], [-87.828603, 42.271803], [-87.828311, 42.271186], [-87.828506, 42.27089], [-87.828297, 42.269398], [-87.827951, 42.268751], [-87.828023, 42.268548], [-87.827847, 42.268181], [-87.827155, 42.267346], [-87.82676, 42.267276], [-87.826477, 42.266697], [-87.826358, 42.26634], [-87.826808, 42.266194], [-87.826975, 42.265875], [-87.826883, 42.265538], [-87.826471, 42.265204], [-87.8264, 42.264893], [-87.826078, 42.264833], [-87.826282, 42.264757], [-87.826264, 42.264588], [-87.825947, 42.264587], [-87.826206, 42.264277], [-87.82448, 42.260596], [-87.82302, 42.258515], [-87.822175, 42.257616], [-87.821453, 42.256359], [-87.820663, 42.255793], [-87.820972, 42.255734], [-87.820785, 42.255329], [-87.820207, 42.255155], [-87.820087, 42.255185], [-87.820233, 42.255381], [-87.820096, 42.255395], [-87.819626, 42.254891], [-87.819725, 42.254818], [-87.819956, 42.255023], [-87.820104, 42.25468], [-87.819993, 42.254328], [-87.819437, 42.254073], [-87.819252, 42.25408], [-87.819329, 42.25433], [-87.819193, 42.25428], [-87.818914, 42.253734], [-87.819223, 42.253968], [-87.819451, 42.253315], [-87.819094, 42.252906], [-87.818724, 42.253028], [-87.81865, 42.252565], [-87.818756, 42.252498], [-87.818825, 42.252678], [-87.819033, 42.252574], [-87.819134, 42.252121], [-87.818798, 42.25172], [-87.818398, 42.251816], [-87.817665, 42.25073], [-87.817654, 42.250538], [-87.817839, 42.250533], [-87.817985, 42.250911], [-87.818268, 42.251122], [-87.81884, 42.250953], [-87.818641, 42.250582], [-87.818511, 42.250622], [-87.817441, 42.24872], [-87.817431, 42.248451], [-87.817805, 42.248187], [-87.817763, 42.24778], [-87.817344, 42.246579], [-87.816784, 42.245905], [-87.816985, 42.245823], [-87.816981, 42.245657], [-87.816571, 42.245414], [-87.81658, 42.245168], [-87.816801, 42.245217], [-87.816897, 42.245027], [-87.81667, 42.244818], [-87.816464, 42.244936], [-87.816406, 42.244716], [-87.816717, 42.244609], [-87.816702, 42.244454], [-87.816509, 42.244007], [-87.816241, 42.243831], [-87.816495, 42.24379], [-87.816427, 42.243443], [-87.816187, 42.243448], [-87.816181, 42.243601], [-87.816065, 42.243442], [-87.81651, 42.243294], [-87.816413, 42.242928], [-87.816215, 42.242455], [-87.815798, 42.24204], [-87.815998, 42.241965], [-87.815922, 42.241713], [-87.815369, 42.24105], [-87.815503, 42.240802], [-87.815154, 42.240784], [-87.815304, 42.240443], [-87.81494, 42.240017], [-87.815032, 42.239633], [-87.814556, 42.239076], [-87.814655, 42.238783], [-87.814217, 42.238141], [-87.814306, 42.237923], [-87.813844, 42.236571], [-87.813906, 42.236316], [-87.813423, 42.235411], [-87.813138, 42.235247], [-87.813408, 42.235093], [-87.813346, 42.234854], [-87.812843, 42.234419], [-87.813102, 42.234261], [-87.813086, 42.234108], [-87.812724, 42.233635], [-87.812449, 42.233612], [-87.812818, 42.233405], [-87.81254, 42.232892], [-87.812223, 42.232761], [-87.812485, 42.23261], [-87.812471, 42.232456], [-87.8115, 42.231251], [-87.812039, 42.231145], [-87.811909, 42.230706], [-87.812106, 42.230237], [-87.811499, 42.22849], [-87.810925, 42.227537], [-87.809609, 42.225985], [-87.809522, 42.225639], [-87.808648, 42.224856], [-87.808573, 42.224484], [-87.806537, 42.222848], [-87.806833, 42.222722], [-87.806875, 42.222279], [-87.806105, 42.221315], [-87.8063, 42.221221], [-87.806223, 42.221044], [-87.805746, 42.220399], [-87.804853, 42.218591], [-87.804972, 42.218539], [-87.804906, 42.218371], [-87.804528, 42.217806], [-87.804671, 42.217423], [-87.80385, 42.216032], [-87.803592, 42.214623], [-87.80286, 42.213168], [-87.802849, 42.2126], [-87.802398, 42.211744], [-87.802454, 42.211474], [-87.802185, 42.210852], [-87.801904, 42.210539], [-87.801648, 42.210537], [-87.801301, 42.210062], [-87.800952, 42.210056], [-87.800859, 42.209868], [-87.801077, 42.209858], [-87.801086, 42.209621], [-87.800816, 42.209485], [-87.800675, 42.209603], [-87.800494, 42.20938], [-87.800811, 42.209177], [-87.800767, 42.208951], [-87.799723, 42.207917], [-87.799797, 42.207708], [-87.798909, 42.206791], [-87.799084, 42.206518], [-87.797961, 42.205023], [-87.796503, 42.203771], [-87.79659, 42.203499], [-87.796479, 42.203358], [-87.796672, 42.203269], [-87.796653, 42.203041], [-87.79631, 42.202501], [-87.796412, 42.202279], [-87.795993, 42.201854], [-87.796137, 42.201794], [-87.79563, 42.201293], [-87.795689, 42.20114], [-87.795286, 42.200482], [-87.7947, 42.199857], [-87.794619, 42.199526], [-87.794059, 42.198797], [-87.792845, 42.19749], [-87.792785, 42.197239], [-87.792158, 42.196772], [-87.792367, 42.196527], [-87.791565, 42.195806], [-87.791735, 42.195617], [-87.791061, 42.19511], [-87.791198, 42.194982], [-87.789941, 42.193777], [-87.790061, 42.193685], [-87.789979, 42.193551], [-87.789351, 42.193124], [-87.789417, 42.192948], [-87.787558, 42.191658], [-87.786635, 42.190149], [-87.786764, 42.1901], [-87.787001, 42.190336], [-87.787278, 42.190055], [-87.787287, 42.189646], [-87.787096, 42.189239], [-87.786546, 42.188728], [-87.786714, 42.188566], [-87.786187, 42.188125], [-87.786261, 42.187925], [-87.785738, 42.187519], [-87.785745, 42.187226], [-87.784455, 42.185977], [-87.784312, 42.185648], [-87.784003, 42.185509], [-87.784051, 42.18529], [-87.783594, 42.184995], [-87.7837, 42.184903], [-87.78358, 42.184729], [-87.78313, 42.184411], [-87.783219, 42.184304], [-87.78209, 42.182966], [-87.781873, 42.182912], [-87.781998, 42.182839], [-87.781908, 42.182673], [-87.781247, 42.182196], [-87.781336, 42.181968], [-87.780637, 42.181338], [-87.780826, 42.181097], [-87.780225, 42.180601], [-87.780315, 42.180417], [-87.780098, 42.180156], [-87.779682, 42.179933], [-87.77959, 42.179462], [-87.778988, 42.17897], [-87.7791, 42.178805], [-87.778, 42.177662], [-87.778029, 42.177443], [-87.77755, 42.177072], [-87.777666, 42.176992], [-87.777552, 42.176827], [-87.777036, 42.176493], [-87.777164, 42.176353], [-87.775064, 42.174191], [-87.775105, 42.174036], [-87.774175, 42.173142], [-87.774277, 42.173077], [-87.774137, 42.172907], [-87.773547, 42.172562], [-87.77363, 42.17248], [-87.773469, 42.172286], [-87.772526, 42.171464], [-87.772626, 42.171357], [-87.772397, 42.171366], [-87.772563, 42.171276], [-87.772317, 42.171098], [-87.772288, 42.170817], [-87.771006, 42.169661], [-87.771102, 42.169501], [-87.769719, 42.168452], [-87.769456, 42.168155], [-87.769585, 42.168091], [-87.768978, 42.167568], [-87.768945, 42.167277], [-87.768306, 42.166835], [-87.768596, 42.166659], [-87.767729, 42.165368], [-87.766552, 42.163967], [-87.765854, 42.162833], [-87.764649, 42.161771], [-87.765147, 42.161417], [-87.764305, 42.160199], [-87.763774, 42.15982], [-87.764015, 42.159677], [-87.764001, 42.159529], [-87.762452, 42.15803], [-87.7625, 42.157849], [-87.762073, 42.157287], [-87.761622, 42.157001], [-87.761862, 42.156803], [-87.761299, 42.156073], [-87.761491, 42.155974], [-87.761227, 42.155408], [-87.759692, 42.153659], [-87.759085, 42.1525], [-87.758623, 42.152137], [-87.758742, 42.151951], [-87.758232, 42.151605], [-87.758351, 42.15155], [-87.757393, 42.150243], [-87.757445, 42.15004], [-87.756751, 42.149259], [-87.756871, 42.149204], [-87.75676, 42.148858], [-87.754328, 42.145585], [-87.754454, 42.145535], [-87.754048, 42.145124], [-87.753445, 42.143904], [-87.75273, 42.143273], [-87.75287, 42.143157], [-87.751138, 42.140939], [-87.747914, 42.137809], [-87.748644, 42.137479], [-87.747174, 42.135449], [-87.745993, 42.134247], [-87.745506, 42.133945], [-87.745683, 42.133759], [-87.744347, 42.132667], [-87.744479, 42.132573], [-87.743054, 42.131015], [-87.742744, 42.130592], [-87.742951, 42.130488], [-87.742404, 42.12989], [-87.742567, 42.129818], [-87.741769, 42.128896], [-87.741924, 42.128781], [-87.741451, 42.128155], [-87.741326, 42.127667], [-87.740713, 42.127091], [-87.74089, 42.127008], [-87.73951, 42.125664], [-87.739694, 42.125581], [-87.738094, 42.12365], [-87.738278, 42.123546], [-87.737739, 42.122915], [-87.737451, 42.122849], [-87.737348, 42.12247], [-87.736683, 42.121812], [-87.736683, 42.121477], [-87.73599, 42.120906], [-87.736218, 42.120785], [-87.735606, 42.120171], [-87.734447, 42.119386], [-87.734535, 42.119304], [-87.731924, 42.117515], [-87.730551, 42.116379], [-87.730197, 42.116324], [-87.72974, 42.116539], [-87.72946, 42.116204], [-87.730359, 42.11572], [-87.730499, 42.115495], [-87.730233, 42.115193], [-87.730012, 42.115259], [-87.730093, 42.115029], [-87.72982, 42.115029], [-87.730557, 42.114677], [-87.729377, 42.113415], [-87.729546, 42.113256], [-87.728196, 42.112048], [-87.727775, 42.111329], [-87.726956, 42.110649], [-87.726919, 42.110265], [-87.726351, 42.109694], [-87.726152, 42.109216], [-87.72458, 42.107921], [-87.724455, 42.107488], [-87.722662, 42.106083], [-87.721202, 42.104442], [-87.720331, 42.103838], [-87.72011, 42.103404], [-87.717838, 42.10161], [-87.714667, 42.098382], [-87.712543, 42.096637], [-87.711452, 42.09605], [-87.71123, 42.095699], [-87.707072, 42.093042], [-87.705929, 42.091763], [-87.703865, 42.090583], [-87.703887, 42.090446], [-87.703267, 42.089925], [-87.70023, 42.088388], [-87.700223, 42.088053], [-87.698453, 42.086928], [-87.698196, 42.087081], [-87.697525, 42.086533], [-87.697738, 42.086401], [-87.697348, 42.086044], [-87.696677, 42.08578], [-87.694525, 42.084381], [-87.691019, 42.082665], [-87.692241, 42.081327], [-87.693695, 42.080064], [-87.693697, 42.078727], [-87.771246, 42.079703], [-87.771348, 42.080693], [-87.771062, 42.086921], [-87.771379, 42.08762], [-87.771158, 42.087991], [-87.770966, 42.092944], [-87.770762, 42.093536], [-87.770888, 42.093876], [-87.770668, 42.094135], [-87.770811, 42.094972], [-87.770695, 42.095939], [-87.770801, 42.106038], [-87.770274, 42.123355], [-87.782628, 42.12354], [-87.789275, 42.12346], [-87.789629, 42.123246], [-87.79143, 42.123224], [-87.793804, 42.123475], [-87.797652, 42.1235], [-87.797575, 42.119062], [-87.800583, 42.119063], [-87.800572, 42.118201], [-87.802211, 42.1182], [-87.803525, 42.116044], [-87.803641, 42.114455], [-87.804276, 42.113527], [-87.805662, 42.115106], [-87.807083, 42.116418], [-87.840321, 42.11654], [-87.840402, 42.109645], [-87.839166, 42.109634], [-87.83824, 42.109367], [-87.829398, 42.109301], [-87.829376, 42.107501], [-87.834337, 42.107505], [-87.83436, 42.105639], [-87.856997, 42.105736], [-87.856795, 42.107552], [-87.858545, 42.107565], [-87.85877, 42.107555], [-87.858792, 42.105743], [-87.864712, 42.105804], [-87.867418, 42.106375], [-87.873249, 42.108736], [-87.875961, 42.109235], [-87.882492, 42.109339], [-87.884223, 42.109506], [-87.886725, 42.109396], [-87.90731, 42.109723], [-87.907653, 42.109725], [-87.907653, 42.109523], [-87.914837, 42.109705], [-87.930118, 42.109758], [-87.930108, 42.110962], [-87.931922, 42.11097], [-87.931936, 42.113381], [-87.936782, 42.113408], [-87.93678, 42.120669], [-87.941657, 42.120679], [-87.941678, 42.124299], [-87.942239, 42.124302], [-87.942332, 42.125507], [-87.942736, 42.125681], [-87.945245, 42.125695], [-87.945594, 42.125818], [-87.946543, 42.125697], [-87.946474, 42.138796], [-87.958593, 42.138903], [-87.958445, 42.146207], [-87.958761, 42.149582], [-87.959047, 42.150262], [-87.961974, 42.153546], [-87.968951, 42.153589], [-87.967318, 42.154414], [-87.967637, 42.154757], [-87.967698, 42.155455], [-87.967223, 42.157475], [-87.964389, 42.157045], [-87.965161, 42.162322], [-87.965151, 42.166003], [-87.965394, 42.167891], [-87.965348, 42.171749], [-87.969169, 42.171783], [-87.969138, 42.176232], [-87.965306, 42.176298], [-87.965269, 42.179043], [-87.965469, 42.182676], [-87.965319, 42.182675], [-87.965311, 42.185431], [-87.965179, 42.185424], [-87.965157, 42.189894], [-87.964586, 42.189989], [-87.964753, 42.190941], [-87.96439, 42.191864], [-87.964684, 42.192119], [-87.965132, 42.192177], [-87.965121, 42.194291], [-87.965605, 42.194619], [-87.966151, 42.195349], [-87.966011, 42.195724], [-87.965367, 42.196119], [-87.968537, 42.197178], [-87.979749, 42.197204], [-87.97965, 42.20409], [-87.983382, 42.203757], [-87.984443, 42.20384], [-87.985197, 42.204253], [-87.986394, 42.206201], [-87.988473, 42.206394], [-87.989849, 42.206282], [-87.990449, 42.207391], [-87.993669, 42.211963], [-87.994074, 42.213405], [-87.994086, 42.215454], [-87.99498, 42.216561], [-87.996745, 42.216585], [-87.999809, 42.215623], [-88.002951, 42.215632], [-88.002962, 42.215377], [-88.004271, 42.215377], [-88.004265, 42.240696], [-88.045086, 42.240871], [-88.031441, 42.24607], [-88.029854, 42.246988], [-88.028239, 42.248368], [-88.028672, 42.263521], [-88.03368, 42.269129], [-88.037781, 42.267183], [-88.042946, 42.266425], [-88.042918, 42.262641], [-88.045378, 42.26264], [-88.045379, 42.263079], [-88.046326, 42.263079], [-88.046441, 42.26264], [-88.050157, 42.262639], [-88.048861, 42.261926], [-88.049166, 42.260041], [-88.051575, 42.25997], [-88.052564, 42.259653], [-88.052916, 42.259372], [-88.052914, 42.259025], [-88.064394, 42.259022], [-88.069678, 42.266255], [-88.083957, 42.266272], [-88.085807, 42.265716], [-88.088653, 42.263361], [-88.090492, 42.262614], [-88.101642, 42.262593], [-88.102979, 42.264701], [-88.104029, 42.266017], [-88.1054, 42.268478], [-88.108567, 42.272132], [-88.109472, 42.273556], [-88.109845, 42.274778], [-88.110168, 42.277109], [-88.110043, 42.277108], [-88.110685, 42.28083], [-88.110617, 42.281393], [-88.110208, 42.28221], [-88.107288, 42.28451], [-88.106632, 42.285848], [-88.106503, 42.289654], [-88.106678, 42.293696], [-88.106565, 42.29362], [-88.106386, 42.297211], [-88.106307, 42.302539], [-88.10644, 42.302539], [-88.10659, 42.304697], [-88.107304, 42.30586], [-88.108951, 42.306238], [-88.112768, 42.30619], [-88.120555, 42.306523], [-88.120711, 42.328449], [-88.144979, 42.328517], [-88.156, 42.328746], [-88.159719, 42.328678], [-88.165548, 42.328895], [-88.168356, 42.332593], [-88.168877, 42.333727], [-88.169226, 42.335238], [-88.169198, 42.357782], [-88.184175, 42.357765], [-88.184666, 42.357992], [-88.188554, 42.356325], [-88.198454, 42.357962], [-88.198488, 42.343153], [-88.203432, 42.34333], [-88.203434, 42.343225], [-88.208378, 42.343218], [-88.208365, 42.343445], [-88.218494, 42.343615], [-88.218687, 42.335929], [-88.224842, 42.336026], [-88.22627, 42.336347], [-88.232422, 42.339053], [-88.236656, 42.34136], [-88.240083, 42.342329], [-88.241696, 42.34252], [-88.250247, 42.342538], [-88.257462, 42.343861], [-88.260818, 42.344095], [-88.260836, 42.345706], [-88.258792, 42.349143], [-88.258231, 42.349769], [-88.255913, 42.351509], [-88.253665, 42.353884], [-88.257527, 42.353886], [-88.257456, 42.360392], [-88.260257, 42.360402], [-88.260265, 42.357355], [-88.267297, 42.357228], [-88.26731, 42.365197], [-88.267504, 42.366503], [-88.268021, 42.368092], [-88.276594, 42.367944], [-88.27698, 42.36809], [-88.276978, 42.368878], [-88.279345, 42.368842], [-88.281332, 42.368476], [-88.281445, 42.363824], [-88.282323, 42.364686], [-88.2822, 42.364276], [-88.282494, 42.364272], [-88.282713, 42.365051], [-88.283642, 42.365754], [-88.285683, 42.366696], [-88.2887, 42.367747], [-88.296411, 42.371087], [-88.296408, 42.37123], [-88.296935, 42.371346], [-88.302383, 42.371386], [-88.302296, 42.365763], [-88.299336, 42.365796], [-88.299335, 42.365912], [-88.296638, 42.365827], [-88.296643, 42.364319], [-88.297063, 42.364063], [-88.296598, 42.364063], [-88.296765, 42.362045], [-88.296666, 42.356942], [-88.308759, 42.356938], [-88.308725, 42.360504], [-88.311158, 42.360516], [-88.311154, 42.361589], [-88.308424, 42.361576], [-88.308419, 42.363202], [-88.31066, 42.363213], [-88.310661, 42.364085], [-88.312497, 42.364077], [-88.312681, 42.363312], [-88.313746, 42.362516], [-88.314086, 42.361362], [-88.315816, 42.36119], [-88.316034, 42.360942], [-88.315991, 42.351801], [-88.316196, 42.349658], [-88.316224, 42.343406], [-88.319168, 42.340177], [-88.319237, 42.339691], [-88.320176, 42.339091], [-88.321994, 42.33717], [-88.323519, 42.336051], [-88.325735, 42.33491], [-88.325005, 42.333865], [-88.324876, 42.332779], [-88.325145, 42.330752], [-88.326052, 42.329539], [-88.32625, 42.329042], [-88.326972, 42.32902], [-88.330526, 42.327781], [-88.345687, 42.327706], [-88.345557, 42.342101], [-88.3472, 42.342101], [-88.347158, 42.345745], [-88.349918, 42.345731], [-88.349961, 42.342094], [-88.355298, 42.342073], [-88.355428, 42.352959], [-88.350185, 42.35297], [-88.350169, 42.354777], [-88.350657, 42.354776], [-88.350639, 42.356731], [-88.35485, 42.356777], [-88.354841, 42.356017], [-88.355442, 42.356017], [-88.355443, 42.35658], [-88.356102, 42.356577], [-88.356561, 42.357222], [-88.356607, 42.361653], [-88.358344, 42.361634], [-88.35835, 42.362163], [-88.356392, 42.362187], [-88.355708, 42.363828], [-88.355427, 42.364006], [-88.355437, 42.366306], [-88.359109, 42.366276], [-88.359109, 42.365401], [-88.358853, 42.365199], [-88.358852, 42.364942], [-88.359318, 42.365224], [-88.360325, 42.365224], [-88.360305, 42.360181], [-88.365199, 42.360185], [-88.365188, 42.357247], [-88.362601, 42.357266], [-88.3629, 42.356734], [-88.363232, 42.354971], [-88.363557, 42.354657], [-88.363406, 42.354458], [-88.364373, 42.354051], [-88.365708, 42.353645], [-88.367107, 42.353435], [-88.367129, 42.356601], [-88.368263, 42.356593], [-88.367982, 42.357693], [-88.369957, 42.357678], [-88.370022, 42.368238], [-88.371488, 42.368234], [-88.371497, 42.369226], [-88.375013, 42.369216], [-88.375002, 42.366228], [-88.382893, 42.366184], [-88.382899, 42.367361], [-88.384442, 42.367349], [-88.384449, 42.370963], [-88.394462, 42.370882], [-88.395717, 42.37103], [-88.423615, 42.370665], [-88.443164, 42.370722], [-88.472286, 42.370479]]]}}]}