{"type":"FeatureCollection","features":[{"id":"0","type":"Feature","properties":{"COUNTY_NAM":"LAKE"},"geometry":{"type":"Polygon","coordinates":[[[-87.80264102575681,42.492586451549705],[-87.7969759572944,42.4681121718491],[-87.80327045740316,42.436231625959245],[-87.80500890108853,42.38458404665206],[-87.81313472579834,42.38240135282097],[-87.80680598858146,42.38287715974371],[-87.8144939372034,42.36123740910106],[-87.82200175583358,42.36237600794687],[-87.8191591682471,42.367395918843734],[-87.82506886043993,42.36531567082908],[-87.82386259198314,42.35714288638216],[-87.82044887807912,42.356532408163694],[-87.82568953784924,42.35561622979371],[-87.82689513137942,42.33793683111874],[-87.83137741405976,42.33066986834051],[-87.8282553073568,42.310988696551235],[-87.83603144936755,42.30918247058534],[-87.83184720626457,42.30774439466993],[-87.83368034153065,42.29452678216149],[-87.82834191622975,42.27013442683631],[-87.81039272839537,42.227176395414865],[-87.79516564354883,42.20048842166462],[-87.75898318678217,42.15234088689899],[-88.19961993040661,42.15427000781115],[-88.19948002004284,42.49510000417202],[-87.80264102575681,42.492586451549705]]]}},{"id":"1","type":"Feature","properties":{"COUNTY_NAM":"MCHENRY"},"geometry":{"type":"Polygon","coordinates":[[[-88.19945887483621,42.49406153230733],[-88.19961993040661,42.15427000781115],[-88.70568998582716,42.153530014060514],[-88.70737998030893,42.493629982130074],[-88.19945887483621,42.49406153230733]]]}},{"id":"2","type":"Feature","properties":{"COUNTY_NAM":"JO DAVIESS"},"geometry":{"type":"Polygon","coordinates":[[[-90.64107001091689,42.50809998173134],[-90.07846001223017,42.508360009602356],[-89.92619997856522,42.505759980744216],[-89.91977000090672,42.19671999342963],[-90.3171099839724,42.19369998496028],[-90.32960999386125,42.201609995828846],[-90.35855001573715,42.20669999709136],[-90.39239999296714,42.22634997944808],[-90.39870000890578,42.23708999857972],[-90.42218008044945,42.25914000181409],[-90.43134002479445,42.2812799944345],[-90.41930003014654,42.309480016576835],[-90.42072001678297,42.317629977366025],[-90.41623997002755,42.32297001438948],[-90.44384997641774,42.35526001763483],[-90.4643599931281,42.36856001208636],[-90.47767998463404,42.3839600147535],[-90.48723998284005,42.38505997788286],[-90.50307997134921,42.39702998479271],[-90.55550000025158,42.416350003894436],[-90.56458003307526,42.438390014654466],[-90.6184800090707,42.455839981735764],[-90.65289001374478,42.476009993225],[-90.65620000914316,42.49121001025038],[-90.64107001091689,42.50809998173134]]]}},{"id":"3","type":"Feature","properties":{"COUNTY_NAM":"STEPHENSON"},"geometry":{"type":"Polygon","coordinates":[[[-89.92619997856522,42.505759980744216],[-89.40140998048363,42.50054998887426],[-89.39618996194639,42.201930014928955],[-89.91977000090672,42.19671999342963],[-89.92619997856522,42.505759980744216]]]}},{"id":"4","type":"Feature","properties":{"COUNTY_NAM":"WINNEBAGO"},"geometry":{"type":"Polygon","coordinates":[[[-89.40142997446112,42.50042000495721],[-88.9403399780035,42.49506998905245],[-88.93974002514426,42.15231000795036],[-89.17279989722165,42.150269941014045],[-89.17300008909886,42.20397999653602],[-89.39618996194639,42.201930014928955],[-89.40142997446112,42.50042000495721]]]}},{"id":"5","type":"Feature","properties":{"COUNTY_NAM":"BOONE"},"geometry":{"type":"Polygon","coordinates":[[[-88.70737994435582,42.49362917414287],[-88.70568998582716,42.153530014060514],[-88.93974002514426,42.15231000795036],[-88.9403399780035,42.49506998905245],[-88.7883099927914,42.491939996015525],[-88.70737994435582,42.49362917414287]]]}},{"id":"6","type":"Feature","properties":{"COUNTY_NAM":"OGLE"},"geometry":{"type":"Polygon","coordinates":[[[-89.17300008909886,42.20397999653602],[-89.17279989722165,42.150269941014045],[-88.93974002514426,42.15231000795036],[-88.94124998249288,41.891780000550035],[-89.36064000953525,41.88811001075425],[-89.36057999516535,41.902639985997126],[-89.39875001668959,41.90284999321943],[-89.41238002372573,41.89418999889398],[-89.41404995211823,41.886149958066866],[-89.42910997632075,41.894719983716975],[-89.41902001016348,41.902219988424434],[-89.42773001345009,41.908539992151866],[-89.46892002224564,41.91259003091948],[-89.47720998168094,41.9097399919993],[-89.48123999305632,41.90233000112644],[-89.629310014924,41.90163999776018],[-89.62889001207704,41.93003998351941],[-89.68648997445786,41.93037996810547],[-89.68473000034719,42.02649999373814],[-89.68854999742535,42.199099981902314],[-89.19166998927597,42.204069992286],[-89.17300008909886,42.20397999653602]]]}},{"id":"7","type":"Feature","properties":{"COUNTY_NAM":"CARROLL"},"geometry":{"type":"Polygon","coordinates":[[[-89.68854999742535,42.199099981902314],[-89.68473000034719,42.02649999373814],[-89.68648997445786,41.93037996810547],[-90.15243997576236,41.929239985207495],[-90.16445997909045,41.94626998034339],[-90.16446002749917,41.95277000911897],[-90.15976999211722,41.965549990373695],[-90.14642000967638,41.98156997960929],[-90.14049001837265,42.00308000232648],[-90.15138000957877,42.02962998597099],[-90.16472002528579,42.04252998698644],[-90.168239995421,42.073410012514564],[-90.16144005063565,42.099520011561154],[-90.16261003305162,42.11690000271011],[-90.17235999705129,42.125660008233275],[-90.19069996752455,42.12604994479846],[-90.19904001089812,42.129359989461186],[-90.20506000008486,42.138309992301565],[-90.20798000036194,42.15030999214822],[-90.21782997883639,42.15738001579769],[-90.3171099839724,42.19369998496028],[-89.68854999742535,42.199099981902314]]]}},{"id":"8","type":"Feature","properties":{"COUNTY_NAM":"COOK"},"geometry":{"type":"Polygon","coordinates":[[[-87.75895593074708,42.15229678275067],[-87.7201012583209,42.1034806066177],[-87.69839336459484,42.08700244233701],[-87.67980486250737,42.07878368424101],[-87.68485787750804,42.07573293378227],[-87.68012295199347,42.076927739654074],[-87.68107090690364,42.07380473121489],[-87.67392158668707,42.06084074953817],[-87.66945096125451,42.05986381441256],[-87.66901542985616,42.05218673353072],[-87.6723068285027,42.04791727350076],[-87.66859633431271,42.04181554775581],[-87.66824011566533,42.02870135994311],[-87.66148361435867,42.01326868052816],[-87.65497521435614,42.006955661980015],[-87.65708601849697,42.004023944703114],[-87.65364447902718,41.98921272783107],[-87.64929294272758,41.98648944829454],[-87.65039929139229,41.980476052989886],[-87.64166923311433,41.96842516599518],[-87.63317651542391,41.96620873002353],[-87.63057127918222,41.96839660767609],[-87.63121345395578,41.9623232674569],[-87.63777774401305,41.95919148403619],[-87.64100403790503,41.96044347174262],[-87.63559582058694,41.96251978887664],[-87.64214998595094,41.9613335967686],[-87.63264239303237,41.94257856501402],[-87.64193044713848,41.94787164906573],[-87.63695779448454,41.93992935982754],[-87.63377387983361,41.94157232558487],[-87.62743793086597,41.91766410019061],[-87.6200281458974,41.91415668007902],[-87.62481481295725,41.91025432262177],[-87.62339422358656,41.904534448260755],[-87.61391632317377,41.89374556416499],[-87.60207539071484,41.89647543381147],[-87.60207364843797,41.893182114964674],[-87.60958453016914,41.892401646727144],[-87.59841160591182,41.892351763206875],[-87.609333508772,41.89088248984088],[-87.60238370906144,41.888215840937356],[-87.60920758727295,41.887902420460165],[-87.61000234284876,41.87690918628699],[-87.61018621683833,41.88401549847284],[-87.61630147907117,41.88155899659334],[-87.61599238138682,41.8689921704624],[-87.60541617462738,41.86636147260094],[-87.60627509529749,41.85320744230548],[-87.61000901555614,41.85385617215121],[-87.61064698482298,41.865762878387464],[-87.6133207125088,41.86287837140912],[-87.60890433306095,41.84419535486909],[-87.60405180645822,41.83980160089341],[-87.6046467982884,41.83381037211129],[-87.57983396626291,41.803797447122065],[-87.57918297556326,41.79789421760091],[-87.57508310929288,41.79664719815594],[-87.57900960205794,41.793366140226546],[-87.57625359141527,41.78453841337366],[-87.5685038239122,41.78163547082672],[-87.56736031070808,41.78463682886915],[-87.56811019927027,41.781476893813014],[-87.57468620513313,41.77876466093406],[-87.5744703513054,41.775848995590756],[-87.57221725493113,41.779374243677935],[-87.55945453697166,41.76947260274644],[-87.55886845563823,41.76386920756301],[-87.54963526531414,41.75928465371245],[-87.54426857317797,41.760715693084784],[-87.54025463738171,41.75725745874516],[-87.54307926410328,41.75226560786672],[-87.5307400411056,41.748207287220076],[-87.52965416082064,41.74109670235873],[-87.53959025714019,41.740875333442446],[-87.5296287993807,41.740630385254114],[-87.52862508991895,41.73368798975743],[-87.5368516110503,41.73016751744318],[-87.53849008413872,41.73354827349448],[-87.53775046798025,41.72990532749451],[-87.54154316515302,41.72782980380937],[-87.5292515275596,41.73248817390632],[-87.52445677244371,41.72375668671956],[-87.52445676515268,41.71737671661047],[-87.52817664347405,41.71589694151628],[-87.52499707195017,41.71331222777328],[-87.52789343889302,41.71088384766766],[-87.52397828392573,41.70946319469995],[-87.52568064730556,41.470319756115906],[-87.79023001195375,41.46984999239635],[-87.79265998161392,41.55854001301222],[-87.90939001855473,41.55675007552272],[-87.91191989784642,41.64393998556148],[-88.02768000901345,41.64150000795764],[-88.02906997909233,41.68528999906411],[-87.96657001139245,41.686629991119254],[-87.94887001676221,41.69487000771916],[-87.94243998567957,41.699099940219426],[-87.94208997389809,41.702929982806516],[-87.92185999912704,41.71596000212006],[-87.91416992571592,41.71683995996118],[-87.92052995124185,41.87110001327569],[-87.92049000025723,41.99411002117541],[-88.26291000292696,41.98641998656907],[-88.26377999839248,42.06694000572877],[-88.23816997549568,42.067049980347974],[-88.23828000154037,42.15425000161082],[-87.75895593074708,42.15229678275067]]]}},{"id":"9","type":"Feature","properties":{"COUNTY_NAM":"KANE"},"geometry":{"type":"Polygon","coordinates":[[[-88.23827938783815,42.15418638354685],[-88.23816997549568,42.067049980347974],[-88.26377999839248,42.06694000572877],[-88.26193002487845,41.72475000413778],[-88.6019899888793,41.71959999156084],[-88.60193999287682,42.0664299903967],[-88.58834001847639,42.066400002789095],[-88.5885998828965,42.15359000417855],[-88.23827938783815,42.15418638354685]]]}},{"id":"10","type":"Feature","properties":{"COUNTY_NAM":"DEKALB"},"geometry":{"type":"Polygon","coordinates":[[[-88.5885998828965,42.15359000417855],[-88.58834001847639,42.066400002789095],[-88.60193999287682,42.0664299903967],[-88.6022300201654,41.631399994000866],[-88.93869998234563,41.62834997973794],[-88.94164990970997,41.717497753319975],[-88.93974002514426,42.15231000795036],[-88.5885998828965,42.15359000417855]]]}},{"id":"11","type":"Feature","properties":{"COUNTY_NAM":"DUPAGE"},"geometry":{"type":"Polygon","coordinates":[[[-87.92049000025723,41.99411002117541],[-87.92052995124185,41.87110001327569],[-87.91416992571592,41.71683995996118],[-87.92185999912704,41.71596000212006],[-87.94208997389809,41.702929982806516],[-87.94243998567957,41.699099940219426],[-87.94887001676221,41.69487000771916],[-87.96657001139245,41.686629991119254],[-88.02906997909233,41.68528999906411],[-88.0304000108336,41.728929989043834],[-88.26193002487845,41.72475000413778],[-88.26291000292696,41.98641998656907],[-87.92049000025723,41.99411002117541]]]}},{"id":"12","type":"Feature","properties":{"COUNTY_NAM":"WHITESIDE"},"geometry":{"type":"Polygon","coordinates":[[[-90.15243997576236,41.929239985207495],[-89.62889001207704,41.93003998351941],[-89.63147998816906,41.58493016593231],[-90.18540998485489,41.58455000079979],[-90.1833800101968,41.59032999184824],[-90.17034999575489,41.59180000174076],[-90.16530001328535,41.59533999605558],[-90.16740008242904,41.61007997500393],[-90.16061001609697,41.6179199852253],[-90.1598799754848,41.63050996795109],[-90.16243002542566,41.635499986210526],[-90.17328000590791,41.637299989737365],[-90.17415000658596,41.640000006669794],[-90.16385997448434,41.639219996383495],[-90.16145001569849,41.643740007113706],[-90.17025997762885,41.648650008669975],[-90.17374001043567,41.654819992581125],[-90.18950000481342,41.66321000401528],[-90.23647000345292,41.67946001633962],[-90.22714000183383,41.68336000479809],[-90.22620002360308,41.686829992724135],[-90.22789002692184,41.692969979689515],[-90.23235001688722,41.69187998672255],[-90.23150998496672,41.69578999017449],[-90.23702998399982,41.69634998114979],[-90.23740997420212,41.69950998253471],[-90.24584997757813,41.70320000874081],[-90.24008001577795,41.70659999099546],[-90.23402007184063,41.72506998746424],[-90.23867997692152,41.72747998814536],[-90.23465997707822,41.736250002033145],[-90.23677000345131,41.74080003818791],[-90.24436992404752,41.74043002081551],[-90.24302998003506,41.74425994628036],[-90.24818005418386,41.746779971130415],[-90.24622997842326,41.7557500012759],[-90.2368599868683,41.762530005248],[-90.24743998853586,41.76384000253112],[-90.24245000111418,41.782729978010245],[-90.18122997924095,41.80813999063698],[-90.18395002409014,41.8364600053276],[-90.17352001290134,41.85597000402222],[-90.16952997560871,41.877120011898434],[-90.15334000874905,41.90826000700193],[-90.15243997576236,41.929239985207495]]]}},{"id":"13","type":"Feature","properties":{"COUNTY_NAM":"LEE"},"geometry":{"type":"Polygon","coordinates":[[[-89.46892002224564,41.91259003091948],[-89.42050000584277,41.90508998043575],[-89.42022001924568,41.89974999892143],[-89.42954002372826,41.895530012986235],[-89.41404995211823,41.886149958066866],[-89.41238002372573,41.89418999889398],[-89.39875001668959,41.90284999321943],[-89.36057999516535,41.902639985997126],[-89.36064000953525,41.88811001075425],[-88.94124998249288,41.891780000550035],[-88.94164981789788,41.71747993562214],[-88.93869998234563,41.62834997973794],[-89.16717002521743,41.62867001409453],[-89.16654999521867,41.585100018000276],[-89.63147998816906,41.58493016593231],[-89.629310014924,41.90163999776018],[-89.48123999305632,41.90233000112644],[-89.47720998168094,41.9097399919993],[-89.46892002224564,41.91259003091948]]]}},{"id":"14","type":"Feature","properties":{"COUNTY_NAM":"ROCK ISLAND"},"geometry":{"type":"Polygon","coordinates":[[[-90.24567003154323,41.762540007006784],[-90.24029998021683,41.764830039225636],[-90.2368599868683,41.762530005248],[-90.24622997842326,41.7557500012759],[-90.24818005418386,41.746779971130415],[-90.24302998003506,41.74425994628036],[-90.24436992404752,41.74043002081551],[-90.23677000345131,41.74080003818791],[-90.23465997707822,41.736250002033145],[-90.23867997692152,41.72747998814536],[-90.23402007184063,41.72506998746424],[-90.24008001577795,41.70659999099546],[-90.24584997757813,41.70320000874081],[-90.23740997420212,41.69950998253471],[-90.23702998399982,41.69634998114979],[-90.23150998496672,41.69578999017449],[-90.23235001688722,41.69187998672255],[-90.22789002692184,41.692969979689515],[-90.22620002360308,41.686829992724135],[-90.22714000183383,41.68336000479809],[-90.23647000345292,41.67946001633962],[-90.18950000481342,41.66321000401528],[-90.17374001043567,41.654819992581125],[-90.17025997762885,41.648650008669975],[-90.16145001569849,41.643740007113706],[-90.16385997448434,41.639219996383495],[-90.17415000658596,41.640000006669794],[-90.17328000590791,41.637299989737365],[-90.16243002542566,41.635499986210526],[-90.1598799754848,41.63050996795109],[-90.16061001609697,41.6179199852253],[-90.16740008242904,41.61007997500393],[-90.16530001328535,41.59533999605558],[-90.18540998279644,41.5888099828039],[-90.17913998421537,41.57245999790997],[-90.18478995900783,41.555979995612454],[-90.1953599856178,41.54073999208612],[-90.21767007254404,41.53771997990004],[-90.22580000183149,41.53001001974802],[-90.25000001664039,41.5228299963348],[-90.30313997199855,41.51751998816259],[-90.31688999468464,41.50939000983391],[-90.33538997719201,41.51264999746186],[-90.35380999850841,41.508120011121896],[-90.3683500054973,41.49831998413467],[-90.37810998696787,41.477359994946056],[-90.38708003156412,41.476290015224905],[-90.41705001364367,41.45884999830948],[-90.43226998866011,41.45700001375248],[-90.43376006395066,41.32694998161601],[-91.0717800167664,41.333269982191304],[-91.06626997772031,41.36597001725836],[-91.05160999331058,41.38534998252977],[-91.04692001533583,41.412920035681374],[-91.02659999390453,41.42397999720885],[-90.97912999325513,41.43427001428036],[-90.9531400249899,41.425059981658656],[-90.9292800201201,41.42159001906169],[-90.90037998658417,41.431459987300805],[-90.86049001437658,41.45131997845561],[-90.84229997244114,41.45555001258483],[-90.74823000885611,41.44956999564039],[-90.65715001116583,41.461669983598014],[-90.6059300079498,41.494230017586474],[-90.60213002244917,41.506030009628304],[-90.59522999890646,41.51102999251406],[-90.56877000799443,41.51714999752415],[-90.55564998909892,41.52438002044495],[-90.53775002839421,41.52617001281327],[-90.50104002035133,41.51798998316258],[-90.46447999255541,41.52196999249958],[-90.44992008181,41.53086998725337],[-90.43477000321853,41.54759000538455],[-90.42339999320444,41.55367000820669],[-90.41173002033565,41.566019980281865],[-90.34189997742695,41.589109997506256],[-90.33940001421995,41.59911000358245],[-90.3428199839015,41.6491900055297],[-90.33382997961316,41.68061997290758],[-90.3135699959163,41.697019988513375],[-90.31223997568416,41.70493997792519],[-90.31746998430357,41.72035000163712],[-90.31384001039781,41.73691999261291],[-90.30018999431451,41.75237999765052],[-90.28089998914633,41.76575999574507],[-90.24245000111418,41.782729978010245],[-90.24567003154323,41.762540007006784]]]}},{"id":"15","type":"Feature","properties":{"COUNTY_NAM":"WILL"},"geometry":{"type":"Polygon","coordinates":[[[-88.0304000108336,41.728929989043834],[-88.02768000901345,41.64150000795764],[-87.91191989784642,41.64393998556148],[-87.90939001855473,41.55675007552272],[-87.79265998161392,41.55854001301222],[-87.79023001195375,41.46984999239635],[-87.52567999650776,41.47031998245043],[-87.52673000632473,41.298059987263926],[-88.01390992538384,41.29244994356641],[-88.0118000025323,41.205469987558935],[-88.24412999496658,41.201560015861524],[-88.2615500164269,41.72469000488298],[-88.0304000108336,41.728929989043834]]]}},{"id":"16","type":"Feature","properties":{"COUNTY_NAM":"KENDALL"},"geometry":{"type":"Polygon","coordinates":[[[-88.2615500164269,41.72469000488298],[-88.25220003253798,41.46271999392254],[-88.59599995113724,41.45716001565428],[-88.60364993964386,41.719539823610866],[-88.2615500164269,41.72469000488298]]]}},{"id":"17","type":"Feature","properties":{"COUNTY_NAM":"LASALLE"},"geometry":{"type":"Polygon","coordinates":[[[-88.6022300201654,41.631399994000866],[-88.58855998711365,41.271329996093726],[-88.58627000481505,41.1083200414801],[-88.93078002479713,41.10591001415891],[-88.93140992100687,40.92774000998233],[-89.04770000660915,40.92575001725613],[-89.04732002584012,41.10478005860914],[-89.16224997322331,41.103930066019416],[-89.16717002521743,41.62867001409453],[-89.05140997899912,41.626669998753435],[-88.81925999432505,41.63137003263345],[-88.6022300201654,41.631399994000866]]]}},{"id":"18","type":"Feature","properties":{"COUNTY_NAM":"BUREAU"},"geometry":{"type":"Polygon","coordinates":[[[-89.16685002514375,41.58530008986066],[-89.1636599827448,41.31041999456481],[-89.1736500186249,41.30857000230603],[-89.22297998147144,41.31321997511138],[-89.25782002560429,41.322259981809935],[-89.26790005103526,41.32200999141961],[-89.28353001955183,41.31227000887725],[-89.34028997587158,41.29779003430165],[-89.34250998414882,41.29270999461807],[-89.3373799893606,41.28022000283887],[-89.34867997623952,41.25815999048268],[-89.35660999558546,41.233259979214765],[-89.46631013186801,41.23388010000478],[-89.46630001223009,41.14848996548956],[-89.63851001011831,41.148549994777454],[-89.63884001308871,41.23386998194252],[-89.85787999591066,41.23441001095022],[-89.85738998255874,41.518179991274124],[-89.86236999546206,41.58401000789197],[-89.16685002514375,41.58530008986066]]]}},{"id":"19","type":"Feature","properties":{"COUNTY_NAM":"HENRY"},"geometry":{"type":"Polygon","coordinates":[[[-90.18540998485489,41.58455000079979],[-89.86236999546206,41.58401000789197],[-89.85738998255874,41.518179991274124],[-89.85751997684103,41.23477001146733],[-89.86777000140316,41.234449976771515],[-89.86826999441209,41.14947998176111],[-90.43759998597298,41.15135000555176],[-90.43226998866011,41.45700001375248],[-90.41705001364367,41.45884999830948],[-90.38708003156412,41.476290015224905],[-90.37810998696787,41.477359994946056],[-90.3683500054973,41.49831998413467],[-90.35380999850841,41.508120011121896],[-90.33538997719201,41.51264999746186],[-90.31688999468464,41.50939000983391],[-90.30313997199855,41.51751998816259],[-90.25000001664039,41.5228299963348],[-90.22580000183149,41.53001001974802],[-90.21767007254404,41.53771997990004],[-90.19613998503827,41.54035998012045],[-90.18030999822946,41.56717004477472],[-90.17922999132558,41.57649001840731],[-90.18540998485489,41.58455000079979]]]}},{"id":"20","type":"Feature","properties":{"COUNTY_NAM":"GRUNDY"},"geometry":{"type":"Polygon","coordinates":[[[-88.25220000713948,41.46271902649038],[-88.24087999282239,41.114399982602535],[-88.58627000481505,41.1083200414801],[-88.58826001948829,41.26067001450236],[-88.59599995113724,41.45716001565428],[-88.25220000713948,41.46271902649038]]]}},{"id":"21","type":"Feature","properties":{"COUNTY_NAM":"MERCER"},"geometry":{"type":"Polygon","coordinates":[[[-91.0717800167664,41.333269982191304],[-90.43376006395066,41.32694998161601],[-90.4394000526048,41.06398998815231],[-90.94922002148144,41.070919983223455],[-90.94672999471543,41.09683001928273],[-90.98905999368637,41.15540001626186],[-91.00684998791652,41.165790018503294],[-91.02735999549955,41.16283998991822],[-91.04187001340206,41.16654999910373],[-91.07040002458035,41.20507998105801],[-91.08888994583138,41.21751998707222],[-91.1138499898457,41.24155998738203],[-91.11354006865793,41.25122000336752],[-91.1010100258321,41.2669699826654],[-91.09054998055183,41.28945998969746],[-91.07492001873986,41.30515001482232],[-91.0717800167664,41.333269982191304]]]}},{"id":"22","type":"Feature","properties":{"COUNTY_NAM":"KANKAKEE"},"geometry":{"type":"Polygon","coordinates":[[[-87.52673000632473,41.298059987263926],[-87.52621000070016,41.00978998884387],[-88.2473099682177,40.99455005013466],[-88.25142999319245,41.11419000772804],[-88.24087999282239,41.114399982602535],[-88.24412999496658,41.201560015861524],[-88.0118000025323,41.205469987558935],[-88.01390992538384,41.29244994356641],[-87.52673000632473,41.298059987263926]]]}},{"id":"23","type":"Feature","properties":{"COUNTY_NAM":"PUTNAM"},"geometry":{"type":"Polygon","coordinates":[[[-89.1736500186249,41.30857000230603],[-89.1636599827448,41.31041999456481],[-89.16224997322331,41.103930066019416],[-89.35864001748007,41.10363996446528],[-89.33661002512598,41.11644000921779],[-89.32908999645856,41.14781004154767],[-89.46630001223009,41.14848996548956],[-89.46631013186801,41.23388010000478],[-89.35660999558546,41.233259979214765],[-89.34867997623952,41.25815999048268],[-89.3373799893606,41.28022000283887],[-89.34250998414882,41.29270999461807],[-89.34028997587158,41.29779003430165],[-89.28353001955183,41.31227000887725],[-89.26790005103526,41.32200999141961],[-89.25782002560429,41.322259981809935],[-89.22297998147144,41.31321997511138],[-89.1736500186249,41.30857000230603]]]}},{"id":"24","type":"Feature","properties":{"COUNTY_NAM":"STARK"},"geometry":{"type":"Polygon","coordinates":[[[-89.63868003225583,41.23373999073377],[-89.6387499772038,40.97368999735417],[-89.98549001554683,40.97414004406238],[-89.98452997970087,41.14936996425376],[-89.86826999441209,41.14947998176111],[-89.86777000140316,41.234449976771515],[-89.63868003225583,41.23373999073377]]]}},{"id":"25","type":"Feature","properties":{"COUNTY_NAM":"KNOX"},"geometry":{"type":"Polygon","coordinates":[[[-90.43759998597298,41.15135000555176],[-89.98452997970087,41.14936996425376],[-89.98607998012695,40.71227999670114],[-90.44427999814471,40.71479999428328],[-90.43759998597298,41.15135000555176]]]}},{"id":"26","type":"Feature","properties":{"COUNTY_NAM":"MARSHALL"},"geometry":{"type":"Polygon","coordinates":[[[-89.63851001011831,41.148549994777454],[-89.32908999645856,41.14781004154767],[-89.33661002512598,41.11644000921779],[-89.35864001748007,41.10363996446528],[-89.04732002584012,41.10478005860914],[-89.04770000660915,40.92575001725613],[-89.16305999873255,40.92694000510524],[-89.47288001222336,40.92109998496764],[-89.45484001192858,40.93613001567085],[-89.45512998243257,40.94599999834899],[-89.44796000535767,40.959810052684446],[-89.44768997499696,40.97313000166014],[-89.6387499772038,40.97368999735417],[-89.63851001011831,41.148549994777454]]]}},{"id":"27","type":"Feature","properties":{"COUNTY_NAM":"LIVINGSTON"},"geometry":{"type":"Polygon","coordinates":[[[-88.25185998329108,41.11423001239312],[-88.23493999036054,40.61818998739636],[-88.5743400120723,40.61656999709252],[-88.57522997769055,40.670620018945904],[-88.58235998736977,40.67075998703539],[-88.58425010537731,40.75759011001494],[-88.9293399854442,40.753310002716496],[-88.93090001429941,41.10585001890669],[-88.4901100200816,41.10864001051117],[-88.25185998329108,41.11423001239312]]]}},{"id":"28","type":"Feature","properties":{"COUNTY_NAM":"HENDERSON"},"geometry":{"type":"Polygon","coordinates":[[[-90.94919815741791,41.07091819744564],[-90.78515997679459,41.06881998539502],[-90.78965997926561,40.635740005631014],[-90.90409001718383,40.639200011098524],[-91.02223000204032,40.6349299947716],[-91.186290001862,40.637860010976425],[-91.13904998104904,40.660280016126706],[-91.12043997258911,40.67398001021314],[-91.1107899706385,40.701190023074155],[-91.11530002343481,40.728700005465654],[-91.10871998193903,40.750119992764816],[-91.0963399919745,40.766199995827506],[-91.09125998060574,40.78209998316905],[-91.09761002105913,40.806499982354026],[-91.09251004204863,40.82198998958505],[-91.05675998743617,40.848069981396776],[-91.04519998813298,40.867389986451755],[-91.00893997520127,40.903999945968486],[-90.97158999987766,40.92722000983174],[-90.95640000117818,40.94867998161839],[-90.9520100111415,40.95896998015558],[-90.95821998467868,40.980100006746866],[-90.94623000958381,41.00493000047883],[-90.94217000107498,41.03468000635661],[-90.94919815741791,41.07091819744564]]]}},{"id":"29","type":"Feature","properties":{"COUNTY_NAM":"WARREN"},"geometry":{"type":"Polygon","coordinates":[[[-90.78515997679459,41.06881998539502],[-90.4394000526048,41.06398998815231],[-90.44550000671052,40.62761999021245],[-90.78965997926561,40.635740005631014],[-90.78515997679459,41.06881998539502]]]}},{"id":"30","type":"Feature","properties":{"COUNTY_NAM":"IROQUOIS"},"geometry":{"type":"Polygon","coordinates":[[[-87.52690002977498,41.01054999239706],[-87.52639010167164,40.491220017795385],[-87.97523000733298,40.4856299926355],[-88.00280997755038,40.4886700071376],[-88.11792000083989,40.48781998465202],[-88.1183900070861,40.57772999764909],[-88.13193984187401,40.997769937777534],[-87.52690002977498,41.01054999239706]]]}},{"id":"31","type":"Feature","properties":{"COUNTY_NAM":"FORD"},"geometry":{"type":"Polygon","coordinates":[[[-88.13193984187401,40.997769937777534],[-88.1183900070861,40.57772999764909],[-88.11792000083989,40.48781998465202],[-88.00280997755038,40.4886700071376],[-87.99293998287177,40.485579988445004],[-87.93538001776102,40.4859299956469],[-87.9317299915701,40.39940000649081],[-88.45991998744844,40.398729984106254],[-88.45947000968998,40.617329984792],[-88.23493999036054,40.61818998739636],[-88.2473099682177,40.99455005013466],[-88.13193984187401,40.997769937777534]]]}},{"id":"32","type":"Feature","properties":{"COUNTY_NAM":"PEORIA"},"geometry":{"type":"Polygon","coordinates":[[[-89.98549001554683,40.97414004406238],[-89.44768997499696,40.97313000166014],[-89.44780000415595,40.96114000112399],[-89.45512998243257,40.94599999834899],[-89.45529998811679,40.93535000643509],[-89.46436002728929,40.92585001182962],[-89.48066000893928,40.916150014718],[-89.49891001740623,40.87599998577512],[-89.5248100588237,40.84945000736282],[-89.5275100093209,40.83683999299736],[-89.54415998577583,40.815860002615636],[-89.55382999342407,40.80965001515417],[-89.56177999896617,40.79458999846285],[-89.56333999050953,40.781329992620975],[-89.55600002173607,40.766530013357155],[-89.55617000161084,40.74910000643434],[-89.54666002356439,40.72407998251885],[-89.55279998294316,40.70644004138916],[-89.55900997434271,40.70029001187609],[-89.5917599781219,40.68543999988615],[-89.61330999729856,40.66553998672053],[-89.6161499917625,40.65723997871456],[-89.61037001790669,40.651600005447406],[-89.61368998106627,40.64460998937105],[-89.65854999712343,40.60121998110617],[-89.66010001029863,40.59401003439453],[-89.65397998544981,40.57849998351343],[-89.65713997702662,40.56846001451509],[-89.68034993640424,40.55257998984307],[-89.69862999341008,40.56168000388375],[-89.74180998522192,40.55070000290803],[-89.77590003649678,40.552850012658425],[-89.81621001339678,40.53951999077089],[-89.87244000955643,40.513139988288046],[-89.87364002031431,40.62468999815407],[-89.98899992009689,40.62582998742712],[-89.98587998060775,40.71968999413866],[-89.98549001554683,40.97414004406238]]]}},{"id":"33","type":"Feature","properties":{"COUNTY_NAM":"WOODFORD"},"geometry":{"type":"Polygon","coordinates":[[[-88.9314101253239,40.9277177563683],[-88.9293399854442,40.753310002716496],[-88.98688999170385,40.752279990819716],[-88.98471998960736,40.665039990474625],[-89.04536000404481,40.6639400229625],[-89.04438002492276,40.627740005724824],[-89.10161998418347,40.62500001161019],[-89.10100999297534,40.61233999570048],[-89.13416001392478,40.611369997391584],[-89.1336899764046,40.59665999949682],[-89.2693499784702,40.59437998605369],[-89.26984002494629,40.616110002945334],[-89.32729998482624,40.61556999684111],[-89.33011999588426,40.748259889059966],[-89.55617000161084,40.74910000643434],[-89.55551001141274,40.76451999692221],[-89.56364997053149,40.783559983652374],[-89.56049001983158,40.79752995312055],[-89.55382999342407,40.80965001515417],[-89.54415998577583,40.815860002615636],[-89.5275100093209,40.83683999299736],[-89.5248100588237,40.84945000736282],[-89.49891001740623,40.87599998577512],[-89.48731000887513,40.90534998632765],[-89.48066000893928,40.916150014718],[-89.47288001222336,40.92109998496764],[-89.16305999873255,40.92694000510524],[-88.9314101253239,40.9277177563683]]]}},{"id":"34","type":"Feature","properties":{"COUNTY_NAM":"MCLEAN"},"geometry":{"type":"Polygon","coordinates":[[[-88.58425010537731,40.75759011001494],[-88.58235998736977,40.67075998703539],[-88.57522997769055,40.670620018945904],[-88.57440001374687,40.61663001318064],[-88.45947000968998,40.617329984792],[-88.46041000043208,40.281780004271674],[-89.26265998463234,40.280920001136465],[-89.2693499784702,40.59437998605369],[-89.1336899764046,40.59665999949682],[-89.13416001392478,40.611369997391584],[-89.10100999297534,40.61233999570048],[-89.10161998418347,40.62500001161019],[-89.04438002492276,40.627740005724824],[-89.04536000404481,40.6639400229625],[-88.98471998960736,40.665039990474625],[-88.98688999170385,40.752279990819716],[-88.58425010537731,40.75759011001494]]]}},{"id":"35","type":"Feature","properties":{"COUNTY_NAM":"TAZEWELL"},"geometry":{"type":"Polygon","coordinates":[[[-89.33011999588426,40.748259889059966],[-89.32729998482624,40.61556999684111],[-89.26984002494629,40.616110002945334],[-89.2637300001594,40.32518998375891],[-89.71491006683092,40.319240010676765],[-89.71711995480902,40.435529992747696],[-89.9254000200526,40.436170017803875],[-89.90742002423252,40.447779998290244],[-89.90396000449806,40.45965998281167],[-89.88872002753556,40.474329981831616],[-89.88248000472205,40.504840017568156],[-89.86888997787261,40.51555999161437],[-89.81621001339678,40.53951999077089],[-89.77590003649678,40.552850012658425],[-89.74180998522192,40.55070000290803],[-89.69862999341008,40.56168000388375],[-89.68034993640424,40.55257998984307],[-89.65969999348327,40.56589999329085],[-89.65395999709953,40.57761997974156],[-89.66010001029863,40.59401003439453],[-89.65854999712343,40.60121998110617],[-89.61368998106627,40.64460998937105],[-89.61037001790669,40.651600005447406],[-89.6161499917625,40.65723997871456],[-89.61330999729856,40.66553998672053],[-89.5917599781219,40.68543999988615],[-89.55900997434271,40.70029001187609],[-89.55279998294316,40.70644004138916],[-89.54649001852461,40.72191998505924],[-89.55526997502265,40.747720012152556],[-89.33011999588426,40.748259889059966]]]}},{"id":"36","type":"Feature","properties":{"COUNTY_NAM":"FULTON"},"geometry":{"type":"Polygon","coordinates":[[[-90.44427999814471,40.71479999428328],[-89.98607998012695,40.71227999670114],[-89.98899992009689,40.62582998742712],[-89.87364002031431,40.62468999815407],[-89.87244000955643,40.513139988288046],[-89.8846699967718,40.500470005772634],[-89.88872002753556,40.474329981831616],[-89.90396000449806,40.45965998281167],[-89.91103999528501,40.444089992229614],[-89.9520799895405,40.42225999504332],[-89.97319998356014,40.40606998164148],[-89.98384000335881,40.39250004918032],[-90.0369899520919,40.37597000291841],[-90.04404997365116,40.36858001262579],[-90.0522099968099,40.35028999863652],[-90.04962997196682,40.33859999710987],[-90.0527300078989,40.328760002430364],[-90.06829001030799,40.315460005065255],[-90.06936000967418,40.29479998752556],[-90.09633997110863,40.26694999477767],[-90.10737001746317,40.26076001950471],[-90.12183002014204,40.23218000446646],[-90.13294999150051,40.224640001838424],[-90.16639998322474,40.215019986689676],[-90.17769001892148,40.19862999769837],[-90.19425999430139,40.192030011318636],[-90.19980998281261,40.1838500086736],[-90.4516799474513,40.188770008835135],[-90.44433998991354,40.712479985415726],[-90.44427999814471,40.71479999428328]]]}},{"id":"37","type":"Feature","properties":{"COUNTY_NAM":"HANCOCK"},"geometry":{"type":"Polygon","coordinates":[[[-91.24677355131456,40.63824046680747],[-91.02223000204032,40.6349299947716],[-90.90422997951667,40.639100004127336],[-90.91198001488523,40.19308006854481],[-91.50511001217345,40.20039000228482],[-91.50602001200136,40.23810001978053],[-91.49055005730294,40.25917998367514],[-91.49256997140938,40.278619963433876],[-91.4615300036566,40.34306000033161],[-91.44507001630787,40.36278001294151],[-91.415619999847,40.381239955252695],[-91.37947000395316,40.38603005844457],[-91.3699200065157,40.39362998452838],[-91.36594997271027,40.40157999960586],[-91.36820999556423,40.413929986723296],[-91.38228001279687,40.43945001343267],[-91.37948999292811,40.45309001048144],[-91.3651399825323,40.48287999449048],[-91.36365998951804,40.497129996876644],[-91.3690200129466,40.51186001072322],[-91.38347999601903,40.53004000761522],[-91.40511998182598,40.540039979941746],[-91.40709001558514,40.547669989522156],[-91.4050599815796,40.55518001014178],[-91.38044998460283,40.57398999026671],[-91.36020001872376,40.60135000479018],[-91.35067994506392,40.608920023868734],[-91.30605000864415,40.62656999755961],[-91.24677355131456,40.63824046680747]]]}},{"id":"38","type":"Feature","properties":{"COUNTY_NAM":"MCDONOUGH"},"geometry":{"type":"Polygon","coordinates":[[[-90.9044099862574,40.63919998283418],[-90.44550000671052,40.62761999021245],[-90.45019997236938,40.27634000395072],[-90.9097700223515,40.28429009923172],[-90.9044099862574,40.63919998283418]]]}},{"id":"39","type":"Feature","properties":{"COUNTY_NAM":"VERMILION"},"geometry":{"type":"Polygon","coordinates":[[[-87.52643002185414,40.489229983110214],[-87.53312998110185,39.88298999566346],[-87.581240024654,39.882230011692656],[-87.55745010967175,39.86879005429983],[-87.61742985395614,39.86852999506988],[-87.61514002165612,39.881610021300084],[-87.93765002241804,39.879829978347026],[-87.94207999946255,40.22548998918412],[-87.92879006423043,40.22561001850429],[-87.93538001776102,40.4859299956469],[-87.52643002185414,40.489229983110214]]]}},{"id":"40","type":"Feature","properties":{"COUNTY_NAM":"MASON"},"geometry":{"type":"Polygon","coordinates":[[[-89.9254000200526,40.436170017803875],[-89.71711995480902,40.435529992747696],[-89.71491006683092,40.319240010676765],[-89.60297984959506,40.32013997876909],[-89.60217999946569,40.121939980986234],[-89.61076995766953,40.127070001770505],[-89.609129987213,40.129379984469594],[-89.61375002129905,40.13472001165083],[-89.62074997262964,40.136839980525515],[-89.62215999675621,40.14219001479481],[-89.62730999142592,40.14371998820702],[-89.62801004630529,40.14873000198105],[-89.63199997889089,40.14826999461778],[-89.63418000106765,40.15339998489921],[-89.64599997428896,40.15345998705791],[-89.64953000738876,40.15762999847154],[-89.65137001708443,40.15478998612671],[-89.65996001771666,40.15565000782115],[-89.6679100157314,40.16073998696797],[-89.67112000840797,40.15399000312859],[-89.68047001856644,40.15544998064645],[-89.6810500121544,40.15116998010742],[-89.68349998545993,40.15484999830816],[-89.68577001247642,40.15382002291694],[-89.68663000113743,40.146719991962875],[-89.69454999553884,40.14069998594111],[-89.70411003821302,40.140570007686485],[-89.70916001119905,40.14703000362997],[-89.71945002251388,40.14019999259011],[-89.72804000042734,40.14236001583971],[-89.73000999108571,40.135629999282834],[-89.73409998042212,40.13734998758223],[-89.73383000868232,40.132839977622666],[-89.74934999855,40.12685000299057],[-89.76968998231638,40.12836000477793],[-89.77401999468104,40.13218001348391],[-89.78102998854499,40.126810015722604],[-89.78320000974007,40.12951000726558],[-89.7917000122755,40.12943000828218],[-89.79461998020086,40.12363999331241],[-89.8098600210183,40.12450998663072],[-89.80945000526134,40.12120000034954],[-89.81797002306006,40.12521002156327],[-89.8233899398457,40.1212199767712],[-89.82704993085133,40.12553005132787],[-89.83276000620576,40.12378998705055],[-89.83925997150897,40.13066999952502],[-89.84281997969897,40.12641000524081],[-89.85342000644553,40.130409989693284],[-89.86476998484936,40.12785997474207],[-89.87272002471887,40.13737006523099],[-89.87809001034533,40.133739986269404],[-89.88158002712044,40.1362599908456],[-89.88557000884418,40.13472999162686],[-89.88515998212196,40.12801001027718],[-89.89165997780492,40.130609981514475],[-89.89862004303056,40.12780003181697],[-89.90804992336359,40.13763001066629],[-89.90642003274463,40.132650011082816],[-89.90951000017878,40.131729986477794],[-89.92127000410878,40.13876999117045],[-89.9246899755844,40.1358599920475],[-89.92694007057305,40.14010999456305],[-89.941209997363,40.136969985881905],[-89.93677002317048,40.132539988092695],[-89.942339994857,40.13154998801401],[-89.943769988788,40.134409985995966],[-89.94592999543637,40.13027001138527],[-89.94942000611964,40.13562000952411],[-89.95160001427884,40.13194000375535],[-89.95540002066889,40.137169982467974],[-89.95886999499896,40.13432999115798],[-89.96302999018397,40.142969979620474],[-89.96676998491458,40.1429900048192],[-89.97063999200967,40.14208997786452],[-89.96968997214401,40.13801999136495],[-89.97481997286305,40.13516999667982],[-89.97126000797206,40.133949998484276],[-89.97664998389311,40.13053999140253],[-89.97385999962381,40.12714999347671],[-89.97857999190713,40.12497000299699],[-89.9867100202485,40.12902001405726],[-89.98452008308672,40.12387997537875],[-89.98869999846175,40.123589834839564],[-89.988620017578,40.11755999725772],[-89.98244005943423,40.11414005785665],[-89.99294999810408,40.1116400044225],[-89.992819987197,40.108429990178536],[-90.00023001494117,40.10236000836864],[-90.00327998834152,40.103910006424485],[-90.00345996530515,40.109620004195435],[-90.0066799894977,40.10315997116455],[-90.01169998517803,40.10332999505132],[-90.01222000881977,40.1001600213418],[-90.02034001557425,40.10565001185137],[-90.03162997639704,40.10475001874061],[-90.03205999030311,40.11110999549702],[-90.03919997849324,40.10243001731796],[-90.03882000087305,40.10680000205199],[-90.0428000076078,40.109210008639835],[-90.0519600427624,40.10306998107199],[-90.05218999451364,40.09734000930354],[-90.06441001103161,40.100779997644786],[-90.06522999436545,40.092999977846056],[-90.0717199794621,40.093639968575026],[-90.06993002333097,40.08981001496185],[-90.07512002738474,40.09014998850056],[-90.07901000184252,40.08743002198974],[-90.0775499732466,40.085370019910876],[-90.08170000227625,40.0857499839687],[-90.079319978991,40.082870061652464],[-90.08133999990018,40.080539992658174],[-90.08899997996507,40.08434998854971],[-90.08737000611266,40.079829981560245],[-90.09081002338024,40.08155997745012],[-90.09567000460358,40.0772200149799],[-90.09430999232825,40.08176997436261],[-90.10014000685197,40.07760999910781],[-90.10418998976327,40.081279997217415],[-90.10527000666121,40.077970001088026],[-90.11594000681691,40.08114999888721],[-90.11708001896251,40.07800001475692],[-90.12754998675203,40.07677000350614],[-90.13012998482459,40.068789972664575],[-90.13427997919243,40.069179994130664],[-90.13222998753244,40.066379997722294],[-90.13504000085827,40.062160012724924],[-90.13973999461153,40.06340006425446],[-90.1383099879948,40.066510003320744],[-90.14289997807813,40.06421998146258],[-90.14990001687529,40.067580018193674],[-90.15475000195549,40.066280016073954],[-90.15742000941869,40.06097002227452],[-90.15948002091542,40.064090046547264],[-90.16187001711174,40.06097001006136],[-90.17025998411323,40.05947999684925],[-90.17190996967256,40.06270998742742],[-90.175639960583,40.05987998519386],[-90.17903001453146,40.06439000246118],[-90.18474001435972,40.062130014009945],[-90.18372998627505,40.06657000356658],[-90.18595999341835,40.06365995646321],[-90.18940998008318,40.065380009051566],[-90.18746999878965,40.06137000955227],[-90.19287000134587,40.05927005659606],[-90.19604001584783,40.052720024277804],[-90.20517006337577,40.052539914511996],[-90.20777999890281,40.06005999055614],[-90.21137994356451,40.0548199907407],[-90.21305997198554,40.05949000127678],[-90.21502997475051,40.05656001550802],[-90.22657999799927,40.054630004691404],[-90.22736001970073,40.050959987754794],[-90.22980000406233,40.05781999957498],[-90.24683999499055,40.059079982426546],[-90.25314000974653,40.056530016606885],[-90.26077000113816,40.05817998692328],[-90.26094004628123,40.061919988173976],[-90.27018996355962,40.06138998783071],[-90.27346999576471,40.05486000451431],[-90.27678000789136,40.05733999752964],[-90.28650000324085,40.05518003435766],[-90.28559997845706,40.05814998254309],[-90.28926003009003,40.05890998690849],[-90.28759997027991,40.06380999881207],[-90.29438999725585,40.06354998815443],[-90.28997999148412,40.06906001578416],[-90.29861002789141,40.07676998479774],[-90.30492997335207,40.077010013178764],[-90.30520998493301,40.08121000515884],[-90.30028004823833,40.0834699040348],[-90.30238002696258,40.09188000042604],[-90.3071699818032,40.09287997958121],[-90.31501996839647,40.107869956715],[-90.315359996174,40.11612999326438],[-90.32876997189818,40.120960012097306],[-90.33372002323054,40.12134998506438],[-90.33381999415907,40.118930010960426],[-90.33597999188291,40.12252998411666],[-90.3423499924608,40.11691000712187],[-90.35436997967928,40.12015999893046],[-90.35553001464277,40.12419000867527],[-90.34856002611347,40.1258200026592],[-90.33545001552967,40.13733006249367],[-90.31008997792478,40.13950997566099],[-90.27150001906584,40.15396001586173],[-90.2578900643877,40.15498000017345],[-90.22387997159834,40.15020998688888],[-90.20708999278857,40.15503000676074],[-90.20247002362557,40.16189997999865],[-90.20171000291745,40.18058998542737],[-90.19533998830127,40.1911399712422],[-90.1793299868815,40.19726993795062],[-90.17037001933245,40.21209998041419],[-90.1616300016179,40.217710009054414],[-90.1346499822829,40.224060005437885],[-90.12473996951002,40.229319989840675],[-90.10737001746317,40.26076001950471],[-90.09633997110863,40.26694999477767],[-90.06936000967418,40.29479998752556],[-90.0688500166427,40.31405001066856],[-90.0527300078989,40.328760002430364],[-90.04962997196682,40.33859999710987],[-90.05264999790741,40.34875000888792],[-90.04263999999422,40.370609994580974],[-90.0344699277017,40.37731998052141],[-89.98384000335881,40.39250004918032],[-89.96012998706546,40.416470018011715],[-89.9254000200526,40.436170017803875]]]}},{"id":"41","type":"Feature","properties":{"COUNTY_NAM":"CHAMPAIGN"},"geometry":{"type":"Polygon","coordinates":[[[-87.93239002942357,40.39937994858806],[-87.92879006423043,40.22561001850429],[-87.94207999946255,40.22548998918412],[-87.93765002241804,39.879829978347026],[-88.46217999675882,39.87909999537495],[-88.46361006401177,40.21755001200777],[-88.46357999780255,40.223309988350316],[-88.46070009545626,40.223239987720554],[-88.45991998744844,40.398729984106254],[-87.93239002942357,40.39937994858806]]]}},{"id":"42","type":"Feature","properties":{"COUNTY_NAM":"LOGAN"},"geometry":{"type":"Polygon","coordinates":[[[-89.26266997443363,40.28134001129995],[-89.14875992443534,40.28209001495037],[-89.14342998007868,39.91764998697278],[-89.4049699864303,39.91817998918606],[-89.40495997396009,39.93268998488437],[-89.48343998422217,39.93306001329506],[-89.48383000281291,39.9767100054942],[-89.57829005708388,39.976120007202944],[-89.5791099942806,40.092369990040275],[-89.60104996446397,40.0922899946438],[-89.60299001992269,40.32025999034232],[-89.2637300001594,40.32518998375891],[-89.26266997443363,40.28134001129995]]]}},{"id":"43","type":"Feature","properties":{"COUNTY_NAM":"PIATT"},"geometry":{"type":"Polygon","coordinates":[[[-88.46040000173818,40.28053000363554],[-88.46070009545626,40.223239987720554],[-88.46357999780255,40.223309988350316],[-88.46361006401177,40.21755001200777],[-88.46247001836407,39.79181999104844],[-88.74562002262877,39.79214000571191],[-88.74529999425505,40.09883998870074],[-88.68807999325551,40.098549985739616],[-88.68795016062728,40.14226004775325],[-88.57476003396346,40.28149999156164],[-88.46040000173818,40.28053000363554]]]}},{"id":"44","type":"Feature","properties":{"COUNTY_NAM":"DEWITT"},"geometry":{"type":"Polygon","coordinates":[[[-88.57476003396346,40.28149999156164],[-88.68795016062728,40.14226004775325],[-88.68807999325551,40.098549985739616],[-88.74529999425505,40.09883998870074],[-88.74517002254466,40.05513000775274],[-89.14472998306648,40.048849989799855],[-89.14875992443534,40.28209001495037],[-88.57476003396346,40.28149999156164]]]}},{"id":"45","type":"Feature","properties":{"COUNTY_NAM":"SCHUYLER"},"geometry":{"type":"Polygon","coordinates":[[[-90.9097700223515,40.28429009923172],[-90.45019997236938,40.27634000395072],[-90.4516799474513,40.188770008835135],[-90.19980998281261,40.1838500086736],[-90.20316000256523,40.173140015854145],[-90.20247002362557,40.16189997999865],[-90.20708999278857,40.15503000676074],[-90.2161100110547,40.150680012402965],[-90.26836999140701,40.15459999184124],[-90.31008997792478,40.13950997566099],[-90.33545001552967,40.13733006249367],[-90.35103000592486,40.12491997659715],[-90.37248000363702,40.12283001139909],[-90.39432998328044,40.09074000971621],[-90.39162997906212,40.08491999101168],[-90.39455998309687,40.077899989598684],[-90.43032000728527,40.05885999408449],[-90.42877001736736,40.04770000010135],[-90.43391999865942,40.0231400108211],[-90.45470998615286,40.01080002218614],[-90.50633007657497,39.9961899377106],[-90.51259999195359,39.99215998633048],[-90.51593004229507,39.98439998834193],[-90.52060000866342,39.98823000145626],[-90.52778001892442,39.98735998728136],[-90.52390002027026,39.983850001865896],[-90.526730003074,39.98193000323128],[-90.52980000646205,39.98498000977329],[-90.53382001576374,39.982170006621594],[-90.53928998124564,39.98374001124986],[-90.54262998568798,39.980209999383966],[-90.55353998288088,39.9835700060844],[-90.56850002008005,39.98381998619325],[-90.58532001767107,39.97858001627389],[-90.60705998990373,39.981329982350175],[-90.60206001949878,40.00352999273076],[-90.61811001317535,40.01226998289604],[-90.61900999014537,40.01546000122931],[-90.6167800127256,40.02089003359863],[-90.61138999105798,40.01749000255792],[-90.60714998918091,40.02115000314603],[-90.60720994967609,40.02906998115861],[-90.61175002541368,40.033040011468984],[-90.61668001813592,40.02685000411877],[-90.63043000464272,40.023689983391144],[-90.6336500284766,40.02921001626913],[-90.65400997433407,40.03336998698652],[-90.65189997172159,40.04032998346793],[-90.65964998054288,40.0413799868248],[-90.66139000290511,40.04686998665514],[-90.669279996806,40.043940009992035],[-90.67529998103562,40.046169984248586],[-90.67780002591542,40.059670017488976],[-90.67467000007913,40.06267000319074],[-90.67694998194504,40.06549997908107],[-90.6721699858512,40.080499989620094],[-90.69603000231339,40.07964000597736],[-90.70612000679304,40.08464999184252],[-90.70451997982464,40.0880800008716],[-90.70940998124743,40.090799988256194],[-90.70845001987976,40.09340000598253],[-90.70002999852188,40.09438000155095],[-90.69582002738493,40.103749993139054],[-90.91342000538269,40.104469987630885],[-90.9097700223515,40.28429009923172]]]}},{"id":"46","type":"Feature","properties":{"COUNTY_NAM":"ADAMS"},"geometry":{"type":"Polygon","coordinates":[[[-91.50511001217345,40.20039000228482],[-90.91198001488523,40.19308006854481],[-90.91694999651735,39.902350001089765],[-90.91589999365955,39.75730995281189],[-91.36505002509038,39.758780015697596],[-91.36547000660308,39.776689995646805],[-91.36153999253638,39.78714999329888],[-91.36818999525035,39.80070998602189],[-91.37642999253205,39.81002001035636],[-91.42893000029989,39.83783000957286],[-91.43539999399073,39.8452499746101],[-91.44670000578837,39.87181000205062],[-91.44740000303024,39.88049000734511],[-91.44258000679783,39.894500016664836],[-91.42019002167834,39.9157099871431],[-91.4202199964907,39.9296699468725],[-91.44049001535517,39.94980998195881],[-91.45850001485154,39.97854998876343],[-91.46499001514319,39.98342001731158],[-91.46891998527913,39.99473000897111],[-91.49485000877648,40.03668000678541],[-91.48955002539002,40.05752000986616],[-91.51057998401009,40.12518001992168],[-91.51153991914593,40.14835999223787],[-91.5081500014291,40.157190012014695],[-91.51291000500143,40.177570002242206],[-91.51098998203638,40.188539989783656],[-91.50471002099832,40.19641998558048],[-91.50511001217345,40.20039000228482]]]}},{"id":"47","type":"Feature","properties":{"COUNTY_NAM":"MENARD"},"geometry":{"type":"Polygon","coordinates":[[[-89.65977513492038,40.15562826768242],[-89.65137001708443,40.15478998612671],[-89.64911999744047,40.15756997788354],[-89.64599997428896,40.15345998705791],[-89.63863998481614,40.15504999506225],[-89.63740998751811,40.15220999225152],[-89.63418000106765,40.15339998489921],[-89.63199997889089,40.14826999461778],[-89.62801004630529,40.14873000198105],[-89.6275600197115,40.14401000242062],[-89.62232998677158,40.1423799815982],[-89.62074997262964,40.136839980525515],[-89.61375002129905,40.13472001165083],[-89.609129987213,40.129379984469594],[-89.61076995766953,40.127070001770505],[-89.60163998541876,40.12251992889032],[-89.60104996446397,40.0922899946438],[-89.5791099942806,40.092369990040275],[-89.57829005708388,39.976120007202944],[-89.69820007585734,39.97528001546108],[-89.6976100202191,39.938510007081796],[-89.70263998117206,39.93860001286759],[-89.70187997880919,39.91679000942471],[-89.7692099901589,39.916399982628754],[-89.76920997484227,39.902340007343774],[-89.99450001442479,39.90194000774464],[-89.994750069905,40.10843992766069],[-89.99267002036939,40.11177999983989],[-89.98296003808836,40.1133200102821],[-89.988620017578,40.11755999725772],[-89.98869999846175,40.123589834839564],[-89.98452008308672,40.12387997537875],[-89.98683999309164,40.12881999830041],[-89.97857999190713,40.12497000299699],[-89.97369998103666,40.127280020711495],[-89.97664998389311,40.13053999140253],[-89.97125002679765,40.133489986685554],[-89.97481997286305,40.13516999667982],[-89.96968997214401,40.13801999136495],[-89.97063999200967,40.14208997786452],[-89.96308002012698,40.14301998879351],[-89.95886999499896,40.13432999115798],[-89.95540002066889,40.137169982467974],[-89.95160001427884,40.13194000375535],[-89.94942000611964,40.13562000952411],[-89.94592999543637,40.13027001138527],[-89.943769988788,40.134409985995966],[-89.942339994857,40.13154998801401],[-89.93677002317048,40.132539988092695],[-89.941209997363,40.136969985881905],[-89.92694007057305,40.14010999456305],[-89.9246899755844,40.1358599920475],[-89.92127000410878,40.13876999117045],[-89.90951000017878,40.131729986477794],[-89.90642003274463,40.132650011082816],[-89.90804992336359,40.13763001066629],[-89.89862004303056,40.12780003181697],[-89.89165997780492,40.130609981514475],[-89.88515998212196,40.12801001027718],[-89.88557000884418,40.13472999162686],[-89.88158002712044,40.1362599908456],[-89.87809001034533,40.133739986269404],[-89.87272002471887,40.13737006523099],[-89.86476998484936,40.12785997474207],[-89.85342000644553,40.130409989693284],[-89.84281997969897,40.12641000524081],[-89.83925997150897,40.13066999952502],[-89.83276000620576,40.12378998705055],[-89.82704993085133,40.12553005132787],[-89.8233899398457,40.1212199767712],[-89.81797002306006,40.12521002156327],[-89.80945000526134,40.12120000034954],[-89.8098600210183,40.12450998663072],[-89.79461998020086,40.12363999331241],[-89.7917000122755,40.12943000828218],[-89.78320000974007,40.12951000726558],[-89.78102998854499,40.126810015722604],[-89.77401999468104,40.13218001348391],[-89.76968998231638,40.12836000477793],[-89.74934999855,40.12685000299057],[-89.73383000868232,40.132839977622666],[-89.73409998042212,40.13734998758223],[-89.73000999108571,40.135629999282834],[-89.72773000640885,40.14248002137483],[-89.71945002251388,40.14019999259011],[-89.70877001286537,40.147019952822184],[-89.70411003821302,40.140570007686485],[-89.69454999553884,40.14069998594111],[-89.68663000113743,40.146719991962875],[-89.68371999595082,40.15480998640918],[-89.68124007048911,40.15118001221882],[-89.68047001856644,40.15544998064645],[-89.67112000840797,40.15399000312859],[-89.6679100157314,40.16073998696797],[-89.65977513492038,40.15562826768242]]]}},{"id":"48","type":"Feature","properties":{"COUNTY_NAM":"CASS"},"geometry":{"type":"Polygon","coordinates":[[[-90.35397060587509,40.11964076586471],[-90.3423499924608,40.11691000712187],[-90.33597999188291,40.12252998411666],[-90.33381999415907,40.118930010960426],[-90.33372002323054,40.12134998506438],[-90.32876997189818,40.120960012097306],[-90.315359996174,40.11612999326438],[-90.31501996839647,40.107869956715],[-90.3071699818032,40.09287997958121],[-90.30238002696258,40.09188000042604],[-90.30028004823833,40.0834699040348],[-90.30520998493301,40.08121000515884],[-90.30492997335207,40.077010013178764],[-90.29861002789141,40.07676998479774],[-90.28997999148412,40.06906001578416],[-90.29438999725585,40.06354998815443],[-90.28759997027991,40.06380999881207],[-90.28926003009003,40.05890998690849],[-90.28559997845706,40.05814998254309],[-90.28650000324085,40.05518003435766],[-90.27678000789136,40.05733999752964],[-90.27346999576471,40.05486000451431],[-90.27018996355962,40.06138998783071],[-90.26094004628123,40.061919988173976],[-90.26077000113816,40.05817998692328],[-90.25314000974653,40.056530016606885],[-90.24683999499055,40.059079982426546],[-90.22980000406233,40.05781999957498],[-90.22736001970073,40.050959987754794],[-90.22657999799927,40.054630004691404],[-90.21502997475051,40.05656001550802],[-90.21305997198554,40.05949000127678],[-90.21137994356451,40.0548199907407],[-90.20777999890281,40.06005999055614],[-90.20517006337577,40.052539914511996],[-90.19604001584783,40.052720024277804],[-90.19287000134587,40.05927005659606],[-90.18746999878965,40.06137000955227],[-90.18940998008318,40.065380009051566],[-90.18595999341835,40.06365995646321],[-90.18372998627505,40.06657000356658],[-90.18474001435972,40.062130014009945],[-90.17903001453146,40.06439000246118],[-90.175639960583,40.05987998519386],[-90.17190996967256,40.06270998742742],[-90.17025998411323,40.05947999684925],[-90.16187001711174,40.06097001006136],[-90.15948002091542,40.064090046547264],[-90.15742000941869,40.06097002227452],[-90.15475000195549,40.066280016073954],[-90.14990001687529,40.067580018193674],[-90.14289997807813,40.06421998146258],[-90.1383099879948,40.066510003320744],[-90.13973999461153,40.06340006425446],[-90.13504000085827,40.062160012724924],[-90.13222998753244,40.066379997722294],[-90.13427997919243,40.069179994130664],[-90.13012998482459,40.068789972664575],[-90.12754998675203,40.07677000350614],[-90.11708001896251,40.07800001475692],[-90.11594000681691,40.08114999888721],[-90.10527000666121,40.077970001088026],[-90.10418998976327,40.081279997217415],[-90.10014000685197,40.07760999910781],[-90.09430999232825,40.08176997436261],[-90.09567000460358,40.0772200149799],[-90.09081002338024,40.08155997745012],[-90.08737000611266,40.079829981560245],[-90.08899997996507,40.08434998854971],[-90.08133999990018,40.080539992658174],[-90.079319978991,40.082870061652464],[-90.08170000227625,40.0857499839687],[-90.0775499732466,40.085370019910876],[-90.07901000184252,40.08743002198974],[-90.07512002738474,40.09014998850056],[-90.06993002333097,40.08981001496185],[-90.0717199794621,40.093639968575026],[-90.06522999436545,40.092999977846056],[-90.06441001103161,40.100779997644786],[-90.05218999451364,40.09734000930354],[-90.0519600427624,40.10306998107199],[-90.0428000076078,40.109210008639835],[-90.03882000087305,40.10680000205199],[-90.03919997849324,40.10243001731796],[-90.03205999030311,40.11110999549702],[-90.03162997639704,40.10475001874061],[-90.02034001557425,40.10565001185137],[-90.01222000881977,40.1001600213418],[-90.01169998517803,40.10332999505132],[-90.0066799894977,40.10315997116455],[-90.00426993198295,40.10957000977734],[-90.00101999903481,40.10231000785011],[-89.994750069905,40.10843992766069],[-89.99441998337383,39.87279001329392],[-90.58375001141006,39.8764699834151],[-90.5748299734636,39.89222000793513],[-90.55474999429612,39.90110999748739],[-90.53767999285742,39.91861998336685],[-90.53685002090113,39.93370998989971],[-90.53179998746388,39.94607000432896],[-90.51112998207408,39.96770005826224],[-90.51259999195359,39.99215998633048],[-90.48451000567302,40.003620020122824],[-90.45470998615286,40.01080002218614],[-90.43751999759981,40.01964998700684],[-90.43391999865942,40.0231400108211],[-90.43040001985642,40.03834999408463],[-90.42889998719028,40.060830006658925],[-90.39455998309687,40.077899989598684],[-90.39162997906212,40.08491999101168],[-90.39432998328044,40.09074000971621],[-90.37248000363702,40.12283001139909],[-90.35871998489375,40.12488001790954],[-90.35397060587509,40.11964076586471]]]}},{"id":"49","type":"Feature","properties":{"COUNTY_NAM":"BROWN"},"geometry":{"type":"Polygon","coordinates":[[[-90.91342000538269,40.104469987630885],[-90.69582002738493,40.103749993139054],[-90.70002999852188,40.09438000155095],[-90.70845001987976,40.09340000598253],[-90.70940998124743,40.090799988256194],[-90.70451997982464,40.0880800008716],[-90.70612000679304,40.08464999184252],[-90.69603000231339,40.07964000597736],[-90.6721699858512,40.080499989620094],[-90.67694998194504,40.06549997908107],[-90.67467000007913,40.06267000319074],[-90.67780002591542,40.059670017488976],[-90.67529998103562,40.046169984248586],[-90.669279996806,40.043940009992035],[-90.66139000290511,40.04686998665514],[-90.65964998054288,40.0413799868248],[-90.65189997172159,40.04032998346793],[-90.65400997433407,40.03336998698652],[-90.6336500284766,40.02921001626913],[-90.63043000464272,40.023689983391144],[-90.61668001813592,40.02685000411877],[-90.61175002541368,40.033040011468984],[-90.60720994967609,40.02906998115861],[-90.60714998918091,40.02115000314603],[-90.61138999105798,40.01749000255792],[-90.6167800127256,40.02089003359863],[-90.61900999014537,40.01546000122931],[-90.61811001317535,40.01226998289604],[-90.60206001949878,40.00352999273076],[-90.6072700177681,39.981399997645816],[-90.58532001767107,39.97858001627389],[-90.56850002008005,39.98381998619325],[-90.55353998288088,39.9835700060844],[-90.54262998568798,39.980209999383966],[-90.53877002440684,39.9838900024845],[-90.52482997470916,39.982579988664206],[-90.5271000096185,39.9876299924442],[-90.52060000866342,39.98823000145626],[-90.51675998129018,39.9842100078302],[-90.51373000771852,39.98777000092202],[-90.51112998207408,39.96770005826224],[-90.53179998746388,39.94607000432896],[-90.53685002090113,39.93370998989971],[-90.53767999285742,39.91861998336685],[-90.55474999429612,39.90110999748739],[-90.5748299734636,39.89222000793513],[-90.58603999543652,39.87330998181067],[-90.58231001966253,39.852440001511674],[-90.57171000628826,39.839099995665066],[-90.89317997784539,39.84095999225582],[-90.91671999848084,39.84478994832871],[-90.91342000538269,40.104469987630885]]]}},{"id":"50","type":"Feature","properties":{"COUNTY_NAM":"MACON"},"geometry":{"type":"Polygon","coordinates":[[[-88.74516873748055,40.05505801474604],[-88.74562002262877,39.79214000571191],[-88.7584799882087,39.792080005362244],[-88.75729998995567,39.740029966704114],[-88.8127099826581,39.74062001700167],[-88.81057002350252,39.653220005464824],[-89.13909984072652,39.6551299895861],[-89.14177998242613,39.80071999063272],[-89.15700000508883,39.80289001889687],[-89.17105000419073,39.811570010070426],[-89.17873999868868,39.81095998716994],[-89.18790001123698,39.81777999661425],[-89.20731994756571,39.81618999513498],[-89.2101399493732,39.811000011493604],[-89.2174699818218,39.813189999959604],[-89.21786997791762,39.917050008490655],[-89.14342998007868,39.91764998697278],[-89.14472998306648,40.048849989799855],[-88.74516873748055,40.05505801474604]]]}},{"id":"51","type":"Feature","properties":{"COUNTY_NAM":"SANGAMON"},"geometry":{"type":"Polygon","coordinates":[[[-89.48383000281291,39.9767100054942],[-89.48343998422217,39.93306001329506],[-89.40495997396009,39.93268998488437],[-89.4049699864303,39.91817998918606],[-89.21786997791762,39.917050008490655],[-89.2174699818218,39.813189999959604],[-89.2340499751532,39.81296002207595],[-89.23159999017444,39.816210014158706],[-89.23624992617137,39.81763000858512],[-89.23656000912167,39.82230998013764],[-89.2488699844649,39.825550008153314],[-89.26065001418434,39.805160011646144],[-89.26529999671085,39.80654996908534],[-89.2815099910556,39.79883999750553],[-89.28304998288041,39.793929999265345],[-89.29255998727815,39.79273998540767],[-89.29147002150052,39.79010001174847],[-89.2970900210135,39.78925998271774],[-89.30264002110356,39.775989982900235],[-89.31245000604044,39.77108999210045],[-89.32820001583882,39.76932998147819],[-89.32465000534675,39.766740016826],[-89.32861001379788,39.76337999942973],[-89.35265001327348,39.76939000113436],[-89.35378001548166,39.772019977831434],[-89.35822001498745,39.770459987629074],[-89.36255000072629,39.75578001481618],[-89.37119001010053,39.75494004098525],[-89.37403998009898,39.75871001176798],[-89.38010002387577,39.753659988900964],[-89.38457000254049,39.753880055443034],[-89.38736000763838,39.74872001511457],[-89.38573999398163,39.74586001343282],[-89.3929600431282,39.74269000329856],[-89.41002999274345,39.744000019014045],[-89.41931000455861,39.75162999072263],[-89.41805999229943,39.75947999891018],[-89.42526001622193,39.76233000136043],[-89.4248000194572,39.68368999323803],[-89.47900991352878,39.6839699859689],[-89.47845001531641,39.640779981655456],[-89.53502999018127,39.64115994800019],[-89.53351999351169,39.52458000990016],[-89.9260299784719,39.52211002117024],[-89.92460998058434,39.559219976007604],[-89.98470011182143,39.71794994533115],[-89.98558002429542,39.785359997318615],[-89.99358002153777,39.785369985136526],[-89.99450001442479,39.90194000774464],[-89.76920997484227,39.902340007343774],[-89.7692099901589,39.916399982628754],[-89.70187997880919,39.91679000942471],[-89.70263998117206,39.93860001286759],[-89.6976100202191,39.938510007081796],[-89.69820007585734,39.97528001546108],[-89.48383000281291,39.9767100054942]]]}},{"id":"52","type":"Feature","properties":{"COUNTY_NAM":"EDGAR"},"geometry":{"type":"Polygon","coordinates":[[[-87.53312998110185,39.88298999566346],[-87.53163001324785,39.47711001242281],[-87.6892199785909,39.476739992410074],[-87.68888999984677,39.487390003529654],[-87.96011998862612,39.48130000209407],[-87.96878002203435,39.79235997972939],[-87.93685999475218,39.79237001979704],[-87.93765002241804,39.879829978347026],[-87.61514002165612,39.881610021300084],[-87.61742985395614,39.86852999506988],[-87.55745010967175,39.86879005429983],[-87.581240024654,39.882230011692656],[-87.53312998110185,39.88298999566346]]]}},{"id":"53","type":"Feature","properties":{"COUNTY_NAM":"DOUGLAS"},"geometry":{"type":"Polygon","coordinates":[[[-87.93685999475218,39.79237001979704],[-87.96878002203435,39.79235997972939],[-87.96658003634742,39.68590000554761],[-88.06298000877202,39.68132001062597],[-88.06316000454325,39.65272998677884],[-88.47203001421539,39.65156998310278],[-88.47322002261774,39.791789931592874],[-88.46247001836407,39.79181999104844],[-88.46217999675882,39.87909999537495],[-87.93765002241804,39.879829978347026],[-87.93685999475218,39.79237001979704]]]}},{"id":"54","type":"Feature","properties":{"COUNTY_NAM":"MORGAN"},"geometry":{"type":"Polygon","coordinates":[[[-90.58375001141006,39.8764699834151],[-89.99441998337383,39.87279001329392],[-89.99358002153777,39.785369985136526],[-89.98558002429542,39.785359997318615],[-89.98470011182143,39.71794994533115],[-89.92460998058434,39.559219976007604],[-89.92603001186502,39.52207001371653],[-90.30171000053382,39.520380008706674],[-90.30051999387143,39.6365699820083],[-90.33812000226611,39.6365700557854],[-90.33780998204196,39.665480009880476],[-90.37283002288082,39.665900015348164],[-90.37118999390077,39.75319997918294],[-90.48311002357656,39.75332000665571],[-90.48298001741362,39.78915999923524],[-90.59895999928415,39.7900800066492],[-90.59578998780331,39.7969899806692],[-90.56573997871257,39.82883003413965],[-90.58231001966253,39.852440001511674],[-90.58584999070662,39.87371995128979],[-90.58375001141006,39.8764699834151]]]}},{"id":"55","type":"Feature","properties":{"COUNTY_NAM":"PIKE"},"geometry":{"type":"Polygon","coordinates":[[[-90.89317997784539,39.84095999225582],[-90.57171000628826,39.839099995665066],[-90.56658998209691,39.83297000998089],[-90.56724998280362,39.82578000759201],[-90.59696000867964,39.79546000464956],[-90.60768002900453,39.774109980600336],[-90.60785000304382,39.763599998947335],[-90.62879998281075,39.729450015189535],[-90.64142000865375,39.71706998962018],[-90.64645000488309,39.702680008556285],[-90.64465998938613,39.69270999350764],[-90.63444998553382,39.67405001598915],[-90.60868001655244,39.6397100009397],[-90.60683997649595,39.62453000545043],[-90.59241998722153,39.59672999313004],[-90.57269000719572,39.542569997724755],[-90.58160000561352,39.52730999160684],[-90.58159001816168,39.51352001247676],[-90.59245001394137,39.48477001366292],[-90.61042001134773,39.45751999475555],[-90.61634998026548,39.426569987132495],[-90.61342998993116,39.39568001812806],[-90.93686001795922,39.39931997886494],[-90.94435001150221,39.40574999046782],[-90.9930900269107,39.42209999381974],[-91.03351999695072,39.44543995405197],[-91.05845997650293,39.468120001846565],[-91.0623900266259,39.47560001617615],[-91.06839008418058,39.51794050084971],[-91.07314000171665,39.52810998847146],[-91.09826999370948,39.53827998240058],[-91.15161001009807,39.54693998521221],[-91.16781996980576,39.563900000136435],[-91.17437997788588,39.59233005512368],[-91.18178001229653,39.60246998367855],[-91.22931001464819,39.62080998213515],[-91.27481998659809,39.664739992842925],[-91.30215000275278,39.679439979364844],[-91.30615001013268,39.684719980777786],[-91.3475099706042,39.71069994667677],[-91.3699299764341,39.732839994790226],[-91.36505002509038,39.758780015697596],[-90.91589999365955,39.75730995281189],[-90.91671999848084,39.84478994832871],[-90.89317997784539,39.84095999225582]]]}},{"id":"56","type":"Feature","properties":{"COUNTY_NAM":"CHRISTIAN"},"geometry":{"type":"Polygon","coordinates":[[[-89.2488699844649,39.825550008153314],[-89.23630998331005,39.822080007270465],[-89.23624992617137,39.81763000858512],[-89.23159999017444,39.816210014158706],[-89.2340499751532,39.81296002207595],[-89.22434998570947,39.814950017148696],[-89.2101399493732,39.811000011493604],[-89.20731994756571,39.81618999513498],[-89.18790001123698,39.81777999661425],[-89.17873999868868,39.81095998716994],[-89.17105000419073,39.811570010070426],[-89.15700000508883,39.80289001889687],[-89.14177998242613,39.80071999063272],[-89.13909984072652,39.6551299895861],[-89.02573001644639,39.654649998172225],[-89.02538993146118,39.34591000540635],[-89.13977999156945,39.348890003832175],[-89.53074000588818,39.34889998721495],[-89.53502999018127,39.64115994800019],[-89.47845001531641,39.640779981655456],[-89.47900991352878,39.6839699859689],[-89.4248000194572,39.68368999323803],[-89.42526001622193,39.76233000136043],[-89.41805999229943,39.75947999891018],[-89.41931000455861,39.75162999072263],[-89.41002999274345,39.744000019014045],[-89.39794997949515,39.7420300037239],[-89.38653999755925,39.74513001690232],[-89.38524997876168,39.75322999687754],[-89.37403998009898,39.75871001176798],[-89.37119001010053,39.75494004098525],[-89.36255000072629,39.75578001481618],[-89.35885999386112,39.76166000823099],[-89.35863001711894,39.77022999328988],[-89.35410998936464,39.77193997975875],[-89.32861001379788,39.76337999942973],[-89.32465000534675,39.766740016826],[-89.32820001583882,39.76932998147819],[-89.31245000604044,39.77108999210045],[-89.30264002110356,39.775989982900235],[-89.2970900210135,39.78925998271774],[-89.29147002150052,39.79010001174847],[-89.29255998727815,39.79273998540767],[-89.28304998288041,39.793929999265345],[-89.2815099910556,39.79883999750553],[-89.26529999671085,39.80654996908534],[-89.26065001418434,39.805160011646144],[-89.2488699844649,39.825550008153314]]]}},{"id":"57","type":"Feature","properties":{"COUNTY_NAM":"MOULTRIE"},"geometry":{"type":"Polygon","coordinates":[[[-88.47322002261774,39.791789931592874],[-88.47047994574257,39.447250025123815],[-88.5842800736266,39.44756998137755],[-88.58447007474943,39.47698998089315],[-88.60319002362817,39.477019989658345],[-88.60318997731416,39.49157002006531],[-88.6221999322048,39.491919999569205],[-88.62232998038269,39.50644001436134],[-88.64113002070951,39.50667000621862],[-88.64149000761047,39.52095999517142],[-88.71699990965807,39.52122000165121],[-88.71758999267463,39.57925998395362],[-88.80905002627082,39.58017999122518],[-88.8127099826581,39.74062001700167],[-88.75729998995567,39.740029966704114],[-88.7584799882087,39.792080005362244],[-88.47322002261774,39.791789931592874]]]}},{"id":"58","type":"Feature","properties":{"COUNTY_NAM":"SCOTT"},"geometry":{"type":"Polygon","coordinates":[[[-90.59895999928415,39.7900800066492],[-90.48298001741362,39.78915999923524],[-90.48311002357656,39.75332000665571],[-90.37118999390077,39.75319997918294],[-90.37283002288082,39.665900015348164],[-90.33780998204196,39.665480009880476],[-90.33812000226611,39.6365700557854],[-90.30051999387143,39.6365699820083],[-90.30171000053382,39.520380008706674],[-90.58127996754351,39.521930010505315],[-90.58160000561352,39.52730999160684],[-90.57246001101177,39.54033000406159],[-90.57683000326638,39.55829998409079],[-90.59241998722153,39.59672999313004],[-90.60091997372861,39.60917999183773],[-90.60868001655244,39.6397100009397],[-90.63444998553382,39.67405001598915],[-90.64646001148846,39.70126000151379],[-90.64142000865375,39.71706998962018],[-90.6180599863278,39.74577001528107],[-90.60785000304382,39.763599998947335],[-90.60691998924933,39.77572997851786],[-90.59895999928415,39.7900800066492]]]}},{"id":"59","type":"Feature","properties":{"COUNTY_NAM":"COLES"},"geometry":{"type":"Polygon","coordinates":[[[-87.96658003634742,39.68590000554761],[-87.96011998862612,39.48130000209407],[-88.01392997200567,39.480719994010094],[-88.01207003135873,39.378949986859304],[-88.1856800044416,39.374999955928075],[-88.4708100033751,39.3745100004256],[-88.47203001421539,39.65156998310278],[-88.06316000454325,39.65272998677884],[-88.06298000877202,39.68132001062597],[-87.96658003634742,39.68590000554761]]]}},{"id":"60","type":"Feature","properties":{"COUNTY_NAM":"SHELBY"},"geometry":{"type":"Polygon","coordinates":[[[-88.81056998465507,39.65264002142522],[-88.80905002627082,39.58017999122518],[-88.71758999267463,39.57925998395362],[-88.71699990965807,39.52122000165121],[-88.64149000761047,39.52095999517142],[-88.64113002070951,39.50667000621862],[-88.62232998038269,39.50644001436134],[-88.6221999322048,39.491919999569205],[-88.60318997731416,39.49157002006531],[-88.60319002362817,39.477019989658345],[-88.58447007474943,39.47698998089315],[-88.5842800736266,39.44756998137755],[-88.47047994574257,39.447250025123815],[-88.47087007076071,39.214999984306544],[-89.13944999651028,39.217290019153424],[-89.13977999156945,39.348890003832175],[-89.02538993146118,39.34591000540635],[-89.02570002290481,39.65411996082489],[-88.81056998465507,39.65264002142522]]]}},{"id":"61","type":"Feature","properties":{"COUNTY_NAM":"MONTGOMERY"},"geometry":{"type":"Polygon","coordinates":[[[-89.53061999888132,39.34885000834103],[-89.13977999156945,39.348890003832175],[-89.13946000775245,39.217719993122145],[-89.25048999638463,39.21752999307774],[-89.25018998769833,39.028160000589864],[-89.58612002288284,39.02821000368103],[-89.585990023697,38.99932000290876],[-89.69784998406413,38.998979972318665],[-89.70348994227756,39.33281997993599],[-89.70356998975176,39.34804001210208],[-89.69907987928073,39.34803000616798],[-89.7016800406492,39.523320002220096],[-89.53351999351169,39.52458000990016],[-89.53061999888132,39.34885000834103]]]}},{"id":"62","type":"Feature","properties":{"COUNTY_NAM":"MACOUPIN"},"geometry":{"type":"Polygon","coordinates":[[[-89.70158999800007,39.52182998134325],[-89.69907987928073,39.34803000616798],[-89.70356998975176,39.34804001210208],[-89.70348994227756,39.33281997993599],[-89.69784998406413,38.998979972318665],[-90.1462999844867,38.99932999349965],[-90.14617996285027,39.16768998966034],[-90.15378999626351,39.52031000149693],[-89.70158999800007,39.52182998134325]]]}},{"id":"63","type":"Feature","properties":{"COUNTY_NAM":"GREENE"},"geometry":{"type":"Polygon","coordinates":[[[-90.58127996754351,39.521930010505315],[-90.15378999626351,39.52031000149693],[-90.14790997871594,39.26194001013184],[-90.19455000776209,39.26188998594275],[-90.19452001459526,39.2583399861075],[-90.20346000930033,39.25830999838863],[-90.20171998601764,39.2253400074029],[-90.31399000992465,39.22511999391318],[-90.31331001654308,39.174289988674396],[-90.48512001364897,39.175090020581955],[-90.4885600470798,39.16318999209927],[-90.49624000095027,39.16049005271257],[-90.49831001623485,39.16404000292957],[-90.50301000143013,39.164329992496135],[-90.50590001267,39.17327998844656],[-90.50270000667265,39.180709996210645],[-90.50709998962054,39.18518002911384],[-90.52283999955837,39.187189999376265],[-90.52712001541438,39.192439983181686],[-90.52891002192445,39.18792001324696],[-90.53272999449334,39.18752000028526],[-90.53706000876355,39.19283995743563],[-90.5431699884198,39.183310012741096],[-90.54601999374165,39.18408998766147],[-90.54576004651392,39.19012000850312],[-90.56383000860578,39.18432998981016],[-90.56530000819296,39.18747999190088],[-90.56180997830319,39.19093999352811],[-90.56587998372504,39.193679997325084],[-90.56719997269145,39.18342001564443],[-90.57034002161484,39.1826199991328],[-90.56722001473311,39.17971999444182],[-90.57323002163344,39.17752999393902],[-90.57315005870589,39.18416999591609],[-90.58032999852529,39.18445000134065],[-90.57831001995325,39.179840008975155],[-90.58207000184171,39.17702999180965],[-90.57566999979343,39.17353005800265],[-90.57499997473553,39.16691001424748],[-90.58532002316824,39.16105002128043],[-90.58692992453383,39.153920004699806],[-90.58239997773255,39.14418000973163],[-90.59745002581704,39.13708000852325],[-90.59646000078406,39.127270001235],[-90.60358000666837,39.117629987714885],[-90.61524000478414,39.143000005811075],[-90.61441997886713,39.15918001375997],[-90.61101001834147,39.170109996643916],[-90.59926000346829,39.18051002090057],[-90.59215000055707,39.195239994169235],[-90.59227001270118,39.21833997864938],[-90.59808999593376,39.243249994097276],[-90.6098399722339,39.26021994689444],[-90.60228000183206,39.29363999091968],[-90.61132000225858,39.31145999680227],[-90.62220997998855,39.36517000820921],[-90.62064001833771,39.3806599821211],[-90.61342998993116,39.39568001812806],[-90.61634998026548,39.426569987132495],[-90.61042001134773,39.45751999475555],[-90.59245001394137,39.48477001366292],[-90.58253001528124,39.51030998617588],[-90.58127996754351,39.521930010505315]]]}},{"id":"64","type":"Feature","properties":{"COUNTY_NAM":"CLARK"},"geometry":{"type":"Polygon","coordinates":[[[-87.68722001924253,39.487269946406585],[-87.6892199785909,39.476739992410074],[-87.53163001324785,39.47711001242281],[-87.5313999875898,39.347889982497776],[-87.54386996661336,39.35300995228362],[-87.5528900212501,39.34122001403178],[-87.58194996497247,39.33894001281054],[-87.58928001853391,39.33379000273988],[-87.6060500120758,39.3108999869678],[-87.62115001082478,39.305130032723326],[-87.61740000968274,39.30096000534742],[-87.60541997570652,39.30316002092638],[-87.5978395717045,39.29896918284786],[-87.60993998377666,39.28141998395835],[-87.60832000883926,39.277009988171855],[-87.60152000142655,39.274669954259615],[-87.60558999831711,39.261310035097516],[-87.59402002153534,39.24777000999793],[-87.58751997778934,39.249249990053045],[-87.58252000169317,39.25520000864457],[-87.575529995745,39.255859978808246],[-87.57132000743239,39.25254996629183],[-87.57298002252318,39.24703998070997],[-87.57930000846981,39.24407995841021],[-87.57499999943748,39.214830049620936],[-87.585529989139,39.2044999389818],[-87.58701998992423,39.19886999005421],[-87.60138999445454,39.19278999166312],[-87.6072200077896,39.184649985655085],[-87.6207300158445,39.18483001854759],[-87.6199299884215,39.170589987577294],[-87.64084005230822,39.16598998528104],[-87.64124998084617,39.16022001288436],[-87.62914000822676,39.15800001002947],[-87.65688001121188,39.15776999599485],[-87.6568199959705,39.17216998308281],[-87.74708000685229,39.172360002431205],[-87.74611001007762,39.179219988283364],[-88.00770998538435,39.173929990690574],[-88.01392997200567,39.480719994010094],[-87.68722001924253,39.487269946406585]]]}},{"id":"65","type":"Feature","properties":{"COUNTY_NAM":"CALHOUN"},"geometry":{"type":"Polygon","coordinates":[[[-90.93686001795922,39.39931997886494],[-90.61342998993116,39.39568001812806],[-90.62064001833771,39.3806599821211],[-90.62220997998855,39.36517000820921],[-90.61132000225858,39.31145999680227],[-90.60228000183206,39.29363999091968],[-90.6098399722339,39.26021994689444],[-90.59808999593376,39.243249994097276],[-90.59227001270118,39.21833997864938],[-90.59137001156695,39.19880000456406],[-90.59926000346829,39.18051002090057],[-90.61251001120407,39.16727000205842],[-90.61524000478414,39.143000005811075],[-90.60455998755816,39.121859980956714],[-90.60264998266341,39.109489995305495],[-90.58924000941806,39.076480018335445],[-90.58136999281373,39.064880006561566],[-90.59013001974118,39.049670004418175],[-90.57497999167464,39.031379991260465],[-90.57515002665889,39.00444998136669],[-90.56702998806242,38.98879999293047],[-90.5422100091252,38.964289977861995],[-90.52905999366845,38.955680006144384],[-90.51591001174022,38.954469991126956],[-90.48766001793432,38.96795998601569],[-90.45084001237464,38.967849990149105],[-90.47179998187183,38.9591399921687],[-90.4828000164031,38.944020009720205],[-90.48273000107183,38.93508998617426],[-90.48720998336304,38.92592001798912],[-90.50010998066126,38.91031998097336],[-90.54590006862021,38.87459998200336],[-90.56090999100464,38.86960000424028],[-90.58524002085282,38.86966997861925],[-90.62743999618512,38.890060005896984],[-90.63647002182107,38.904430018514695],[-90.66180005327054,38.924589990783296],[-90.66352001266314,38.93579999455814],[-90.67620992509038,38.961399997193375],[-90.67566998916215,38.98155002245417],[-90.67864998017112,38.99362002091057],[-90.71287001818717,39.05063999789275],[-90.71255000546407,39.056830012895624],[-90.70239001810428,39.06508998293507],[-90.69892999772051,39.073899989027886],[-90.68228998792065,39.08888999827192],[-90.68095998379395,39.10004998591418],[-90.68568999391555,39.11690000693278],[-90.70226997980238,39.137710006986275],[-90.70778999156084,39.15067001004684],[-90.71015002722943,39.17552999796816],[-90.71733998752123,39.19830001440899],[-90.71674997539307,39.21251001089933],[-90.72226998112976,39.22476995040057],[-90.72749000634437,39.25237001887447],[-90.73628000249417,39.260700007626646],[-90.75194000534643,39.2657300033861],[-90.76744000083342,39.279819979326504],[-90.77484000571184,39.292019986920394],[-90.7883500199388,39.300669990664744],[-90.7932000025231,39.30922998540865],[-90.8183800026166,39.32139001934187],[-90.84778999323458,39.345390014314745],[-90.89447012123922,39.36770997956031],[-90.90628999433429,39.38008999942288],[-90.93021000683486,39.38856999917571],[-90.93686001795922,39.39931997886494]]]}},{"id":"66","type":"Feature","properties":{"COUNTY_NAM":"CUMBERLAND"},"geometry":{"type":"Polygon","coordinates":[[[-88.012090009632,39.377279998050895],[-88.00770998538435,39.173929990690574],[-88.47076998703453,39.171469987554175],[-88.4708100033751,39.3745100004256],[-88.012090009632,39.377279998050895]]]}},{"id":"67","type":"Feature","properties":{"COUNTY_NAM":"JERSEY"},"geometry":{"type":"Polygon","coordinates":[[[-90.19455000776209,39.26188998594275],[-90.14790997871594,39.26194001013184],[-90.1462999844867,38.99932999349965],[-90.2739599769596,38.99982000450262],[-90.27564997975307,38.92332001828151],[-90.30736999447797,38.92361002102671],[-90.3926999915037,38.959049954165216],[-90.43968000983209,38.96741000974413],[-90.48766001793432,38.96795998601569],[-90.51591001174022,38.954469991126956],[-90.52416997480593,38.95438000290495],[-90.5422100091252,38.964289977861995],[-90.57026999464483,38.993000009275626],[-90.57671999902931,39.01107999895011],[-90.57497999167464,39.031379991260465],[-90.59013001974118,39.049670004418175],[-90.58136999281373,39.064880006561566],[-90.58924000941806,39.076480018335445],[-90.60358000666837,39.117629987714885],[-90.59646000078406,39.127270001235],[-90.59745002581704,39.13708000852325],[-90.58254998022848,39.14375001587469],[-90.5870000254053,39.154340016255894],[-90.58532002316824,39.16105002128043],[-90.57499997473553,39.16691001424748],[-90.57566999979343,39.17353005800265],[-90.58207000184171,39.17702999180965],[-90.57831001995325,39.179840008975155],[-90.58007004281835,39.184739985403525],[-90.57315005870589,39.18416999591609],[-90.57457001249425,39.17876003923018],[-90.57192999671719,39.17744998460865],[-90.56612999538409,39.18073998537071],[-90.57034002161484,39.1826199991328],[-90.56719997269145,39.18342001564443],[-90.56587998372504,39.193679997325084],[-90.56180997830319,39.19093999352811],[-90.56530000819296,39.18747999190088],[-90.56393004814322,39.18437002242353],[-90.54576004651392,39.19012000850312],[-90.54402001537939,39.18315004803222],[-90.53720000016256,39.19280999148398],[-90.53027001669466,39.18734999746682],[-90.52679002009518,39.19237002007132],[-90.52283999955837,39.187189999376265],[-90.51124998673889,39.18674998139319],[-90.5034400048838,39.18198997950429],[-90.50576999497169,39.172499979226814],[-90.50230999642025,39.163269979550925],[-90.49831001623485,39.16404000292957],[-90.49624000095027,39.16049005271257],[-90.4885600470798,39.16318999209927],[-90.48512001364897,39.175090020581955],[-90.31331001654308,39.174289988674396],[-90.31399000992465,39.22511999391318],[-90.20171998601764,39.2253400074029],[-90.20346000930033,39.25830999838863],[-90.19452001459526,39.2583399861075],[-90.19455000776209,39.26188998594275]]]}},{"id":"68","type":"Feature","properties":{"COUNTY_NAM":"EFFINGHAM"},"geometry":{"type":"Polygon","coordinates":[[[-88.47087007076071,39.214999984306544],[-88.47076998703453,39.171469987554175],[-88.3606199759121,39.17111991965237],[-88.36172999249234,38.91083001005623],[-88.58290998414778,38.915189992387255],[-88.80677001775453,38.91168001065667],[-88.80527998174438,39.21622000817954],[-88.47087007076071,39.214999984306544]]]}},{"id":"69","type":"Feature","properties":{"COUNTY_NAM":"FAYETTE"},"geometry":{"type":"Polygon","coordinates":[[[-88.80527998174438,39.21622000817954],[-88.80677001775453,38.91168001065667],[-88.69347001986164,38.91463001556492],[-88.69514999290664,38.82624001290452],[-89.13812982566958,38.824119999048726],[-89.1384199752075,38.73638000518311],[-89.25409998095965,38.741979981708745],[-89.25728000674648,38.99903994668152],[-89.2501600143092,38.99906997889591],[-89.25048999638463,39.21752999307774],[-88.80527998174438,39.21622000817954]]]}},{"id":"70","type":"Feature","properties":{"COUNTY_NAM":"CRAWFORD"},"geometry":{"type":"Polygon","coordinates":[[[-87.74587997766216,39.17904003479744],[-87.74708000685229,39.172360002431205],[-87.6568199959705,39.17216998308281],[-87.65688001121188,39.15776999599485],[-87.62914000822676,39.15800001002947],[-87.62791002384259,39.15704001665113],[-87.63236998162938,39.153030018338114],[-87.64169002378759,39.15763999373735],[-87.65302998729467,39.14890999185067],[-87.65810998284955,39.134770003982666],[-87.64400998302162,39.12937999892815],[-87.64200999425864,39.123519993299126],[-87.63569998447508,39.122849982968255],[-87.63213998451049,39.11829997283877],[-87.63626000386526,39.11440000649704],[-87.65035997985113,39.11663998129083],[-87.65456001461584,39.112520018709965],[-87.65410998202455,39.10851000605616],[-87.6467300087121,39.1041400225668],[-87.61569003080773,39.103610002979266],[-87.61366002543724,39.09869000582984],[-87.62056997813033,39.091279993379395],[-87.62047999911962,39.08682000379066],[-87.61387997705825,39.08158996059691],[-87.59574998918988,39.07938999953685],[-87.57292000881816,39.05783001093714],[-87.57193001322102,39.05118001257267],[-87.58041000964342,39.04038999267917],[-87.56917999318895,39.0198999907315],[-87.57899000560333,39.00003003882993],[-87.5605300230126,38.99210998733607],[-87.56460995773679,38.98882997816547],[-87.57695000975255,38.99123998792451],[-87.57831998587604,38.98842998868756],[-87.52957002660314,38.971910017015986],[-87.5238200041078,38.96234001160048],[-87.51226998746463,38.95423997989111],[-87.51365996467351,38.94890997746966],[-87.52193999992713,38.940920006186786],[-87.51669000045578,38.93364999353272],[-87.51873999270373,38.92328999718278],[-87.52781997526793,38.919360002273834],[-87.5271900229282,38.90709001715342],[-87.51702998476306,38.903730012932414],[-87.5337199983958,38.900920008189445],[-87.53666998121818,38.89536999756006],[-87.53591999692172,38.88711999246466],[-87.53888001794202,38.89586997833077],[-87.54413001436285,38.89519997554899],[-87.54463001486809,38.889390004217844],[-87.53807000150553,38.88547998160271],[-87.53491001054839,38.879199983802295],[-87.54737999848567,38.87555001605856],[-87.54366999400847,38.86378000278574],[-87.55377000771965,38.86313995554288],[-87.5477800178459,38.85803005319111],[-87.53015135374665,38.852310130348606],[-87.68450998302774,38.85217998671887],[-87.78694001382387,38.848759982566925],[-87.9458600255592,38.85012000708258],[-87.94664000341889,39.083829996603946],[-87.95050013383991,39.17490996476223],[-87.74587997766216,39.17904003479744]]]}},{"id":"71","type":"Feature","properties":{"COUNTY_NAM":"JASPER"},"geometry":{"type":"Polygon","coordinates":[[[-87.95049920985515,39.174863450419025],[-87.94664000341889,39.083829996603946],[-87.9458600255592,38.85012000708258],[-88.18508999412941,38.84688002007241],[-88.36168999819914,38.85190999771033],[-88.3606199759121,39.17111991965237],[-87.95049920985515,39.174863450419025]]]}},{"id":"72","type":"Feature","properties":{"COUNTY_NAM":"BOND"},"geometry":{"type":"Polygon","coordinates":[[[-89.58612002288284,39.02821000368103],[-89.25018998769833,39.028160000589864],[-89.2501600143092,38.99906997889591],[-89.25728000674648,38.99903994668152],[-89.25409998095965,38.741979981708745],[-89.48395001396108,38.740519944021386],[-89.59725998892185,38.74324998444609],[-89.59956998792892,38.87449001388939],[-89.6368199832512,38.87425000401039],[-89.63926003316372,38.999159991507184],[-89.585990023697,38.99932000290876],[-89.58612002288284,39.02821000368103]]]}},{"id":"73","type":"Feature","properties":{"COUNTY_NAM":"MADISON"},"geometry":{"type":"Polygon","coordinates":[[[-90.2739599769596,38.99982000450262],[-89.63926003316372,38.999159991507184],[-89.6368199832512,38.87425000401039],[-89.59956998792892,38.87449001388939],[-89.59514992218568,38.65593995443012],[-90.18162998759145,38.660279989875235],[-90.18781001240262,38.67753998990943],[-90.21040000628994,38.70458999337125],[-90.21290997713095,38.71338998237464],[-90.20905000778852,38.72797001122876],[-90.19758999252858,38.739670005893146],[-90.17925999777762,38.75005998361144],[-90.16562998289902,38.77317999900913],[-90.14426999683171,38.7834200035554],[-90.12105000968099,38.80012999816193],[-90.11012005171665,38.83341982650775],[-90.10691999557916,38.833440014550796],[-90.10582000776972,38.83819999750292],[-90.10953998793698,38.846539990601954],[-90.11921997312476,38.853420016124986],[-90.1734299892714,38.87643004228662],[-90.18863999602324,38.8860500371789],[-90.19753005520826,38.88771000616576],[-90.22692999370035,38.90926002006245],[-90.25235000078845,38.919919995734126],[-90.27564997975307,38.92332001828151],[-90.2739599769596,38.99982000450262]]]}},{"id":"74","type":"Feature","properties":{"COUNTY_NAM":"CLAY"},"geometry":{"type":"Polygon","coordinates":[[[-88.54850001876913,38.914969999125056],[-88.36172999249234,38.91083001005623],[-88.36168999819914,38.85190999771033],[-88.25860998364502,38.8474899862021],[-88.25779001710787,38.73088999467181],[-88.2833600533715,38.731750017307284],[-88.28413998851678,38.7278500183665],[-88.28682995115314,38.72808000674509],[-88.28250006972497,38.72555998895662],[-88.28580000975701,38.719969977271994],[-88.28156999189015,38.72043000174158],[-88.28654001242394,38.71708000160327],[-88.28215001277889,38.71627999848768],[-88.28613997915303,38.7110599943641],[-88.28224001149304,38.708020002231116],[-88.28605999959487,38.707530038917554],[-88.28397000774356,38.705510021050145],[-88.28630002518658,38.70184998801448],[-88.28144001145799,38.69553001661702],[-88.28513997846376,38.69441998682206],[-88.28174002398968,38.69043000482499],[-88.2849700081487,38.68919999959902],[-88.28153993995679,38.68352001623342],[-88.28442001007096,38.681589998431704],[-88.27824998221635,38.675820000837945],[-88.27946992419584,38.66976999742735],[-88.27218999886132,38.66319998434088],[-88.27577002849966,38.66161004376502],[-88.2730000123428,38.65785999863725],[-88.27533999837448,38.65446000278953],[-88.29098001085708,38.64365997788715],[-88.2867899860611,38.64274001738944],[-88.29333999879054,38.641819979810414],[-88.29737001323849,38.634439979081804],[-88.28879998858507,38.62971000015437],[-88.29194999750851,38.62610001563626],[-88.2809300195471,38.62472002254568],[-88.28616998184548,38.61945002914306],[-88.28126998938748,38.61671000328011],[-88.27840998534523,38.62061001354349],[-88.27735001151228,38.61585000853087],[-88.27335002493932,38.61960999526623],[-88.26928998423999,38.61869999180535],[-88.27091996255623,38.61191997808467],[-88.26660998136676,38.612770009531516],[-88.26317003133074,38.608549990988145],[-88.2591699844005,38.609110007711266],[-88.2602500052064,38.606669984297696],[-88.2523899879063,38.605560000385196],[-88.24909998367417,38.60191001520325],[-88.25070001648054,38.59976999368328],[-88.58453999643409,38.607299987024085],[-88.69837001211909,38.60604001972388],[-88.69347001986164,38.91463001556492],[-88.54850001876913,38.914969999125056]]]}},{"id":"75","type":"Feature","properties":{"COUNTY_NAM":"LAWRENCE"},"geometry":{"type":"Polygon","coordinates":[[[-87.52655294741272,38.85005230667916],[-87.5265400644653,38.837340005803036],[-87.52170001322145,38.827189987771526],[-87.52739001876076,38.817959994807616],[-87.495439982917,38.78371998725954],[-87.50005000160634,38.7756799652054],[-87.51502998973582,38.77072001451454],[-87.51076001228279,38.7670699656847],[-87.5031300088961,38.76931999165797],[-87.49741001231781,38.76718001326647],[-87.50417002199873,38.748430016243994],[-87.49594000980585,38.74015999664825],[-87.50620002053893,38.733840016869095],[-87.50806998011653,38.726320012828786],[-87.51888998630905,38.7122799981084],[-87.51984002049088,38.696760003813495],[-87.53179997183899,38.683639988528455],[-87.54396000490014,38.6778600121206],[-87.5743400202198,38.673650020522],[-87.59480002149213,38.66665999451847],[-87.60145998359671,38.660449954961706],[-87.6058800113318,38.64656001683592],[-87.61945997564018,38.64037000568282],[-87.62090997714184,38.63622000994461],[-87.61551002669039,38.62506001265904],[-87.62239000972617,38.61891001113459],[-87.62137999572148,38.61188001347886],[-87.62759000488732,38.60626003700898],[-87.62317999587972,38.596049985736855],[-87.61171999565083,38.59411999549636],[-87.61290001149843,38.588389984672055],[-87.62297002221982,38.58608999565416],[-87.63780000823519,38.5926999838406],[-87.64067001735815,38.58791001647257],[-87.63863999844003,38.57555999101881],[-87.65166997965224,38.56815001719464],[-87.91231987581843,38.5701799430065],[-87.90984000557103,38.58997998580431],[-87.90806986679983,38.85008995849924],[-87.78694001382387,38.848759982566925],[-87.57268006970173,38.852440008925576],[-87.53015135374665,38.852310130348606],[-87.52655294741272,38.85005230667916]]]}},{"id":"76","type":"Feature","properties":{"COUNTY_NAM":"RICHLAND"},"geometry":{"type":"Polygon","coordinates":[[[-87.90806986679983,38.85008995849924],[-87.90984000557103,38.58997998580431],[-87.91234007587569,38.56991996310126],[-88.14778000607154,38.56902001344981],[-88.148229987821,38.597850014069245],[-88.25390998236175,38.59939000851018],[-88.24915000048387,38.60151002173773],[-88.25193001311715,38.605279995597265],[-88.2602500052064,38.606669984297696],[-88.2591699844005,38.609110007711266],[-88.26317003133074,38.608549990988145],[-88.26660998136676,38.612770009531516],[-88.27091996255623,38.61191997808467],[-88.26883001041769,38.61810998546642],[-88.27114002491692,38.61958001053837],[-88.27735001151228,38.61585000853087],[-88.27909997243127,38.620770014509866],[-88.27859999222385,38.61755999550625],[-88.28222003600798,38.616830013694496],[-88.28649996736745,38.620099990537526],[-88.2809300195471,38.62472002254568],[-88.29194999750851,38.62610001563626],[-88.28879998858507,38.62971000015437],[-88.29732999882177,38.63427999189795],[-88.29333999879054,38.641819979810414],[-88.2867899860611,38.64274001738944],[-88.29098001085708,38.64365997788715],[-88.27533999837448,38.65446000278953],[-88.2730000123428,38.65785999863725],[-88.27577002849966,38.66161004376502],[-88.27218999886132,38.66319998434088],[-88.27946992419584,38.66976999742735],[-88.27824998221635,38.675820000837945],[-88.28442001007096,38.681589998431704],[-88.28153993995679,38.68352001623342],[-88.2849700081487,38.68919999959902],[-88.28174002398968,38.69043000482499],[-88.28513997846376,38.69441998682206],[-88.28144001145799,38.69553001661702],[-88.28630002518658,38.70184998801448],[-88.28397000774356,38.705510021050145],[-88.28605999959487,38.707530038917554],[-88.28224001149304,38.708020002231116],[-88.28613997915303,38.7110599943641],[-88.28215001277889,38.71627999848768],[-88.28654001242394,38.71708000160327],[-88.28156999189015,38.72043000174158],[-88.28580000975701,38.719969977271994],[-88.28250006972497,38.72555998895662],[-88.28682995115314,38.72808000674509],[-88.28413998851678,38.7278500183665],[-88.2833600533715,38.731750017307284],[-88.25779001710787,38.73088999467181],[-88.25860998364502,38.8474899862021],[-87.90806986679983,38.85008995849924]]]}},{"id":"77","type":"Feature","properties":{"COUNTY_NAM":"MARION"},"geometry":{"type":"Polygon","coordinates":[[[-88.69514999290664,38.82624001290452],[-88.69898009034176,38.474909983080494],[-88.92241997593361,38.47696000727087],[-89.14424997709149,38.47388998358894],[-89.13812982566958,38.824119999048726],[-88.69514999290664,38.82624001290452]]]}},{"id":"78","type":"Feature","properties":{"COUNTY_NAM":"CLINTON"},"geometry":{"type":"Polygon","coordinates":[[[-89.25409998095965,38.741979981708745],[-89.13838002815899,38.736439993664575],[-89.14381001844434,38.502899982576096],[-89.24604001442643,38.50801999921712],[-89.25246998217,38.50599000895078],[-89.25363997618919,38.509439989329664],[-89.26024000251073,38.50721998754402],[-89.26394001541189,38.51042001899946],[-89.27241001625978,38.50424999986096],[-89.27326000538987,38.507179994475415],[-89.27761998368528,38.50489999168228],[-89.27782000641547,38.507950019166614],[-89.28412005920944,38.50620001565018],[-89.28494999232599,38.509590090876834],[-89.28994001183435,38.50862000541613],[-89.28907002009886,38.50542000822233],[-89.2946199981281,38.507789982420014],[-89.29383999836799,38.50459000658174],[-89.29889999781332,38.50582998559409],[-89.2982100050695,38.509199985752296],[-89.3016800461985,38.5083000763694],[-89.29998998521432,38.51097000600306],[-89.30829001067356,38.508510017191945],[-89.31110998482716,38.51257002323772],[-89.31682999221404,38.508520029639016],[-89.32351002442364,38.51054998422465],[-89.32256000640453,38.51302001481703],[-89.32618998899491,38.511300016898026],[-89.32608997249395,38.51365000180416],[-89.33233002187853,38.51001001143881],[-89.33040998529252,38.51219999506926],[-89.33822999052241,38.51096998683265],[-89.33955000726971,38.51333002422354],[-89.34297000766362,38.510369986755855],[-89.34562001256784,38.51293001013632],[-89.34548001739353,38.51000998729207],[-89.3470900071742,38.513089994629155],[-89.34497998008788,38.514379998221536],[-89.35102996946453,38.51862999185401],[-89.3586600015586,38.517910010433326],[-89.35726998958162,38.51503001679096],[-89.36122001039746,38.515080002636225],[-89.35943003098807,38.5087099807252],[-89.36350995223825,38.510640001100484],[-89.3663700518623,38.508149989119254],[-89.36095998576319,38.5062300011611],[-89.36830997778195,38.505050003588885],[-89.36492999844728,38.50104000490537],[-89.36888002067158,38.500429990196274],[-89.36725001967064,38.49800999783759],[-89.37006001618202,38.49982999573774],[-89.37309084354553,38.496890375481854],[-89.37282998485489,38.50053000081412],[-89.38015998404744,38.49433000146171],[-89.37911998618532,38.496809984877224],[-89.38203999521967,38.49744999564184],[-89.38546000975832,38.494310049729364],[-89.3876899931887,38.49721999938144],[-89.38906998504275,38.4941200086692],[-89.39809999836656,38.49487000882023],[-89.39568997206446,38.490289953552114],[-89.40104995395531,38.48912998698361],[-89.40166999175027,38.4945199876848],[-89.40571998810287,38.4957800194246],[-89.41072007066752,38.487390005304036],[-89.41741007837759,38.4943399911329],[-89.42834997297369,38.49914999699459],[-89.43375002689015,38.495230022308135],[-89.43435001571903,38.490840013957694],[-89.44846002348409,38.48931001413688],[-89.4553799742745,38.47977999172121],[-89.4815500024181,38.46871994097132],[-89.4903800221494,38.47778999925439],[-89.4933600132358,38.47523998038725],[-89.49064003041785,38.47168001595719],[-89.5018399324608,38.474530006882205],[-89.51382998898028,38.47261001191239],[-89.52453998113376,38.47935001383129],[-89.52829003623101,38.47724000887492],[-89.52822998057557,38.48107001022582],[-89.53130997260531,38.47873000768646],[-89.54028997216682,38.48061998094743],[-89.54117000296559,38.474080014445825],[-89.54998992843667,38.477309990465464],[-89.55186001044665,38.47537998588823],[-89.55227999826262,38.47832999738979],[-89.568400042606,38.47581994805579],[-89.5658300108979,38.48327001539664],[-89.56812998825146,38.481019989342265],[-89.57330999773637,38.48249999895164],[-89.57439998051504,38.47762001053523],[-89.57748007224352,38.48347005027289],[-89.58888001115112,38.47564999704681],[-89.6077099719581,38.474980002177446],[-89.61526001489574,38.47224000356159],[-89.62327999447807,38.46078000789794],[-89.62877000256627,38.46367999677937],[-89.62669001779588,38.453849988425304],[-89.62933998490723,38.44988998283909],[-89.63453002084351,38.45203999718295],[-89.63289002520135,38.44733000211012],[-89.63792000042262,38.45025998133515],[-89.63859000615031,38.4453399870777],[-89.64596999861165,38.44804998530927],[-89.6470999835953,38.44600999357351],[-89.64325001193798,38.444050022529396],[-89.64517998433917,38.4414000081492],[-89.66431999038606,38.44522001733437],[-89.66848998850209,38.4410400149982],[-89.66842998049401,38.43530998526197],[-89.66525000413223,38.43475001439978],[-89.66796998201683,38.43192999042885],[-89.67429000476866,38.43470001036566],[-89.67222001095323,38.42920999056679],[-89.6777799873569,38.432159984835025],[-89.67727000568006,38.424939988536735],[-89.6856100074606,38.42542000504504],[-89.68349002302793,38.42885999886233],[-89.68697997568445,38.43007001322492],[-89.68887001463781,38.426519987667085],[-89.6965299856239,38.4250599829694],[-89.69211000687272,38.41983998508493],[-89.69496999766791,38.41663999205721],[-89.70435001435415,38.41852002066894],[-89.70709008589552,38.65503999298488],[-89.59514992218568,38.65593995443012],[-89.59725998892185,38.74324998444609],[-89.48395001396108,38.740519944021386],[-89.25409998095965,38.741979981708745]]]}},{"id":"79","type":"Feature","properties":{"COUNTY_NAM":"ST. CLAIR"},"geometry":{"type":"Polygon","coordinates":[[[-90.18162998759145,38.660279989875235],[-89.70709008589552,38.65503999298488],[-89.70325001768002,38.21939998683193],[-89.89899999975943,38.220729999877705],[-89.9044000104163,38.227680035321285],[-89.89734002114169,38.22886997895834],[-89.89749000349903,38.2321599982401],[-89.90841998438322,38.237579993511716],[-89.90636998846524,38.240250006154675],[-89.90880998960905,38.244899998593105],[-89.91709999470623,38.25139999228284],[-89.9131000280448,38.25489999949403],[-89.91423000689085,38.25896002215829],[-89.92366000889017,38.26903001767457],[-89.92058001686019,38.27226000469748],[-89.9249300101159,38.27279998288825],[-89.91940001257112,38.28629000784486],[-89.91116001791093,38.28485001771827],[-89.9173700251902,38.280640017020566],[-89.91365001995564,38.276919980375176],[-89.90678001387842,38.27707999266577],[-89.90258998701,38.28168996422365],[-89.9012599732294,38.287749996019876],[-89.9067699856909,38.29336998088777],[-89.90408002514144,38.29783998010234],[-89.91243001804077,38.30741997888797],[-90.03595997138576,38.309009984728945],[-90.03601001315066,38.323490010855345],[-90.14451998036155,38.41122999453928],[-90.14536005719846,38.42637000223063],[-90.2639300247402,38.52067999676714],[-90.24791999198044,38.54735001887381],[-90.22873002595044,38.57047004406956],[-90.19257000026764,38.59866001656687],[-90.17879998788182,38.629170015678945],[-90.17766002126083,38.64097999051279],[-90.18162998759145,38.660279989875235]]]}},{"id":"80","type":"Feature","properties":{"COUNTY_NAM":"WAYNE"},"geometry":{"type":"Polygon","coordinates":[[[-88.58453999643409,38.607299987024085],[-88.148229987821,38.597850014069245],[-88.15089001071894,38.256139990397486],[-88.70239991725606,38.25666010857117],[-88.69837001211909,38.60604001972388],[-88.58453999643409,38.607299987024085]]]}},{"id":"81","type":"Feature","properties":{"COUNTY_NAM":"WABASH"},"geometry":{"type":"Polygon","coordinates":[[[-87.65166997965224,38.56815001719464],[-87.65071000835405,38.55640000032424],[-87.66608999136916,38.54947999608775],[-87.67017999277955,38.54430999810278],[-87.65630999944612,38.52176998497315],[-87.64577999319052,38.514649979353344],[-87.64593999670006,38.508739984788996],[-87.6585200230125,38.50160001076203],[-87.67162999951523,38.50768999305822],[-87.68366999614095,38.493480007375894],[-87.69249998282962,38.488139984617746],[-87.71381002562181,38.47981000073995],[-87.73510998443275,38.4801200081213],[-87.747150017375,38.47504001723689],[-87.75666999905809,38.46158998741058],[-87.7562900217647,38.45672999543764],[-87.73659002332819,38.45322001078293],[-87.73048001147114,38.44561998493266],[-87.74160999812285,38.435999985118904],[-87.74579997789651,38.40828998484523],[-87.77982001003903,38.37074001182995],[-87.80587997282122,38.36297999725316],[-87.82326002034266,38.346079990818424],[-87.83318998538664,38.32248000281111],[-87.83120993787536,38.29823000611523],[-87.84149000177256,38.279459987373855],[-87.8513500072898,38.275089982897555],[-87.86149998018173,38.2778899933745],[-87.86623000148225,38.29067998995487],[-87.86060001932701,38.306059995195035],[-87.87041002228234,38.31212999456731],[-87.87905998047036,38.306920004809065],[-87.887439996121,38.285519986310625],[-87.90929997993263,38.26831000026891],[-87.91628001242294,38.26924000037904],[-87.91943000543638,38.27451000239202],[-87.90796000898217,38.291919971265294],[-87.90912001644033,38.29575001881855],[-87.91845998498407,38.299449984451094],[-87.93500002010649,38.29494999422013],[-87.94028002231582,38.28103999702589],[-87.95219001775283,38.273240007614106],[-87.95078000085745,38.26796998540245],[-87.94214994402522,38.26297001698837],[-87.94233999779729,38.25839001507726],[-87.95713997144631,38.25078001386971],[-87.95795000678083,38.23980998213585],[-87.96090999813933,38.236889991376444],[-87.96943998342044,38.23788001171033],[-87.97091997356662,38.24523998042803],[-87.98137998397446,38.25594999244827],[-87.99021999502212,38.25801999480182],[-87.9921400224307,38.26247001425729],[-87.9891799854336,38.27335999361763],[-87.98448001474176,38.274399990162024],[-87.97900002345342,38.27105998201896],[-87.97860996725902,38.27383999324611],[-87.972670006372,38.274360013118205],[-87.97793999554122,38.27696993793637],[-87.97527000880349,38.2778700131516],[-87.97763001119742,38.28259998488503],[-87.96700000090807,38.28417998393406],[-87.96073000600302,38.291169998149805],[-87.95106999185076,38.29021000193246],[-87.95685999100091,38.29947998977601],[-87.95269000105901,38.303269997353574],[-87.95702002237203,38.30601000424652],[-87.94575001524193,38.309599989915746],[-87.94846003805098,38.312650011039175],[-87.94696998191039,38.31863000238342],[-87.95784002869429,38.319330014529164],[-87.95387999348176,38.33846999882242],[-87.95798006099923,38.34817999348014],[-87.96748995665999,38.35393000813003],[-87.9772100214595,38.37787000982431],[-87.97310999817013,38.38933999364825],[-87.96488001714847,38.39109001715993],[-87.96594999399721,38.39533998989181],[-87.97202999722079,38.39499999109189],[-87.97602998645603,38.4007000118566],[-87.97046997683401,38.40222000475329],[-87.97043998660551,38.41018000169277],[-87.96566005866318,38.41133998476682],[-87.95984003600871,38.42014000747526],[-87.95179999184971,38.418399996201394],[-87.95069997578906,38.42315999459511],[-87.95544000571772,38.42537996068507],[-87.94764001303106,38.42905999446764],[-87.95289000625674,38.431429993126876],[-87.94750000522318,38.4382699821892],[-87.94879001054358,38.44207000474815],[-87.94472001174083,38.4431699888481],[-87.94887999393376,38.44500999295653],[-87.94380001067502,38.44669000136822],[-87.94687001774298,38.44904001404053],[-87.94273998967776,38.44919000907014],[-87.94818001384282,38.4536600153139],[-87.94323999930707,38.45636001561386],[-87.94748000298374,38.458380016345096],[-87.94182998742741,38.46239001998344],[-87.94817997934074,38.46383998720756],[-87.94410999084779,38.46755003470601],[-87.94767997256625,38.468730014992495],[-87.94508003323322,38.47246999764683],[-87.94848999745172,38.47119003103455],[-87.95048999384261,38.47640999402316],[-87.94754001132054,38.47620001789912],[-87.94812999995696,38.479089981010624],[-87.95327006382945,38.48009001946552],[-87.95347998448267,38.48398001959961],[-87.94910997528616,38.486029997852896],[-87.9559499951038,38.49003001846374],[-87.95328999183587,38.492980011659405],[-87.95697999925548,38.49701999686286],[-87.95304001273462,38.50053999360608],[-87.95397000651128,38.50385997816662],[-87.94768001417123,38.50576000525424],[-87.94895999717079,38.50834998994932],[-87.95249998168423,38.50735998905317],[-87.95333000096593,38.51080000256445],[-87.94822000609669,38.51406002581663],[-87.95504999702557,38.514349991325986],[-87.95324999440662,38.51929000851132],[-87.941759992703,38.5279100065657],[-87.93710000976782,38.52810000470598],[-87.94374001639513,38.54104999990808],[-87.95270997606464,38.543339988473726],[-87.95040005406067,38.547240012717964],[-87.9546000095891,38.55332001519571],[-87.95230998405933,38.55482000667395],[-87.95865999111741,38.56148999046587],[-87.9556999830919,38.56965001990351],[-87.65166997965224,38.56815001719464]]]}},{"id":"82","type":"Feature","properties":{"COUNTY_NAM":"EDWARDS"},"geometry":{"type":"Polygon","coordinates":[[[-87.9557649700585,38.569490773204905],[-87.95865999111741,38.56148999046587],[-87.95230998405933,38.55482000667395],[-87.9546000095891,38.55332001519571],[-87.95040005406067,38.547240012717964],[-87.95270997606464,38.543339988473726],[-87.94374001639513,38.54104999990808],[-87.93710000976782,38.52810000470598],[-87.941759992703,38.5279100065657],[-87.95324999440662,38.51929000851132],[-87.95504999702557,38.514349991325986],[-87.94822000609669,38.51406002581663],[-87.95333000096593,38.51080000256445],[-87.95249998168423,38.50735998905317],[-87.94895999717079,38.50834998994932],[-87.94768001417123,38.50576000525424],[-87.95397000651128,38.50385997816662],[-87.95304001273462,38.50053999360608],[-87.95697999925548,38.49701999686286],[-87.95328999183587,38.492980011659405],[-87.9559499951038,38.49003001846374],[-87.94910997528616,38.486029997852896],[-87.95347998448267,38.48398001959961],[-87.95327006382945,38.48009001946552],[-87.94812999995696,38.479089981010624],[-87.94754001132054,38.47620001789912],[-87.95048999384261,38.47640999402316],[-87.94848999745172,38.47119003103455],[-87.94508003323322,38.47246999764683],[-87.94767997256625,38.468730014992495],[-87.94410999084779,38.46755003470601],[-87.94817997934074,38.46383998720756],[-87.94182998742741,38.46239001998344],[-87.94748000298374,38.458380016345096],[-87.94323999930707,38.45636001561386],[-87.94818001384282,38.4536600153139],[-87.94273998967776,38.44919000907014],[-87.94687001774298,38.44904001404053],[-87.94380001067502,38.44669000136822],[-87.94887999393376,38.44500999295653],[-87.94472001174083,38.4431699888481],[-87.94879001054358,38.44207000474815],[-87.94750000522318,38.4382699821892],[-87.95289000625674,38.431429993126876],[-87.94764001303106,38.42905999446764],[-87.95544000571772,38.42537996068507],[-87.95069997578906,38.42315999459511],[-87.95179999184971,38.418399996201394],[-87.95984003600871,38.42014000747526],[-87.96566005866318,38.41133998476682],[-87.97043998660551,38.41018000169277],[-87.97046997683401,38.40222000475329],[-87.97602998645603,38.4007000118566],[-87.97202999722079,38.39499999109189],[-87.96594999399721,38.39533998989181],[-87.96488001714847,38.39109001715993],[-87.97310999817013,38.38933999364825],[-87.9772100214595,38.37787000982431],[-87.96748995665999,38.35393000813003],[-87.95798006099923,38.34817999348014],[-87.95387999348176,38.33846999882242],[-87.95784002869429,38.319330014529164],[-87.94681999925433,38.31845998848053],[-87.94903002288437,38.317090019140934],[-87.94608997274294,38.315300041384624],[-87.94846003805098,38.312650011039175],[-87.94613001709509,38.30880999830446],[-87.95702002237203,38.30601000424652],[-87.95269000105901,38.303269997353574],[-87.95685999100091,38.29947998977601],[-87.95096000317616,38.290330008226704],[-87.96073000600302,38.291169998149805],[-87.96700000090807,38.28417998393406],[-87.97763001119742,38.28259998488503],[-87.97527000880349,38.2778700131516],[-87.97793999554122,38.27696993793637],[-87.97274001505271,38.27422000040312],[-87.97860996725902,38.27383999324611],[-87.97908999288472,38.271030001145085],[-87.98448001474176,38.274399990162024],[-87.9891799854336,38.27335999361763],[-87.98898997116572,38.26879997590325],[-87.99157001595316,38.26955999228798],[-87.9903000259151,38.25975002221987],[-88.02764997265947,38.25979000649228],[-88.02771000844473,38.255639996284685],[-88.15089001071894,38.256139990397486],[-88.14767001896104,38.569020009996194],[-87.9557649700585,38.569490773204905]]]}},{"id":"83","type":"Feature","properties":{"COUNTY_NAM":"WASHINGTON"},"geometry":{"type":"Polygon","coordinates":[[[-89.35129001824184,38.51877999891155],[-89.34497998008788,38.514379998221536],[-89.3470900071742,38.513089994629155],[-89.34548001739353,38.51000998729207],[-89.34562001256784,38.51293001013632],[-89.34297000766362,38.510369986755855],[-89.33955000726971,38.51333002422354],[-89.33822999052241,38.51096998683265],[-89.33040998529252,38.51219999506926],[-89.33260998216933,38.51083998319136],[-89.33233002187853,38.51001001143881],[-89.32608997249395,38.51365000180416],[-89.32618998899491,38.511300016898026],[-89.32256000640453,38.51302001481703],[-89.32351002442364,38.51054998422465],[-89.31682999221404,38.508520029639016],[-89.31110998482716,38.51257002323772],[-89.30829001067356,38.508510017191945],[-89.29998998521432,38.51097000600306],[-89.3016800461985,38.5083000763694],[-89.2982100050695,38.509199985752296],[-89.29889999781332,38.50582998559409],[-89.29383999836799,38.50459000658174],[-89.2946199981281,38.507789982420014],[-89.28907002009886,38.50542000822233],[-89.28994001183435,38.50862000541613],[-89.28494999232599,38.509590090876834],[-89.28412005920944,38.50620001565018],[-89.27782000641547,38.507950019166614],[-89.27761998368528,38.50489999168228],[-89.27326000538987,38.507179994475415],[-89.27241001625978,38.50424999986096],[-89.26394001541189,38.51042001899946],[-89.26024000251073,38.50721998754402],[-89.25363997618919,38.509439989329664],[-89.25246998217,38.50599000895078],[-89.24604001442643,38.50801999921712],[-89.14381001844434,38.502899982576096],[-89.14755000231955,38.2131100098474],[-89.70325001768002,38.21939998683193],[-89.70435001435415,38.41852002066894],[-89.69496999766791,38.41663999205721],[-89.69211000687272,38.41983998508493],[-89.6965299856239,38.4250599829694],[-89.68887001463781,38.426519987667085],[-89.68697997568445,38.43007001322492],[-89.68349002302793,38.42885999886233],[-89.6856100074606,38.42542000504504],[-89.67727000568006,38.424939988536735],[-89.6777799873569,38.432159984835025],[-89.67222001095323,38.42920999056679],[-89.67429000476866,38.43470001036566],[-89.66796998201683,38.43192999042885],[-89.66525000413223,38.43475001439978],[-89.66842998049401,38.43530998526197],[-89.66848998850209,38.4410400149982],[-89.66431999038606,38.44522001733437],[-89.64517998433917,38.4414000081492],[-89.64325001193798,38.444050022529396],[-89.6470999835953,38.44600999357351],[-89.64596999861165,38.44804998530927],[-89.63859000615031,38.4453399870777],[-89.63792000042262,38.45025998133515],[-89.63289002520135,38.44733000211012],[-89.63453002084351,38.45203999718295],[-89.62933998490723,38.44988998283909],[-89.62669001779588,38.453849988425304],[-89.62877000256627,38.46367999677937],[-89.62327999447807,38.46078000789794],[-89.61526001489574,38.47224000356159],[-89.6077099719581,38.474980002177446],[-89.58888001115112,38.47564999704681],[-89.57748007224352,38.48347005027289],[-89.57439998051504,38.47762001053523],[-89.57330999773637,38.48249999895164],[-89.56812998825146,38.481019989342265],[-89.5658300108979,38.48327001539664],[-89.568400042606,38.47581994805579],[-89.55227999826262,38.47832999738979],[-89.55186001044665,38.47537998588823],[-89.54998992843667,38.477309990465464],[-89.54117000296559,38.474080014445825],[-89.54028997216682,38.48061998094743],[-89.53130997260531,38.47873000768646],[-89.52822998057557,38.48107001022582],[-89.52829003623101,38.47724000887492],[-89.52453998113376,38.47935001383129],[-89.51382998898028,38.47261001191239],[-89.5018399324608,38.474530006882205],[-89.49064003041785,38.47168001595719],[-89.4933600132358,38.47523998038725],[-89.4903800221494,38.47778999925439],[-89.4815500024181,38.46871994097132],[-89.4553799742745,38.47977999172121],[-89.44846002348409,38.48931001413688],[-89.43435001571903,38.490840013957694],[-89.43375002689015,38.495230022308135],[-89.42834997297369,38.49914999699459],[-89.41741007837759,38.4943399911329],[-89.41072007066752,38.487390005304036],[-89.40571998810287,38.4957800194246],[-89.40166999175027,38.4945199876848],[-89.40104995395531,38.48912998698361],[-89.39568997206446,38.490289953552114],[-89.39809999836656,38.49487000882023],[-89.38906998504275,38.4941200086692],[-89.3876899931887,38.49721999938144],[-89.38546000975832,38.494310049729364],[-89.38203999521967,38.49744999564184],[-89.37911998618532,38.496809984877224],[-89.38015998404744,38.49433000146171],[-89.37282998485489,38.50053000081412],[-89.37309084354553,38.496890375481854],[-89.37006001618202,38.49982999573774],[-89.36725001967064,38.49800999783759],[-89.36888002067158,38.500429990196274],[-89.36492999844728,38.50104000490537],[-89.36821997214018,38.50521000873401],[-89.36093999698562,38.5063100099099],[-89.36629001039795,38.508290013380645],[-89.36350995223825,38.510640001100484],[-89.35929999153343,38.5088899916553],[-89.36035997782972,38.51668998490123],[-89.35768997435062,38.51488996777573],[-89.3588099944555,38.51783001004995],[-89.35129001824184,38.51877999891155]]]}},{"id":"84","type":"Feature","properties":{"COUNTY_NAM":"MONROE"},"geometry":{"type":"Polygon","coordinates":[[[-90.03601001315066,38.323490010855345],[-90.03595997138576,38.309009984728945],[-89.91302001031292,38.30787998242732],[-89.90408002514144,38.29783998010234],[-89.9067699856909,38.29336998088777],[-89.9012599732294,38.287749996019876],[-89.90258998701,38.28168996422365],[-89.90678001387842,38.27707999266577],[-89.91365001995564,38.276919980375176],[-89.9173700251902,38.280640017020566],[-89.91116001791093,38.28485001771827],[-89.91940001257112,38.28629000784486],[-89.9249300101159,38.27279998288825],[-89.92058001686019,38.27226000469748],[-89.92366000889017,38.26903001767457],[-89.91423000689085,38.25896002215829],[-89.9131000280448,38.25489999949403],[-89.91709999470623,38.25139999228284],[-89.90880998960905,38.244899998593105],[-89.90636998846524,38.240250006154675],[-89.90841998438322,38.237579993511716],[-89.89749000349903,38.2321599982401],[-89.89734002114169,38.22886997895834],[-89.9044000104163,38.227680035321285],[-89.89899999975943,38.220729999877705],[-90.03632000111037,38.2231898720967],[-90.03600000864006,38.135590021983255],[-90.20698999164611,38.08797001180409],[-90.24150000879085,38.11130999654872],[-90.27310999110718,38.15552000672875],[-90.28654997955145,38.16716998753705],[-90.30217002572569,38.175909988852396],[-90.32004997890398,38.18048998265742],[-90.3349699950587,38.190760000376244],[-90.35554999301574,38.21635999410789],[-90.36376998125849,38.23612998149067],[-90.3727300061127,38.285169982318756],[-90.37055993346236,38.3347199541359],[-90.34164000313042,38.387680013113574],[-90.2898699921141,38.43251000594105],[-90.2639300247402,38.52067999676714],[-90.14536005719846,38.42637000223063],[-90.14451998036155,38.41122999453928],[-90.03601001315066,38.323490010855345]]]}},{"id":"85","type":"Feature","properties":{"COUNTY_NAM":"JEFFERSON"},"geometry":{"type":"Polygon","coordinates":[[[-88.69898044884441,38.47487461601368],[-88.70459998297301,38.125199996620985],[-89.14970002153922,38.12495001024151],[-89.14424997709149,38.47388998358894],[-88.92241997593361,38.47696000727087],[-88.69898044884441,38.47487461601368]]]}},{"id":"86","type":"Feature","properties":{"COUNTY_NAM":"WHITE"},"geometry":{"type":"Polygon","coordinates":[[[-87.9903000259151,38.25975002221987],[-87.97986001006242,38.24228000408233],[-87.98496999363857,38.2276500110252],[-87.98534998816352,38.21528996246413],[-87.97507000791249,38.196879980694256],[-87.93705998729118,38.17203999601045],[-87.93383999402899,38.15651001423505],[-87.92525000948137,38.15988000842928],[-87.92540002086075,38.1697199794192],[-87.92171002247714,38.1738700050434],[-87.91291997920963,38.17150999444982],[-87.91054001060017,38.164220012544114],[-87.91695999669784,38.15633998809241],[-87.9273100294152,38.15215999485576],[-87.9268300160037,38.14494001373749],[-87.93815998800804,38.136609982402135],[-87.94521000444686,38.12683004606831],[-87.95449994277449,38.13274998087014],[-87.96587001500974,38.132580004178685],[-87.97342000274901,38.124010004293524],[-87.975920005821,38.10931000561797],[-87.99802999833268,38.10849001089697],[-88.01525997120632,38.10117002200843],[-88.01689000144242,38.09587001915447],[-88.01384999436894,38.0879800081685],[-88.00629999705157,38.083829989531814],[-87.95998998062213,38.099949990445296],[-87.95629999980633,38.08648999660498],[-87.96785000674309,38.066249998528725],[-87.99104001464892,38.054150004100734],[-88.03247001746004,38.05190004048344],[-88.04278998115625,38.04509997903679],[-88.04192997513321,38.03816001365748],[-88.03563001007998,38.03268000668018],[-88.01642002092275,38.03432998699822],[-88.00804002435585,38.03068997995913],[-88.00926002033583,38.0269199946772],[-88.02108999643994,38.01978001713052],[-88.02557001729845,38.00771001556004],[-88.01261998192074,37.978000020722305],[-88.0122999942188,37.968670006703206],[-88.01879997221033,37.96033999230404],[-88.03677001737623,37.95681999537251],[-88.03586001486732,37.94144999711033],[-88.03029002885941,37.93113999810693],[-88.03334002447266,37.92667998836551],[-88.04402000751661,37.92484999331968],[-88.05776964077504,37.93411004140119],[-88.06548998409956,37.931749984551026],[-88.06943998721627,37.92509000448642],[-88.05941998695418,37.916959981912676],[-88.02052002090781,37.91351002048509],[-88.02102998916416,37.90557998535543],[-88.01416001032322,37.8949999940617],[-88.01640000212751,37.888499988482046],[-88.02364995614012,37.886580002666584],[-88.03101000880604,37.893189982153125],[-88.0642100120307,37.892990007092315],[-88.09073000524864,37.90599000565422],[-88.09731998810197,37.90308999369977],[-88.0921500223863,37.890990017090445],[-88.09795998307274,37.88969999137992],[-88.09672999368027,37.89295999577881],[-88.11167000450496,37.904979990120395],[-88.13590001943432,37.9160500068002],[-88.13595002314766,37.9091500165403],[-88.14480001580752,37.90770001125141],[-88.37451999794877,37.90776998628574],[-88.37036001170749,38.25538001373259],[-88.02771000844473,38.255639996284685],[-88.02764997265947,38.25979000649228],[-87.9903000259151,38.25975002221987]]]}},{"id":"87","type":"Feature","properties":{"COUNTY_NAM":"HAMILTON"},"geometry":{"type":"Polygon","coordinates":[[[-88.37040999345868,38.25516999262889],[-88.37451999794877,37.90776998628574],[-88.70657999709609,37.90680998185569],[-88.70239991725606,38.25666010857117],[-88.37040999345868,38.25516999262889]]]}},{"id":"88","type":"Feature","properties":{"COUNTY_NAM":"RANDOLPH"},"geometry":{"type":"Polygon","coordinates":[[[-90.03632000111037,38.2231898720967],[-89.59269995474403,38.2192699923225],[-89.5950599986677,37.955290021953935],[-89.65645998144208,37.85855999089203],[-89.65714997120843,37.84703000644352],[-89.66441000085331,37.82896999393171],[-89.68082000984322,37.82245999737779],[-89.67483002024134,37.8034099859385],[-89.72003999475417,37.827409981321004],[-89.74013997539039,37.84676000130153],[-89.75418000542759,37.84631999038769],[-89.781989945932,37.855010010235404],[-89.78635000600575,37.85164998354892],[-89.79745999747155,37.86173000602706],[-89.80028001209537,37.868619986090444],[-89.79857999466923,37.88089998992528],[-89.84298000554286,37.90546000758708],[-89.86240001225372,37.89731999291807],[-89.87925002233017,37.88095997987324],[-89.90111000726478,37.87002001308732],[-89.92159999612738,37.8703100014236],[-89.9467699901347,37.87914999628087],[-89.96514997929167,37.902119987252824],[-89.9739700077973,37.91835998868805],[-89.97481002104584,37.926500001637535],[-89.96223002239132,37.93383999607822],[-89.95925000460565,37.94009000110371],[-89.94723000205143,37.940209997840824],[-89.93208999179015,37.947720007915756],[-89.92479999779732,37.95455999745052],[-89.92472002838646,37.95999002000211],[-89.93573998308943,37.95949999909468],[-89.94108002678738,37.970900035220964],[-89.98475003320127,37.96180997724545],[-89.99999001632375,37.96436998996558],[-90.03135999808758,37.99479999668676],[-90.06979998338183,38.012380005216315],[-90.07045002685753,38.01948000875757],[-90.08399001397409,38.025229977798695],[-90.0985199896827,38.039639980866845],[-90.1299400003232,38.06250001666591],[-90.17388998469598,38.06987001614245],[-90.20698999164611,38.08797001180409],[-90.03600000864006,38.135590021983255],[-90.03632000111037,38.2231898720967]]]}},{"id":"89","type":"Feature","properties":{"COUNTY_NAM":"PERRY"},"geometry":{"type":"Polygon","coordinates":[[[-89.59269995474403,38.2192699923225],[-89.33335008635069,38.213579987367815],[-89.14755000231955,38.2131100098474],[-89.14970002153922,38.12495001024151],[-89.12978999659853,38.12474001518865],[-89.13103999570455,38.103710006528374],[-89.13765996672116,38.104519998467794],[-89.115309985364,38.09429000947477],[-89.1193400196442,38.09016998635001],[-89.11535998151808,38.08573998997966],[-89.12266998912139,38.0822599887878],[-89.11843999876895,38.070079992010584],[-89.12357001643899,38.07091998187906],[-89.11907997260529,38.067110012935984],[-89.12398000144839,38.06484998023253],[-89.1177200027582,38.06464998620431],[-89.1226799713722,38.06081999921286],[-89.11813001035611,38.05971000146019],[-89.12325999865232,38.059099992321194],[-89.12293001427858,38.056460013361004],[-89.12980999486068,38.05192001050998],[-89.13275001137329,38.05431999602643],[-89.13396999494131,38.048870002414475],[-89.1303799803749,38.04791001476767],[-89.1347099829612,38.044730012247676],[-89.13864999659812,38.04763999479234],[-89.14019998912669,38.04386001462557],[-89.13634995761387,38.03965999369766],[-89.1405900002644,38.03609999458338],[-89.13889002204061,38.03377998832267],[-89.14667001762015,38.031679983923574],[-89.1427300710127,38.02944000918334],[-89.14337999707327,38.02613998647066],[-89.13817000249408,38.0255800021897],[-89.13600001679285,38.01796000164906],[-89.14489002032015,38.01066997982969],[-89.1400699906055,37.99555994939214],[-89.14665999209451,37.98889999746185],[-89.1494000167163,37.97977998820423],[-89.1537199906834,37.97773000474311],[-89.15507998093696,37.96746997896739],[-89.1633100281691,37.96198998919447],[-89.16079997499274,37.95920999086581],[-89.16442001121686,37.955619992385365],[-89.1779499987239,37.95272000248735],[-89.1774300134312,37.95006000755151],[-89.5950599986677,37.955290021953935],[-89.59269995474403,38.2192699923225]]]}},{"id":"90","type":"Feature","properties":{"COUNTY_NAM":"FRANKLIN"},"geometry":{"type":"Polygon","coordinates":[[[-89.12978999659853,38.12474001518865],[-88.70459998297301,38.125199996620985],[-88.70674999282342,37.86331001458684],[-89.15106998484487,37.861809998125246],[-89.15087001153348,37.95002000410514],[-89.1774300134312,37.95006000755151],[-89.17832001412651,37.9523699798207],[-89.16767000566148,37.95692998140307],[-89.16516001149077,37.955050004673325],[-89.16079997499274,37.95920999086581],[-89.1633100281691,37.96198998919447],[-89.15507998093696,37.96746997896739],[-89.1537199906834,37.97773000474311],[-89.1494000167163,37.97977998820423],[-89.14665999209451,37.98889999746185],[-89.1400699906055,37.99555994939214],[-89.14489002032015,38.01066997982969],[-89.13600001679285,38.01796000164906],[-89.13817000249408,38.0255800021897],[-89.14337999707327,38.02613998647066],[-89.1427300710127,38.02944000918334],[-89.14667001762015,38.031679983923574],[-89.13889002204061,38.03377998832267],[-89.1405900002644,38.03609999458338],[-89.13634995761387,38.03965999369766],[-89.14019998912669,38.04386001462557],[-89.13864999659812,38.04763999479234],[-89.1347099829612,38.044730012247676],[-89.1303799803749,38.04791001476767],[-89.13396999494131,38.048870002414475],[-89.13275001137329,38.05431999602643],[-89.12980999486068,38.05192001050998],[-89.12293001427858,38.056460013361004],[-89.12325999865232,38.059099992321194],[-89.12178998535721,38.05739001254011],[-89.11813001035611,38.05971000146019],[-89.12264998676935,38.060649989149695],[-89.11722000489884,38.06357001856635],[-89.12315997997405,38.063520002450204],[-89.11907006108343,38.067289996408846],[-89.12376002805453,38.07044999062773],[-89.11848998054154,38.06991000788035],[-89.12266998912139,38.0822599887878],[-89.11548001646703,38.08553001493804],[-89.1193400196442,38.09016998635001],[-89.11523997856415,38.0941599786672],[-89.13772001771093,38.10477001482686],[-89.13103999570455,38.103710006528374],[-89.12978999659853,38.12474001518865]]]}},{"id":"91","type":"Feature","properties":{"COUNTY_NAM":"JACKSON"},"geometry":{"type":"Polygon","coordinates":[[[-89.5950599986677,37.955290021953935],[-89.15087001153348,37.95002000410514],[-89.15369002150442,37.60035998784348],[-89.45325999894375,37.60005999566218],[-89.44780998573626,37.59731998613608],[-89.44955999909722,37.59101000716373],[-89.45456997385334,37.587239991701246],[-89.45349998722688,37.57867997447115],[-89.46813002588839,37.562810019306355],[-89.474840003094,37.562239989310854],[-89.48254997039199,37.56724998665073],[-89.50163999009803,37.57038001648408],[-89.50257998284337,37.5779599849881],[-89.510279995248,37.57871998474785],[-89.52134999092536,37.57209000703314],[-89.52082997664915,37.580920013818755],[-89.5172000061461,37.58459004734494],[-89.48969998470108,37.58063000359886],[-89.47955000387984,37.58494998677519],[-89.47595001614236,37.59270001193988],[-89.47986999640703,37.601140000595336],[-89.5056499854124,37.62434000874269],[-89.51668999915651,37.63842000058726],[-89.51629001703137,37.663729991891586],[-89.51141002555383,37.68312000259624],[-89.51326001629623,37.68830998239889],[-89.52759000574056,37.69911000460276],[-89.57351001169198,37.70948998988767],[-89.57892002830472,37.7160599483243],[-89.60196000702626,37.728680014415765],[-89.60896001944465,37.7399600098226],[-89.61545999713482,37.742459990325386],[-89.61673999445262,37.74991000259381],[-89.63431000517453,37.745730009580456],[-89.65142001271529,37.7455900149766],[-89.66265993671365,37.748880004224944],[-89.66801001775549,37.7598299947413],[-89.66119994768029,37.77509998364966],[-89.66067002136286,37.78648999131439],[-89.67483002024134,37.8034099859385],[-89.68082997918394,37.822390003641786],[-89.66441000085331,37.82896999393171],[-89.65714997120843,37.84703000644352],[-89.65645998144208,37.85855999089203],[-89.5950599986677,37.955290021953935]]]}},{"id":"92","type":"Feature","properties":{"COUNTY_NAM":"GALLATIN"},"geometry":{"type":"Polygon","coordinates":[[[-88.11467999757939,37.906649990170976],[-88.09692999346359,37.89316998951677],[-88.09822998231077,37.88983998126394],[-88.0923599872777,37.89110000309662],[-88.08048998590027,37.881990018165325],[-88.06472998148536,37.852870012597435],[-88.05632002664836,37.847210002410264],[-88.03127001234289,37.84097005122872],[-88.02587999218748,37.83267002443759],[-88.03151000724074,37.825100000782975],[-88.04518002280436,37.821300006703275],[-88.06293001406272,37.82350000985231],[-88.07902999026759,37.83093000559236],[-88.08996999733893,37.82593999030104],[-88.08993998805158,37.8166399936705],[-88.07036001398619,37.80144998738734],[-88.06122000388308,37.80069000577681],[-88.03791999719455,37.80989001540773],[-88.02956000232278,37.806320000988705],[-88.0282399851393,37.799330005908025],[-88.03659006583443,37.791210018577395],[-88.04251002231138,37.76784999679494],[-88.05883998120738,37.74371001782351],[-88.10264999410022,37.717509987205624],[-88.12125998314734,37.71044998696157],[-88.13439998523765,37.69169999552525],[-88.14864997587343,37.67930998442788],[-88.15866000330647,37.663160004927825],[-88.15772995157828,37.635599992821035],[-88.14261000271942,37.60445999383677],[-88.14034998682757,37.58838001528728],[-88.13280998754232,37.57390996784567],[-88.15286999129951,37.57388000609487],[-88.16714999347259,37.59215999692223],[-88.17968999217806,37.599170013545496],[-88.37525997881245,37.59951998484128],[-88.37451999794877,37.90776998628574],[-88.14480001580752,37.90770001125141],[-88.13595002314766,37.9091500165403],[-88.13590001943432,37.9160500068002],[-88.11467999757939,37.906649990170976]]]}},{"id":"93","type":"Feature","properties":{"COUNTY_NAM":"SALINE"},"geometry":{"type":"Polygon","coordinates":[[[-88.37453997410918,37.90688999087339],[-88.37525997881245,37.59951998484128],[-88.70850000422276,37.59924000611537],[-88.70657999709609,37.90680998185569],[-88.37453997410918,37.90688999087339]]]}},{"id":"94","type":"Feature","properties":{"COUNTY_NAM":"WILLIAMSON"},"geometry":{"type":"Polygon","coordinates":[[[-88.70674999282342,37.86331001458684],[-88.70850000422276,37.59924000611537],[-88.81893001702964,37.60058001460421],[-88.83671999641909,37.5974300085204],[-89.01936998285582,37.596240003255375],[-89.15369002150442,37.60035998784348],[-89.15106998484487,37.861809998125246],[-88.70674999282342,37.86331001458684]]]}},{"id":"95","type":"Feature","properties":{"COUNTY_NAM":"HARDIN"},"geometry":{"type":"Polygon","coordinates":[[[-88.17968999217806,37.599170013545496],[-88.16469999495285,37.589820006928306],[-88.15475003056446,37.5750200112919],[-88.1491599777421,37.573000011357344],[-88.1376999962805,37.57526000234823],[-88.1242200187185,37.56970000320839],[-88.10476999282224,37.55517999688083],[-88.08752000651839,37.534420010038716],[-88.07080083173376,37.52724083930732],[-88.06313002726402,37.51530001519717],[-88.06115998812353,37.50516000679118],[-88.06757001392896,37.48610998057072],[-88.06198001319866,37.489469985408114],[-88.06489997915983,37.484009986202054],[-88.06949999688865,37.48189000652615],[-88.06978997137861,37.49290001479114],[-88.07021002411747,37.48583999083742],[-88.0870099965997,37.47135995689436],[-88.09081002489248,37.47292000815346],[-88.08403000449071,37.47705000993016],[-88.10621999189173,37.472259987270924],[-88.13527998913479,37.471909977037484],[-88.19269999016323,37.46077000022343],[-88.28075995498814,37.453109994868626],[-88.31244997657413,37.440809984134376],[-88.33104999871964,37.42920001042284],[-88.35054031212309,37.40917973706685],[-88.36542001807243,37.40119999330064],[-88.40047001161412,37.42242001433252],[-88.41059999433888,37.42493998992581],[-88.41576997826114,37.423049987184015],[-88.41207002812855,37.59982001029716],[-88.17968999217806,37.599170013545496]]]}},{"id":"96","type":"Feature","properties":{"COUNTY_NAM":"POPE"},"geometry":{"type":"Polygon","coordinates":[[[-88.41207002812855,37.59982001029716],[-88.41511998341413,37.424170022829436],[-88.45214998661368,37.41071998765012],[-88.47516000907048,37.3891899882593],[-88.48478998673693,37.34509000914289],[-88.51237000806934,37.2960100031209],[-88.51570001591682,37.28386000195531],[-88.50435002048164,37.26419000939988],[-88.51172000361616,37.261800008477074],[-88.48829997841568,37.24550000502213],[-88.47433000489518,37.22292999777913],[-88.4481200193737,37.203399986636796],[-88.43244999547052,37.162309999693726],[-88.42480002627597,37.15110998834291],[-88.44321997529319,37.10997000468924],[-88.44069998269109,37.107130000344284],[-88.4501500038804,37.086260020388345],[-88.46383998414592,37.072250004934844],[-88.48288998889595,37.066889995672554],[-88.49061997670007,37.06763000895097],[-88.49037999206911,37.1596200105053],[-88.71062000973014,37.336980003960534],[-88.70850000422276,37.59924000611537],[-88.41207002812855,37.59982001029716]]]}},{"id":"97","type":"Feature","properties":{"COUNTY_NAM":"JOHNSON"},"geometry":{"type":"Polygon","coordinates":[[[-89.04137994288888,37.596379998580474],[-88.70850000422276,37.59924000611537],[-88.71062000973014,37.336980003960534],[-88.90774997147345,37.33558000752419],[-88.89624998798534,37.32976998519295],[-88.89830001672384,37.327280057826165],[-88.89531999516076,37.32627000675099],[-88.89920001090452,37.32131001049777],[-88.89755001528592,37.31742000149875],[-88.92665994287583,37.30310999492132],[-88.94215002833533,37.303969999616506],[-88.95587998503989,37.297510012051234],[-88.96347001938717,37.2976499965146],[-88.96880998999526,37.30321001773434],[-88.99213993527945,37.30994999844211],[-88.9980300097698,37.307829995764834],[-89.00381993288954,37.31124999225142],[-89.01858002405883,37.309000005798886],[-89.03169002327441,37.29852001152159],[-89.04468998430943,37.2940299980024],[-89.04137994288888,37.596379998580474]]]}},{"id":"98","type":"Feature","properties":{"COUNTY_NAM":"UNION"},"geometry":{"type":"Polygon","coordinates":[[[-89.15369002150442,37.60035998784348],[-89.04137994288888,37.596379998580474],[-89.04461996719793,37.32973999340349],[-89.09978002486268,37.333509980977],[-89.22850999502947,37.335370004282545],[-89.48608002136174,37.33475000536321],[-89.45040999220156,37.339609976792396],[-89.43353997405922,37.34619001143594],[-89.42825000127561,37.35599998093101],[-89.42127001000772,37.391980019357405],[-89.44003001279799,37.43726999366464],[-89.48615001861401,37.48548994423204],[-89.50227000132064,37.51703999311479],[-89.51638000661293,37.535829982903465],[-89.5208399734517,37.553569999376116],[-89.52134999092536,37.57209000703314],[-89.510279995248,37.57871998474785],[-89.50257998284337,37.5779599849881],[-89.50163999009803,37.57038001648408],[-89.48254997039199,37.56724998665073],[-89.474840003094,37.562239989310854],[-89.46813002588839,37.562810019306355],[-89.45349998722688,37.57867997447115],[-89.45456997385334,37.587239991701246],[-89.44955999909722,37.59101000716373],[-89.44780998573626,37.59731998613608],[-89.45325999894375,37.60005999566218],[-89.15369002150442,37.60035998784348]]]}},{"id":"99","type":"Feature","properties":{"COUNTY_NAM":"MASSAC"},"geometry":{"type":"Polygon","coordinates":[[[-88.71062000973014,37.336980003960534],[-88.49037999206911,37.1596200105053],[-88.49061997670007,37.06763000895097],[-88.52271999979595,37.06517002217626],[-88.56534997518622,37.0770700021701],[-88.56623999979307,37.07474001291083],[-88.57290998951488,37.07939001043775],[-88.5768099833164,37.08937001635499],[-88.58396999537811,37.09575000598735],[-88.61996002986952,37.11697002012272],[-88.64542000315821,37.12279001955125],[-88.69159001794038,37.1408799592258],[-88.70413001172497,37.14301000061478],[-88.72051998733978,37.14101999470136],[-88.73403002040976,37.14464998978631],[-88.7619300245362,37.15926990535808],[-88.80214999026724,37.186979995056326],[-88.9280700195623,37.226260011351876],[-88.92926001835168,37.30288999079906],[-88.89755001528592,37.31742000149875],[-88.89920001090452,37.32131001049777],[-88.89531999516076,37.32627000675099],[-88.89830001672384,37.327280057826165],[-88.89624998798534,37.32976998519295],[-88.90774997147345,37.33558000752419],[-88.71062000973014,37.336980003960534]]]}},{"id":"100","type":"Feature","properties":{"COUNTY_NAM":"PULASKI"},"geometry":{"type":"Polygon","coordinates":[[[-89.24864999804986,37.335339999729975],[-89.09978002486268,37.333509980977],[-89.04461996719793,37.32973999340349],[-89.04468998430943,37.2940299980024],[-89.03169002327441,37.29852001152159],[-89.01858002405883,37.309000005798886],[-89.00381993288954,37.31124999225142],[-88.9980300097698,37.307829995764834],[-88.99213993527945,37.30994999844211],[-88.96880998999526,37.30321001773434],[-88.96347001938717,37.2976499965146],[-88.95587998503989,37.297510012051234],[-88.94215002833533,37.303969999616506],[-88.92994998352292,37.30342000560227],[-88.9280700195623,37.226260011351876],[-88.94135001237667,37.2286199941149],[-88.93274000014145,37.22496008480593],[-88.95239000469748,37.2246199805026],[-88.97224007217338,37.228209980572544],[-88.96686998455017,37.229400007873046],[-88.96969998618589,37.229950005209496],[-88.98798998895333,37.223679997010564],[-88.97791000437384,37.228849999218305],[-88.98224000495654,37.22857999923857],[-89.00005000556357,37.22472998203901],[-89.02968995961088,37.21135000420832],[-89.08723000172962,37.16531001605105],[-89.10611000939102,37.12815998551622],[-89.11734002117805,37.115329897208476],[-89.13512000745803,37.103290013789625],[-89.14193998187905,37.09384001138972],[-89.15398999120703,37.0891900005093],[-89.1730799866508,37.067089986481584],[-89.17374999756687,37.07010999215451],[-89.17978998268936,37.06917000884406],[-89.18536001594711,37.07906998523947],[-89.19740002252328,37.08606000281126],[-89.19632001318766,37.08895997954101],[-89.20259002524044,37.08568998269593],[-89.22531000798452,37.09183001649693],[-89.23243992795264,37.089939983060674],[-89.23978000667643,37.092540023294],[-89.23777998222891,37.09473001097908],[-89.24065999775404,37.09694001898031],[-89.24232001958372,37.095000015834756],[-89.24419001569012,37.10074998410959],[-89.25369001172793,37.09962001235467],[-89.25340001285089,37.10300000490772],[-89.25828998580559,37.10294001404721],[-89.26588000178099,37.11066001399964],[-89.26264998726663,37.114429978975465],[-89.2669700218872,37.115509963636185],[-89.26529999141246,37.117280010557856],[-89.26985001884121,37.11856001545661],[-89.2681300141575,37.120470007179954],[-89.27376999145748,37.126050000080454],[-89.26684999624798,37.14016998648623],[-89.25786999347031,37.14653000860377],[-89.26002999101667,37.15218000260653],[-89.25681001590102,37.161410009004264],[-89.26153999626847,37.1590100039521],[-89.26932000064646,37.16063999961459],[-89.26125006594317,37.16681000748629],[-89.26241001099164,37.17058001593837],[-89.26674001849405,37.17104003199262],[-89.26365998146177,37.17541999715744],[-89.26738002963052,37.181050004710464],[-89.26542999783648,37.184360002993486],[-89.25792001971497,37.18441999866754],[-89.2518899786754,37.19103999045349],[-89.25586000513523,37.19309999898729],[-89.25215000248498,37.196289994060315],[-89.25777000810767,37.199219988450096],[-89.25867000060656,37.19637000384794],[-89.26273001743884,37.20130999140645],[-89.25941001422106,37.20215000149963],[-89.26400998095342,37.20424001605451],[-89.25902002445146,37.21057000099569],[-89.2645000129871,37.21218998471578],[-89.26137998759572,37.22011998555474],[-89.26778998180394,37.22617001594066],[-89.26523001695347,37.225510008363486],[-89.26144001164376,37.231119965275774],[-89.25893007393643,37.230069993740806],[-89.26107999015963,37.227080023334835],[-89.25667000243648,37.22771000566712],[-89.25026001630572,37.24351999472513],[-89.25153001462859,37.249309987608086],[-89.24874998085568,37.250979984207426],[-89.25183001491983,37.252559981824106],[-89.24825000978265,37.254620002108624],[-89.25078000300391,37.25644000242602],[-89.24588000938007,37.26398000857754],[-89.22078999331988,37.2792499494582],[-89.21059999052255,37.28023998357096],[-89.20257999768792,37.28974999240582],[-89.20368000931191,37.31277000673253],[-89.20881999670634,37.31894001686582],[-89.20717000737783,37.32219000723105],[-89.21557997997199,37.324420008474256],[-89.22289999388678,37.332240024368446],[-89.24396000200072,37.331680003931616],[-89.24864999804986,37.335339999729975]]]}},{"id":"101","type":"Feature","properties":{"COUNTY_NAM":"ALEXANDER"},"geometry":{"type":"Polygon","coordinates":[[[-89.48608002136174,37.33475000536321],[-89.24864999804986,37.335339999729975],[-89.24396000200072,37.331680003931616],[-89.22289999388678,37.332240024368446],[-89.21557997997199,37.324420008474256],[-89.20717000737783,37.32219000723105],[-89.20885998970627,37.31914000226365],[-89.20368000931191,37.31277000673253],[-89.20250002146219,37.29079001118393],[-89.21059999052255,37.28023998357096],[-89.22078999331988,37.2792499494582],[-89.24588000938007,37.26398000857754],[-89.25078000300391,37.25644000242602],[-89.24825000978265,37.254620002108624],[-89.25183001491983,37.252559981824106],[-89.24874998085568,37.250979984207426],[-89.25153001462859,37.249309987608086],[-89.25026001630572,37.24351999472513],[-89.25667000243648,37.22771000566712],[-89.26107999015963,37.227080023334835],[-89.25893007393643,37.230069993740806],[-89.26144001164376,37.231119965275774],[-89.26523001695347,37.225510008363486],[-89.26778998180394,37.22617001594066],[-89.26137998759572,37.22011998555474],[-89.2645000129871,37.21218998471578],[-89.25902002445146,37.21057000099569],[-89.26400998095342,37.20424001605451],[-89.25941001422106,37.20215000149963],[-89.26273001743884,37.20130999140645],[-89.25867000060656,37.19637000384794],[-89.25777000810767,37.199219988450096],[-89.25215000248498,37.196289994060315],[-89.25586000513523,37.19309999898729],[-89.2518899786754,37.19103999045349],[-89.25792001971497,37.18441999866754],[-89.26542999783648,37.184360002993486],[-89.26738002963052,37.181050004710464],[-89.26365998146177,37.17541999715744],[-89.26674001849405,37.17104003199262],[-89.26241001099164,37.17058001593837],[-89.26125006594317,37.16681000748629],[-89.26932000064646,37.16063999961459],[-89.26153999626847,37.1590100039521],[-89.25681001590102,37.161410009004264],[-89.26002999101667,37.15218000260653],[-89.25786999347031,37.14653000860377],[-89.26684999624798,37.14016998648623],[-89.27376999145748,37.126050000080454],[-89.2681300141575,37.120470007179954],[-89.26985001884121,37.11856001545661],[-89.26529999141246,37.117280010557856],[-89.2669700218872,37.115509963636185],[-89.26264998726663,37.114429978975465],[-89.26588000178099,37.11066001399964],[-89.25828998580559,37.10294001404721],[-89.25340001285089,37.10300000490772],[-89.25369001172793,37.09962001235467],[-89.24419001569012,37.10074998410959],[-89.24232001958372,37.095000015834756],[-89.24065999775404,37.09694001898031],[-89.23777998222891,37.09473001097908],[-89.23978000667643,37.092540023294],[-89.23243992795264,37.089939983060674],[-89.22531000798452,37.09183001649693],[-89.20259002524044,37.08568998269593],[-89.19632001318766,37.08895997954101],[-89.19740002252328,37.08606000281126],[-89.18536001594711,37.07906998523947],[-89.17978998268936,37.06917000884406],[-89.17308000429273,37.06946999239597],[-89.1825399935559,37.03876998480946],[-89.17906000988155,37.020949982725895],[-89.16718000519404,37.004459991894265],[-89.133159990759,36.98196001193353],[-89.16799997560149,36.970779998996356],[-89.18244997265445,36.97210999711728],[-89.19171998096836,36.97914994936654],[-89.20070999660786,37.0160700184452],[-89.23427998390444,37.03843999399477],[-89.2546900141198,37.0719600045393],[-89.2609600252465,37.06422999715566],[-89.30742000189001,37.069719969553624],[-89.30870018930797,37.06645962200575],[-89.30843998538893,37.05578000286447],[-89.30241001801267,37.04684998706667],[-89.26594004653757,37.0284699910477],[-89.25907998733861,37.020879991140276],[-89.25849000048909,37.01254998679497],[-89.2637800226266,36.999589958657936],[-89.27819000141041,36.9887800030074],[-89.28896001753583,36.98901001326792],[-89.32173000395368,37.015559983209265],[-89.3637399938098,37.03102998633252],[-89.37957998473777,37.040329983510695],[-89.38452997763318,37.04715001087307],[-89.38548002031102,37.05603001119136],[-89.37565998066135,37.08058999207855],[-89.3791899815463,37.09550001289112],[-89.38845761982721,37.107765197831185],[-89.41154999784406,37.122219990442616],[-89.42664998235422,37.13962999628577],[-89.46128997742305,37.19735999110378],[-89.46761002302017,37.21959999493122],[-89.45807001067894,37.24138002590749],[-89.45856001026624,37.24830000564825],[-89.46973997955041,37.252939991956595],[-89.50054003142736,37.251759994554064],[-89.50026993617625,37.25963000868079],[-89.52066997840909,37.28379001468919],[-89.5120200065984,37.31084001859788],[-89.48608002136174,37.33475000536321]]]}}]}