{"type":"FeatureCollection","features":[{"type":"Feature","properties":{"JoinField":"CITY OF CHICAGO:Ward 01 Precinct 01","cd_district":3,"house_district":39,"senate_district":20,"bor_district":2,"ccc_district":8},"geometry":{"type":"Polygon","coordinates":[[[-87.70234700031375,41.92596799962354],[-87.70577500011615,41.92807299956934],[-87.70540600018671,41.92834200028312],[-87.7048749999812,41.92840300039819],[-87.70498100037281,41.93204099999218],[-87.698845999843,41.93208800036098],[-87.69876699979716,41.92915900018778],[-87.70122900001832,41.92912699961141],[-87.70118499978787,41.928159999984075],[-87.7024129997601,41.92815000042225],[-87.70234700031375,41.92596799962354]]]}},{"type":"Feature","properties":{"JoinField":"CITY OF CHICAGO:Ward 01 Precinct 02","cd_district":3,"house_district":39,"senate_district":20,"bor_district":2,"ccc_district":8},"geometry":{"type":"Polygon","coordinates":[[[-87.697427000056,41.925312999995015],[-87.70024999983758,41.92525700011049],[-87.70175399994713,41.92617700026841],[-87.70175099980878,41.92658900038214],[-87.70236500024453,41.926584000151536],[-87.7024129997601,41.92815000042225],[-87.70118499978787,41.928159999984075],[-87.70122900001832,41.92912699961141],[-87.69876699979716,41.92915900018778],[-87.698845999843,41.93208800036098],[-87.69619699999151,41.9321040001995],[-87.69273000018933,41.93017000004551],[-87.69268199977444,41.929945999608265],[-87.6927019997974,41.929728000346984],[-87.69394000023078,41.93028700004504],[-87.69516199992631,41.930294000367894],[-87.69507000018035,41.927654000032135],[-87.69628999978363,41.927643000424155],[-87.69619099971482,41.92481899969715],[-87.69741300030967,41.924807000043074],[-87.697427000056,41.925312999995015]]]}},{"type":"Feature","properties":{"JoinField":"CITY OF CHICAGO:Ward 01 Precinct 03","cd_district":3,"house_district":39,"senate_district":20,"bor_district":2,"ccc_district":8},"geometry":{"type":"Polygon","coordinates":[[[-87.69619099971482,41.92481899969715],[-87.69628999978363,41.927643000424155],[-87.69507000018035,41.927654000032135],[-87.69516199992631,41.930294000367894],[-87.69394000023078,41.93028700004504],[-87.6927019997974,41.929728000346984],[-87.69273000018933,41.93017000004551],[-87.69619699999151,41.9321040001995],[-87.69396400043826,41.93212400022247],[-87.68776599970107,41.928582999705725],[-87.68764200027806,41.92490099988129],[-87.69619099971482,41.92481899969715]]]}},{"type":"Feature","properties":{"JoinField":"CITY OF CHICAGO:Ward 01 Precinct 04","cd_district":3,"house_district":39,"senate_district":20,"bor_district":2,"ccc_district":8},"geometry":{"type":"Polygon","coordinates":[[[-87.70159899999379,41.9206119999439],[-87.70178400043125,41.92074399973586],[-87.70170899967059,41.92138200037908],[-87.7022120003835,41.921502999663744],[-87.70236500024453,41.926584000151536],[-87.70175099980878,41.92658900038214],[-87.70175399994713,41.92617700026841],[-87.70024999983758,41.92525700011049],[-87.697427000056,41.925312999995015],[-87.69726099959541,41.91959199967113],[-87.7015670003168,41.91955099957903],[-87.70159899999379,41.9206119999439]]]}},{"type":"Feature","properties":{"JoinField":"CITY OF CHICAGO:Ward 01 Precinct 05","cd_district":3,"house_district":39,"senate_district":20,"bor_district":2,"ccc_district":8},"geometry":{"type":"Polygon","coordinates":[[[-87.69720100042576,41.91748899981752],[-87.69741300030967,41.924807000043074],[-87.69284300000442,41.92485200031962],[-87.69271200025855,41.920064999899864],[-87.69314699963428,41.920329000383106],[-87.69536100011004,41.91837200006779],[-87.6940800003917,41.917519000301695],[-87.69720100042576,41.91748899981752]]]}},{"type":"Feature","properties":{"JoinField":"CITY OF CHICAGO:Ward 01 Precinct 06","cd_district":3,"house_district":39,"senate_district":20,"bor_district":2,"ccc_district":8},"geometry":{"type":"Polygon","coordinates":[[[-87.69137799989477,41.920783999781804],[-87.69273200028152,41.92077100008163],[-87.69284300000442,41.92485200031962],[-87.68764200027806,41.92490099988129],[-87.68748700032478,41.91997999957738],[-87.69135199959504,41.919956000269224],[-87.69137799989477,41.920783999781804]]]}},{"type":"Feature","properties":{"JoinField":"CITY OF CHICAGO:Ward 01 Precinct 07","cd_district":3,"house_district":39,"senate_district":20,"bor_district":2,"ccc_district":8},"geometry":{"type":"Polygon","coordinates":[[[-87.70697599974255,41.917402000302104],[-87.70708100008807,41.92066299959782],[-87.70743400017892,41.920762999712736],[-87.7076310002704,41.921051000403395],[-87.70744899997135,41.921346999664365],[-87.70711299976512,41.92145200000982],[-87.70714200020313,41.92232299970675],[-87.70223299955325,41.922384999867916],[-87.7022120003835,41.921502999663744],[-87.70169099973981,41.921336000056385],[-87.70178400043125,41.92074399973586],[-87.70159899999379,41.9206119999439],[-87.7015670003168,41.91955099957903],[-87.69726099959541,41.91959199967113],[-87.69720100042576,41.91748899981752],[-87.70697599974255,41.917402000302104]]]}},{"type":"Feature","properties":{"JoinField":"CITY OF CHICAGO:Ward 01 Precinct 08","cd_district":3,"house_district":3,"senate_district":2,"bor_district":2,"ccc_district":1},"geometry":{"type":"Polygon","coordinates":[[[-87.69812699996106,41.913996999761764],[-87.69761299964017,41.91400300003846],[-87.69771599989343,41.917484999633075],[-87.69230600042152,41.917530999955716],[-87.69220300016826,41.913950000292346],[-87.69709299994196,41.91387999976223],[-87.69812699996106,41.913996999761764]]]}},{"type":"Feature","properties":{"JoinField":"CITY OF CHICAGO:Ward 01 Precinct 09","cd_district":3,"house_district":39,"senate_district":20,"bor_district":2,"ccc_district":1},"geometry":{"type":"Polygon","coordinates":[[[-87.69536100011004,41.91837200006779],[-87.69314699963428,41.920329000383106],[-87.69271200025855,41.920064999899864],[-87.69273200028152,41.92077100008163],[-87.69137799989477,41.920783999781804],[-87.69135199959504,41.919956000269224],[-87.68748700032478,41.91997999957738],[-87.68741000037119,41.917567999863365],[-87.6940800003917,41.917519000301695],[-87.69536100011004,41.91837200006779]]]}},{"type":"Feature","properties":{"JoinField":"CITY OF CHICAGO:Ward 01 Precinct 10","cd_district":3,"house_district":3,"senate_district":2,"bor_district":2,"ccc_district":1},"geometry":{"type":"Polygon","coordinates":[[[-87.69215299966118,41.91209300009194],[-87.69230600042152,41.917530999955716],[-87.68741000037119,41.917567999863365],[-87.68726800011808,41.91213200009179],[-87.69215299966118,41.91209300009194]]]}},{"type":"Feature","properties":{"JoinField":"CITY OF CHICAGO:Ward 01 Precinct 11","cd_district":3,"house_district":3,"senate_district":2,"bor_district":2,"ccc_district":1},"geometry":{"type":"Polygon","coordinates":[[[-87.69203899979999,41.90662099955955],[-87.69215299966118,41.91209300009194],[-87.68726800011808,41.91213200009179],[-87.68712299972663,41.90666599983609],[-87.69203899979999,41.90662099955955]]]}},{"type":"Feature","properties":{"JoinField":"CITY OF CHICAGO:Ward 01 Precinct 12","cd_district":7,"house_district":3,"senate_district":2,"bor_district":2,"ccc_district":1},"geometry":{"type":"Polygon","coordinates":[[[-87.68712299972663,41.90666599983609],[-87.68722099974929,41.910321000214026],[-87.68234699981417,41.91039299993707],[-87.6822459996531,41.906745999928035],[-87.68712299972663,41.90666599983609]]]}},{"type":"Feature","properties":{"JoinField":"CITY OF CHICAGO:Ward 01 Precinct 13","cd_district":7,"house_district":4,"senate_district":2,"bor_district":2,"ccc_district":1},"geometry":{"type":"Polygon","coordinates":[[[-87.68448600042854,41.8994220003251],[-87.68450999973663,41.90033099997572],[-87.68696000030371,41.900293000021975],[-87.68712299972663,41.90666599983609],[-87.6822459996531,41.906745999928035],[-87.6820460003226,41.89946599965623],[-87.68448600042854,41.8994220003251]]]}},{"type":"Feature","properties":{"JoinField":"CITY OF CHICAGO:Ward 01 Precinct 14","cd_district":7,"house_district":3,"senate_district":2,"bor_district":2,"ccc_district":12},"geometry":{"type":"Polygon","coordinates":[[[-87.68225500006815,41.90705299969625],[-87.68234699981417,41.91039299993707],[-87.67746300031718,41.91046999989061],[-87.67737399981019,41.90714200020318],[-87.68225500006815,41.90705299969625]]]}},{"type":"Feature","properties":{"JoinField":"CITY OF CHICAGO:Ward 01 Precinct 15","cd_district":7,"house_district":3,"senate_district":2,"bor_district":2,"ccc_district":12},"geometry":{"type":"Polygon","coordinates":[[[-87.68211900009175,41.9021720003376],[-87.68225500006815,41.90705299969625],[-87.67737399981019,41.90714200020318],[-87.67725799985675,41.90319099966496],[-87.67482199993532,41.9032299996648],[-87.6748050000507,41.90272899994346],[-87.67724300006438,41.90269900035861],[-87.6772300003642,41.90225599971467],[-87.68211900009175,41.9021720003376]]]}},{"type":"Feature","properties":{"JoinField":"CITY OF CHICAGO:Ward 01 Precinct 16","cd_district":7,"house_district":4,"senate_district":2,"bor_district":2,"ccc_district":12},"geometry":{"type":"Polygon","coordinates":[[[-87.6820460003226,41.89946599965623],[-87.68211900009175,41.9021720003376],[-87.6772300003642,41.90225599971467],[-87.67724300006438,41.90269900035861],[-87.6748050000507,41.90272899994346],[-87.67482199993532,41.9032299996648],[-87.67359399996309,41.903247000448744],[-87.67348899961758,41.899614000186034],[-87.6820460003226,41.89946599965623]]]}},{"type":"Feature","properties":{"JoinField":"CITY OF CHICAGO:Ward 01 Precinct 17","cd_district":5,"house_district":3,"senate_district":2,"bor_district":2,"ccc_district":12},"geometry":{"type":"Polygon","coordinates":[[[-87.67725799985675,41.90319099966496],[-87.67737399981019,41.90714200020318],[-87.6774450003864,41.90975800033152],[-87.67407399961536,41.907616999624906],[-87.67367900028557,41.90795599996949],[-87.67266700038175,41.907309999856636],[-87.67489599975056,41.90537899984105],[-87.67482199993532,41.9032299996648],[-87.67725799985675,41.90319099966496]]]}},{"type":"Feature","properties":{"JoinField":"CITY OF CHICAGO:Ward 01 Precinct 18","cd_district":5,"house_district":10,"senate_district":5,"bor_district":2,"ccc_district":12},"geometry":{"type":"Polygon","coordinates":[[[-87.66751300012481,41.904016999984606],[-87.67367900028557,41.90795599996949],[-87.67407399961536,41.907616999624906],[-87.6774450003864,41.90975800033152],[-87.67746300031718,41.91046999989061],[-87.67013399958438,41.910597000351345],[-87.67004800011506,41.90757400033988],[-87.66760499987083,41.90760499997083],[-87.66751300012481,41.904016999984606]]]}},{"type":"Feature","properties":{"JoinField":"CITY OF CHICAGO:Ward 01 Precinct 19","cd_district":5,"house_district":10,"senate_district":5,"bor_district":2,"ccc_district":12},"geometry":{"type":"Polygon","coordinates":[[[-87.66272699975121,41.9070559998346],[-87.6675900000784,41.90700700027287],[-87.66760499987083,41.90760499997083],[-87.67004800011506,41.90757400033988],[-87.67013399958438,41.910597000351345],[-87.66519200011066,41.91066499988989],[-87.66428299956073,41.90940800037896],[-87.6628120000737,41.908045999623255],[-87.66272699975121,41.9070559998346]]]}},{"type":"Feature","properties":{"JoinField":"CITY OF CHICAGO:Ward 01 Precinct 20","cd_district":5,"house_district":3,"senate_district":2,"bor_district":2,"ccc_district":12},"geometry":{"type":"Polygon","coordinates":[[[-87.67489599975056,41.90537899984105],[-87.67266700038175,41.907309999856636],[-87.66751300012481,41.904016999984606],[-87.6674950001941,41.90334599961824],[-87.67482199993532,41.9032299996648],[-87.67489599975056,41.90537899984105]]]}},{"type":"Feature","properties":{"JoinField":"CITY OF CHICAGO:Ward 01 Precinct 21","cd_district":5,"house_district":10,"senate_district":5,"bor_district":2,"ccc_district":12},"geometry":{"type":"Polygon","coordinates":[[[-87.6674950001941,41.90334599961824],[-87.6675900000784,41.90700700027287],[-87.66272699975121,41.9070559998346],[-87.6628120000737,41.908045999623255],[-87.66186400042324,41.90706999958087],[-87.66129100007953,41.905995000369046],[-87.66113600012625,41.904968999819516],[-87.66129200012568,41.903439000309675],[-87.6674950001941,41.90334599961824]]]}},{"type":"Feature","properties":{"JoinField":"CITY OF CHICAGO:Ward 01 Precinct 22","cd_district":7,"house_district":4,"senate_district":2,"bor_district":2,"ccc_district":12},"geometry":{"type":"Polygon","coordinates":[[[-87.67348899961758,41.899614000186034],[-87.67359399996309,41.903247000448744],[-87.6674950001941,41.90334599961824],[-87.66739199994083,41.89970800002425],[-87.67348899961758,41.899614000186034]]]}},{"type":"Feature","properties":{"JoinField":"CITY OF CHICAGO:Ward 01 Precinct 23","cd_district":7,"house_district":10,"senate_district":5,"bor_district":2,"ccc_district":12},"geometry":{"type":"Polygon","coordinates":[[[-87.66739199994083,41.89970800002425],[-87.6674950001941,41.90334599961824],[-87.66648500038241,41.903358000171636],[-87.66252999965974,41.90082300018139],[-87.66250400025939,41.89978600002394],[-87.66739199994083,41.89970800002425]]]}},{"type":"Feature","properties":{"JoinField":"CITY OF CHICAGO:Ward 01 Precinct 24","cd_district":7,"house_district":4,"senate_district":2,"bor_district":2,"ccc_district":2},"geometry":{"type":"Polygon","coordinates":[[[-87.67202200031505,41.890902999573825],[-87.67228199971447,41.89963300016291],[-87.66739199994083,41.89970800002425],[-87.66729199982592,41.896073999715384],[-87.66972799974735,41.89603299962329],[-87.66957800002467,41.89094399966592],[-87.67202200031505,41.890902999573825]]]}},{"type":"Feature","properties":{"JoinField":"CITY OF CHICAGO:Ward 01 Precinct 25","cd_district":7,"house_district":10,"senate_district":5,"bor_district":2,"ccc_district":2},"geometry":{"type":"Polygon","coordinates":[[[-87.66957800002467,41.89094399966592],[-87.66972799974735,41.89603299962329],[-87.66729199982592,41.896073999715384],[-87.66739199994083,41.89970800002425],[-87.66250400025939,41.89978600002394],[-87.66246600030564,41.89844900042107],[-87.66491900011175,41.89840500019068],[-87.66490500036542,41.89611099962298],[-87.66565800001666,41.8960979999228],[-87.66557799992472,41.89336899997943],[-87.66721199973398,41.89334299967976],[-87.66714300014928,41.89097700028839],[-87.66957800002467,41.89094399966592]]]}},{"type":"Feature","properties":{"JoinField":"CITY OF CHICAGO:Ward 01 Precinct 26","cd_district":7,"house_district":10,"senate_district":5,"bor_district":2,"ccc_district":2},"geometry":{"type":"Polygon","coordinates":[[[-87.66223300035267,41.889943000269284],[-87.66548300004041,41.88990500031554],[-87.66551599976356,41.89099900040361],[-87.66714300014928,41.89097700028839],[-87.66721199973398,41.89334299967976],[-87.65744399984067,41.89349799963304],[-87.65743400027884,41.89306899963469],[-87.66004099999213,41.88995900010781],[-87.6608779999197,41.88994999969276],[-87.6607769997587,41.88890600011189],[-87.66214299979958,41.88894600015783],[-87.66223300035267,41.889943000269284]]]}},{"type":"Feature","properties":{"JoinField":"CITY OF CHICAGO:Ward 02 Precinct 01","cd_district":7,"house_district":26,"senate_district":13,"bor_district":3,"ccc_district":3},"geometry":{"type":"Polygon","coordinates":[[[-87.61766900022417,41.89105100010363],[-87.61771499964749,41.89264199972854],[-87.6142190003066,41.89269300028178],[-87.61401299980008,41.89294300011943],[-87.6138939997083,41.891110000126446],[-87.61766900022417,41.89105100010363]]]}},{"type":"Feature","properties":{"JoinField":"CITY OF CHICAGO:Ward 02 Precinct 02","cd_district":7,"house_district":26,"senate_district":13,"bor_district":3,"ccc_district":3},"geometry":{"type":"Polygon","coordinates":[[[-87.61771499964749,41.89264199972854],[-87.61779199960108,41.895050000157426],[-87.62032200026005,41.89501500034203],[-87.62034500042142,41.895797999578065],[-87.61568999979363,41.89587699962391],[-87.61367200026257,41.89309800007271],[-87.6142190003066,41.89269300028178],[-87.61771499964749,41.89264199972854]]]}},{"type":"Feature","properties":{"JoinField":"CITY OF CHICAGO:Ward 02 Precinct 03","cd_district":7,"house_district":26,"senate_district":13,"bor_district":3,"ccc_district":3},"geometry":{"type":"Polygon","coordinates":[[[-87.62022500028348,41.891003999734835],[-87.62032200026005,41.89501500034203],[-87.61779199960108,41.895050000157426],[-87.61766900022417,41.89105100010363],[-87.62022500028348,41.891003999734835]]]}},{"type":"Feature","properties":{"JoinField":"CITY OF CHICAGO:Ward 02 Precinct 04","cd_district":7,"house_district":26,"senate_district":13,"bor_district":3,"ccc_district":3},"geometry":{"type":"Polygon","coordinates":[[[-87.62264999969767,41.89095900035761],[-87.62275800018153,41.89496900001939],[-87.62032200026005,41.89501500034203],[-87.62022500028348,41.891003999734835],[-87.6217709996319,41.89086799975843],[-87.62264999969767,41.89095900035761]]]}},{"type":"Feature","properties":{"JoinField":"CITY OF CHICAGO:Ward 02 Precinct 05","cd_district":5,"house_district":26,"senate_district":13,"bor_district":3,"ccc_district":3},"geometry":{"type":"Polygon","coordinates":[[[-87.62817499997624,41.8956790003856],[-87.62682599981997,41.89569900040857],[-87.62685000002745,41.896694999574606],[-87.62616499991475,41.896706000081906],[-87.61704800036489,41.89683699982771],[-87.6163139997912,41.89676900028917],[-87.61568999979363,41.89587699962391],[-87.62034500042142,41.895797999578065],[-87.62032200026005,41.89501500034203],[-87.62680699984315,41.89489600025024],[-87.62815299986102,41.89487600022727],[-87.62817499997624,41.8956790003856]]]}},{"type":"Feature","properties":{"JoinField":"CITY OF CHICAGO:Ward 02 Precinct 06","cd_district":5,"house_district":26,"senate_district":13,"bor_district":2,"ccc_district":3},"geometry":{"type":"Polygon","coordinates":[[[-87.62183900006977,41.897614999732525],[-87.62018200009919,41.89763999998604],[-87.62023399979921,41.90007299976918],[-87.61852500012861,41.90018599958427],[-87.6163139997912,41.89676900028917],[-87.62183099970082,41.89676900028917],[-87.62183900006977,41.897614999732525]]]}},{"type":"Feature","properties":{"JoinField":"CITY OF CHICAGO:Ward 02 Precinct 07","cd_district":5,"house_district":26,"senate_district":13,"bor_district":2,"ccc_district":3},"geometry":{"type":"Polygon","coordinates":[[[-87.62424300031415,41.89673399957445],[-87.6241030001533,41.898386000213804],[-87.62185599995439,41.89841899993695],[-87.62188899967754,41.90004500027658],[-87.62023399979921,41.90007299976918],[-87.62018200009919,41.89763999998604],[-87.62183900006977,41.897614999732525],[-87.62183099970082,41.89676900028917],[-87.62424300031415,41.89673399957445]]]}},{"type":"Feature","properties":{"JoinField":"CITY OF CHICAGO:Ward 02 Precinct 08","cd_district":5,"house_district":12,"senate_district":6,"bor_district":2,"ccc_district":3},"geometry":{"type":"Polygon","coordinates":[[[-87.6241030001533,41.898386000213804],[-87.62420200022211,41.90141899978704],[-87.62500400033429,41.90400100014608],[-87.62402500015361,41.90402999968478],[-87.62299000008841,41.90322200019523],[-87.62257900002078,41.90265099994372],[-87.62260899960563,41.90185500010824],[-87.6201329996382,41.901595999855545],[-87.61966200040098,41.90142500006374],[-87.61915600044904,41.90105700018046],[-87.61852500012861,41.90018599958427],[-87.62188899967754,41.90004500027658],[-87.62185599995439,41.89841899993695],[-87.6241030001533,41.898386000213804]]]}},{"type":"Feature","properties":{"JoinField":"CITY OF CHICAGO:Ward 02 Precinct 09","cd_district":5,"house_district":12,"senate_district":6,"bor_district":2,"ccc_district":3},"geometry":{"type":"Polygon","coordinates":[[[-87.628628000182,41.903180000057034],[-87.6287100003662,41.904853999912234],[-87.62584100026191,41.90490200032713],[-87.62584799968539,41.903988000445906],[-87.62500400033429,41.90400100014608],[-87.62450699989807,41.90243800001372],[-87.62834100043676,41.902380000037],[-87.628628000182,41.903180000057034]]]}},{"type":"Feature","properties":{"JoinField":"CITY OF CHICAGO:Ward 02 Precinct 10","cd_district":7,"house_district":12,"senate_district":6,"bor_district":2,"ccc_district":12},"geometry":{"type":"Polygon","coordinates":[[[-87.63426200009121,41.8982039999147],[-87.6343820002291,41.90132499994883],[-87.63292999981962,41.901334000363875],[-87.63298299956574,41.903111999619114],[-87.63282600041953,41.90311599980362],[-87.63264800030493,41.89661400033589],[-87.63420300006834,41.89659600040517],[-87.6342329996532,41.89741899968715],[-87.63719999978014,41.8973819997795],[-87.63718499998771,41.89698000012697],[-87.63869100018945,41.89703399991919],[-87.63876900018914,41.89892299979664],[-87.6372619999413,41.898943999865764],[-87.6372320003565,41.89816299982266],[-87.63426200009121,41.8982039999147]]]}},{"type":"Feature","properties":{"JoinField":"CITY OF CHICAGO:Ward 02 Precinct 11","cd_district":7,"house_district":12,"senate_district":6,"bor_district":2,"ccc_district":12},"geometry":{"type":"Polygon","coordinates":[[[-87.63264800030493,41.89661400033589],[-87.63275499984331,41.900536999582926],[-87.63134999980264,41.90055300032077],[-87.63130000019481,41.898730999935765],[-87.62983199994682,41.89875200000483],[-87.62981500006214,41.897988999892505],[-87.6305499997826,41.897978000284525],[-87.63051700005946,41.896646000012936],[-87.63264800030493,41.89661400033589]]]}},{"type":"Feature","properties":{"JoinField":"CITY OF CHICAGO:Ward 02 Precinct 12","cd_district":5,"house_district":12,"senate_district":6,"bor_district":2,"ccc_district":12},"geometry":{"type":"Polygon","coordinates":[[[-87.63130000019481,41.898730999935765],[-87.63134999980264,41.90055300032077],[-87.63275499984331,41.900536999582926],[-87.63282600041953,41.90311599980362],[-87.62996299969262,41.90315399975731],[-87.62988899987738,41.90057300034374],[-87.6283130000449,41.90059300036671],[-87.62828999988358,41.89993699979277],[-87.62986499966996,41.89991200043852],[-87.62983199994682,41.89875200000483],[-87.63130000019481,41.898730999935765]]]}},{"type":"Feature","properties":{"JoinField":"CITY OF CHICAGO:Ward 02 Precinct 13","cd_district":5,"house_district":12,"senate_district":6,"bor_district":2,"ccc_district":3},"geometry":{"type":"Polygon","coordinates":[[[-87.62988899987738,41.90057300034374],[-87.62996299969262,41.90315399975731],[-87.63142399961782,41.90313499978049],[-87.63144499968695,41.90390100003117],[-87.629985999854,41.90392300014639],[-87.63004199973847,41.905802999608795],[-87.62874300008934,41.90581900034664],[-87.62866099990521,41.90326400033342],[-87.62834100043676,41.902380000037],[-87.6283130000449,41.90059300036671],[-87.62988899987738,41.90057300034374]]]}},{"type":"Feature","properties":{"JoinField":"CITY OF CHICAGO:Ward 02 Precinct 14","cd_district":5,"house_district":12,"senate_district":6,"bor_district":2,"ccc_district":3},"geometry":{"type":"Polygon","coordinates":[[[-87.63306199961153,41.90575500009322],[-87.63004199973847,41.905802999608795],[-87.629985999854,41.90392300014639],[-87.63300200044193,41.90387699982375],[-87.63306199961153,41.90575500009322]]]}},{"type":"Feature","properties":{"JoinField":"CITY OF CHICAGO:Ward 02 Precinct 15","cd_district":5,"house_district":12,"senate_district":6,"bor_district":2,"ccc_district":3},"geometry":{"type":"Polygon","coordinates":[[[-87.6331209996344,41.90769599967069],[-87.6315960003551,41.90783399973935],[-87.62878500022754,41.907798999923955],[-87.62874300008934,41.90581900034664],[-87.63306199961153,41.90575500009322],[-87.6331209996344,41.90769599967069]]]}},{"type":"Feature","properties":{"JoinField":"CITY OF CHICAGO:Ward 02 Precinct 16","cd_district":5,"house_district":12,"senate_district":6,"bor_district":2,"ccc_district":3},"geometry":{"type":"Polygon","coordinates":[[[-87.62878500022754,41.907798999923955],[-87.63156900000928,41.90783399973935],[-87.63164700000902,41.910427999752415],[-87.63237200016766,41.910379000190744],[-87.63248499998275,41.91116100028],[-87.62888600038855,41.91122300044117],[-87.62878500022754,41.907798999923955]]]}},{"type":"Feature","properties":{"JoinField":"CITY OF CHICAGO:Ward 02 Precinct 17","cd_district":5,"house_district":12,"senate_district":6,"bor_district":2,"ccc_district":3},"geometry":{"type":"Polygon","coordinates":[[[-87.63454200041298,41.90572899979355],[-87.63470900002028,41.91110400034938],[-87.63248499998275,41.91116100028],[-87.63237200016766,41.910379000190744],[-87.63164700000902,41.910427999752415],[-87.63156900000928,41.90783399973935],[-87.6331209996344,41.90769599967069],[-87.63306199961153,41.90575500009322],[-87.63454200041298,41.90572899979355]]]}},{"type":"Feature","properties":{"JoinField":"CITY OF CHICAGO:Ward 02 Precinct 18","cd_district":7,"house_district":12,"senate_district":6,"bor_district":2,"ccc_district":3},"geometry":{"type":"Polygon","coordinates":[[[-87.6371199996882,41.90568599960926],[-87.63842100032889,41.905662000301106],[-87.63848399963683,41.90760099978638],[-87.63718499998771,41.90762199985545],[-87.63715000017231,41.90665600027427],[-87.63457500013612,41.90669200013576],[-87.63454200041298,41.90572899979355],[-87.63306199961153,41.90575500009322],[-87.63300200044193,41.90387699982375],[-87.63701600028816,41.9038110003774],[-87.6371199996882,41.90568599960926]]]}},{"type":"Feature","properties":{"JoinField":"CITY OF CHICAGO:Ward 02 Precinct 19","cd_district":5,"house_district":12,"senate_district":6,"bor_district":2,"ccc_district":3},"geometry":{"type":"Polygon","coordinates":[[[-87.63715000017231,41.90665600027427],[-87.63727799977983,41.90981000003154],[-87.63760200033204,41.91034200028315],[-87.6376240004472,41.91113099979583],[-87.63323000016436,41.91116400041835],[-87.63470900002028,41.91110400034938],[-87.63457500013612,41.90669200013576],[-87.63715000017231,41.90665600027427]]]}},{"type":"Feature","properties":{"JoinField":"CITY OF CHICAGO:Ward 02 Precinct 20","cd_district":5,"house_district":12,"senate_district":6,"bor_district":2,"ccc_district":3},"geometry":{"type":"Polygon","coordinates":[[[-87.63168199982442,41.911181000302975],[-87.6366640002434,41.9111970001415],[-87.63671800003561,41.912852000019825],[-87.63322399988766,41.91291300013489],[-87.63285499995823,41.913173999580465],[-87.63168199982442,41.911181000302975]]]}},{"type":"Feature","properties":{"JoinField":"CITY OF CHICAGO:Ward 02 Precinct 21","cd_district":7,"house_district":12,"senate_district":6,"bor_district":2,"ccc_district":3},"geometry":{"type":"Polygon","coordinates":[[[-87.63986100018496,41.912875000181145],[-87.63671800003561,41.912852000019825],[-87.63668400026637,41.91174800036998],[-87.63805499963848,41.91172300011641],[-87.63803899979996,41.91117900021072],[-87.63980800043885,41.9111560000494],[-87.63986100018496,41.912875000181145]]]}},{"type":"Feature","properties":{"JoinField":"CITY OF CHICAGO:Ward 02 Precinct 22","cd_district":7,"house_district":9,"senate_district":5,"bor_district":2,"ccc_district":3},"geometry":{"type":"Polygon","coordinates":[[[-87.64110800013407,41.90487299988911],[-87.64211399976125,41.905595999955494],[-87.64216700040669,41.90919300035671],[-87.64337799959497,41.909176999618865],[-87.64341300030969,41.91042699970632],[-87.6440799995923,41.91042699970632],[-87.64425300037561,41.910231999707094],[-87.64545299995592,41.910231999707094],[-87.64535599997936,41.910963000142374],[-87.63859400021289,41.91117199988793],[-87.63853400014398,41.909241999918436],[-87.64095600031914,41.90921000024139],[-87.6408400003657,41.90508299968076],[-87.64110800013407,41.90487299988911]]]}},{"type":"Feature","properties":{"JoinField":"CITY OF CHICAGO:Ward 02 Precinct 23","cd_district":7,"house_district":9,"senate_district":5,"bor_district":2,"ccc_district":3},"geometry":{"type":"Polygon","coordinates":[[[-87.651105999842,41.91087399963544],[-87.64827199955312,41.91091999995808],[-87.64836100006005,41.91382700001611],[-87.64444900042099,41.91388600003893],[-87.64435599972956,41.91098700034985],[-87.64584500004668,41.91095599981958],[-87.64586299997745,41.911421999725576],[-87.64707199997281,41.9114039997948],[-87.64707600015726,41.910936999842704],[-87.64624999983761,41.9109500004422],[-87.64615299986104,41.910231999707094],[-87.64708899985743,41.91011199956915],[-87.64774999976265,41.90964399957096],[-87.64825100038331,41.91000299993857],[-87.64821100033737,41.90857699982871],[-87.65103900034956,41.90853399964442],[-87.651105999842,41.91087399963544]]]}},{"type":"Feature","properties":{"JoinField":"CITY OF CHICAGO:Ward 02 Precinct 24","cd_district":5,"house_district":10,"senate_district":5,"bor_district":2,"ccc_district":12},"geometry":{"type":"Polygon","coordinates":[[[-87.65547900005578,41.91249899992897],[-87.65438800010611,41.91305200024965],[-87.65779699993158,41.91615200021471],[-87.6590629998575,41.917118999842046],[-87.6601369999226,41.91709599968067],[-87.66303699965778,41.91929200022571],[-87.66318500018758,41.92074099959751],[-87.66439700032129,41.9216130002398],[-87.65712599956521,41.92167999973225],[-87.65706700044166,41.91986699976229],[-87.65827899967604,41.91984699973932],[-87.6582799997222,41.917193999703386],[-87.6533960002252,41.91369500022415],[-87.6532119998339,41.913735000270094],[-87.65320500041042,41.91356000029384],[-87.64950099957144,41.91089999993511],[-87.65408000029174,41.91082400002762],[-87.65547900005578,41.91249899992897]]]}},{"type":"Feature","properties":{"JoinField":"CITY OF CHICAGO:Ward 02 Precinct 25","cd_district":5,"house_district":10,"senate_district":5,"bor_district":2,"ccc_district":12},"geometry":{"type":"Polygon","coordinates":[[[-87.66439700032129,41.9216130002398],[-87.66811199986887,41.924277999929814],[-87.66814599963811,41.925151999765035],[-87.65724899984144,41.92531199994892],[-87.65718699968028,41.92349499979446],[-87.65839399958338,41.92347699986368],[-87.65833499956057,41.921660999755375],[-87.66439700032129,41.9216130002398]]]}},{"type":"Feature","properties":{"JoinField":"CITY OF CHICAGO:Ward 03 Precinct 01","cd_district":7,"house_district":5,"senate_district":3,"bor_district":3,"ccc_district":3},"geometry":{"type":"Polygon","coordinates":[[[-87.62588999982358,41.801946000007945],[-87.62608499982287,41.809235999841576],[-87.61685000022732,41.809380000186934],[-87.61671300020475,41.803919000161784],[-87.61645099981376,41.80392200030013],[-87.61611100032235,41.80210300005348],[-87.62588999982358,41.801946000007945]]]}},{"type":"Feature","properties":{"JoinField":"CITY OF CHICAGO:Ward 03 Precinct 02","cd_district":1,"house_district":5,"senate_district":3,"bor_district":3,"ccc_district":3},"geometry":{"type":"Polygon","coordinates":[[[-87.61655800025147,41.817538999625185],[-87.61673200018163,41.82383799962406],[-87.61262399959787,41.8238910002695],[-87.61393799993868,41.81758199980948],[-87.61655800025147,41.817538999625185]]]}},{"type":"Feature","properties":{"JoinField":"CITY OF CHICAGO:Ward 03 Precinct 03","cd_district":7,"house_district":6,"senate_district":3,"bor_district":3,"ccc_district":2},"geometry":{"type":"Polygon","coordinates":[[[-87.62837500020606,41.84709199999588],[-87.63004699996901,41.84726900006433],[-87.63010900013023,41.85211200036855],[-87.63026700022186,41.85293899983503],[-87.63006800003814,41.852940999927284],[-87.63022600012977,41.8577790000009],[-87.62712700021086,41.85781800000075],[-87.62714600018774,41.85544700037883],[-87.6263860002137,41.85545699994066],[-87.62636600019073,41.849248999641645],[-87.62621899970702,41.84752400013258],[-87.62837500020606,41.84709199999588]]]}},{"type":"Feature","properties":{"JoinField":"CITY OF CHICAGO:Ward 03 Precinct 04","cd_district":1,"house_district":26,"senate_district":13,"bor_district":3,"ccc_district":3},"geometry":{"type":"Polygon","coordinates":[[[-87.61386700026179,41.80578299978566],[-87.6138939997083,41.81215400040685],[-87.61456199993631,41.812140999807355],[-87.61459100037433,41.81304600017285],[-87.61393899998484,41.81305699978077],[-87.6140289996386,41.81486999975073],[-87.61480300025823,41.81485700005055],[-87.61486899970453,41.81546700030185],[-87.61569800016252,41.815459999979055],[-87.61571199990885,41.81483900011983],[-87.61647900020569,41.814826999566435],[-87.61655800025147,41.817538999625185],[-87.61393799993868,41.81758199980948],[-87.61408999975367,41.81668299972074],[-87.61285799959694,41.81670599988206],[-87.61279700038125,41.8148899997737],[-87.60831899982196,41.81496699972729],[-87.60827799972986,41.81314900042611],[-87.60991200043844,41.81312300012638],[-87.6098670001619,41.81130599997198],[-87.6114989998789,41.81127999967231],[-87.61141100031739,41.807643000124415],[-87.61262899982842,41.80762500019364],[-87.61258699969022,41.805802999808634],[-87.61386700026179,41.80578299978566]]]}},{"type":"Feature","properties":{"JoinField":"CITY OF CHICAGO:Ward 03 Precinct 05","cd_district":7,"house_district":6,"senate_district":3,"bor_district":3,"ccc_district":2},"geometry":{"type":"Polygon","coordinates":[[[-87.63583899996985,41.8090460000729],[-87.63605900022264,41.819052000149725],[-87.62919100006457,41.819160999780365],[-87.62912599976505,41.81645099981387],[-87.63356300023224,41.81638400032142],[-87.63358999967869,41.81773699976276],[-87.63537900034055,41.81771100036241],[-87.6352050004104,41.81635800002175],[-87.63471800043533,41.81636500034455],[-87.63460599976702,41.81249800008271],[-87.63346200007123,41.81251600001343],[-87.6334420000482,41.81173900015477],[-87.63201299980005,41.811762000316094],[-87.63197699993856,41.81031600018332],[-87.63224799984528,41.809872000392545],[-87.63339200044044,41.80985000027732],[-87.63338300002539,41.80947600011734],[-87.6347730002737,41.80945700014047],[-87.63475500034298,41.80906800018812],[-87.63583899996985,41.8090460000729]]]}},{"type":"Feature","properties":{"JoinField":"CITY OF CHICAGO:Ward 03 Precinct 06","cd_district":7,"house_district":5,"senate_district":3,"bor_district":3,"ccc_district":2},"geometry":{"type":"Polygon","coordinates":[[[-87.6238140003158,41.85294500011173],[-87.62393300040759,41.85787800006972],[-87.62241100036732,41.85789900013879],[-87.62227899967604,41.85296199999635],[-87.6238140003158,41.85294500011173]]]}},{"type":"Feature","properties":{"JoinField":"CITY OF CHICAGO:Ward 03 Precinct 07","cd_district":7,"house_district":5,"senate_district":3,"bor_district":3,"ccc_district":2},"geometry":{"type":"Polygon","coordinates":[[[-87.62650000007488,41.83466599983609],[-87.62660599956718,41.83954900018625],[-87.62607700035323,41.83955499956363],[-87.62621899970702,41.84752400013258],[-87.62368000043165,41.848057999577065],[-87.62340500034048,41.84608300023035],[-87.62331299969514,41.838345999568276],[-87.62192500043841,41.83836500044447],[-87.62187900011571,41.83649699973682],[-87.61944400024038,41.83656800031304],[-87.61941099961791,41.83474099969743],[-87.62650000007488,41.83466599983609]]]}},{"type":"Feature","properties":{"JoinField":"CITY OF CHICAGO:Ward 03 Precinct 08","cd_district":7,"house_district":5,"senate_district":3,"bor_district":3,"ccc_district":2},"geometry":{"type":"Polygon","coordinates":[[[-87.62082400002754,41.793829999854665],[-87.62084600014276,41.79472299966676],[-87.62678499972793,41.794631999966896],[-87.62683200009667,41.79635600032918],[-87.62783699967775,41.79646900014427],[-87.62798400016146,41.801912000238644],[-87.61611100032235,41.80210300005348],[-87.615957999562,41.79392199960063],[-87.62082400002754,41.793829999854665]]]}},{"type":"Feature","properties":{"JoinField":"CITY OF CHICAGO:Ward 03 Precinct 09","cd_district":7,"house_district":5,"senate_district":3,"bor_district":3,"ccc_district":2},"geometry":{"type":"Polygon","coordinates":[[[-87.6273079995645,41.86574400038535],[-87.62403199957708,41.86578599962422],[-87.62407999999198,41.864110999722925],[-87.62728000007189,41.864053999792304],[-87.6273079995645,41.86574400038535]]]}},{"type":"Feature","properties":{"JoinField":"CITY OF CHICAGO:Ward 03 Precinct 10","cd_district":7,"house_district":5,"senate_district":3,"bor_district":3,"ccc_district":2},"geometry":{"type":"Polygon","coordinates":[[[-87.62407999999198,41.864110999722925],[-87.62403199957708,41.86578599962422],[-87.6226349999053,41.86582399957797],[-87.62255699990561,41.86413499993034],[-87.62407999999198,41.864110999722925]]]}},{"type":"Feature","properties":{"JoinField":"CITY OF CHICAGO:Ward 03 Precinct 11","cd_district":7,"house_district":5,"senate_district":3,"bor_district":3,"ccc_district":3},"geometry":{"type":"Polygon","coordinates":[[[-87.62450899999033,41.811070999926756],[-87.62613000009941,41.811054000042134],[-87.62627100030636,41.81648999981371],[-87.61652899981345,41.81663800034352],[-87.61642799965244,41.81301399959648],[-87.61969300003187,41.81296500003475],[-87.61959299991696,41.80933599995649],[-87.6244580003364,41.809262000141246],[-87.62450899999033,41.811070999926756]]]}},{"type":"Feature","properties":{"JoinField":"CITY OF CHICAGO:Ward 03 Precinct 12","cd_district":7,"house_district":26,"senate_district":13,"bor_district":3,"ccc_district":3},"geometry":{"type":"Polygon","coordinates":[[[-87.61671300020475,41.803919000161784],[-87.61685000022732,41.809380000186934],[-87.61959299991696,41.80933599995649],[-87.61969300003187,41.81296500003475],[-87.61642799965244,41.81301399959648],[-87.61647900020569,41.814826999566435],[-87.61571199990885,41.81483900011983],[-87.61569800016252,41.815459999979055],[-87.61486899970453,41.81546700030185],[-87.61480300025823,41.81485700005055],[-87.6140289996386,41.81486999975073],[-87.61393899998484,41.81305699978077],[-87.61459100037433,41.81304600017285],[-87.61456199993631,41.812140999807355],[-87.6138939997083,41.81215400040685],[-87.61386700026179,41.80578299978566],[-87.61555399981722,41.805756000339215],[-87.61550700034775,41.803936000046406],[-87.61623999997596,41.803924000392385],[-87.61671300020475,41.803919000161784]]]}},{"type":"Feature","properties":{"JoinField":"CITY OF CHICAGO:Ward 03 Precinct 13","cd_district":7,"house_district":6,"senate_district":3,"bor_district":1,"ccc_district":2},"geometry":{"type":"Polygon","coordinates":[[[-87.63022600012977,41.8577790000009],[-87.63026400008351,41.86012100008412],[-87.63487899976599,41.85996500008474],[-87.63509599988043,41.86725800005672],[-87.63531900027164,41.867361000309984],[-87.6274859996791,41.86733800014866],[-87.62747299997892,41.86574200029315],[-87.6273079995645,41.86574400038535],[-87.62712700021086,41.85781800000075],[-87.63022600012977,41.8577790000009]]]}},{"type":"Feature","properties":{"JoinField":"CITY OF CHICAGO:Ward 03 Precinct 14","cd_district":7,"house_district":5,"senate_district":3,"bor_district":3,"ccc_district":2},"geometry":{"type":"Polygon","coordinates":[[[-87.62712700021086,41.85781800000075],[-87.627231999657,41.86241199961415],[-87.62649399979824,41.86241999998305],[-87.62647799995972,41.86079499968952],[-87.62400500013064,41.860837999873866],[-87.62398900029211,41.860268999714606],[-87.62247299962917,41.86024999973773],[-87.62241100036732,41.85789900013879],[-87.62712700021086,41.85781800000075]]]}},{"type":"Feature","properties":{"JoinField":"CITY OF CHICAGO:Ward 03 Precinct 15","cd_district":7,"house_district":5,"senate_district":3,"bor_district":3,"ccc_district":3},"geometry":{"type":"Polygon","coordinates":[[[-87.62627100030636,41.81648999981371],[-87.62639699982162,41.82181199972405],[-87.62755200002476,41.821801000116125],[-87.6275930001168,41.82369900040857],[-87.6216019999323,41.82377500031606],[-87.62150700004798,41.820170000445216],[-87.61663300011281,41.82023799998376],[-87.61652899981345,41.81663800034352],[-87.62627100030636,41.81648999981371]]]}},{"type":"Feature","properties":{"JoinField":"CITY OF CHICAGO:Ward 03 Precinct 16","cd_district":7,"house_district":5,"senate_district":3,"bor_district":3,"ccc_district":2},"geometry":{"type":"Polygon","coordinates":[[[-87.62398900029211,41.860268999714606],[-87.62407999999198,41.864110999722925],[-87.62255699990561,41.86413499993034],[-87.62247299962917,41.86024999973773],[-87.62398900029211,41.860268999714606]]]}},{"type":"Feature","properties":{"JoinField":"CITY OF CHICAGO:Ward 03 Precinct 17","cd_district":7,"house_district":6,"senate_district":3,"bor_district":3,"ccc_district":2},"geometry":{"type":"Polygon","coordinates":[[[-87.63605900022264,41.819052000149725],[-87.63635400033684,41.82358299955581],[-87.63376299956275,41.82361600017833],[-87.63384199960853,41.82726500027957],[-87.63262700023586,41.82728100011809],[-87.6326670002818,41.82903500006523],[-87.63146499970992,41.82906399960393],[-87.63150399970976,41.83093899973511],[-87.62959399976324,41.830970000265324],[-87.62919100006457,41.819160999780365],[-87.63605900022264,41.819052000149725]]]}},{"type":"Feature","properties":{"JoinField":"CITY OF CHICAGO:Ward 03 Precinct 18","cd_district":7,"house_district":6,"senate_district":3,"bor_district":3,"ccc_district":2},"geometry":{"type":"Polygon","coordinates":[[[-87.62968400031633,41.834624999743994],[-87.63004699996901,41.84726900006433],[-87.62817399993014,41.84710499969606],[-87.62621899970702,41.84752400013258],[-87.62607700035323,41.83955499956363],[-87.62660599956718,41.83954900018625],[-87.62650000007488,41.83466599983609],[-87.62968400031633,41.834624999743994]]]}},{"type":"Feature","properties":{"JoinField":"CITY OF CHICAGO:Ward 03 Precinct 19","cd_district":7,"house_district":5,"senate_district":3,"bor_district":3,"ccc_district":3},"geometry":{"type":"Polygon","coordinates":[[[-87.61792400029236,41.8579630003922],[-87.62241100036732,41.85789900013879],[-87.62255699990561,41.86413499993034],[-87.61966100035482,41.86417499997634],[-87.61946200017115,41.862353999637435],[-87.6190710001265,41.86094100012713],[-87.61792400029236,41.8579630003922]]]}},{"type":"Feature","properties":{"JoinField":"CITY OF CHICAGO:Ward 03 Precinct 20","cd_district":1,"house_district":5,"senate_district":3,"bor_district":3,"ccc_district":3},"geometry":{"type":"Polygon","coordinates":[[[-87.62150700004798,41.820170000445216],[-87.62176400020843,41.831058999872994],[-87.61840600003683,41.83109100044936],[-87.61833699955287,41.827455000048246],[-87.61707199967299,41.82747400002512],[-87.61699699981165,41.82383400033888],[-87.61673200018163,41.82383799962406],[-87.61663300011281,41.82023799998376],[-87.62150700004798,41.820170000445216]]]}},{"type":"Feature","properties":{"JoinField":"CITY OF CHICAGO:Ward 03 Precinct 21","cd_district":7,"house_district":5,"senate_district":3,"bor_district":3,"ccc_district":2},"geometry":{"type":"Polygon","coordinates":[[[-87.62649399979824,41.86241999998305],[-87.627231999657,41.86241199961415],[-87.62728000007189,41.864053999792304],[-87.62407999999198,41.864110999722925],[-87.62400500013064,41.860837999873866],[-87.62647799995972,41.86079499968952],[-87.62649399979824,41.86241999998305]]]}},{"type":"Feature","properties":{"JoinField":"CITY OF CHICAGO:Ward 03 Precinct 22","cd_district":7,"house_district":5,"senate_district":3,"bor_district":3,"ccc_district":2},"geometry":{"type":"Polygon","coordinates":[[[-87.62621899970702,41.84752400013258],[-87.6263860002137,41.85545699994066],[-87.62714600018774,41.85544700037883],[-87.62712700021086,41.85781800000075],[-87.62393300040759,41.85787800006972],[-87.6238140003158,41.85294500011173],[-87.62227899967604,41.85296199999635],[-87.6221740002299,41.84838999959885],[-87.62368799990122,41.84842000008297],[-87.62368000043165,41.848057999577065],[-87.62621899970702,41.84752400013258]]]}},{"type":"Feature","properties":{"JoinField":"CITY OF CHICAGO:Ward 03 Precinct 23","cd_district":1,"house_district":5,"senate_district":3,"bor_district":3,"ccc_district":3},"geometry":{"type":"Polygon","coordinates":[[[-87.62647499982137,41.82736100021003],[-87.62664400042024,41.83101399959645],[-87.62959399976324,41.830970000265324],[-87.62968400031633,41.834624999743994],[-87.62062099965937,41.834719999628305],[-87.62055100002857,41.83107100042639],[-87.62176400020843,41.831058999872994],[-87.62168200002424,41.82741099981786],[-87.62647499982137,41.82736100021003]]]}},{"type":"Feature","properties":{"JoinField":"CITY OF CHICAGO:Ward 03 Precinct 24","cd_district":7,"house_district":5,"senate_district":3,"bor_district":3,"ccc_district":2},"geometry":{"type":"Polygon","coordinates":[[[-87.62883099965086,41.80189200021567],[-87.6289159999734,41.809185000187654],[-87.62935699962577,41.82367600024725],[-87.6275930001168,41.82369900040857],[-87.62755200002476,41.821801000116125],[-87.62639699982162,41.82181199972405],[-87.62613000009941,41.811054000042134],[-87.62450899999033,41.811070999926756],[-87.6244580003364,41.809262000141246],[-87.62608499982287,41.809235999841576],[-87.62588999982358,41.801946000007945],[-87.62883099965086,41.80189200021567]]]}},{"type":"Feature","properties":{"JoinField":"CITY OF CHICAGO:Ward 03 Precinct 25","cd_district":7,"house_district":5,"senate_district":3,"bor_district":3,"ccc_district":3},"geometry":{"type":"Polygon","coordinates":[[[-87.62267299985899,41.867561999686586],[-87.62040899977546,41.86758699994016],[-87.61968699975517,41.86507900029568],[-87.61935699982564,41.864960000203894],[-87.61841699964481,41.86172800044693],[-87.61673200018163,41.85794799970046],[-87.61792400029236,41.8579630003922],[-87.6190710001265,41.86094100012713],[-87.61946200017115,41.862353999637435],[-87.61966100035482,41.86417499997634],[-87.62255699990561,41.86413499993034],[-87.62267299985899,41.867561999686586]]]}},{"type":"Feature","properties":{"JoinField":"CITY OF CHICAGO:Ward 03 Precinct 26","cd_district":1,"house_district":5,"senate_district":3,"bor_district":3,"ccc_district":3},"geometry":{"type":"Polygon","coordinates":[[[-87.62935699962577,41.82367600024725],[-87.62959399976324,41.830970000265324],[-87.62664400042024,41.83101399959645],[-87.62647499982137,41.82736100021003],[-87.62168200002424,41.82741099981786],[-87.6216019999323,41.82377500031606],[-87.62935699962577,41.82367600024725]]]}},{"type":"Feature","properties":{"JoinField":"CITY OF CHICAGO:Ward 03 Precinct 27","cd_district":1,"house_district":5,"senate_district":3,"bor_district":3,"ccc_district":2},"geometry":{"type":"Polygon","coordinates":[[[-87.62227899967604,41.85296199999635],[-87.62241100036732,41.85789900013879],[-87.61888200040397,41.85792200030011],[-87.61776900033908,41.85556799966349],[-87.61705299969611,41.853012999650275],[-87.62066599993591,41.85298300006548],[-87.62066299979756,41.852829000158295],[-87.62215800039138,41.85280900013532],[-87.62227899967604,41.85296199999635]]]}},{"type":"Feature","properties":{"JoinField":"CITY OF CHICAGO:Ward 04 Precinct 01","cd_district":1,"house_district":25,"senate_district":13,"bor_district":3,"ccc_district":3},"geometry":{"type":"Polygon","coordinates":[[[-87.59664200002823,41.79945800038644],[-87.59670700032774,41.802365999591245],[-87.58786099978528,41.802475000121206],[-87.5873099995568,41.79956399987873],[-87.59664200002823,41.79945800038644]]]}},{"type":"Feature","properties":{"JoinField":"CITY OF CHICAGO:Ward 04 Precinct 02","cd_district":1,"house_district":26,"senate_district":13,"bor_district":3,"ccc_district":3},"geometry":{"type":"Polygon","coordinates":[[[-87.60429500041391,41.80591899976207],[-87.59676800044281,41.80600300003846],[-87.59670700032774,41.802365999591245],[-87.60420199972248,41.80228100016808],[-87.60429500041391,41.80591899976207]]]}},{"type":"Feature","properties":{"JoinField":"CITY OF CHICAGO:Ward 04 Precinct 03","cd_district":1,"house_district":25,"senate_district":13,"bor_district":3,"ccc_district":3},"geometry":{"type":"Polygon","coordinates":[[[-87.59670700032774,41.802365999591245],[-87.59676800044281,41.80600300003846],[-87.59012800000716,41.80601100040741],[-87.58911500005718,41.80636399959894],[-87.58817699996854,41.80438600011388],[-87.58755700015541,41.80247900030565],[-87.59670700032774,41.802365999591245]]]}},{"type":"Feature","properties":{"JoinField":"CITY OF CHICAGO:Ward 04 Precinct 04","cd_district":1,"house_district":26,"senate_district":13,"bor_district":3,"ccc_district":3},"geometry":{"type":"Polygon","coordinates":[[[-87.61254599959818,41.8039830004152],[-87.61262899982842,41.80762500019364],[-87.61141100031739,41.807643000124415],[-87.61145299955626,41.80946200037107],[-87.60656499987482,41.80953300004796],[-87.60644899992138,41.80408100043786],[-87.61254599959818,41.8039830004152]]]}},{"type":"Feature","properties":{"JoinField":"CITY OF CHICAGO:Ward 04 Precinct 05","cd_district":1,"house_district":26,"senate_district":13,"bor_district":3,"ccc_district":3},"geometry":{"type":"Polygon","coordinates":[[[-87.60644899992138,41.80408100043786],[-87.60656499987482,41.80953300004796],[-87.60389700004646,41.80956499972501],[-87.60382000009287,41.80592399999267],[-87.60429500041391,41.80591899976207],[-87.60425600041407,41.804094000138036],[-87.60644899992138,41.80408100043786]]]}},{"type":"Feature","properties":{"JoinField":"CITY OF CHICAGO:Ward 04 Precinct 06","cd_district":1,"house_district":25,"senate_district":13,"bor_district":3,"ccc_district":3},"geometry":{"type":"Polygon","coordinates":[[[-87.60382000009287,41.80592399999267],[-87.60389700004646,41.80956499972501],[-87.5968319997969,41.809641999678604],[-87.59676800044281,41.80600300003846],[-87.60382000009287,41.80592399999267]]]}},{"type":"Feature","properties":{"JoinField":"CITY OF CHICAGO:Ward 04 Precinct 07","cd_district":2,"house_district":25,"senate_district":13,"bor_district":3,"ccc_district":3},"geometry":{"type":"Polygon","coordinates":[[[-87.59676800044281,41.80600300003846],[-87.5968319997969,41.809641999678604],[-87.59243200013668,41.80968599990899],[-87.59206999963072,41.80938300032528],[-87.59197000041513,41.80871500009721],[-87.5919159997236,41.80605399969238],[-87.59676800044281,41.80600300003846]]]}},{"type":"Feature","properties":{"JoinField":"CITY OF CHICAGO:Ward 04 Precinct 08","cd_district":2,"house_district":25,"senate_district":13,"bor_district":3,"ccc_district":3},"geometry":{"type":"Polygon","coordinates":[[[-87.5919159997236,41.80605399969238],[-87.59206999963072,41.80938300032528],[-87.59243200013668,41.80968599990899],[-87.59176900013921,41.80977799965501],[-87.59023200030651,41.810380999583515],[-87.59009100009956,41.810099000068874],[-87.59018599998387,41.8096490000014],[-87.58857300024374,41.807288999987406],[-87.58823199980691,41.80695399982727],[-87.58773600031611,41.80678800026607],[-87.59012800000716,41.80601100040741],[-87.5919159997236,41.80605399969238]]]}},{"type":"Feature","properties":{"JoinField":"CITY OF CHICAGO:Ward 04 Precinct 09","cd_district":1,"house_district":26,"senate_district":13,"bor_district":3,"ccc_district":3},"geometry":{"type":"Polygon","coordinates":[[[-87.61145299955626,41.80946200037107],[-87.6114989998789,41.81127999967231],[-87.6098670001619,41.81130599997198],[-87.60991200043844,41.81312300012638],[-87.60827799972986,41.81314900042611],[-87.60831899982196,41.81496699972729],[-87.61279700038125,41.8148899997737],[-87.61285799959694,41.81670599988206],[-87.60406399965382,41.816846000042915],[-87.60389700004646,41.80956499972501],[-87.61145299955626,41.80946200037107]]]}},{"type":"Feature","properties":{"JoinField":"CITY OF CHICAGO:Ward 04 Precinct 10","cd_district":2,"house_district":25,"senate_district":13,"bor_district":3,"ccc_district":3},"geometry":{"type":"Polygon","coordinates":[[[-87.60389700004646,41.80956499972501],[-87.6039350000002,41.81138399997167],[-87.59930399957989,41.81143599967169],[-87.5993390002946,41.81325499991834],[-87.5969079997044,41.813283000310264],[-87.5968319997969,41.809641999678604],[-87.60389700004646,41.80956499972501]]]}},{"type":"Feature","properties":{"JoinField":"CITY OF CHICAGO:Ward 04 Precinct 11","cd_district":2,"house_district":25,"senate_district":13,"bor_district":3,"ccc_district":3},"geometry":{"type":"Polygon","coordinates":[[[-87.5968319997969,41.809641999678604],[-87.5969079997044,41.813283000310264],[-87.5993390002946,41.81325499991834],[-87.5994170002943,41.816894999604585],[-87.59236899992936,41.816937999788934],[-87.59224999983758,41.816616000228294],[-87.59168800000117,41.81623999997606],[-87.59079100000463,41.814771999728066],[-87.59044100005207,41.814534000443814],[-87.59029000028323,41.81377899980106],[-87.58915800024147,41.81289699959689],[-87.58883299964316,41.81232700029091],[-87.58824599955318,41.81201999962332],[-87.58743700001747,41.81190599976213],[-87.5870599997192,41.81144099990229],[-87.59207499986132,41.80969999965532],[-87.5968319997969,41.809641999678604]]]}},{"type":"Feature","properties":{"JoinField":"CITY OF CHICAGO:Ward 04 Precinct 12","cd_district":2,"house_district":25,"senate_district":13,"bor_district":3,"ccc_district":3},"geometry":{"type":"Polygon","coordinates":[[[-87.6039350000002,41.81138399997167],[-87.60406399965382,41.816846000042915],[-87.5994170002943,41.816894999604585],[-87.59930399957989,41.81143599967169],[-87.6039350000002,41.81138399997167]]]}},{"type":"Feature","properties":{"JoinField":"CITY OF CHICAGO:Ward 04 Precinct 13","cd_district":1,"house_district":26,"senate_district":13,"bor_district":3,"ccc_district":3},"geometry":{"type":"Polygon","coordinates":[[[-87.61409499998422,41.816748000020254],[-87.61359000007843,41.81938600026376],[-87.60468899969754,41.81949399984825],[-87.60480299955873,41.820037999753936],[-87.60574599987797,41.82147400032488],[-87.60532600029467,41.82146499990989],[-87.60442199997527,41.82003000028436],[-87.60406399965382,41.816846000042915],[-87.61409499998422,41.816748000020254]]]}},{"type":"Feature","properties":{"JoinField":"CITY OF CHICAGO:Ward 04 Precinct 14","cd_district":1,"house_district":26,"senate_district":13,"bor_district":3,"ccc_district":3},"geometry":{"type":"Polygon","coordinates":[[[-87.59839700002152,41.81915600044914],[-87.59831099965288,41.81968499966308],[-87.59563799959398,41.820391999890944],[-87.59486199978141,41.81978599982409],[-87.59447299982907,41.81915000017244],[-87.59400499983082,41.81915000017244],[-87.5935620000862,41.81867199971305],[-87.59281799995068,41.818343999875765],[-87.59231800027544,41.81757699957893],[-87.59236899992936,41.816937999788934],[-87.60406399965382,41.816846000042915],[-87.60443100039032,41.820047000168984],[-87.60093099996561,41.8200939996384],[-87.60061899996685,41.819643999570985],[-87.59963799969387,41.819987000100014],[-87.59839700002152,41.81915600044914]]]}},{"type":"Feature","properties":{"JoinField":"CITY OF CHICAGO:Ward 04 Precinct 15","cd_district":1,"house_district":26,"senate_district":13,"bor_district":3,"ccc_district":3},"geometry":{"type":"Polygon","coordinates":[[[-87.61359000007843,41.81938600026376],[-87.61262399959787,41.8238910002695],[-87.60689499980435,41.82400199999233],[-87.60685499975841,41.82274400043531],[-87.60614400024537,41.8228560002043],[-87.60532600029467,41.82146499990989],[-87.60574599987797,41.82147400032488],[-87.60480299955873,41.820037999753936],[-87.60468899969754,41.81949399984825],[-87.61359000007843,41.81938600026376]]]}},{"type":"Feature","properties":{"JoinField":"CITY OF CHICAGO:Ward 04 Precinct 16","cd_district":1,"house_district":26,"senate_district":13,"bor_district":3,"ccc_district":3},"geometry":{"type":"Polygon","coordinates":[[[-87.60645400015193,41.82327099955705],[-87.60091400008099,41.825235000195164],[-87.59860999995152,41.825631999617144],[-87.59850000027478,41.82446499975998],[-87.59763299986304,41.82359600015536],[-87.5972710002564,41.822649999697774],[-87.59563799959398,41.820391999890944],[-87.5983749999063,41.81965800021658],[-87.59839700002152,41.81915600044914],[-87.59963799969387,41.819987000100014],[-87.60061899996685,41.819643999570985],[-87.60093099996561,41.8200939996384],[-87.60443100039032,41.820047000168984],[-87.60614400024537,41.8228560002043],[-87.60685499975841,41.82274400043531],[-87.60685899994286,41.82312900020327],[-87.606515000267,41.82336999962581],[-87.60645400015193,41.82327099955705]]]}},{"type":"Feature","properties":{"JoinField":"CITY OF CHICAGO:Ward 04 Precinct 17","cd_district":1,"house_district":26,"senate_district":13,"bor_district":3,"ccc_district":3},"geometry":{"type":"Polygon","coordinates":[[[-87.60689499980435,41.82400199999233],[-87.61699699981165,41.82383400033888],[-87.61707199967299,41.82747400002512],[-87.61162700038574,41.827536000186285],[-87.6106130003896,41.83118600033367],[-87.60286600016576,41.831348999756585],[-87.60260399977471,41.83066599973614],[-87.60170999991652,41.829830999900764],[-87.60191100019244,41.829528000317],[-87.60176000042367,41.8287329996283],[-87.60051200042847,41.826897000396286],[-87.59908700036476,41.82637199956815],[-87.59861600022822,41.825701000101105],[-87.60091400008099,41.825235000195164],[-87.60645400015193,41.82327099955705],[-87.606515000267,41.82336999962581],[-87.60685899994286,41.82312900020327],[-87.60689499980435,41.82400199999233]]]}},{"type":"Feature","properties":{"JoinField":"CITY OF CHICAGO:Ward 04 Precinct 18","cd_district":1,"house_district":26,"senate_district":13,"bor_district":3,"ccc_district":3},"geometry":{"type":"Polygon","coordinates":[[[-87.61624100002211,41.827489999863644],[-87.61629099962988,41.83109999996509],[-87.6106130003896,41.83118600033367],[-87.61162700038574,41.827536000186285],[-87.61624100002211,41.827489999863644]]]}},{"type":"Feature","properties":{"JoinField":"CITY OF CHICAGO:Ward 04 Precinct 19","cd_district":1,"house_district":5,"senate_district":3,"bor_district":3,"ccc_district":3},"geometry":{"type":"Polygon","coordinates":[[[-87.62062099965937,41.834719999628305],[-87.61941099961791,41.83474099969743],[-87.61944400024038,41.83656800031304],[-87.62187900011571,41.83649699973682],[-87.62192500043841,41.83836500044447],[-87.61746699990209,41.83841900023674],[-87.61731199994881,41.831130999595985],[-87.62055100002857,41.83107100042639],[-87.62062099965937,41.834719999628305]]]}},{"type":"Feature","properties":{"JoinField":"CITY OF CHICAGO:Ward 04 Precinct 20","cd_district":1,"house_district":26,"senate_district":13,"bor_district":3,"ccc_district":3},"geometry":{"type":"Polygon","coordinates":[[[-87.61840600003683,41.83109100044936],[-87.61731199994881,41.831130999595985],[-87.61746699990209,41.83841900023674],[-87.61350000042466,41.83847199998286],[-87.61342100037882,41.83480700004304],[-87.61448299989047,41.834681999674615],[-87.6144680000981,41.83365600002446],[-87.6115769998786,41.8336909998398],[-87.6106130003896,41.83118600033367],[-87.61629099962988,41.83109999996509],[-87.61624100002211,41.827489999863644],[-87.61747700036324,41.827463999563975],[-87.61833699955287,41.827455000048246],[-87.61840600003683,41.83109100044936]]]}},{"type":"Feature","properties":{"JoinField":"CITY OF CHICAGO:Ward 04 Precinct 21","cd_district":1,"house_district":26,"senate_district":13,"bor_district":3,"ccc_district":3},"geometry":{"type":"Polygon","coordinates":[[[-87.6106130003896,41.83118600033367],[-87.6115769998786,41.8336909998398],[-87.6144680000981,41.83365600002446],[-87.61448299989047,41.834681999674615],[-87.61342100037882,41.83480700004304],[-87.61350000042466,41.83847199998286],[-87.60619499989929,41.838538000328526],[-87.60597299955424,41.83642199987543],[-87.60556599967111,41.83578500017768],[-87.60463499990527,41.83489599965071],[-87.60510099981127,41.83442000018289],[-87.6050419997884,41.833747999770424],[-87.6043959996756,41.83309700032635],[-87.60347899965609,41.83303200002683],[-87.60282400002757,41.83237400025996],[-87.60286600016576,41.831348999756585],[-87.6106130003896,41.83118600033367]]]}},{"type":"Feature","properties":{"JoinField":"CITY OF CHICAGO:Ward 04 Precinct 22","cd_district":1,"house_district":5,"senate_district":3,"bor_district":3,"ccc_district":3},"geometry":{"type":"Polygon","coordinates":[[[-87.62331299969514,41.838345999568276],[-87.62327899992584,41.84129299967225],[-87.6226830003202,41.841313999741374],[-87.62269399992812,41.84192800017712],[-87.61757600043205,41.842068000337974],[-87.61746699990209,41.83841900023674],[-87.62331299969514,41.838345999568276]]]}},{"type":"Feature","properties":{"JoinField":"CITY OF CHICAGO:Ward 04 Precinct 23","cd_district":1,"house_district":26,"senate_district":13,"bor_district":3,"ccc_district":3},"geometry":{"type":"Polygon","coordinates":[[[-87.61746699990209,41.83841900023674],[-87.61767100031636,41.845722999816644],[-87.61655099992868,41.84563200011678],[-87.61600800006909,41.84509300044169],[-87.60877300007388,41.8452529997262],[-87.60911799979584,41.844187000030104],[-87.60865700012044,41.842955999919525],[-87.60812199973049,41.84227800012968],[-87.60812699996103,41.8414329998331],[-87.60708899975748,41.83942599991002],[-87.60620500036043,41.838749000166274],[-87.60619499989929,41.838538000328526],[-87.61746699990209,41.83841900023674]]]}},{"type":"Feature","properties":{"JoinField":"CITY OF CHICAGO:Ward 04 Precinct 24","cd_district":1,"house_district":26,"senate_district":13,"bor_district":3,"ccc_district":3},"geometry":{"type":"Polygon","coordinates":[[[-87.62339199974093,41.845641999678605],[-87.62368799990122,41.84842000008297],[-87.6221740002299,41.84838999959885],[-87.62226900011422,41.85280800008917],[-87.62066299979756,41.852829000158295],[-87.62066599993591,41.85298300006548],[-87.61705299969611,41.853012999650275],[-87.61776900033908,41.85556799966349],[-87.61888200040397,41.85792200030011],[-87.61673200018163,41.85794799970046],[-87.61454400000554,41.85283400038884],[-87.61054800009009,41.85283000020439],[-87.60925599986444,41.85095800021162],[-87.60920300011833,41.85037800044444],[-87.60945400000207,41.84909299964227],[-87.60938400037128,41.84780999983167],[-87.6085080004438,41.846127999607575],[-87.60877300007388,41.8452529997262],[-87.61600800006909,41.84509300044169],[-87.61655099992868,41.84563200011678],[-87.61767100031636,41.845722999816644],[-87.61757600043205,41.842068000337974],[-87.62269399992812,41.84192800017712],[-87.6226830003202,41.841313999741374],[-87.62327899992584,41.84129299967225],[-87.62339199974093,41.845641999678605]]]}},{"type":"Feature","properties":{"JoinField":"CITY OF CHICAGO:Ward 04 Precinct 25","cd_district":7,"house_district":26,"senate_district":13,"bor_district":3,"ccc_district":3},"geometry":{"type":"Polygon","coordinates":[[[-87.61935699982564,41.864960000203894],[-87.61968699975517,41.86507900029568],[-87.62040899977546,41.86758699994016],[-87.62733800004861,41.86747700026342],[-87.62739900016368,41.86923699958794],[-87.62587500003121,41.869271000256504],[-87.62590799975436,41.870556000159354],[-87.6240660002457,41.870597000251394],[-87.62413499983035,41.87316199982649],[-87.61618700022984,41.873279999872125],[-87.61619799983777,41.87198100022306],[-87.61634400027538,41.87186400022347],[-87.61625699986064,41.86890000023487],[-87.61570000025478,41.86861999991311],[-87.61541799984076,41.868283999706875],[-87.61337199991783,41.86843400032893],[-87.61263700019737,41.86828499975297],[-87.61237899999082,41.86811399996117],[-87.612178999761,41.86768600000897],[-87.61223799978382,41.86736699968736],[-87.61262100035884,41.866947000104005],[-87.61240899957562,41.86670000040476],[-87.60776400030835,41.866768999989404],[-87.60691299973513,41.86718200014923],[-87.60633400001404,41.86713000044921],[-87.60585500040793,41.866849000081345],[-87.60563300006288,41.86640400024447],[-87.60607799989975,41.86561299974022],[-87.6060749997614,41.8647349997205],[-87.60630799971437,41.86464800020508],[-87.60632300040612,41.86490600041162],[-87.60661699957484,41.865035000065234],[-87.60703900014971,41.864925000388496],[-87.60738099973332,41.86453899967512],[-87.60745699964076,41.86398300011541],[-87.60697299980404,41.862598000097705],[-87.6063360001063,41.861899000238736],[-87.60598700019989,41.861948999846504],[-87.60596900026911,41.86006100001521],[-87.60709399998808,41.85997200040754],[-87.60657899962109,41.85346299971769],[-87.60643099999061,41.85327099985682],[-87.60900499998075,41.85310300020336],[-87.609818999747,41.85351300022484],[-87.61069499967448,41.85322100024899],[-87.61054800009009,41.85283000020439],[-87.61454400000554,41.85283400038884],[-87.61812599971506,41.86097199975802],[-87.61935699982564,41.864960000203894]]]}},{"type":"Feature","properties":{"JoinField":"CITY OF CHICAGO:Ward 04 Precinct 26","cd_district":7,"house_district":6,"senate_district":3,"bor_district":3,"ccc_district":3},"geometry":{"type":"Polygon","coordinates":[[[-87.63043699996751,41.86743199998688],[-87.63061099989767,41.87223200010675],[-87.62746899979447,41.872303999829796],[-87.62733800004861,41.86747700026342],[-87.63043699996751,41.86743199998688]]]}},{"type":"Feature","properties":{"JoinField":"CITY OF CHICAGO:Ward 04 Precinct 27","cd_district":7,"house_district":5,"senate_district":3,"bor_district":3,"ccc_district":3},"geometry":{"type":"Polygon","coordinates":[[[-87.62739900016368,41.86923699958794],[-87.62767700039319,41.87817599992252],[-87.62608199968452,41.878245999553315],[-87.62603700030729,41.87617200013773],[-87.6253039997797,41.87620299976868],[-87.62528599984898,41.87699100013458],[-87.62421399987613,41.876997999558114],[-87.6240660002457,41.870597000251394],[-87.62590799975436,41.870556000159354],[-87.62587500003121,41.869271000256504],[-87.62604399973077,41.86926600002596],[-87.62739900016368,41.86923699958794]]]}},{"type":"Feature","properties":{"JoinField":"CITY OF CHICAGO:Ward 04 Precinct 28","cd_district":7,"house_district":6,"senate_district":3,"bor_district":3,"ccc_district":3},"geometry":{"type":"Polygon","coordinates":[[[-87.63061099989767,41.87223200010675],[-87.63071300010483,41.87569299963229],[-87.62870199999725,41.87555499956363],[-87.62870700022785,41.875947999700486],[-87.628739999951,41.87690699985819],[-87.63074899996633,41.87688399969687],[-87.63078499982782,41.87814800042992],[-87.62767700039319,41.87817599992252],[-87.62746899979447,41.872303999829796],[-87.63061099989767,41.87223200010675]]]}},{"type":"Feature","properties":{"JoinField":"CITY OF CHICAGO:Ward 05 Precinct 01","cd_district":1,"house_district":26,"senate_district":13,"bor_district":3,"ccc_district":3},"geometry":{"type":"Polygon","coordinates":[[[-87.57928600004885,41.76248100029795],[-87.57937299956421,41.7661129996153],[-87.56648399963683,41.76631800007567],[-87.56648699977518,41.7644349995756],[-87.56769899990888,41.76442299992158],[-87.56766500013958,41.76260599976712],[-87.57928600004885,41.76248100029795]]]}},{"type":"Feature","properties":{"JoinField":"CITY OF CHICAGO:Ward 05 Precinct 02","cd_district":2,"house_district":25,"senate_district":13,"bor_district":3,"ccc_district":3},"geometry":{"type":"Polygon","coordinates":[[[-87.56998400006154,41.77352200044004],[-87.56605399959238,41.77359800034748],[-87.56614900037602,41.77348200039404],[-87.56601599963864,41.77330300023334],[-87.56437799964493,41.77224299991457],[-87.56339600022517,41.772087999961286],[-87.56328499960301,41.77192300044618],[-87.56346399976377,41.7709339998043],[-87.56260299962867,41.769370999671935],[-87.56229399976826,41.76911799969599],[-87.56004400033032,41.76843999990615],[-87.55943800026347,41.76932300015636],[-87.55942399961788,41.76646699975231],[-87.56083399988916,41.76630100019105],[-87.56815100006855,41.766295999960505],[-87.568195000299,41.76806100041489],[-87.5690170004342,41.76805500013819],[-87.56914299994946,41.77300600002695],[-87.56996299999241,41.77299599956581],[-87.56998400006154,41.77352200044004]]]}},{"type":"Feature","properties":{"JoinField":"CITY OF CHICAGO:Ward 05 Precinct 03","cd_district":2,"house_district":25,"senate_district":13,"bor_district":3,"ccc_district":3},"geometry":{"type":"Polygon","coordinates":[[[-87.5681479999302,41.76621799996076],[-87.57262400039724,41.766241000122136],[-87.5726479997054,41.76653400014402],[-87.57203400016891,41.766544999752],[-87.5722179996609,41.77349400004812],[-87.56998400006154,41.77352200044004],[-87.56996299999241,41.77299599956581],[-87.56914299994946,41.77300600002695],[-87.5690170004342,41.76805500013819],[-87.568195000299,41.76806100041489],[-87.5681479999302,41.76621799996076]]]}},{"type":"Feature","properties":{"JoinField":"CITY OF CHICAGO:Ward 05 Precinct 04","cd_district":2,"house_district":25,"senate_district":13,"bor_district":3,"ccc_district":3},"geometry":{"type":"Polygon","coordinates":[[[-87.57630200003723,41.76621399977631],[-87.57648699957531,41.77345600009437],[-87.5722179996609,41.77349400004812],[-87.57203400016891,41.766544999752],[-87.5726479997054,41.76653400014402],[-87.57262400039724,41.766241000122136],[-87.57630200003723,41.76621399977631]]]}},{"type":"Feature","properties":{"JoinField":"CITY OF CHICAGO:Ward 05 Precinct 05","cd_district":2,"house_district":25,"senate_district":13,"bor_district":3,"ccc_district":3},"geometry":{"type":"Polygon","coordinates":[[[-87.5813200003177,41.76975100010861],[-87.58141400015597,41.77338999974876],[-87.57648699957531,41.77345600009437],[-87.5763979999677,41.76980099971644],[-87.5813200003177,41.76975100010861]]]}},{"type":"Feature","properties":{"JoinField":"CITY OF CHICAGO:Ward 05 Precinct 06","cd_district":2,"house_district":26,"senate_district":13,"bor_district":3,"ccc_district":3},"geometry":{"type":"Polygon","coordinates":[[[-87.5820400002458,41.76792000020788],[-87.58127299994896,41.76792899972361],[-87.5813200003177,41.76975100010861],[-87.5763979999677,41.76980099971644],[-87.57630200003723,41.76621399977631],[-87.5819879996464,41.76616600026074],[-87.5820400002458,41.76792000020788]]]}},{"type":"Feature","properties":{"JoinField":"CITY OF CHICAGO:Ward 05 Precinct 07","cd_district":1,"house_district":25,"senate_district":13,"bor_district":3,"ccc_district":3},"geometry":{"type":"Polygon","coordinates":[[[-87.58377200007772,41.769723999762846],[-87.58386099968533,41.77336100021006],[-87.58141400015597,41.77338999974876],[-87.5813200003177,41.76975100010861],[-87.58377200007772,41.769723999762846]]]}},{"type":"Feature","properties":{"JoinField":"CITY OF CHICAGO:Ward 05 Precinct 08","cd_district":1,"house_district":26,"senate_district":13,"bor_district":3,"ccc_district":3},"geometry":{"type":"Polygon","coordinates":[[[-87.586237999584,41.769698000362496],[-87.58629599956072,41.773339000094836],[-87.58386099968533,41.77336100021006],[-87.58377200007772,41.769723999762846],[-87.586237999584,41.769698000362496]]]}},{"type":"Feature","properties":{"JoinField":"CITY OF CHICAGO:Ward 05 Precinct 09","cd_district":2,"house_district":26,"senate_district":13,"bor_district":3,"ccc_district":3},"geometry":{"type":"Polygon","coordinates":[[[-87.58587299983901,41.76423800038344],[-87.58589700004649,41.765145999987965],[-87.58630299988351,41.765142999849616],[-87.586388000206,41.76845699979077],[-87.586237999584,41.769698000362496],[-87.5813200003177,41.76975100010861],[-87.58127299994896,41.76792899972361],[-87.5820400002458,41.76792000020788],[-87.5819879996464,41.76616600026074],[-87.57630200003723,41.76621399977631],[-87.58533900039453,41.76606199996138],[-87.58527400009501,41.76424199966863],[-87.58587299983901,41.76423800038344]]]}},{"type":"Feature","properties":{"JoinField":"CITY OF CHICAGO:Ward 05 Precinct 10","cd_district":1,"house_district":26,"senate_district":13,"bor_district":3,"ccc_district":3},"geometry":{"type":"Polygon","coordinates":[[[-87.5909940003728,41.766014999592585],[-87.59116900034905,41.773285000302565],[-87.58629599956072,41.773339000094836],[-87.58632700009093,41.76606099991528],[-87.5909940003728,41.766014999592585]]]}},{"type":"Feature","properties":{"JoinField":"CITY OF CHICAGO:Ward 05 Precinct 11","cd_district":1,"house_district":5,"senate_district":3,"bor_district":3,"ccc_district":3},"geometry":{"type":"Polygon","coordinates":[[[-87.5980860000688,41.758651999989866],[-87.60806199966152,41.76582699991616],[-87.60558599969409,41.76588099970843],[-87.60576900003929,41.77314099995721],[-87.59116900034905,41.773285000302565],[-87.5909940003728,41.766014999592585],[-87.59382599967012,41.76600399998466],[-87.59404800001516,41.76507700040332],[-87.59335599957967,41.765082999780645],[-87.59327799957998,41.76052900021324],[-87.5951300004491,41.76055599965969],[-87.59552299968664,41.75869600022031],[-87.5980860000688,41.758651999989866]]]}},{"type":"Feature","properties":{"JoinField":"CITY OF CHICAGO:Ward 05 Precinct 12","cd_district":2,"house_district":25,"senate_district":13,"bor_district":3,"ccc_district":3},"geometry":{"type":"Polygon","coordinates":[[[-87.58629599956072,41.773339000094836],[-87.58671299990499,41.791330999725915],[-87.58663800004365,41.793383999971695],[-87.58390800005412,41.793418999787036],[-87.58395100023841,41.7952279995726],[-87.57606299980756,41.79516100008016],[-87.57857399959039,41.79454000022088],[-87.57932199991035,41.79381099987779],[-87.57960200023211,41.79283499983541],[-87.5794620000712,41.79216300032226],[-87.57833300016779,41.79005200009976],[-87.57654599959818,41.78867599959773],[-87.57669200003573,41.78853100010565],[-87.5778159997086,41.78837400006012],[-87.57791599982352,41.78817699996864],[-87.57727800007962,41.788263000337224],[-87.57713000044913,41.78815299976117],[-87.57733199987189,41.78802200001536],[-87.57724700044866,41.78659799999775],[-87.5768239998277,41.785441999748514],[-87.57595500022302,41.78375600023929],[-87.57451899965207,41.78280499955116],[-87.57330500032549,41.78220399971485],[-87.57204499977689,41.78180200006233],[-87.56951199987884,41.781388999902504],[-87.56954699969424,41.78120999974175],[-87.57314800027996,41.78026800036798],[-87.57304199988835,41.779907999954276],[-87.5743279998373,41.77942099997921],[-87.57370299979357,41.778984999658064],[-87.5728599995893,41.77934299997952],[-87.57228199991431,41.77926800011818],[-87.57144299989449,41.77831600028321],[-87.57016700040668,41.77732999977974],[-87.56870999976661,41.77650999973673],[-87.56695699986562,41.774372000067785],[-87.56605399959238,41.77359800034748],[-87.58629599956072,41.773339000094836]]]}},{"type":"Feature","properties":{"JoinField":"CITY OF CHICAGO:Ward 05 Precinct 13","cd_district":1,"house_district":26,"senate_district":13,"bor_district":3,"ccc_district":3},"geometry":{"type":"Polygon","coordinates":[[[-87.59222100029888,41.77327499984142],[-87.5918110002774,41.77510699978825],[-87.59211499990727,41.775097000226424],[-87.5914499998176,41.77802000012298],[-87.5914560000943,41.77875499984344],[-87.5909880000961,41.77875499984344],[-87.59014599993793,41.78237500040598],[-87.58950400000958,41.78222499978398],[-87.58900200024209,41.78233999969126],[-87.58897299980407,41.780581000412894],[-87.5864579998368,41.78061900036664],[-87.58629599956072,41.773339000094836],[-87.59222100029888,41.77327499984142]]]}},{"type":"Feature","properties":{"JoinField":"CITY OF CHICAGO:Ward 05 Precinct 14","cd_district":1,"house_district":25,"senate_district":13,"bor_district":3,"ccc_district":3},"geometry":{"type":"Polygon","coordinates":[[[-87.59014599993793,41.78237500040598],[-87.5893079999642,41.78611800034548],[-87.5865949998593,41.786142999699734],[-87.5864579998368,41.78061900036664],[-87.58897299980407,41.780581000412894],[-87.58900200024209,41.78233999969126],[-87.58950400000958,41.78222499978398],[-87.59014599993793,41.78237500040598]]]}},{"type":"Feature","properties":{"JoinField":"CITY OF CHICAGO:Ward 05 Precinct 15","cd_district":2,"house_district":25,"senate_district":13,"bor_district":3,"ccc_district":3},"geometry":{"type":"Polygon","coordinates":[[[-87.58930099964141,41.78615000002253],[-87.58766199960155,41.793357999672025],[-87.58794400001557,41.793357999672025],[-87.58750699964827,41.795185000287574],[-87.58726500017957,41.795188000425924],[-87.58698099967336,41.79756799956357],[-87.5870209997193,41.79956599997098],[-87.58405499963851,41.7996169996249],[-87.58390800005412,41.793418999787036],[-87.58663800004365,41.793383999971695],[-87.5865949998593,41.786142999699734],[-87.58930099964141,41.78615000002253]]]}},{"type":"Feature","properties":{"JoinField":"CITY OF CHICAGO:Ward 05 Precinct 16","cd_district":2,"house_district":25,"senate_district":13,"bor_district":3,"ccc_district":3},"geometry":{"type":"Polygon","coordinates":[[[-87.58405499963851,41.7996169996249],[-87.58051199992883,41.7996239999477],[-87.57998599995392,41.79842200027514],[-87.57830099959142,41.79703900034963],[-87.577575000286,41.79680799958959],[-87.57597999957727,41.797030999980734],[-87.57524399981071,41.79655300042066],[-87.57516699985712,41.7960519998],[-87.57543999985609,41.7954540001021],[-87.57606299980756,41.79516100008016],[-87.58395100023841,41.7952279995726],[-87.58405499963851,41.7996169996249]]]}},{"type":"Feature","properties":{"JoinField":"CITY OF CHICAGO:Ward 05 Precinct 17","cd_district":2,"house_district":25,"senate_district":13,"bor_district":3,"ccc_district":3},"geometry":{"type":"Polygon","coordinates":[[[-87.58786099978528,41.802475000121206],[-87.58371700023935,41.80257700032837],[-87.58194699955436,41.80244300044416],[-87.58063800034341,41.80257100005167],[-87.5808819999043,41.800427000106026],[-87.58051199992883,41.7996239999477],[-87.5873099995568,41.79956399987873],[-87.58786099978528,41.802475000121206]]]}},{"type":"Feature","properties":{"JoinField":"CITY OF CHICAGO:Ward 05 Precinct 18","cd_district":2,"house_district":25,"senate_district":13,"bor_district":3,"ccc_district":3},"geometry":{"type":"Polygon","coordinates":[[[-87.58194699955436,41.80244300044416],[-87.58371700023935,41.80257700032837],[-87.58755700015541,41.80247900030565],[-87.58817699996854,41.80438600011388],[-87.58911500005718,41.80636399959894],[-87.58773600031611,41.80678800026607],[-87.58655199967501,41.80584299985463],[-87.58485899984294,41.80694500031154],[-87.58123800013357,41.804283999906716],[-87.58062899992836,41.804240999722424],[-87.58003100023046,41.80386500036951],[-87.58005699963081,41.80353599958676],[-87.58063800034341,41.80257100005167],[-87.58194699955436,41.80244300044416]]]}},{"type":"Feature","properties":{"JoinField":"CITY OF CHICAGO:Ward 05 Precinct 19","cd_district":2,"house_district":25,"senate_district":13,"bor_district":3,"ccc_district":3},"geometry":{"type":"Polygon","coordinates":[[[-87.5901320001916,41.81041999958336],[-87.5870599997192,41.81144099990229],[-87.58693200011169,41.8100739998153],[-87.586388000206,41.809403000348254],[-87.58489799984278,41.806837999873835],[-87.58655199967501,41.80584299985463],[-87.58758899983246,41.80671000026638],[-87.58833400001407,41.807022000265135],[-87.59018599998387,41.8096490000014],[-87.5901320001916,41.81041999958336]]]}},{"type":"Feature","properties":{"JoinField":"CITY OF CHICAGO:Ward 05 Precinct 20","cd_district":1,"house_district":25,"senate_district":13,"bor_district":3,"ccc_district":3},"geometry":{"type":"Polygon","coordinates":[[[-87.60282600011976,41.79939099999473],[-87.60288500014258,41.8022980000527],[-87.59670700032774,41.802365999591245],[-87.59664200002823,41.79945800038644],[-87.60282600011976,41.79939099999473]]]}},{"type":"Feature","properties":{"JoinField":"CITY OF CHICAGO:Ward 05 Precinct 21","cd_district":1,"house_district":25,"senate_district":13,"bor_district":3,"ccc_district":3},"geometry":{"type":"Polygon","coordinates":[[[-87.6038279995625,41.79545900033264],[-87.60365999990904,41.79531499998734],[-87.60273300032765,41.795325000448486],[-87.60282600011976,41.79939099999473],[-87.59502600014974,41.799473000178864],[-87.59492399994258,41.79509799987284],[-87.603751999655,41.7949890002422],[-87.6038279995625,41.79545900033264]]]}},{"type":"Feature","properties":{"JoinField":"CITY OF CHICAGO:Ward 05 Precinct 22","cd_district":1,"house_district":25,"senate_district":13,"bor_district":3,"ccc_district":3},"geometry":{"type":"Polygon","coordinates":[[[-87.59502600014974,41.799473000178864],[-87.5870209997193,41.79956599997098],[-87.58698099967336,41.79756799956357],[-87.58726500017957,41.795188000425924],[-87.58901099975782,41.79525499991837],[-87.5897050002855,41.79552799991734],[-87.59182399997758,41.79550799989431],[-87.59259899974398,41.79517399978033],[-87.59492399994258,41.79509799987284],[-87.59502600014974,41.799473000178864]]]}},{"type":"Feature","properties":{"JoinField":"CITY OF CHICAGO:Ward 05 Precinct 23","cd_district":1,"house_district":25,"senate_district":13,"bor_district":3,"ccc_district":3},"geometry":{"type":"Polygon","coordinates":[[[-87.59492399994258,41.79509799987284],[-87.59259899974398,41.79517399978033],[-87.59182399997758,41.79550799989431],[-87.58961000040114,41.79552099959449],[-87.58901099975782,41.79525499991837],[-87.58754899978646,41.795185000287574],[-87.58893799998867,41.79512800035701],[-87.58964800035488,41.79480199971255],[-87.59167600034709,41.79478399978183],[-87.59164099963238,41.793327000041074],[-87.59196400013843,41.79332199981047],[-87.59488199980439,41.79328900008733],[-87.59492399994258,41.79509799987284]]]}},{"type":"Feature","properties":{"JoinField":"CITY OF CHICAGO:Ward 05 Precinct 24","cd_district":1,"house_district":26,"senate_district":13,"bor_district":3,"ccc_district":3},"geometry":{"type":"Polygon","coordinates":[[[-87.6027690001892,41.7840939996384],[-87.60279599963565,41.78526899986451],[-87.60441699974473,41.78525300002599],[-87.60443100039032,41.785892999862085],[-87.60603699980766,41.78587399988521],[-87.60621599996841,41.79496500003478],[-87.59492399994258,41.79509799987284],[-87.5948389996201,41.791463000417195],[-87.59645699959083,41.79144699967935],[-87.59628799989122,41.784167000306866],[-87.6027690001892,41.7840939996384]]]}},{"type":"Feature","properties":{"JoinField":"CITY OF CHICAGO:Ward 05 Precinct 25","cd_district":1,"house_district":25,"senate_district":13,"bor_district":3,"ccc_district":3},"geometry":{"type":"Polygon","coordinates":[[[-87.58994100037683,41.78320800014916],[-87.59029000028323,41.783352999641295],[-87.5914069996333,41.7832769997338],[-87.59143600007133,41.78420600030671],[-87.59465600017421,41.78418400019149],[-87.59471100001258,41.78606599974614],[-87.59633200012166,41.78601400004612],[-87.59645699959083,41.79144699967935],[-87.5948389996201,41.791463000417195],[-87.59488199980439,41.79328900008733],[-87.59164099963238,41.793327000041074],[-87.59167600034709,41.79478399978183],[-87.58964800035488,41.79480199971255],[-87.58893799998867,41.79512800035701],[-87.58750699964827,41.795185000287574],[-87.58794400001557,41.793357999672025],[-87.58766199960155,41.793357999672025],[-87.58994100037683,41.78320800014916]]]}},{"type":"Feature","properties":{"JoinField":"CITY OF CHICAGO:Ward 06 Precinct 01","cd_district":1,"house_district":6,"senate_district":3,"bor_district":3,"ccc_district":2},"geometry":{"type":"Polygon","coordinates":[[[-87.64261300028971,41.77250500030556],[-87.64270900022012,41.77614099980735],[-87.63959399956337,41.77617599962275],[-87.63964199997827,41.77800799956958],[-87.63499899990387,41.778079000145794],[-87.63485400041174,41.77263299991307],[-87.64261300028971,41.77250500030556]]]}},{"type":"Feature","properties":{"JoinField":"CITY OF CHICAGO:Ward 06 Precinct 02","cd_district":1,"house_district":6,"senate_district":3,"bor_district":3,"ccc_district":2},"geometry":{"type":"Polygon","coordinates":[[[-87.63485400041174,41.77263299991307],[-87.63499899990387,41.778079000145794],[-87.63123099971085,41.778122000330086],[-87.63007000013039,41.77659600010537],[-87.63005300024571,41.77693499955063],[-87.62709899981894,41.77409199974602],[-87.62644100005207,41.772755000143206],[-87.63485400041174,41.77263299991307]]]}},{"type":"Feature","properties":{"JoinField":"CITY OF CHICAGO:Ward 06 Precinct 03","cd_district":1,"house_district":32,"senate_district":16,"bor_district":3,"ccc_district":2},"geometry":{"type":"Polygon","coordinates":[[[-87.64455199977493,41.77065400038185],[-87.64320799984927,41.770678999736106],[-87.64325700031026,41.772493999798314],[-87.63727399959538,41.77259299986713],[-87.63724500005668,41.76895500027308],[-87.64450700039771,41.76883800027355],[-87.64455199977493,41.77065400038185]]]}},{"type":"Feature","properties":{"JoinField":"CITY OF CHICAGO:Ward 06 Precinct 04","cd_district":1,"house_district":32,"senate_district":16,"bor_district":3,"ccc_district":2},"geometry":{"type":"Polygon","coordinates":[[[-87.64441299966018,41.765202999918586],[-87.64450700039771,41.76883800027355],[-87.63724500005668,41.76895500027308],[-87.63727399959538,41.77259299986713],[-87.63118200014912,41.77269299998204],[-87.63391100009255,41.76536700028686],[-87.64441299966018,41.765202999918586]]]}},{"type":"Feature","properties":{"JoinField":"CITY OF CHICAGO:Ward 06 Precinct 05","cd_district":1,"house_district":32,"senate_district":16,"bor_district":3,"ccc_district":2},"geometry":{"type":"Polygon","coordinates":[[[-87.63370499958603,41.766181000053166],[-87.63352899956362,41.7663440003754],[-87.63118200014912,41.77269299998204],[-87.62504599957316,41.77277700025843],[-87.62490700035772,41.765513999871246],[-87.63391100009255,41.76536700028686],[-87.63370499958603,41.766181000053166]]]}},{"type":"Feature","properties":{"JoinField":"CITY OF CHICAGO:Ward 06 Precinct 06","cd_district":1,"house_district":6,"senate_district":3,"bor_district":3,"ccc_district":2},"geometry":{"type":"Polygon","coordinates":[[[-87.62494400026537,41.76915699969584],[-87.62504599957316,41.77277700025843],[-87.62644100005207,41.772755000143206],[-87.62709899981894,41.77409199974602],[-87.62967699999353,41.77655399996718],[-87.62796900036903,41.77539699967184],[-87.62683200009667,41.77501800018064],[-87.62188400034631,41.774935999996444],[-87.6201110004223,41.77446299976765],[-87.61540500014058,41.771184999688046],[-87.6153549996335,41.76934000004104],[-87.62494400026537,41.76915699969584]]]}},{"type":"Feature","properties":{"JoinField":"CITY OF CHICAGO:Ward 06 Precinct 07","cd_district":1,"house_district":32,"senate_district":16,"bor_district":3,"ccc_district":3},"geometry":{"type":"Polygon","coordinates":[[[-87.61526199984138,41.76571099996272],[-87.61540500014058,41.771184999688046],[-87.61774800026996,41.77292900007336],[-87.60576900003929,41.77314099995721],[-87.60558599969409,41.76588099970843],[-87.61526199984138,41.76571099996272]]]}},{"type":"Feature","properties":{"JoinField":"CITY OF CHICAGO:Ward 06 Precinct 08","cd_district":1,"house_district":32,"senate_district":16,"bor_district":3,"ccc_district":2},"geometry":{"type":"Polygon","coordinates":[[[-87.62490700035772,41.765513999871246],[-87.62494400026537,41.76915699969584],[-87.6153549996335,41.76934000004104],[-87.61526199984138,41.76571099996272],[-87.62490700035772,41.765513999871246]]]}},{"type":"Feature","properties":{"JoinField":"CITY OF CHICAGO:Ward 06 Precinct 09","cd_district":1,"house_district":34,"senate_district":17,"bor_district":3,"ccc_district":3},"geometry":{"type":"Polygon","coordinates":[[[-87.62482900035803,41.761874000185],[-87.62490700035772,41.765513999871246],[-87.61042799995221,41.76579400019301],[-87.61034399967582,41.762146000137875],[-87.62482900035803,41.761874000185]]]}},{"type":"Feature","properties":{"JoinField":"CITY OF CHICAGO:Ward 06 Precinct 10","cd_district":1,"house_district":32,"senate_district":16,"bor_district":3,"ccc_district":3},"geometry":{"type":"Polygon","coordinates":[[[-87.62641000042112,41.75982099993922],[-87.62656999970568,41.76002799959258],[-87.63927300004889,41.75982400007757],[-87.63931400014098,41.763465999856066],[-87.63705700038025,41.763493000201834],[-87.63712199978045,41.76531799982587],[-87.62490700035772,41.765513999871246],[-87.62479399964332,41.759957999961784],[-87.62641000042112,41.75982099993922]]]}},{"type":"Feature","properties":{"JoinField":"CITY OF CHICAGO:Ward 06 Precinct 11","cd_district":1,"house_district":32,"senate_district":16,"bor_district":3,"ccc_district":2},"geometry":{"type":"Polygon","coordinates":[[[-87.64427499959152,41.759745000031785],[-87.64441299966018,41.765202999918586],[-87.63712199978045,41.76531799982587],[-87.63705700038025,41.763493000201834],[-87.63931400014098,41.763465999856066],[-87.63927300004889,41.75982400007757],[-87.64427499959152,41.759745000031785]]]}},{"type":"Feature","properties":{"JoinField":"CITY OF CHICAGO:Ward 06 Precinct 12","cd_district":1,"house_district":31,"senate_district":16,"bor_district":3,"ccc_district":3},"geometry":{"type":"Polygon","coordinates":[[[-87.62703499956552,41.75091100004266],[-87.62711299956521,41.754551999775],[-87.6285559995597,41.75452400028246],[-87.62895600001934,41.756340000390765],[-87.63940499984085,41.756155999999464],[-87.63923600014124,41.75799700036134],[-87.63927300004889,41.75982400007757],[-87.62656999970568,41.76002799959258],[-87.62641000042112,41.75982099993922],[-87.62479399964332,41.759957999961784],[-87.62454599989792,41.75095999960433],[-87.62703499956552,41.75091100004266]]]}},{"type":"Feature","properties":{"JoinField":"CITY OF CHICAGO:Ward 06 Precinct 13","cd_district":1,"house_district":31,"senate_district":16,"bor_district":3,"ccc_district":3},"geometry":{"type":"Polygon","coordinates":[[[-87.62472400001258,41.75642899999838],[-87.62482900035803,41.761874000185],[-87.61678700002,41.762029000138284],[-87.61666499978986,41.756555000413016],[-87.62472400001258,41.75642899999838]]]}},{"type":"Feature","properties":{"JoinField":"CITY OF CHICAGO:Ward 06 Precinct 14","cd_district":1,"house_district":32,"senate_district":16,"bor_district":3,"ccc_district":3},"geometry":{"type":"Polygon","coordinates":[[[-87.61666499978986,41.756555000413016],[-87.61678700002,41.762029000138284],[-87.61034399967582,41.762146000137875],[-87.61021399997605,41.7566690002742],[-87.61666499978986,41.756555000413016]]]}},{"type":"Feature","properties":{"JoinField":"CITY OF CHICAGO:Ward 06 Precinct 15","cd_district":1,"house_district":32,"senate_district":16,"bor_district":3,"ccc_district":3},"geometry":{"type":"Polygon","coordinates":[[[-87.61021399997605,41.7566690002742],[-87.61042799995221,41.76579400019301],[-87.60835599972955,41.765827999962255],[-87.60806199966152,41.76582699991616],[-87.5980860000688,41.758651999989866],[-87.60539099969486,41.758580000266875],[-87.60534400022539,41.75675799988187],[-87.61021399997605,41.7566690002742]]]}},{"type":"Feature","properties":{"JoinField":"CITY OF CHICAGO:Ward 06 Precinct 16","cd_district":1,"house_district":32,"senate_district":16,"bor_district":3,"ccc_district":4},"geometry":{"type":"Polygon","coordinates":[[[-87.61008200018415,41.751198999834],[-87.61021399997605,41.7566690002742],[-87.60534400022539,41.75675799988187],[-87.60521499967246,41.75128600024874],[-87.61008200018415,41.751198999834]]]}},{"type":"Feature","properties":{"JoinField":"CITY OF CHICAGO:Ward 06 Precinct 17","cd_district":1,"house_district":34,"senate_district":17,"bor_district":3,"ccc_district":4},"geometry":{"type":"Polygon","coordinates":[[[-87.61815400010698,41.751062999857595],[-87.6181649997149,41.7514469995794],[-87.61882599962013,41.75144100020208],[-87.61883299994298,41.751600000339806],[-87.61897600024218,41.751600000339806],[-87.61908099968832,41.75651200022867],[-87.61021399997605,41.7566690002742],[-87.61008200018415,41.751198999834],[-87.61815400010698,41.751062999857595]]]}},{"type":"Feature","properties":{"JoinField":"CITY OF CHICAGO:Ward 06 Precinct 18","cd_district":1,"house_district":34,"senate_district":17,"bor_district":3,"ccc_district":4},"geometry":{"type":"Polygon","coordinates":[[[-87.62443099999064,41.747300999941274],[-87.62472400001258,41.75642899999838],[-87.61908099968832,41.75651200022867],[-87.61897600024218,41.751600000339806],[-87.61883299994298,41.751600000339806],[-87.61882599962013,41.75144100020208],[-87.6181649997149,41.7514469995794],[-87.61805500003817,41.74741199966411],[-87.62443099999064,41.747300999941274]]]}},{"type":"Feature","properties":{"JoinField":"CITY OF CHICAGO:Ward 06 Precinct 19","cd_district":1,"house_district":31,"senate_district":16,"bor_district":3,"ccc_district":4},"geometry":{"type":"Polygon","coordinates":[[[-87.64383099980074,41.743357999771945],[-87.64398899989237,41.74881899979704],[-87.64276700019684,41.748838999820066],[-87.64282200003521,41.750660000158916],[-87.63187799986974,41.75082299958183],[-87.63178400003153,41.747186000033935],[-87.62921200013363,41.74722399998768],[-87.62911200001872,41.74358200020919],[-87.63416700020684,41.74350100007115],[-87.63594600040756,41.74416199997637],[-87.63628699994507,41.74373900025472],[-87.63764300042408,41.74347499977148],[-87.64383099980074,41.743357999771945]]]}},{"type":"Feature","properties":{"JoinField":"CITY OF CHICAGO:Ward 06 Precinct 20","cd_district":1,"house_district":34,"senate_district":17,"bor_district":3,"ccc_district":4},"geometry":{"type":"Polygon","coordinates":[[[-87.61790400026933,41.74193299970824],[-87.62907600015723,41.741779999847154],[-87.62921200013363,41.74722399998768],[-87.62571900003178,41.7472819999644],[-87.62582400037729,41.75092599983509],[-87.62454599989792,41.75095999960433],[-87.62443099999064,41.747300999941274],[-87.61805500003817,41.74741199966411],[-87.61790400026933,41.74193299970824]]]}},{"type":"Feature","properties":{"JoinField":"CITY OF CHICAGO:Ward 06 Precinct 21","cd_district":1,"house_district":34,"senate_district":17,"bor_district":3,"ccc_district":4},"geometry":{"type":"Polygon","coordinates":[[[-87.61790400026933,41.74193299970824],[-87.61815400010698,41.751062999857595],[-87.61371300035466,41.75113899976509],[-87.61350999998649,41.743829999954585],[-87.61310600024166,41.743835000185186],[-87.61305799982682,41.74201099970793],[-87.61790400026933,41.74193299970824]]]}},{"type":"Feature","properties":{"JoinField":"CITY OF CHICAGO:Ward 06 Precinct 22","cd_district":1,"house_district":34,"senate_district":17,"bor_district":3,"ccc_district":4},"geometry":{"type":"Polygon","coordinates":[[[-87.61305799982682,41.74201099970793],[-87.61310600024166,41.743835000185186],[-87.61350999998649,41.743829999954585],[-87.61371300035466,41.75113899976509],[-87.60887100009654,41.751220999949226],[-87.60867099986672,41.743910000046526],[-87.60987599967763,41.743890000023555],[-87.60982199988536,41.7420430002843],[-87.61305799982682,41.74201099970793]]]}},{"type":"Feature","properties":{"JoinField":"CITY OF CHICAGO:Ward 06 Precinct 23","cd_district":1,"house_district":34,"senate_district":17,"bor_district":3,"ccc_district":4},"geometry":{"type":"Polygon","coordinates":[[[-87.60973100018549,41.74202700044577],[-87.60987599967763,41.743890000023555],[-87.60867099986672,41.743910000046526],[-87.60887100009654,41.751220999949226],[-87.60521499967246,41.75128600024874],[-87.60497899958114,41.74211099982284],[-87.60973100018549,41.74202700044577]]]}},{"type":"Feature","properties":{"JoinField":"CITY OF CHICAGO:Ward 06 Precinct 24","cd_district":1,"house_district":34,"senate_district":17,"bor_district":3,"ccc_district":4},"geometry":{"type":"Polygon","coordinates":[[[-87.61777100043128,41.73690900005039],[-87.61695499967345,41.73691999965831],[-87.61704800036489,41.74012099978438],[-87.61624100002211,41.74013300033772],[-87.61629199967598,41.74196000005401],[-87.60497899958114,41.74211099982284],[-87.60482299958176,41.736648999751594],[-87.61775899987788,41.73645499979847],[-87.61777100043128,41.73690900005039]]]}},{"type":"Feature","properties":{"JoinField":"CITY OF CHICAGO:Ward 06 Precinct 25","cd_district":1,"house_district":34,"senate_district":17,"bor_district":3,"ccc_district":4},"geometry":{"type":"Polygon","coordinates":[[[-87.62416500031446,41.73629899979903],[-87.62428400040625,41.7418300003543],[-87.61629199967598,41.74196000005401],[-87.61624100002211,41.74013300033772],[-87.61704800036489,41.74012099978438],[-87.61695499967345,41.73691999965831],[-87.61777100043128,41.73690900005039],[-87.61775899987788,41.73645499979847],[-87.62416500031446,41.73629899979903]]]}},{"type":"Feature","properties":{"JoinField":"CITY OF CHICAGO:Ward 06 Precinct 26","cd_district":1,"house_district":34,"senate_district":17,"bor_district":3,"ccc_district":4},"geometry":{"type":"Polygon","coordinates":[[[-87.61430099959142,41.72786999960084],[-87.61669899955916,41.728838000173596],[-87.61919000021828,41.72952300028629],[-87.62165499967847,41.729962999892564],[-87.62404700026883,41.73013799986887],[-87.62416500031446,41.73629899979903],[-87.61452800016701,41.73650300021336],[-87.61438699996006,41.731024000257435],[-87.60953500014011,41.73110000016493],[-87.60952999990951,41.730926000234774],[-87.60949099990967,41.72927599968767],[-87.61433900044449,41.72919799968798],[-87.61430099959142,41.72786999960084]]]}},{"type":"Feature","properties":{"JoinField":"CITY OF CHICAGO:Ward 06 Precinct 27","cd_district":1,"house_district":34,"senate_district":17,"bor_district":3,"ccc_district":4},"geometry":{"type":"Polygon","coordinates":[[[-87.62373000003942,41.7217030002933],[-87.62404700026883,41.73013799986887],[-87.62165499967847,41.729962999892564],[-87.61919000021828,41.72952300028629],[-87.61669899955916,41.728838000173596],[-87.61430099959142,41.72786999960084],[-87.61414300039911,41.72189200001583],[-87.62373000003942,41.7217030002933]]]}},{"type":"Feature","properties":{"JoinField":"CITY OF CHICAGO:Ward 07 Precinct 01","cd_district":1,"house_district":26,"senate_district":13,"bor_district":3,"ccc_district":4},"geometry":{"type":"Polygon","coordinates":[[[-87.58841600019821,41.760568000213084],[-87.58850899999032,41.76421600026828],[-87.58527400009501,41.76424199966863],[-87.58533900039453,41.76606199996138],[-87.57937299956421,41.7661129996153],[-87.5792439999106,41.7606620000513],[-87.58841600019821,41.760568000213084]]]}},{"type":"Feature","properties":{"JoinField":"CITY OF CHICAGO:Ward 07 Precinct 02","cd_district":1,"house_district":26,"senate_district":13,"bor_district":3,"ccc_district":3},"geometry":{"type":"Polygon","coordinates":[[[-87.57858900028208,41.760669000374094],[-87.5792439999106,41.7606620000513],[-87.57928600004885,41.76248100029795],[-87.56766500013958,41.76260599976712],[-87.56769899990888,41.76442299992158],[-87.56648699977518,41.7644349995756],[-87.566372999914,41.7589880001961],[-87.57853599963664,41.75885000012744],[-87.57858900028208,41.760669000374094]]]}},{"type":"Feature","properties":{"JoinField":"CITY OF CHICAGO:Ward 07 Precinct 03","cd_district":2,"house_district":25,"senate_district":13,"bor_district":3,"ccc_district":4},"geometry":{"type":"Polygon","coordinates":[[[-87.56633499996025,41.75715800034152],[-87.56648399963683,41.76631800007567],[-87.5600570000305,41.75911999998806],[-87.5602710000066,41.75906900033414],[-87.55835399973728,41.75727799958008],[-87.56633499996025,41.75715800034152]]]}},{"type":"Feature","properties":{"JoinField":"CITY OF CHICAGO:Ward 07 Precinct 04","cd_district":2,"house_district":25,"senate_district":13,"bor_district":3,"ccc_district":4},"geometry":{"type":"Polygon","coordinates":[[[-87.5600570000305,41.75911999998806],[-87.56638699966027,41.76613399968437],[-87.56648399963683,41.76631800007567],[-87.56281500041189,41.76628600039868],[-87.55717999955732,41.76058900028221],[-87.5600570000305,41.75911999998806]]]}},{"type":"Feature","properties":{"JoinField":"CITY OF CHICAGO:Ward 07 Precinct 05","cd_district":2,"house_district":25,"senate_district":13,"bor_district":3,"ccc_district":4},"geometry":{"type":"Polygon","coordinates":[[[-87.55717999955732,41.76058900028221],[-87.56084899968153,41.76430399982979],[-87.56281500041189,41.76628600039868],[-87.559555000263,41.76643800021361],[-87.56056099989019,41.76614200005332],[-87.56052199989034,41.76563500005528],[-87.56020799979933,41.765140999757364],[-87.55992200010019,41.76492899987352],[-87.55964700000902,41.76499800035748],[-87.55943500012512,41.76479900017375],[-87.55946100042479,41.76442800015212],[-87.55871500019708,41.76392899962366],[-87.55852400038225,41.76403900019977],[-87.55760200013214,41.76320300031824],[-87.55754600024767,41.76285300036574],[-87.55704899981146,41.762535000090224],[-87.5568390000198,41.76257400009007],[-87.55634999995249,41.762059999769235],[-87.55500900016517,41.76173400002415],[-87.55546599965612,41.76134800021009],[-87.55717999955732,41.76058900028221]]]}},{"type":"Feature","properties":{"JoinField":"CITY OF CHICAGO:Ward 07 Precinct 06","cd_district":2,"house_district":25,"senate_district":13,"bor_district":3,"ccc_district":4},"geometry":{"type":"Polygon","coordinates":[[[-87.54684100031187,41.75166199960165],[-87.5480640000535,41.751976999738815],[-87.54840000025979,41.752265000429475],[-87.55717999955732,41.76058900028221],[-87.55546599965612,41.76134800021009],[-87.55451399982121,41.76196099970042],[-87.55414499989178,41.76124800009518],[-87.55265699962081,41.76043100019058],[-87.55013600027615,41.75942999989462],[-87.54870399988965,41.75904199998837],[-87.5470760003571,41.758945000011806],[-87.54497399965032,41.759738999755086],[-87.54401100020743,41.75988200005429],[-87.54364300032415,41.76012899975359],[-87.54249300035167,41.75903399961942],[-87.54258300000544,41.75875200010478],[-87.54148799987126,41.75776599960125],[-87.54111099957294,41.757766999647345],[-87.54048500038243,41.757177000318336],[-87.5437509999087,41.75516600021081],[-87.54404299988448,41.75477400012005],[-87.54419999993002,41.75386499957011],[-87.54350100007105,41.75257200019769],[-87.54306199961155,41.75210500024559],[-87.54501000041114,41.752189999668815],[-87.54684100031187,41.75166199960165]]]}},{"type":"Feature","properties":{"JoinField":"CITY OF CHICAGO:Ward 07 Precinct 07","cd_district":2,"house_district":25,"senate_district":13,"bor_district":3,"ccc_district":4},"geometry":{"type":"Polygon","coordinates":[[[-87.55258199975947,41.75191499957759],[-87.55994400021541,41.7587390004046],[-87.5602710000066,41.75906900033414],[-87.55717999955732,41.76058900028221],[-87.54964600016274,41.75347899975611],[-87.55224599955318,41.7519189997621],[-87.55258199975947,41.75191499957759]]]}},{"type":"Feature","properties":{"JoinField":"CITY OF CHICAGO:Ward 07 Precinct 08","cd_district":2,"house_district":25,"senate_district":13,"bor_district":3,"ccc_district":4},"geometry":{"type":"Polygon","coordinates":[[[-87.56138600016374,41.75179500033903],[-87.56149099960993,41.75723400024896],[-87.55835399973728,41.75727799958008],[-87.55258199975947,41.75191499957759],[-87.56138600016374,41.75179500033903]]]}},{"type":"Feature","properties":{"JoinField":"CITY OF CHICAGO:Ward 07 Precinct 09","cd_district":2,"house_district":25,"senate_district":13,"bor_district":3,"ccc_district":4},"geometry":{"type":"Polygon","coordinates":[[[-87.56623299975308,41.75172799994732],[-87.56633499996025,41.75715800034152],[-87.56149099960993,41.75723400024896],[-87.56139499967946,41.75225299987608],[-87.56260699981317,41.75223700003755],[-87.56259700025134,41.751778999601186],[-87.56623299975308,41.75172799994732]]]}},{"type":"Feature","properties":{"JoinField":"CITY OF CHICAGO:Ward 07 Precinct 10","cd_district":1,"house_district":26,"senate_district":13,"bor_district":3,"ccc_district":4},"geometry":{"type":"Polygon","coordinates":[[[-87.57110599964216,41.75166799987835],[-87.57114200040297,41.753483999986656],[-87.57236099996015,41.75346900019423],[-87.57246100007507,41.758919999758234],[-87.566372999914,41.7589880001961],[-87.56623299975308,41.75172799994732],[-87.57110599964216,41.75166799987835]]]}},{"type":"Feature","properties":{"JoinField":"CITY OF CHICAGO:Ward 07 Precinct 11","cd_district":1,"house_district":33,"senate_district":17,"bor_district":3,"ccc_district":4},"geometry":{"type":"Polygon","coordinates":[[[-87.57260899970555,41.74216899979956],[-87.57562800043183,41.74434000009097],[-87.56855699990558,41.74442999974474],[-87.56863900008972,41.74988200025416],[-87.57107700010346,41.749851999770044],[-87.57110599964216,41.75166799987835],[-87.56623299975308,41.75172799994732],[-87.56609699977668,41.7426450001667],[-87.57217600042202,41.74256500007476],[-87.57260899970555,41.74216899979956]]]}},{"type":"Feature","properties":{"JoinField":"CITY OF CHICAGO:Ward 07 Precinct 12","cd_district":1,"house_district":26,"senate_district":13,"bor_district":3,"ccc_district":4},"geometry":{"type":"Polygon","coordinates":[[[-87.5661250001686,41.74446100027501],[-87.56623299975308,41.75172799994732],[-87.56259700025134,41.751778999601186],[-87.56260699981317,41.75223700003755],[-87.56219799983779,41.7522450004065],[-87.56139499967946,41.75225299987608],[-87.56138600016374,41.75179500033903],[-87.55895999980413,41.75183000015443],[-87.55883200019662,41.744557000205475],[-87.5661250001686,41.74446100027501]]]}},{"type":"Feature","properties":{"JoinField":"CITY OF CHICAGO:Ward 07 Precinct 13","cd_district":1,"house_district":26,"senate_district":13,"bor_district":3,"ccc_district":4},"geometry":{"type":"Polygon","coordinates":[[[-87.5575620000862,41.74094099982733],[-87.55634899990639,41.74095599961976],[-87.5564089999753,41.744592000020816],[-87.55883200019662,41.744557000205475],[-87.55895999980413,41.75183000015443],[-87.551634000109,41.751928000177145],[-87.55141800004066,41.74465900041258],[-87.55148300034017,41.7434690003941],[-87.55173400022392,41.74346700030185],[-87.55152300038611,41.742066999592396],[-87.55260099973628,41.742823000281305],[-87.5551660002107,41.74278999965878],[-87.5551310003953,41.7409720003576],[-87.55574299983954,41.74096399998865],[-87.55570800002414,41.7391439996959],[-87.55753499974043,41.7391210004339],[-87.5575620000862,41.74094099982733]]]}},{"type":"Feature","properties":{"JoinField":"CITY OF CHICAGO:Ward 07 Precinct 14","cd_district":2,"house_district":25,"senate_district":13,"bor_district":3,"ccc_district":4},"geometry":{"type":"Polygon","coordinates":[[[-87.55029500041388,41.7433149995876],[-87.55052800036691,41.74347099958703],[-87.55148300034017,41.7434690003941],[-87.5516299999245,41.750111000022684],[-87.55150400040924,41.75011200006878],[-87.55152499957904,41.751174999626585],[-87.551634000109,41.751928000177145],[-87.55224599955318,41.7519189997621],[-87.54964600016274,41.75347899975611],[-87.5480640000535,41.751976999738815],[-87.54684100031187,41.75166199960165],[-87.54501000041114,41.752189999668815],[-87.54024099992216,41.75182299983163],[-87.53259699995152,41.74885799979688],[-87.53087399963533,41.748022999961506],[-87.53040699968324,41.74474900006635],[-87.55032499999874,41.74467400020501],[-87.55029500041388,41.7433149995876]]]}},{"type":"Feature","properties":{"JoinField":"CITY OF CHICAGO:Ward 07 Precinct 15","cd_district":1,"house_district":33,"senate_district":17,"bor_district":3,"ccc_district":4},"geometry":{"type":"Polygon","coordinates":[[[-87.566048000215,41.73901199990394],[-87.5661250001686,41.74446100027501],[-87.5564089999753,41.744592000020816],[-87.55634899990639,41.74095599961976],[-87.5575620000862,41.74094099982733],[-87.55753499974043,41.7391210004339],[-87.566048000215,41.73901199990394]]]}},{"type":"Feature","properties":{"JoinField":"CITY OF CHICAGO:Ward 07 Precinct 16","cd_district":1,"house_district":25,"senate_district":13,"bor_district":3,"ccc_district":4},"geometry":{"type":"Polygon","coordinates":[[[-87.566048000215,41.73901199990394],[-87.55570800002414,41.7391439996959],[-87.55567999963222,41.73779799967798],[-87.55508700016486,41.737808000139125],[-87.55507999984206,41.737335999956485],[-87.5657010004008,41.737197999887826],[-87.56602800019203,41.73743299993305],[-87.566048000215,41.73901199990394]]]}},{"type":"Feature","properties":{"JoinField":"CITY OF CHICAGO:Ward 07 Precinct 17","cd_district":1,"house_district":25,"senate_district":13,"bor_district":3,"ccc_district":4},"geometry":{"type":"Polygon","coordinates":[[[-87.56097900028061,41.73210799988436],[-87.5659080000541,41.73541999973327],[-87.56599699966176,41.73719299965728],[-87.55558499974791,41.73732899963369],[-87.55549400004804,41.73368000043172],[-87.55964900010122,41.73362399964793],[-87.56018599968411,41.7332300003643],[-87.55986099998512,41.73299500031908],[-87.56097900028061,41.73210799988436]]]}},{"type":"Feature","properties":{"JoinField":"CITY OF CHICAGO:Ward 07 Precinct 18","cd_district":2,"house_district":25,"senate_district":13,"bor_district":3,"ccc_district":4},"geometry":{"type":"Polygon","coordinates":[[[-87.55393199996178,41.72643199983696],[-87.55636699983711,41.728187999876354],[-87.55673999995099,41.72818299964575],[-87.55674700027379,41.72846199992142],[-87.56099500011914,41.73153699963285],[-87.56103700025733,41.732061999561665],[-87.55986099998512,41.73299500031908],[-87.56018599968411,41.7332300003643],[-87.55963600040104,41.73362599974013],[-87.55549400004804,41.73368000043172],[-87.55540500044037,41.730014000445806],[-87.55263899969003,41.73005699973078],[-87.55258199975947,41.72774700022393],[-87.55393199996178,41.72643199983696]]]}},{"type":"Feature","properties":{"JoinField":"CITY OF CHICAGO:Ward 07 Precinct 19","cd_district":1,"house_district":25,"senate_district":13,"bor_district":3,"ccc_district":4},"geometry":{"type":"Polygon","coordinates":[[[-87.57249699993656,41.729801999662584],[-87.57258999972868,41.733450999763875],[-87.56591400033079,41.73354200036306],[-87.5659080000541,41.73541999973327],[-87.56097900028061,41.73210799988436],[-87.56093800018851,41.72994900014629],[-87.57249699993656,41.729801999662584]]]}},{"type":"Feature","properties":{"JoinField":"CITY OF CHICAGO:Ward 07 Precinct 20","cd_district":1,"house_district":25,"senate_district":13,"bor_district":3,"ccc_district":4},"geometry":{"type":"Polygon","coordinates":[[[-87.57535500043286,41.72246899964466],[-87.5755349997404,41.729760999570544],[-87.57068299992045,41.729826999916156],[-87.57046799989826,41.72252899971363],[-87.57535500043286,41.72246899964466]]]}},{"type":"Feature","properties":{"JoinField":"CITY OF CHICAGO:Ward 07 Precinct 21","cd_district":1,"house_district":25,"senate_district":13,"bor_district":3,"ccc_district":4},"geometry":{"type":"Polygon","coordinates":[[[-87.57046799989826,41.72252899971363],[-87.57068299992045,41.729826999916156],[-87.56581400021588,41.72989100016957],[-87.56559199987083,41.72264200042804],[-87.56535599977951,41.722591999920894],[-87.57046799989826,41.72252899971363]]]}},{"type":"Feature","properties":{"JoinField":"CITY OF CHICAGO:Ward 07 Precinct 22","cd_district":1,"house_district":25,"senate_district":13,"bor_district":3,"ccc_district":4},"geometry":{"type":"Polygon","coordinates":[[[-87.56559199987083,41.72264200042804],[-87.56581400021588,41.72989100016957],[-87.56093800018851,41.72994900014629],[-87.56072300016626,41.722648999851515],[-87.56535599977951,41.722591999920894],[-87.56559199987083,41.72264200042804]]]}},{"type":"Feature","properties":{"JoinField":"CITY OF CHICAGO:Ward 07 Precinct 23","cd_district":1,"house_district":25,"senate_district":13,"bor_district":3,"ccc_district":4},"geometry":{"type":"Polygon","coordinates":[[[-87.56072300016626,41.722648999851515],[-87.56086100023492,41.727762000016355],[-87.56099500011914,41.73153699963285],[-87.55815400040677,41.72947800000975],[-87.55810800008408,41.727655999624744],[-87.55672700025082,41.72767499960162],[-87.55670600018175,41.72685499955861],[-87.5580880000611,41.72684299990459],[-87.55807500036093,41.7263349998604],[-87.55669299958225,41.72635099969892],[-87.55660399997458,41.722700999551535],[-87.56072300016626,41.722648999851515]]]}},{"type":"Feature","properties":{"JoinField":"CITY OF CHICAGO:Ward 07 Precinct 24","cd_district":2,"house_district":25,"senate_district":13,"bor_district":3,"ccc_district":4},"geometry":{"type":"Polygon","coordinates":[[[-87.55660399997458,41.722700999551535],[-87.55669299958225,41.72635099969892],[-87.55807500036093,41.7263349998604],[-87.5580880000611,41.72684299990459],[-87.55670600018175,41.72685499955861],[-87.55672700025082,41.72767499960162],[-87.55810800008408,41.727655999624744],[-87.55815400040677,41.72947800000975],[-87.55674700027379,41.72846199992142],[-87.55673999995099,41.72818299964575],[-87.55636699983711,41.728187999876354],[-87.55393199996178,41.72643199983696],[-87.5538459995932,41.7227330001279],[-87.55660399997458,41.722700999551535]]]}},{"type":"Feature","properties":{"JoinField":"CITY OF CHICAGO:Ward 07 Precinct 25","cd_district":2,"house_district":33,"senate_district":17,"bor_district":3,"ccc_district":4},"geometry":{"type":"Polygon","coordinates":[[[-87.55875700033528,41.71334899995645],[-87.56064800030492,41.71356299993255],[-87.56458600024365,41.713526000024956],[-87.56471699998951,41.722600000289845],[-87.55969500042391,41.72265900031266],[-87.55912400017246,41.72194899994645],[-87.55892099980429,41.72135899971812],[-87.55875700033528,41.71334899995645]]]}},{"type":"Feature","properties":{"JoinField":"CITY OF CHICAGO:Ward 07 Precinct 26","cd_district":1,"house_district":33,"senate_district":17,"bor_district":3,"ccc_district":4},"geometry":{"type":"Polygon","coordinates":[[[-87.57063100022043,41.71344399984076],[-87.5706550004279,41.71527000041027],[-87.57091900001183,41.71526800031802],[-87.57104000019581,41.72053600043614],[-87.57123700028728,41.72068800025107],[-87.57167399975526,41.72069000034327],[-87.57171599989346,41.722513999921205],[-87.56471699998951,41.722600000289845],[-87.56458600024365,41.713526000024956],[-87.57063100022043,41.71344399984076]]]}},{"type":"Feature","properties":{"JoinField":"CITY OF CHICAGO:Ward 07 Precinct 27","cd_district":1,"house_district":33,"senate_district":17,"bor_district":3,"ccc_district":4},"geometry":{"type":"Polygon","coordinates":[[[-87.57289400025786,41.713146999634375],[-87.57637699989857,41.717006000426636],[-87.57566500033948,41.71706899973458],[-87.57519100006459,41.716557999552094],[-87.57535500043286,41.72246899964466],[-87.57171599989346,41.722513999921205],[-87.57167399975526,41.72069000034327],[-87.57123700028728,41.72068800025107],[-87.57104000019581,41.72053600043614],[-87.57091900001183,41.71526800031802],[-87.5706550004279,41.71527000041027],[-87.57063100022043,41.71344399984076],[-87.5723700003752,41.713412000163714],[-87.57289400025786,41.713146999634375]]]}},{"type":"Feature","properties":{"JoinField":"CITY OF CHICAGO:Ward 07 Precinct 28","cd_district":1,"house_district":33,"senate_district":17,"bor_district":3,"ccc_district":4},"geometry":{"type":"Polygon","coordinates":[[[-87.58605099995367,41.70776499965507],[-87.58514999977263,41.70953400029396],[-87.58487100039633,41.711134000333914],[-87.5851269996113,41.72233899994495],[-87.57535500043286,41.72246899964466],[-87.57519100006459,41.716557999552094],[-87.57566500033948,41.71706899973458],[-87.57637699989857,41.717006000426636],[-87.57289400025786,41.713146999634375],[-87.5723700003752,41.713412000163714],[-87.56912700011094,41.70985599985454],[-87.56996600013076,41.70986600031574],[-87.56918500008766,41.70895200043452],[-87.56918199994931,41.70859300006697],[-87.56875500004315,41.708470999836834],[-87.56872799969739,41.708036999607884],[-87.58605099995367,41.70776499965507]]]}},{"type":"Feature","properties":{"JoinField":"CITY OF CHICAGO:Ward 07 Precinct 29","cd_district":1,"house_district":33,"senate_district":17,"bor_district":3,"ccc_district":4},"geometry":{"type":"Polygon","coordinates":[[[-87.56875500004315,41.708470999836834],[-87.56918199994931,41.70859300006697],[-87.56918500008766,41.70895200043452],[-87.56996600013076,41.70986600031574],[-87.56912700011094,41.70985599985454],[-87.5723700003752,41.713412000163714],[-87.56458600024365,41.713526000024956],[-87.56453699978266,41.70989599990054],[-87.56513999971116,41.70988700038481],[-87.56511700044916,41.7085259996752],[-87.56451699975969,41.70853600013635],[-87.56451100038231,41.70810299995355],[-87.56872799969739,41.708036999607884],[-87.56875500004315,41.708470999836834]]]}},{"type":"Feature","properties":{"JoinField":"CITY OF CHICAGO:Ward 07 Precinct 30","cd_district":2,"house_district":33,"senate_district":17,"bor_district":3,"ccc_district":4},"geometry":{"type":"Polygon","coordinates":[[[-87.56453699978266,41.70989599990054],[-87.56458600024365,41.713526000024956],[-87.56098499965799,41.713573000393694],[-87.55974900021613,41.71341899958719],[-87.55966199980139,41.70816800025307],[-87.56451100038231,41.70810299995355],[-87.56451699975969,41.70853600013635],[-87.56511700044916,41.7085259996752],[-87.56513999971116,41.70988700038481],[-87.56453699978266,41.70989599990054]]]}},{"type":"Feature","properties":{"JoinField":"CITY OF CHICAGO:Ward 07 Precinct 31","cd_district":2,"house_district":33,"senate_district":17,"bor_district":3,"ccc_district":4},"geometry":{"type":"Polygon","coordinates":[[[-87.57366299974763,41.70796599993099],[-87.55966199980139,41.70816800025307],[-87.55964499991677,41.70639899961418],[-87.56267700034323,41.70639600037515],[-87.56265300013581,41.704583000405194],[-87.5656529999859,41.70462100035894],[-87.56571500014712,41.70178299988561],[-87.56540200010221,41.701250999634],[-87.56746199977141,41.70110900028021],[-87.57366299974763,41.70796599993099]]]}},{"type":"Feature","properties":{"JoinField":"CITY OF CHICAGO:Ward 08 Precinct 01","cd_district":1,"house_district":26,"senate_district":13,"bor_district":3,"ccc_district":3},"geometry":{"type":"Polygon","coordinates":[[[-87.58812800040687,41.751467999648526],[-87.59822300009137,41.758651999989866],[-87.59552299968664,41.75869600022031],[-87.5951300004491,41.76055599965969],[-87.59327799957998,41.76052900021324],[-87.59335599957967,41.765082999780645],[-87.59404800001516,41.76507700040332],[-87.59382599967012,41.76600399998466],[-87.58632700009093,41.76606099991528],[-87.58630299988351,41.765142999849616],[-87.58589700004649,41.765145999987965],[-87.58587299983901,41.76423800038344],[-87.58850899999032,41.76421600026828],[-87.58841600019821,41.760568000213084],[-87.58618499983783,41.76058900028221],[-87.58613600027616,41.758763999758855],[-87.58573799990876,41.7587679999433],[-87.58565899986291,41.75150799969447],[-87.58812800040687,41.751467999648526]]]}},{"type":"Feature","properties":{"JoinField":"CITY OF CHICAGO:Ward 08 Precinct 02","cd_district":1,"house_district":32,"senate_district":16,"bor_district":3,"ccc_district":3},"geometry":{"type":"Polygon","coordinates":[[[-87.60521499967246,41.75128600024874],[-87.60539099969486,41.758580000266875],[-87.59822300009137,41.758651999989866],[-87.59571500044689,41.75685799999678],[-87.59594200012316,41.75685699995063],[-87.59719700044116,41.75136899957971],[-87.60521499967246,41.75128600024874]]]}},{"type":"Feature","properties":{"JoinField":"CITY OF CHICAGO:Ward 08 Precinct 03","cd_district":1,"house_district":32,"senate_district":16,"bor_district":3,"ccc_district":3},"geometry":{"type":"Polygon","coordinates":[[[-87.59719700044116,41.75136899957971],[-87.59594200012316,41.75685699995063],[-87.59571500044689,41.75685799999678],[-87.58812800040687,41.751467999648526],[-87.59719700044116,41.75136899957971]]]}},{"type":"Feature","properties":{"JoinField":"CITY OF CHICAGO:Ward 08 Precinct 04","cd_district":1,"house_district":33,"senate_district":17,"bor_district":3,"ccc_district":3},"geometry":{"type":"Polygon","coordinates":[[[-87.58579799997767,41.755168000303],[-87.58567199956309,41.75575500039298],[-87.58573799990876,41.7587679999433],[-87.58613600027616,41.758763999758855],[-87.58618499983783,41.76058900028221],[-87.57858900028208,41.760669000374094],[-87.57853599963664,41.75885000012744],[-87.58104200008819,41.758821999735574],[-87.58086700011194,41.75154499960212],[-87.58565899986291,41.75150799969447],[-87.58579799997767,41.755168000303]]]}},{"type":"Feature","properties":{"JoinField":"CITY OF CHICAGO:Ward 08 Precinct 05","cd_district":1,"house_district":33,"senate_district":17,"bor_district":3,"ccc_district":3},"geometry":{"type":"Polygon","coordinates":[[[-87.57598199966952,41.751605999717185],[-87.57614199985335,41.75887600042711],[-87.57246100007507,41.758919999758234],[-87.57236099996015,41.75346900019423],[-87.57114200040297,41.753483999986656],[-87.57110599964216,41.75166799987835],[-87.57598199966952,41.751605999717185]]]}},{"type":"Feature","properties":{"JoinField":"CITY OF CHICAGO:Ward 08 Precinct 06","cd_district":1,"house_district":33,"senate_district":17,"bor_district":3,"ccc_district":4},"geometry":{"type":"Polygon","coordinates":[[[-87.57585700020036,41.74450399955998],[-87.57598199966952,41.751605999717185],[-87.57110599964216,41.75166799987835],[-87.57107700010346,41.749851999770044],[-87.56863900008972,41.74988200025416],[-87.56855699990558,41.74442999974474],[-87.57562800043183,41.74434000009097],[-87.57585700020036,41.74450399955998]]]}},{"type":"Feature","properties":{"JoinField":"CITY OF CHICAGO:Ward 08 Precinct 07","cd_district":1,"house_district":33,"senate_district":17,"bor_district":3,"ccc_district":4},"geometry":{"type":"Polygon","coordinates":[[[-87.57581900024661,41.742763000212335],[-87.58579900002377,41.749889999723734],[-87.58582400027734,41.75150599960227],[-87.57598199966952,41.751605999717185],[-87.57581900024661,41.742763000212335]]]}},{"type":"Feature","properties":{"JoinField":"CITY OF CHICAGO:Ward 08 Precinct 08","cd_district":1,"house_district":33,"senate_district":17,"bor_district":3,"ccc_district":4},"geometry":{"type":"Polygon","coordinates":[[[-87.5855300002093,41.73144800002524],[-87.58563699974769,41.736913000234836],[-87.5757180000856,41.73705599963472],[-87.57558600029364,41.73158400000165],[-87.5855300002093,41.73144800002524]]]}},{"type":"Feature","properties":{"JoinField":"CITY OF CHICAGO:Ward 08 Precinct 09","cd_district":1,"house_district":33,"senate_district":17,"bor_district":3,"ccc_district":4},"geometry":{"type":"Polygon","coordinates":[[[-87.59891000029626,41.744094999584604],[-87.5972350003949,41.75136899957971],[-87.59183699967775,41.751425000363554],[-87.59166699993204,41.744129000253224],[-87.59891000029626,41.744094999584604]]]}},{"type":"Feature","properties":{"JoinField":"CITY OF CHICAGO:Ward 08 Precinct 10","cd_district":1,"house_district":33,"senate_district":17,"bor_district":3,"ccc_district":3},"geometry":{"type":"Polygon","coordinates":[[[-87.60503300027273,41.74397000011544],[-87.60521499967246,41.75128600024874],[-87.5972350003949,41.75136899957971],[-87.59891999985808,41.744044999976836],[-87.60503300027273,41.74397000011544]]]}},{"type":"Feature","properties":{"JoinField":"CITY OF CHICAGO:Ward 08 Precinct 11","cd_district":1,"house_district":33,"senate_district":17,"bor_district":3,"ccc_district":4},"geometry":{"type":"Polygon","coordinates":[[[-87.60482299958176,41.736648999751594],[-87.60503300027273,41.74397000011544],[-87.59891999985808,41.744044999976836],[-87.60054500015161,41.73670799977441],[-87.60482299958176,41.736648999751594]]]}},{"type":"Feature","properties":{"JoinField":"CITY OF CHICAGO:Ward 08 Precinct 12","cd_district":1,"house_district":33,"senate_district":17,"bor_district":3,"ccc_district":4},"geometry":{"type":"Polygon","coordinates":[[[-87.60054500015161,41.73670799977441],[-87.59891999985808,41.744044999976836],[-87.59045099961389,41.7441419999534],[-87.59027599963764,41.73685200011977],[-87.60054500015161,41.73670799977441]]]}},{"type":"Feature","properties":{"JoinField":"CITY OF CHICAGO:Ward 08 Precinct 13","cd_district":1,"house_district":33,"senate_district":17,"bor_district":3,"ccc_district":4},"geometry":{"type":"Polygon","coordinates":[[[-87.59027599963764,41.73685200011977],[-87.59045099961389,41.7441419999534],[-87.58579900002377,41.744197999837866],[-87.58563699974769,41.736913000234836],[-87.59027599963764,41.73685200011977]]]}},{"type":"Feature","properties":{"JoinField":"CITY OF CHICAGO:Ward 08 Precinct 14","cd_district":1,"house_district":33,"senate_district":17,"bor_district":3,"ccc_district":4},"geometry":{"type":"Polygon","coordinates":[[[-87.58563699974769,41.736913000234836],[-87.58590799965441,41.74863999963634],[-87.58579900002377,41.749889999723734],[-87.57800400028435,41.744305000275574],[-87.58071899958213,41.74426800036798],[-87.5805730000439,41.73698700005008],[-87.58563699974769,41.736913000234836]]]}},{"type":"Feature","properties":{"JoinField":"CITY OF CHICAGO:Ward 08 Precinct 15","cd_district":1,"house_district":33,"senate_district":17,"bor_district":3,"ccc_district":4},"geometry":{"type":"Polygon","coordinates":[[[-87.59526000014887,41.736783999681904],[-87.58563699974769,41.736913000234836],[-87.58556700011695,41.73328100001817],[-87.59252499992874,41.733174999626556],[-87.59276800034291,41.733309999556866],[-87.59279699988161,41.73315899978809],[-87.59482900005827,41.7359340000541],[-87.59526000014887,41.736783999681904]]]}},{"type":"Feature","properties":{"JoinField":"CITY OF CHICAGO:Ward 08 Precinct 16","cd_district":1,"house_district":33,"senate_district":17,"bor_district":3,"ccc_district":4},"geometry":{"type":"Polygon","coordinates":[[[-87.5874519998099,41.72326600042561],[-87.58882300008133,41.72646699965236],[-87.59279699988161,41.73315899978809],[-87.59276800034291,41.733309999556866],[-87.59252499992874,41.733174999626556],[-87.58556700011695,41.73328100001817],[-87.585395000279,41.72511100007267],[-87.5851269996113,41.72233899994495],[-87.58663900008975,41.72232300010643],[-87.5874519998099,41.72326600042561]]]}},{"type":"Feature","properties":{"JoinField":"CITY OF CHICAGO:Ward 08 Precinct 17","cd_district":1,"house_district":33,"senate_district":17,"bor_district":3,"ccc_district":4},"geometry":{"type":"Polygon","coordinates":[[[-87.5755349997404,41.729760999570544],[-87.57570899967055,41.736600000189924],[-87.57585700020036,41.74450399955998],[-87.57176100017,41.74155900044758],[-87.57277500016608,41.740773000173874],[-87.57368699995504,41.74071400015106],[-87.56887200004275,41.73715399965744],[-87.56599699966176,41.73719299965728],[-87.56588599993893,41.735490000263326],[-87.56591400033079,41.73354200036306],[-87.57258999972868,41.733450999763875],[-87.57249699993656,41.729801999662584],[-87.5755349997404,41.729760999570544]]]}},{"type":"Feature","properties":{"JoinField":"CITY OF CHICAGO:Ward 08 Precinct 18","cd_district":1,"house_district":33,"senate_district":17,"bor_district":3,"ccc_district":4},"geometry":{"type":"Polygon","coordinates":[[[-87.5851269996113,41.72233899994495],[-87.585395000279,41.72511100007267],[-87.5855300002093,41.73144800002524],[-87.57558600029364,41.73158400000165],[-87.57535500043286,41.72246899964466],[-87.5851269996113,41.72233899994495]]]}},{"type":"Feature","properties":{"JoinField":"CITY OF CHICAGO:Ward 08 Precinct 19","cd_district":1,"house_district":34,"senate_district":17,"bor_district":3,"ccc_district":4},"geometry":{"type":"Polygon","coordinates":[[[-87.61438699996006,41.731024000257435],[-87.61452800016701,41.73650300021336],[-87.60482299958176,41.736648999751594],[-87.60468999974364,41.73117800016462],[-87.61438699996006,41.731024000257435]]]}},{"type":"Feature","properties":{"JoinField":"CITY OF CHICAGO:Ward 08 Precinct 20","cd_district":1,"house_district":33,"senate_district":17,"bor_district":3,"ccc_district":4},"geometry":{"type":"Polygon","coordinates":[[[-87.60448200004424,41.72204399983076],[-87.60482299958176,41.736648999751594],[-87.60054500015161,41.73670799977441],[-87.60390999974663,41.72204099969241],[-87.60448200004424,41.72204399983076]]]}},{"type":"Feature","properties":{"JoinField":"CITY OF CHICAGO:Ward 08 Precinct 21","cd_district":1,"house_district":34,"senate_district":17,"bor_district":3,"ccc_district":4},"geometry":{"type":"Polygon","coordinates":[[[-87.61395199968501,41.71344399984076],[-87.61430099959142,41.72786999960084],[-87.60952699977116,41.72546600025578],[-87.60931900007176,41.72570000025485],[-87.60597899983094,41.72406000016895],[-87.60450700029782,41.7235960003552],[-87.60448200004424,41.72204399983076],[-87.60318200034902,41.72204800001526],[-87.60512399997259,41.71358700014002],[-87.61395199968501,41.71344399984076]]]}},{"type":"Feature","properties":{"JoinField":"CITY OF CHICAGO:Ward 08 Precinct 22","cd_district":1,"house_district":33,"senate_district":17,"bor_district":3,"ccc_district":4},"geometry":{"type":"Polygon","coordinates":[[[-87.60390999974663,41.72204099969241],[-87.60054500015161,41.73670799977441],[-87.59755199972494,41.736749999912604],[-87.5972690001642,41.7240220002152],[-87.59483400028887,41.7240570000306],[-87.59479300019677,41.722194999599594],[-87.60390999974663,41.72204099969241]]]}},{"type":"Feature","properties":{"JoinField":"CITY OF CHICAGO:Ward 08 Precinct 23","cd_district":1,"house_district":34,"senate_district":17,"bor_district":3,"ccc_district":4},"geometry":{"type":"Polygon","coordinates":[[[-87.60485700025032,41.71475500004328],[-87.60318200034902,41.72204800001526],[-87.5851269996113,41.72233899994495],[-87.58498700034977,41.71515300041068],[-87.59040900037502,41.71487200004282],[-87.5929230002962,41.7149570003653],[-87.60485700025032,41.71475500004328]]]}},{"type":"Feature","properties":{"JoinField":"CITY OF CHICAGO:Ward 08 Precinct 24","cd_district":1,"house_district":34,"senate_district":17,"bor_district":3,"ccc_district":4},"geometry":{"type":"Polygon","coordinates":[[[-87.60651800040534,41.70743299963328],[-87.60485700025032,41.71475500004328],[-87.5929230002962,41.7149570003653],[-87.59040900037502,41.71487200004282],[-87.58498700034977,41.71515300041068],[-87.58489899988888,41.71072200022019],[-87.58532199961053,41.70905899997291],[-87.58605099995367,41.70776499965507],[-87.60651800040534,41.70743299963328]]]}},{"type":"Feature","properties":{"JoinField":"CITY OF CHICAGO:Ward 08 Precinct 25","cd_district":1,"house_district":33,"senate_district":17,"bor_district":3,"ccc_district":4},"geometry":{"type":"Polygon","coordinates":[[[-87.56887200004275,41.73715399965744],[-87.57368699995504,41.74071400015106],[-87.57277500016608,41.740773000173874],[-87.57176100017,41.74155900044758],[-87.57260899970555,41.74216899979956],[-87.57217600042202,41.74256500007476],[-87.56609699977668,41.7426450001667],[-87.56602800019203,41.73743299993305],[-87.5657010004008,41.737197999887826],[-87.56887200004275,41.73715399965744]]]}},{"type":"Feature","properties":{"JoinField":"CITY OF CHICAGO:Ward 08 Precinct 26","cd_district":1,"house_district":34,"senate_district":17,"bor_district":3,"ccc_district":4},"geometry":{"type":"Polygon","coordinates":[[[-87.60450700029782,41.7235960003552],[-87.60597899983094,41.72406000016895],[-87.60931900007176,41.72570000025485],[-87.60952699977116,41.72546600025578],[-87.61430099959142,41.72786999960084],[-87.61433900044449,41.72919799968798],[-87.60949099990967,41.72927599968767],[-87.60953500014011,41.73110000016493],[-87.60468999974364,41.73117800016462],[-87.60450700029782,41.7235960003552]]]}},{"type":"Feature","properties":{"JoinField":"CITY OF CHICAGO:Ward 08 Precinct 27","cd_district":1,"house_district":33,"senate_district":17,"bor_district":3,"ccc_district":4},"geometry":{"type":"Polygon","coordinates":[[[-87.59166699993204,41.744129000253224],[-87.59183699967775,41.751425000363554],[-87.58582400027734,41.75150599960227],[-87.58579900002377,41.744197999837866],[-87.59166699993204,41.744129000253224]]]}},{"type":"Feature","properties":{"JoinField":"CITY OF CHICAGO:Ward 08 Precinct 28","cd_district":1,"house_district":33,"senate_district":17,"bor_district":3,"ccc_district":4},"geometry":{"type":"Polygon","coordinates":[[[-87.59479300019677,41.722194999599594],[-87.59483400028887,41.7240570000306],[-87.5972690001642,41.7240220002152],[-87.59755199972494,41.736749999912604],[-87.59530799966444,41.73678299963575],[-87.59279699988161,41.73315899978809],[-87.5894930004016,41.72771200040853],[-87.58755800020151,41.72342399961792],[-87.58663900008975,41.72232300010643],[-87.59479300019677,41.722194999599594]]]}},{"type":"Feature","properties":{"JoinField":"CITY OF CHICAGO:Ward 08 Precinct 29","cd_district":1,"house_district":33,"senate_district":17,"bor_district":3,"ccc_district":4},"geometry":{"type":"Polygon","coordinates":[[[-87.5805730000439,41.73698700005008],[-87.58071899958213,41.74426800036798],[-87.57800400028435,41.744305000275574],[-87.57581900024661,41.742763000212335],[-87.5757180000856,41.73705599963472],[-87.5805730000439,41.73698700005008]]]}},{"type":"Feature","properties":{"JoinField":"CITY OF CHICAGO:Ward 08 Precinct 30","cd_district":1,"house_district":33,"senate_district":17,"bor_district":3,"ccc_district":3},"geometry":{"type":"Polygon","coordinates":[[[-87.58086700011194,41.75154499960212],[-87.58104200008819,41.758821999735574],[-87.57614199985335,41.75887600042711],[-87.57598199966952,41.751605999717185],[-87.58086700011194,41.75154499960212]]]}},{"type":"Feature","properties":{"JoinField":"CITY OF CHICAGO:Ward 09 Precinct 01","cd_district":1,"house_district":27,"senate_district":14,"bor_district":3,"ccc_district":4},"geometry":{"type":"Polygon","coordinates":[[[-87.63957000025528,41.721440999902256],[-87.63976999958578,41.72881600005843],[-87.63855600025914,41.72883299994305],[-87.638585999844,41.729961999846466],[-87.63366899972453,41.729994000422835],[-87.63344400014046,41.7215149997175],[-87.63957000025528,41.721440999902256]]]}},{"type":"Feature","properties":{"JoinField":"CITY OF CHICAGO:Ward 09 Precinct 02","cd_district":1,"house_district":27,"senate_district":14,"bor_district":3,"ccc_district":4},"geometry":{"type":"Polygon","coordinates":[[[-87.63344600023271,41.721636999947634],[-87.63366899972453,41.729994000422835],[-87.63025599971456,41.73005799977693],[-87.62656799961343,41.73008700021495],[-87.62562400014747,41.729019000426604],[-87.62885900004278,41.72896799987336],[-87.62866500008965,41.7216980000627],[-87.63344600023271,41.721636999947634]]]}},{"type":"Feature","properties":{"JoinField":"CITY OF CHICAGO:Ward 09 Precinct 03","cd_district":1,"house_district":27,"senate_district":14,"bor_district":3,"ccc_district":4},"geometry":{"type":"Polygon","coordinates":[[[-87.62866500008965,41.7216980000627],[-87.62885900004278,41.72896799987336],[-87.62562400014747,41.729019000426604],[-87.62656799961343,41.73008700021495],[-87.62404700026883,41.73013799986887],[-87.62373000003942,41.7217030002933],[-87.62866500008965,41.7216980000627]]]}},{"type":"Feature","properties":{"JoinField":"CITY OF CHICAGO:Ward 09 Precinct 04","cd_district":1,"house_district":27,"senate_district":14,"bor_district":3,"ccc_district":4},"geometry":{"type":"Polygon","coordinates":[[[-87.63697800033441,41.714590999674954],[-87.63698999998849,41.71518500008773],[-87.6394019997025,41.715189000272176],[-87.63957000025528,41.721440999902256],[-87.63344400014046,41.7215149997175],[-87.63331999981813,41.71464400032039],[-87.63697800033441,41.714590999674954]]]}},{"type":"Feature","properties":{"JoinField":"CITY OF CHICAGO:Ward 09 Precinct 05","cd_district":1,"house_district":27,"senate_district":14,"bor_district":3,"ccc_district":4},"geometry":{"type":"Polygon","coordinates":[[[-87.63331999981813,41.71464400032039],[-87.63344600023271,41.721636999947634],[-87.62373000003942,41.7217030002933],[-87.6236239996478,41.71941700009455],[-87.62273199988186,41.71653800042844],[-87.62282899985843,41.71586099978538],[-87.62341499990231,41.71467499995134],[-87.62479799982782,41.71513200034161],[-87.62621300032964,41.71526400013357],[-87.63016199987635,41.71465800006672],[-87.63331999981813,41.71464400032039]]]}},{"type":"Feature","properties":{"JoinField":"CITY OF CHICAGO:Ward 09 Precinct 06","cd_district":1,"house_district":34,"senate_district":17,"bor_district":3,"ccc_district":4},"geometry":{"type":"Polygon","coordinates":[[[-87.61724200031802,41.713414000255966],[-87.61897700028828,41.71360800020909],[-87.62048799982131,41.71408000039173],[-87.62176000002393,41.714766999697304],[-87.6228839996968,41.715738000408464],[-87.62276100031988,41.71692100010415],[-87.6236239996478,41.71941700009455],[-87.62373000003942,41.7217030002933],[-87.61414300039911,41.72189200001583],[-87.61395199968501,41.71344399984076],[-87.61724200031802,41.713414000255966]]]}},{"type":"Feature","properties":{"JoinField":"CITY OF CHICAGO:Ward 09 Precinct 07","cd_district":1,"house_district":27,"senate_district":14,"bor_district":3,"ccc_district":4},"geometry":{"type":"Polygon","coordinates":[[[-87.6391909998647,41.70696499963509],[-87.63938499981788,41.71424900009134],[-87.63697100001161,41.714274000344915],[-87.63697800033441,41.714590999674954],[-87.63345699984063,41.71464400032039],[-87.63331999981813,41.71464400032039],[-87.63330700011795,41.714276999583944],[-87.63301900032656,41.71424199976855],[-87.63085600040404,41.714343999975654],[-87.63070199959759,41.70707400016505],[-87.6391909998647,41.70696499963509]]]}},{"type":"Feature","properties":{"JoinField":"CITY OF CHICAGO:Ward 09 Precinct 08","cd_district":1,"house_district":27,"senate_district":14,"bor_district":3,"ccc_district":4},"geometry":{"type":"Polygon","coordinates":[[[-87.63070199959759,41.70707400016505],[-87.63085600040404,41.714343999975654],[-87.6332350003949,41.714268000068216],[-87.63331999981813,41.71464400032039],[-87.63016199987635,41.71465800006672],[-87.62621300032964,41.71526400013357],[-87.62479799982782,41.71513200034161],[-87.62341499990231,41.71467499995134],[-87.62365700027033,41.71369899990896],[-87.62352300038611,41.707164999864915],[-87.63070199959759,41.70707400016505]]]}},{"type":"Feature","properties":{"JoinField":"CITY OF CHICAGO:Ward 09 Precinct 09","cd_district":2,"house_district":34,"senate_district":17,"bor_district":3,"ccc_district":5},"geometry":{"type":"Polygon","coordinates":[[[-87.6234169999945,41.70351899990197],[-87.62365200003973,41.713845000346566],[-87.6228839996968,41.715738000408464],[-87.62176000002393,41.714766999697304],[-87.62031399989115,41.71400999986167],[-87.62013699982265,41.71268199977453],[-87.61876799964341,41.712703999889754],[-87.61854200001324,41.703558999947916],[-87.6234169999945,41.70351899990197]]]}},{"type":"Feature","properties":{"JoinField":"CITY OF CHICAGO:Ward 09 Precinct 10","cd_district":2,"house_district":34,"senate_district":17,"bor_district":3,"ccc_district":5},"geometry":{"type":"Polygon","coordinates":[[[-87.61376700014688,41.707314999587595],[-87.61386200003125,41.71096000040376],[-87.61872699955137,41.71088299955085],[-87.61876799964341,41.712703999889754],[-87.62013699982265,41.71268199977453],[-87.62031399989115,41.71400999986167],[-87.61897700028828,41.71360800020909],[-87.61724200031802,41.713414000255966],[-87.60512399997259,41.71358700014002],[-87.60651800040534,41.70743299963328],[-87.61376700014688,41.707314999587595]]]}},{"type":"Feature","properties":{"JoinField":"CITY OF CHICAGO:Ward 09 Precinct 11","cd_district":1,"house_district":27,"senate_district":14,"bor_district":3,"ccc_district":5},"geometry":{"type":"Polygon","coordinates":[[[-87.62804000004593,41.69799200043053],[-87.62829500011412,41.7071009996115],[-87.62352300038611,41.707164999864915],[-87.62326099999513,41.69805299964628],[-87.62804000004593,41.69799200043053]]]}},{"type":"Feature","properties":{"JoinField":"CITY OF CHICAGO:Ward 09 Precinct 12","cd_district":2,"house_district":34,"senate_district":17,"bor_district":3,"ccc_district":5},"geometry":{"type":"Polygon","coordinates":[[[-87.61849299955225,41.701767000047084],[-87.61872699955137,41.71088299955085],[-87.61386200003125,41.71096000040376],[-87.61361999966323,41.70183799972398],[-87.61849299955225,41.701767000047084]]]}},{"type":"Feature","properties":{"JoinField":"CITY OF CHICAGO:Ward 09 Precinct 13","cd_district":2,"house_district":34,"senate_district":17,"bor_district":3,"ccc_district":5},"geometry":{"type":"Polygon","coordinates":[[[-87.61357200014766,41.70001100000769],[-87.61376700014688,41.707314999587595],[-87.60747000024026,41.70741000037128],[-87.60829499961449,41.70374200029312],[-87.60735400028682,41.703757000085545],[-87.60819899968408,41.700081999684585],[-87.61357200014766,41.70001100000769]]]}},{"type":"Feature","properties":{"JoinField":"CITY OF CHICAGO:Ward 09 Precinct 14","cd_district":2,"house_district":34,"senate_district":17,"bor_district":3,"ccc_district":4},"geometry":{"type":"Polygon","coordinates":[[[-87.59828999958376,41.692368000083206],[-87.59982300013132,41.69277499996633],[-87.60100599982701,41.69288299955082],[-87.6098599998391,41.692770999781885],[-87.60735400028682,41.703757000085545],[-87.60829499961449,41.70374200029312],[-87.60747000024026,41.70741000037128],[-87.592202000322,41.70765600002443],[-87.5918739995854,41.70651400042084],[-87.59178099979329,41.705350999848804],[-87.59191200043841,41.70412399992273],[-87.59225099988367,41.70300200034211],[-87.59457800017452,41.69893099966595],[-87.5948500001274,41.69876199996639],[-87.59828999958376,41.692368000083206]]]}},{"type":"Feature","properties":{"JoinField":"CITY OF CHICAGO:Ward 09 Precinct 15","cd_district":2,"house_district":34,"senate_district":17,"bor_district":3,"ccc_district":5},"geometry":{"type":"Polygon","coordinates":[[[-87.61326799961847,41.68910199965762],[-87.61357200014766,41.70001100000769],[-87.60819899968408,41.700081999684585],[-87.6098599998391,41.692770999781885],[-87.6106490002511,41.692763000312254],[-87.61148199999428,41.68913000004949],[-87.61326799961847,41.68910199965762]]]}},{"type":"Feature","properties":{"JoinField":"CITY OF CHICAGO:Ward 09 Precinct 16","cd_district":2,"house_district":34,"senate_district":17,"bor_district":3,"ccc_district":5},"geometry":{"type":"Polygon","coordinates":[[[-87.6232090002951,41.696228000022245],[-87.6234169999945,41.70351899990197],[-87.61854200001324,41.703558999947916],[-87.61849299955225,41.701767000047084],[-87.61361999966323,41.70183799972398],[-87.61347200003274,41.696374999606576],[-87.6232090002951,41.696228000022245]]]}},{"type":"Feature","properties":{"JoinField":"CITY OF CHICAGO:Ward 09 Precinct 17","cd_district":1,"house_district":27,"senate_district":14,"bor_district":3,"ccc_district":5},"geometry":{"type":"Polygon","coordinates":[[[-87.63031299964518,41.69249999987517],[-87.63042799955252,41.69705400034189],[-87.62801599983851,41.69708299988059],[-87.62804000004593,41.69799200043053],[-87.62326099999513,41.69805299964628],[-87.62310399994959,41.69258500019765],[-87.63031299964518,41.69249999987517]]]}},{"type":"Feature","properties":{"JoinField":"CITY OF CHICAGO:Ward 09 Precinct 18","cd_district":2,"house_district":28,"senate_district":14,"bor_district":3,"ccc_district":5},"geometry":{"type":"Polygon","coordinates":[[[-87.6208510003733,41.686253999622465],[-87.62291600027316,41.68622900026821],[-87.6232090002951,41.696228000022245],[-87.61347200003274,41.696374999606576],[-87.61326799961847,41.68910199965762],[-87.61691599967361,41.68903700025743],[-87.61679999972017,41.68538500001779],[-87.62080400000457,41.685346000017944],[-87.6208510003733,41.686253999622465]]]}},{"type":"Feature","properties":{"JoinField":"CITY OF CHICAGO:Ward 09 Precinct 19","cd_district":2,"house_district":34,"senate_district":17,"bor_district":3,"ccc_district":5},"geometry":{"type":"Polygon","coordinates":[[[-87.61667900043551,41.681381999779546],[-87.61726899976446,41.681569000309196],[-87.61729700015638,41.682130000099505],[-87.61794000013089,41.68212399982281],[-87.61793900008473,41.68190999984665],[-87.61894000038069,41.68240100000622],[-87.61896799987323,41.682567999613525],[-87.62065799956702,41.6825570000056],[-87.62067400030486,41.68303999979622],[-87.62285300006585,41.68416899969964],[-87.62291600027316,41.68622900026821],[-87.6208510003733,41.686253999622465],[-87.62080400000457,41.685346000017944],[-87.61679999972017,41.68538500001779],[-87.61691599967361,41.68903700025743],[-87.61148199999428,41.68913000004949],[-87.61377599966261,41.67893400020398],[-87.61508199963453,41.680151999715065],[-87.61666299969767,41.68096300024234],[-87.61667900043551,41.681381999779546]]]}},{"type":"Feature","properties":{"JoinField":"CITY OF CHICAGO:Ward 09 Precinct 20","cd_district":2,"house_district":34,"senate_district":17,"bor_district":3,"ccc_district":4},"geometry":{"type":"Polygon","coordinates":[[[-87.61377599966261,41.67893400020398],[-87.6106490002511,41.692763000312254],[-87.60100599982701,41.69288299955082],[-87.59982300013132,41.69277499996633],[-87.59828999958376,41.692368000083206],[-87.60136800033291,41.68666699978229],[-87.6018999996852,41.68506200041105],[-87.60173300007784,41.67689599975063],[-87.60154400035532,41.6756669997323],[-87.60102399975773,41.67433899964516],[-87.60019500019905,41.67309099964996],[-87.58927800037935,41.66038800020607],[-87.59287800001965,41.66021300022982],[-87.5976970001164,41.65944499988689],[-87.59757299979407,41.65980400025444],[-87.59545600019419,41.66022599992999],[-87.59527700003349,41.660406000136845],[-87.59533299991796,41.66064899965164],[-87.60070899962062,41.66688700043477],[-87.60374800036988,41.67010300035321],[-87.60642100042878,41.67170599963225],[-87.60916300007239,41.67245800013666],[-87.61160999960174,41.6737870002699],[-87.61239599987545,41.67488999987364],[-87.61256699966725,41.67861699997462],[-87.61315599984948,41.67865599997447],[-87.61333199987183,41.67827500039101],[-87.61377599966261,41.67893400020398]]]}},{"type":"Feature","properties":{"JoinField":"CITY OF CHICAGO:Ward 09 Precinct 21","cd_district":2,"house_district":29,"senate_district":15,"bor_district":3,"ccc_district":5},"geometry":{"type":"Polygon","coordinates":[[[-87.61599699956184,41.668915999573755],[-87.61737300006388,41.66899999985014],[-87.61741100001763,41.67079499988938],[-87.62243999990602,41.670732999728216],[-87.62285300006585,41.68416899969964],[-87.62067400030486,41.68303999979622],[-87.62065799956702,41.6825570000056],[-87.61896799987323,41.682567999613525],[-87.61894000038069,41.68240100000622],[-87.61793900008473,41.68190999984665],[-87.61794000013089,41.68212399982281],[-87.61729700015638,41.682130000099505],[-87.61728200036401,41.68158800028601],[-87.61667900043551,41.681381999779546],[-87.61666299969767,41.68096300024234],[-87.61508199963453,41.680151999715065],[-87.61377599966261,41.67893400020398],[-87.61599699956184,41.668915999573755]]]}},{"type":"Feature","properties":{"JoinField":"CITY OF CHICAGO:Ward 09 Precinct 22","cd_district":1,"house_district":28,"senate_district":14,"bor_district":3,"ccc_district":5},"geometry":{"type":"Polygon","coordinates":[[[-87.62525500021803,41.68251399982131],[-87.62526599982601,41.68296900011933],[-87.62761600027818,41.68293700044228],[-87.62763200011665,41.683436000071424],[-87.63003300022274,41.68341299991005],[-87.63031299964518,41.69249999987517],[-87.62310399994959,41.69258500019765],[-87.62280299955876,41.68254400030543],[-87.62525500021803,41.68251399982131]]]}},{"type":"Feature","properties":{"JoinField":"CITY OF CHICAGO:Ward 09 Precinct 23","cd_district":1,"house_district":28,"senate_district":14,"bor_district":3,"ccc_district":5},"geometry":{"type":"Polygon","coordinates":[[[-87.63216599966114,41.674294000267935],[-87.63227300009885,41.677920000207905],[-87.62986699976221,41.67794699965435],[-87.63003300022274,41.68341299991005],[-87.62763200011665,41.683436000071424],[-87.62761600027818,41.68293700044228],[-87.62526599982601,41.68296900011933],[-87.62525500021803,41.68251399982131],[-87.62280299955876,41.68254400030543],[-87.62265800006662,41.678025999700196],[-87.62866099990521,41.67795900020775],[-87.62856199983639,41.67433600040613],[-87.63216599966114,41.674294000267935]]]}},{"type":"Feature","properties":{"JoinField":"CITY OF CHICAGO:Ward 09 Precinct 24","cd_district":1,"house_district":28,"senate_district":14,"bor_district":3,"ccc_district":5},"geometry":{"type":"Polygon","coordinates":[[[-87.6284510001135,41.67067199961315],[-87.62866099990521,41.67795900020775],[-87.62265800006662,41.678025999700196],[-87.62243999990602,41.670732999728216],[-87.6284510001135,41.67067199961315]]]}},{"type":"Feature","properties":{"JoinField":"CITY OF CHICAGO:Ward 09 Precinct 25","cd_district":1,"house_district":28,"senate_district":14,"bor_district":3,"ccc_district":5},"geometry":{"type":"Polygon","coordinates":[[[-87.63792900012322,41.66693800008869],[-87.6380490002611,41.67017099989181],[-87.63822899956864,41.67057399959049],[-87.6320559999844,41.67063599975165],[-87.63216599966114,41.674294000267935],[-87.62856199983639,41.67433600040613],[-87.62831600018325,41.66704999985768],[-87.63792900012322,41.66693800008869]]]}},{"type":"Feature","properties":{"JoinField":"CITY OF CHICAGO:Ward 09 Precinct 26","cd_district":1,"house_district":28,"senate_district":14,"bor_district":3,"ccc_district":5},"geometry":{"type":"Polygon","coordinates":[[[-87.62703699965778,41.66201699978478],[-87.62698600000385,41.663388000056216],[-87.63057299994398,41.663331000125595],[-87.63071400015093,41.667026999696304],[-87.62831600018325,41.66704999985768],[-87.6284510001135,41.67067199961315],[-87.62243999990602,41.670732999728216],[-87.62208799986126,41.66345200030963],[-87.62195099983876,41.6632600004487],[-87.62335499983334,41.663201000425886],[-87.62583600003131,41.661857999647],[-87.62703699965778,41.66201699978478]]]}},{"type":"Feature","properties":{"JoinField":"CITY OF CHICAGO:Ward 09 Precinct 27","cd_district":2,"house_district":29,"senate_district":15,"bor_district":3,"ccc_district":5},"geometry":{"type":"Polygon","coordinates":[[[-87.62174600027765,41.66173400022399],[-87.62208799986126,41.66345200030963],[-87.62243999990602,41.670732999728216],[-87.61741100001763,41.67079499988938],[-87.61737300006388,41.66899999985014],[-87.61599699956184,41.668915999573755],[-87.61831400029087,41.65909700002658],[-87.61934600021772,41.65913399993423],[-87.61984599989296,41.66113400043383],[-87.62174600027765,41.66173400022399]]]}},{"type":"Feature","properties":{"JoinField":"CITY OF CHICAGO:Ward 09 Precinct 28","cd_district":2,"house_district":29,"senate_district":15,"bor_district":3,"ccc_district":5},"geometry":{"type":"Polygon","coordinates":[[[-87.62130299963371,41.650484000336405],[-87.61975800033139,41.65363299986308],[-87.61906699994205,41.65574800027002],[-87.61377599966261,41.67893400020398],[-87.61333199987183,41.67827500039101],[-87.61315599984948,41.67865599997447],[-87.61280699994307,41.678693999928214],[-87.61255500001323,41.67851399972136],[-87.61239599987545,41.67488999987364],[-87.61160999960174,41.6737870002699],[-87.60916300007239,41.67245800013666],[-87.60642100042878,41.67170599963225],[-87.60374800036988,41.67010300035321],[-87.60070899962062,41.66688700043477],[-87.59536699968726,41.66070100025104],[-87.59527700003349,41.660406000136845],[-87.59550199961757,41.66020799999927],[-87.59757299979407,41.65980400025444],[-87.5976970001164,41.65944499988689],[-87.59846400041323,41.6593380003485],[-87.60184900003128,41.6591539999572],[-87.60757499968645,41.65913900016477],[-87.60762400014744,41.6574050002406],[-87.60964399977075,41.657404000194504],[-87.609504999656,41.65443800011366],[-87.60968800000114,41.65412900025319],[-87.60984700013893,41.65403200027663],[-87.6110800003417,41.65525399997216],[-87.61155799990172,41.655344999672025],[-87.61135100024842,41.65185399966242],[-87.61723099981077,41.651817999800926],[-87.61722899971852,41.65001899957724],[-87.61752900006326,41.64996499978497],[-87.62023799998366,41.65010099976138],[-87.62130299963371,41.650484000336405]]]}},{"type":"Feature","properties":{"JoinField":"CITY OF CHICAGO:Ward 09 Precinct 29","cd_district":1,"house_district":28,"senate_district":14,"bor_district":3,"ccc_district":5},"geometry":{"type":"Polygon","coordinates":[[[-87.641259999949,41.65850000037477],[-87.63885799979681,41.65839900021376],[-87.63913700007248,41.66692200025017],[-87.63071400015093,41.667026999696304],[-87.63057299994398,41.663331000125595],[-87.62698600000385,41.663388000056216],[-87.62703699965778,41.66201699978478],[-87.62583600003131,41.661857999647],[-87.62780299990845,41.66051699985968],[-87.62908499967295,41.659364999794946],[-87.63090199982742,41.658404999591085],[-87.6312759999874,41.65792199980052],[-87.63389700034622,41.657582000309105],[-87.63650400005952,41.657479000055844],[-87.63935900041747,41.65784799998528],[-87.64124200001822,41.657843999800775],[-87.641259999949,41.65850000037477]]]}},{"type":"Feature","properties":{"JoinField":"CITY OF CHICAGO:Ward 09 Precinct 30","cd_district":1,"house_district":28,"senate_district":14,"bor_district":3,"ccc_district":5},"geometry":{"type":"Polygon","coordinates":[[[-87.64699800015757,41.65774399968586],[-87.64720399976471,41.66315900028769],[-87.64142300027123,41.66324599980311],[-87.64166999997047,41.67053899977509],[-87.63822899956864,41.67057399959049],[-87.6380490002611,41.67017099989181],[-87.63792900012322,41.66693800008869],[-87.63913700007248,41.66692200025017],[-87.63885799979681,41.65839900021376],[-87.641259999949,41.65850000037477],[-87.64124200001822,41.657843999800775],[-87.64490800000414,41.657795000239105],[-87.64612400032235,41.65791699956992],[-87.64699800015757,41.65774399968586]]]}},{"type":"Feature","properties":{"JoinField":"CITY OF CHICAGO:Ward 10 Precinct 01","cd_district":2,"house_district":26,"senate_district":13,"bor_district":3,"ccc_district":4},"geometry":{"type":"Polygon","coordinates":[[[-87.55508700016486,41.737808000139125],[-87.55567999963222,41.73779799967798],[-87.55574299983954,41.74096399998865],[-87.5551310003953,41.7409720003576],[-87.5551660002107,41.74278999965878],[-87.55260099973628,41.742823000281305],[-87.55152300038611,41.742066999592396],[-87.55173400022392,41.74346700030185],[-87.55148300034017,41.7434690003941],[-87.55125299962617,41.7426739997054],[-87.54962700018586,41.74110600024176],[-87.54886800025798,41.7399659998311],[-87.5482699996607,41.738372000067784],[-87.54808500012263,41.73742599961025],[-87.55507999984206,41.737335999956485],[-87.55508700016486,41.737808000139125]]]}},{"type":"Feature","properties":{"JoinField":"CITY OF CHICAGO:Ward 10 Precinct 02","cd_district":2,"house_district":25,"senate_district":13,"bor_district":3,"ccc_district":4},"geometry":{"type":"Polygon","coordinates":[[[-87.55148300034017,41.7434690003941],[-87.55052800036691,41.74347099958703],[-87.55029500041388,41.7433149995876],[-87.55032499999874,41.74467400020501],[-87.54183699977767,41.744758999628175],[-87.54173499957056,41.739335000409994],[-87.5453600003637,41.7392809997184],[-87.54531099990271,41.737463000417165],[-87.54808500012263,41.73742599961025],[-87.5482699996607,41.738372000067784],[-87.54886800025798,41.7399659998311],[-87.54962700018586,41.74110600024176],[-87.55125299962617,41.7426739997054],[-87.55148300034017,41.7434690003941]]]}},{"type":"Feature","properties":{"JoinField":"CITY OF CHICAGO:Ward 10 Precinct 03","cd_district":2,"house_district":25,"senate_district":13,"bor_district":3,"ccc_district":4},"geometry":{"type":"Polygon","coordinates":[[[-87.55540500044037,41.730014000445806],[-87.55558499974791,41.73732899963369],[-87.54808500012263,41.73742599961025],[-87.54787300023872,41.7301119995692],[-87.55540500044037,41.730014000445806]]]}},{"type":"Feature","properties":{"JoinField":"CITY OF CHICAGO:Ward 10 Precinct 04","cd_district":2,"house_district":25,"senate_district":13,"bor_district":3,"ccc_district":4},"geometry":{"type":"Polygon","coordinates":[[[-87.54291900021167,41.72285999968926],[-87.54892900037305,41.722778999551224],[-87.55079700018138,41.72454600009786],[-87.55368400021638,41.72665300013591],[-87.55258199975947,41.72774700022393],[-87.55263899969003,41.73005699973078],[-87.54787300023872,41.7301119995692],[-87.54808500012263,41.73742599961025],[-87.54531099990271,41.737463000417165],[-87.5453600003637,41.7392809997184],[-87.54173499957056,41.739335000409994],[-87.54183699977767,41.744758999628175],[-87.53040699968324,41.74474900006635],[-87.53000399998456,41.741906000261736],[-87.52982099963941,41.74155500026308],[-87.52942500026353,41.74131800012566],[-87.53000500003071,41.74053299989811],[-87.52887900026559,41.73392199990042],[-87.52921000024128,41.73288299965077],[-87.53654500035145,41.72963500005528],[-87.53932599999484,41.728638999989926],[-87.54132999977963,41.72741900038659],[-87.54217700016841,41.72638500036754],[-87.54292499958905,41.72390600026176],[-87.54291900021167,41.72285999968926]]]}},{"type":"Feature","properties":{"JoinField":"CITY OF CHICAGO:Ward 10 Precinct 05","cd_district":2,"house_district":25,"senate_district":13,"bor_district":3,"ccc_district":4},"geometry":{"type":"Polygon","coordinates":[[[-87.52446099977527,41.70267999988215],[-87.53527600028713,41.712813000419715],[-87.53528599984895,41.721397999717965],[-87.5365430002592,41.722941999873456],[-87.53544600003283,41.72295400042685],[-87.53647599986743,41.72432399975281],[-87.53669700016638,41.72528399995667],[-87.53772599995489,41.72640400034442],[-87.53784500004667,41.72673500032005],[-87.53840199965254,41.72718600043362],[-87.53932599999484,41.728638999989926],[-87.53654500035145,41.72963500005528],[-87.52921000024128,41.73288299965077],[-87.52943699991755,41.73225899965314],[-87.52517400027983,41.7315110002325],[-87.52463499970543,41.73104600037266],[-87.52442199977543,41.721899000338624],[-87.52449400039774,41.72165299978616],[-87.5248800002118,41.72147499967156],[-87.5246589999129,41.72123600034121],[-87.52476300021226,41.72112000038777],[-87.52506399970378,41.72135899971812],[-87.52537599970259,41.72092400034239],[-87.52503900034952,41.72083799997375],[-87.52509400018795,41.720678999836025],[-87.52544300009436,41.720776999858685],[-87.52559900009373,41.71921699986473],[-87.52521300027968,41.718435999821565],[-87.52450399995962,41.71824099982234],[-87.5244540003518,41.717400999756364],[-87.52571500004717,41.717301999687606],[-87.52735300004088,41.716771000381414],[-87.52800300033817,41.71638200042901],[-87.52846400001357,41.71579100015458],[-87.52767599964761,41.71365499967857],[-87.52638400032134,41.71244300044418],[-87.52513700037224,41.71329900034863],[-87.5281899999685,41.71096899991949],[-87.52674699997402,41.70998000017693],[-87.52609899976898,41.70991599992351],[-87.5258790004155,41.71008599966922],[-87.52601100020746,41.71033899964516],[-87.52577700020834,41.710372000267625],[-87.525439999956,41.710014999992325],[-87.52497099991166,41.70989900003889],[-87.52421600016822,41.70941600024827],[-87.52422399963785,41.70925099983384],[-87.5247070003278,41.709262000341084],[-87.52554999963274,41.70986100008514],[-87.52617999990701,41.70948199969456],[-87.52417400003003,41.70818099995324],[-87.52446099977527,41.70267999988215]]]}},{"type":"Feature","properties":{"JoinField":"CITY OF CHICAGO:Ward 10 Precinct 06","cd_district":2,"house_district":33,"senate_district":17,"bor_district":3,"ccc_district":4},"geometry":{"type":"Polygon","coordinates":[[[-87.53527400019493,41.71343300023284],[-87.53648700037473,41.71420699995315],[-87.53982899980844,41.71583500038503],[-87.54487899976601,41.719146000187834],[-87.54687099989667,41.72079199965111],[-87.5487419998434,41.722778000404446],[-87.54291900021167,41.72285999968926],[-87.54292499958905,41.72390600026176],[-87.54217700016841,41.72638500036754],[-87.54132999977963,41.72741900038659],[-87.53932599999484,41.728638999989926],[-87.53840199965254,41.72718600043362],[-87.53784500004667,41.72673500032005],[-87.53772599995489,41.72640400034442],[-87.53669700016638,41.72528399995667],[-87.53647599986743,41.72432399975281],[-87.53544600003283,41.72295400042685],[-87.5365430002592,41.722941999873456],[-87.53528599984895,41.721397999717965],[-87.53527400019493,41.71343300023284]]]}},{"type":"Feature","properties":{"JoinField":"CITY OF CHICAGO:Ward 10 Precinct 07","cd_district":2,"house_district":33,"senate_district":17,"bor_district":3,"ccc_district":4},"geometry":{"type":"Polygon","coordinates":[[[-87.54980800043882,41.71344800002521],[-87.54824500030651,41.71733800044842],[-87.55376000012387,41.71729500026413],[-87.55378799961647,41.719082999980515],[-87.55886499991976,41.71907499961162],[-87.55892099980429,41.72135899971812],[-87.55912400017246,41.72194899994645],[-87.55969500042391,41.72265900031266],[-87.5538459995932,41.7227330001279],[-87.55393199996178,41.72643199983696],[-87.55368400021638,41.72665300013591],[-87.55079700018138,41.72454600009786],[-87.54892900037305,41.722778999551224],[-87.5487419998434,41.722778000404446],[-87.546671999713,41.72060800015913],[-87.54487899976601,41.719146000187834],[-87.53982899980844,41.71583500038503],[-87.53648700037473,41.71420699995315],[-87.53648700037473,41.71407200002284],[-87.53890400031935,41.71517599967268],[-87.5388969999965,41.71385900009284],[-87.54298100037283,41.71381900004684],[-87.5448870001349,41.71356800016315],[-87.54980800043882,41.71344800002521]]]}},{"type":"Feature","properties":{"JoinField":"CITY OF CHICAGO:Ward 10 Precinct 08","cd_district":2,"house_district":33,"senate_district":17,"bor_district":3,"ccc_district":4},"geometry":{"type":"Polygon","coordinates":[[[-87.55921199973398,41.66744700017898],[-87.55974900021613,41.71341899958719],[-87.55875700033528,41.71334899995645],[-87.55886499991976,41.71907499961162],[-87.55378799961647,41.719082999980515],[-87.55376000012387,41.71729500026413],[-87.54824500030651,41.71733800044842],[-87.54982700041569,41.713415000302064],[-87.5448870001349,41.71356800016315],[-87.54219600014522,41.71382400027744],[-87.54221199998375,41.711056000334224],[-87.54197900003078,41.71120099982636],[-87.54300799981928,41.70980300010842],[-87.54545400020191,41.70732700014099],[-87.5454599995793,41.703727999647526],[-87.54586700036174,41.70276700029689],[-87.54554900008623,41.70276700029689],[-87.54556299983255,41.702562999882616],[-87.54725499961847,41.70081100002767],[-87.55135099964889,41.69914799978039],[-87.55277999989704,41.69726500017964],[-87.55278700021984,41.69650200006731],[-87.55125699981068,41.69355299987109],[-87.55179200020063,41.68644300024431],[-87.55138999964873,41.68107299991908],[-87.55175700038524,41.677151999864975],[-87.55128800034089,41.67654799989032],[-87.54988200025406,41.67597699963886],[-87.54961899981697,41.67562000026288],[-87.54972100002408,41.67525799975692],[-87.55005099995367,41.674940000380786],[-87.55165500017807,41.67429200017574],[-87.55186399992363,41.6737749997165],[-87.54955200032452,41.67392999966978],[-87.54512799955751,41.67382600026974],[-87.54643499957552,41.66801700038434],[-87.54642900019815,41.666687000204945],[-87.55231199989885,41.66669599972067],[-87.55611499990727,41.66619700009153],[-87.55886900010421,41.66617600002246],[-87.55891300033466,41.66674300008941],[-87.55921199973398,41.66744700017898]]]}},{"type":"Feature","properties":{"JoinField":"CITY OF CHICAGO:Ward 10 Precinct 09","cd_district":2,"house_district":33,"senate_district":17,"bor_district":3,"ccc_district":4},"geometry":{"type":"Polygon","coordinates":[[[-87.54009799962296,41.70275399969739],[-87.54586700036174,41.70276700029689],[-87.5454599995793,41.703727999647526],[-87.54545400020191,41.70732700014099],[-87.54300799981928,41.70980300010842],[-87.54197900003078,41.71120099982636],[-87.54221199998375,41.711056000334224],[-87.54219600014522,41.71382400027744],[-87.5388969999965,41.71385900009284],[-87.53890400031935,41.71517599967268],[-87.53648700037473,41.71407200002284],[-87.53648700037473,41.71420699995315],[-87.53527400019493,41.71343300023284],[-87.53528599984895,41.706392000190704],[-87.539539999971,41.70639600037515],[-87.53952099999412,41.70457800017465],[-87.54011100022245,41.704580000266844],[-87.54009799962296,41.70275399969739]]]}},{"type":"Feature","properties":{"JoinField":"CITY OF CHICAGO:Ward 10 Precinct 10","cd_district":2,"house_district":25,"senate_district":13,"bor_district":3,"ccc_district":4},"geometry":{"type":"Polygon","coordinates":[[[-87.52446099977527,41.70267999988215],[-87.53528399975676,41.70273399967442],[-87.53527600028713,41.712813000419715],[-87.53407199962305,41.71159800014766],[-87.52446099977527,41.70267999988215]]]}},{"type":"Feature","properties":{"JoinField":"CITY OF CHICAGO:Ward 10 Precinct 11","cd_district":2,"house_district":25,"senate_district":13,"bor_district":3,"ccc_district":4},"geometry":{"type":"Polygon","coordinates":[[[-87.53528399975676,41.70273399967442],[-87.54009799962296,41.70275399969739],[-87.54011100022245,41.704580000266844],[-87.53952099999412,41.70457800017465],[-87.539539999971,41.70639600037515],[-87.53528599984895,41.706392000190704],[-87.53528399975676,41.70273399967442]]]}},{"type":"Feature","properties":{"JoinField":"CITY OF CHICAGO:Ward 10 Precinct 12","cd_district":2,"house_district":33,"senate_district":17,"bor_district":3,"ccc_district":4},"geometry":{"type":"Polygon","coordinates":[[[-87.54159500030897,41.659080000141955],[-87.54459400011297,41.65911499995735],[-87.54954199986338,41.661933000407714],[-87.5517720001776,41.66329200012575],[-87.55244899992135,41.663895000054254],[-87.55423200030651,41.66645800043642],[-87.55218400029133,41.66670099995122],[-87.54642900019815,41.666687000204945],[-87.54643499957552,41.66801700038434],[-87.54512799955751,41.67382600026974],[-87.54955200032452,41.67392999966978],[-87.55186399992363,41.6737749997165],[-87.55165500017807,41.67429200017574],[-87.55005099995367,41.674940000380786],[-87.54972100002408,41.67525799975692],[-87.54961899981697,41.67562000026288],[-87.54988200025406,41.67597699963886],[-87.55128800034089,41.67654799989032],[-87.55175700038524,41.677151999864975],[-87.55138999964873,41.68107299991908],[-87.55179200020063,41.68644300024431],[-87.55125699981068,41.69355299987109],[-87.55278700021984,41.69650200006731],[-87.55277999989704,41.69726500017964],[-87.55135099964889,41.69914799978039],[-87.54725499961847,41.70081100002767],[-87.54556299983255,41.702562999882616],[-87.54554900008623,41.70276700029689],[-87.54009799962296,41.70275399969739],[-87.540107000038,41.69186100008511],[-87.54131800012556,41.691863000177364],[-87.54129099977979,41.68280000041972],[-87.54011699959983,41.68279600023527],[-87.53995900040752,41.67204499997683],[-87.539712999855,41.671076000257244],[-87.53914599978805,41.66989699984674],[-87.53964799955548,41.66841900003686],[-87.54159500030897,41.659080000141955]]]}},{"type":"Feature","properties":{"JoinField":"CITY OF CHICAGO:Ward 10 Precinct 13","cd_district":2,"house_district":25,"senate_district":13,"bor_district":3,"ccc_district":4},"geometry":{"type":"Polygon","coordinates":[[[-87.5352819996645,41.69366200040105],[-87.54011000017636,41.69367800023957],[-87.54009799962296,41.70275399969739],[-87.53528399975676,41.70273399967442],[-87.5352819996645,41.69366200040105]]]}},{"type":"Feature","properties":{"JoinField":"CITY OF CHICAGO:Ward 10 Precinct 14","cd_district":2,"house_district":25,"senate_district":13,"bor_district":3,"ccc_district":4},"geometry":{"type":"Polygon","coordinates":[[[-87.53050699979815,41.694211999684114],[-87.53106300025723,41.69421699991466],[-87.53106400030333,41.693645999663204],[-87.5352819996645,41.69366200040105],[-87.53528399975676,41.70273399967442],[-87.52846800019802,41.702698999859024],[-87.52853699978266,41.69712099983434],[-87.53003699970776,41.69406700019198],[-87.53037500000619,41.692685000312565],[-87.53034899970652,41.69182600026977],[-87.53049099995962,41.69182600026977],[-87.53050699979815,41.694211999684114]]]}},{"type":"Feature","properties":{"JoinField":"CITY OF CHICAGO:Ward 10 Precinct 15","cd_district":2,"house_district":25,"senate_district":13,"bor_district":3,"ccc_district":4},"geometry":{"type":"Polygon","coordinates":[[[-87.524659999959,41.691802000062296],[-87.53034899970652,41.69182600026977],[-87.53037500000619,41.692685000312565],[-87.53003699970776,41.69406700019198],[-87.52853699978266,41.69712099983434],[-87.52846800019802,41.702698999859024],[-87.52446099977527,41.70267999988215],[-87.524659999959,41.691802000062296]]]}},{"type":"Feature","properties":{"JoinField":"CITY OF CHICAGO:Ward 10 Precinct 16","cd_district":2,"house_district":25,"senate_district":13,"bor_district":3,"ccc_district":4},"geometry":{"type":"Polygon","coordinates":[[[-87.53034799966042,41.6882010003759],[-87.54131299989501,41.6882239996379],[-87.54131800012556,41.691863000177364],[-87.540107000038,41.69186100008511],[-87.54011000017636,41.69367800023957],[-87.53106400030333,41.693645999663204],[-87.53106300025723,41.69421699991466],[-87.53050699979815,41.694211999684114],[-87.53034799966042,41.6882010003759]]]}},{"type":"Feature","properties":{"JoinField":"CITY OF CHICAGO:Ward 10 Precinct 17","cd_district":2,"house_district":33,"senate_district":17,"bor_district":3,"ccc_district":4},"geometry":{"type":"Polygon","coordinates":[[[-87.54159500030897,41.659080000141955],[-87.53964799955548,41.66841900003686],[-87.53914599978805,41.66989699984674],[-87.539712999855,41.671076000257244],[-87.53995900040752,41.67204499997683],[-87.54011699959983,41.68279600023527],[-87.54129099977979,41.68280000041972],[-87.54131299989501,41.6882239996379],[-87.53034799966042,41.6882010003759],[-87.53034899970652,41.69182600026977],[-87.524659999959,41.691802000062296],[-87.52484100021195,41.676484999683055],[-87.52474300018929,41.65919800018759],[-87.53804300018425,41.65923500009524],[-87.541149000426,41.65906400030343],[-87.54159500030897,41.659080000141955]]]}},{"type":"Feature","properties":{"JoinField":"CITY OF CHICAGO:Ward 10 Precinct 18","cd_district":2,"house_district":33,"senate_district":17,"bor_district":3,"ccc_district":4},"geometry":{"type":"Polygon","coordinates":[[[-87.54188300010031,41.64534099968745],[-87.54185000037717,41.65002299976169],[-87.54109799987276,41.65002199971559],[-87.54109999996501,41.65184500014669],[-87.5418519995701,41.65184800028504],[-87.54181999989305,41.65794199982349],[-87.54159500030897,41.659080000141955],[-87.53804300018425,41.65923500009524],[-87.52474300018929,41.65919800018759],[-87.5248430003042,41.64729299977216],[-87.52499700021133,41.64463599955178],[-87.53878700031976,41.64453500029009],[-87.54050899969053,41.644285999599276],[-87.54188300010031,41.64534099968745]]]}},{"type":"Feature","properties":{"JoinField":"CITY OF CHICAGO:Ward 10 Precinct 19","cd_district":2,"house_district":33,"senate_district":17,"bor_district":3,"ccc_district":4},"geometry":{"type":"Polygon","coordinates":[[[-87.54188300010031,41.64534099968745],[-87.54598799964646,41.64853899967517],[-87.54588999962374,41.6591479996805],[-87.54159500030897,41.659080000141955],[-87.54181999989305,41.65794199982349],[-87.5418519995701,41.65184800028504],[-87.54109999996501,41.65184500014669],[-87.54109799987276,41.65002199971559],[-87.54185000037717,41.65002299976169],[-87.54188300010031,41.64534099968745]]]}},{"type":"Feature","properties":{"JoinField":"CITY OF CHICAGO:Ward 10 Precinct 20","cd_district":2,"house_district":34,"senate_district":17,"bor_district":3,"ccc_district":4},"geometry":{"type":"Polygon","coordinates":[[[-87.54050899969053,41.644285999599276],[-87.54282000014285,41.64461100019753],[-87.54800099984624,41.644491000059645],[-87.55931600003333,41.644547999990266],[-87.56052399998259,41.64471899978207],[-87.56070700032774,41.646201999822495],[-87.56121899965706,41.6474150000023],[-87.56228100006808,41.64829400006812],[-87.56456500017458,41.65080799998924],[-87.5664810003978,41.65248900016729],[-87.56624500030648,41.6526129995903],[-87.5655509997788,41.65210999977671],[-87.56454300005936,41.65187100044636],[-87.55964599996287,41.65185399966242],[-87.55930000019481,41.65197799998475],[-87.55928999973366,41.65800299993856],[-87.5574830000404,41.657106999988116],[-87.55497500039593,41.65511900004185],[-87.55499200028055,41.65530000029486],[-87.5544270003058,41.655030999581015],[-87.54958500004767,41.65132500044848],[-87.54954399995557,41.65916999979572],[-87.54588999962374,41.6591479996805],[-87.54598799964646,41.64853899967517],[-87.54050899969053,41.644285999599276]]]}},{"type":"Feature","properties":{"JoinField":"CITY OF CHICAGO:Ward 10 Precinct 21","cd_district":2,"house_district":33,"senate_district":17,"bor_district":3,"ccc_district":4},"geometry":{"type":"Polygon","coordinates":[[[-87.54958500004767,41.65132500044848],[-87.5544270003058,41.655030999581015],[-87.55499200028055,41.65530000029486],[-87.55497500039593,41.65511900004185],[-87.5574830000404,41.657106999988116],[-87.55928999973366,41.65800299993856],[-87.55928600044854,41.659188999772596],[-87.54954399995557,41.65916999979572],[-87.54958500004767,41.65132500044848]]]}},{"type":"Feature","properties":{"JoinField":"CITY OF CHICAGO:Ward 10 Precinct 22","cd_district":2,"house_district":33,"senate_district":17,"bor_district":3,"ccc_district":4},"geometry":{"type":"Polygon","coordinates":[[[-87.54459400011297,41.65911499995735],[-87.55928600044854,41.659188999772596],[-87.55922100014902,41.660276999583914],[-87.55888199980438,41.66129799990284],[-87.55886900010421,41.66617600002246],[-87.55611499990727,41.66619700009153],[-87.55423200030651,41.66645800043642],[-87.5527130004046,41.664196000445145],[-87.5517720001776,41.66329200012575],[-87.54459400011297,41.65911499995735]]]}},{"type":"Feature","properties":{"JoinField":"CITY OF CHICAGO:Ward 10 Precinct 23","cd_district":2,"house_district":34,"senate_district":17,"bor_district":3,"ccc_district":4},"geometry":{"type":"Polygon","coordinates":[[[-87.56052399998259,41.64471899978207],[-87.57838699996006,41.64472900024322],[-87.57857499963649,41.646254000421834],[-87.57896499963499,41.64762499979395],[-87.57957199974794,41.64900599962721],[-87.58048699967526,41.650424000267435],[-87.58867899973603,41.66003099993077],[-87.58899800005764,41.66039000029832],[-87.58927800037935,41.66038800020607],[-87.60019500019905,41.67309099964996],[-87.60127899982592,41.674885999689195],[-87.60173300007784,41.67689599975063],[-87.6019540003768,41.684144000345384],[-87.60176099957044,41.68568999969381],[-87.6006939998282,41.68796100010013],[-87.5948500001274,41.69876199996639],[-87.59457800017452,41.69893099966595],[-87.59225099988367,41.70300200034211],[-87.59191200043841,41.70412399992273],[-87.59178099979329,41.705350999848804],[-87.5918739995854,41.70651400042084],[-87.592202000322,41.70765600002443],[-87.57366299974763,41.70796599993099],[-87.56746199977141,41.70110900028021],[-87.56540200010221,41.701250999634],[-87.56571500014712,41.70178299988561],[-87.5656529999859,41.70462100035894],[-87.56265300013581,41.704583000405194],[-87.56267700034323,41.70639600037515],[-87.55964499991677,41.70639899961418],[-87.55925700001052,41.66897000026535],[-87.55921199973398,41.66744700017898],[-87.55891300033466,41.66674300008941],[-87.55886900010421,41.66617600002246],[-87.55888199980438,41.66129799990284],[-87.55922100014902,41.660276999583914],[-87.55928600044854,41.659188999772596],[-87.55930000019481,41.65197799998475],[-87.55964599996287,41.65185399966242],[-87.56454300005936,41.65187100044636],[-87.5655509997788,41.65210999977671],[-87.56624500030648,41.6526129995903],[-87.5664810003978,41.65248900016729],[-87.56456500017458,41.65080799998924],[-87.56228100006808,41.64829400006812],[-87.56132099986422,41.64754100041688],[-87.56070700032774,41.646201999822495],[-87.56052399998259,41.64471899978207]]]}},{"type":"Feature","properties":{"JoinField":"CITY OF CHICAGO:Ward 10 Precinct 24","cd_district":2,"house_district":29,"senate_district":15,"bor_district":3,"ccc_district":5},"geometry":{"type":"Polygon","coordinates":[[[-87.57848299989047,41.64472900024322],[-87.57995500032297,41.64473100033547],[-87.58161899971702,41.645787999616516],[-87.58352000014787,41.64731399984129],[-87.59083800037337,41.655585999993946],[-87.59211800004562,41.655303999579985],[-87.59350099997113,41.65559300031674],[-87.59341599964864,41.65405699963088],[-87.59375299990097,41.65376499965504],[-87.59969000029326,41.65377900030069],[-87.60196499998472,41.65320399986473],[-87.60225199972996,41.654496000090376],[-87.60232999972965,41.655832999693246],[-87.60512900020314,41.65579199960115],[-87.60513499958051,41.65732099996421],[-87.60484399965083,41.657317999825864],[-87.60485800029642,41.65871100021252],[-87.60340599988695,41.65870499993588],[-87.60340599988695,41.65913399993423],[-87.59846400041323,41.6593380003485],[-87.59287800001965,41.66021300022982],[-87.58899800005764,41.66039000029832],[-87.58081100022741,41.65083700042726],[-87.57979200000074,41.64940500004076],[-87.57912900000332,41.6480590000229],[-87.57867699984365,41.64669900025871],[-87.57843000014435,41.64538399987174],[-87.57848299989047,41.64472900024322]]]}},{"type":"Feature","properties":{"JoinField":"CITY OF CHICAGO:Ward 10 Precinct 25","cd_district":2,"house_district":29,"senate_district":15,"bor_district":3,"ccc_district":5},"geometry":{"type":"Polygon","coordinates":[[[-87.61722699962627,41.64458199975951],[-87.61723099981077,41.651817999800926],[-87.61135100024842,41.65185399966242],[-87.61155799990172,41.655344999672025],[-87.61099800015757,41.655194999949344],[-87.60984700013893,41.65403200027663],[-87.60959100002458,41.654223000091406],[-87.60951900030159,41.65630900006033],[-87.60964399977075,41.657404000194504],[-87.60762400014744,41.6574050002406],[-87.60757499968645,41.65913900016477],[-87.60340599988695,41.65913399993423],[-87.60340599988695,41.65870499993588],[-87.60485800029642,41.65871100021252],[-87.60484399965083,41.657317999825864],[-87.60513499958051,41.65732099996421],[-87.60512900020314,41.65579199960115],[-87.60232999972965,41.655832999693246],[-87.60225199972996,41.654496000090376],[-87.60196499998472,41.65320399986473],[-87.59969000029326,41.65377900030069],[-87.59375299990097,41.65376499965504],[-87.59341599964864,41.65405699963088],[-87.59350099997113,41.65559300031674],[-87.59211800004562,41.655303999579985],[-87.59083800037337,41.655585999993946],[-87.58413000039917,41.647892999562316],[-87.58161899971702,41.645787999616516],[-87.57995500032297,41.64473100033547],[-87.61722699962627,41.64458199975951]]]}},{"type":"Feature","properties":{"JoinField":"CITY OF CHICAGO:Ward 11 Precinct 01","cd_district":7,"house_district":24,"senate_district":12,"bor_district":1,"ccc_district":2},"geometry":{"type":"Polygon","coordinates":[[[-87.63848799982128,41.851092000095775],[-87.63856000044365,41.8539660004306],[-87.63885799979681,41.85555700005557],[-87.63901399979619,41.86001799983086],[-87.63450200036698,41.85993399955447],[-87.63265199959005,41.860136999922645],[-87.63127199980289,41.86002200001536],[-87.63026400008351,41.86012100008412],[-87.63006800003814,41.852940999927284],[-87.63481799965092,41.85286299992754],[-87.63848799982128,41.851092000095775]]]}},{"type":"Feature","properties":{"JoinField":"CITY OF CHICAGO:Ward 11 Precinct 02","cd_district":7,"house_district":24,"senate_district":12,"bor_district":1,"ccc_district":7},"geometry":{"type":"Polygon","coordinates":[[[-87.64177300022374,41.847226999926136],[-87.6431590002876,41.84809899966916],[-87.64416099973033,41.84943700021745],[-87.64324899994136,41.849587999986284],[-87.6425079999442,41.85002100016908],[-87.63977799995467,41.85366700013202],[-87.63916400041825,41.85436700003709],[-87.63868499991275,41.854634999805455],[-87.63848799982128,41.851092000095775],[-87.63981599990842,41.85042700000611],[-87.64070400038929,41.84972500000879],[-87.64047799985974,41.849466999802246],[-87.63844799977534,41.84952299968671],[-87.63838699966027,41.84727200020268],[-87.64177300022374,41.847226999926136]]]}},{"type":"Feature","properties":{"JoinField":"CITY OF CHICAGO:Ward 11 Precinct 03","cd_district":7,"house_district":24,"senate_district":12,"bor_district":1,"ccc_district":11},"geometry":{"type":"Polygon","coordinates":[[[-87.6463689999294,41.8416570002704],[-87.64643100009056,41.84451299977519],[-87.64981200042342,41.8444070002829],[-87.65084300030418,41.84549800023257],[-87.64977899980096,41.84565200013975],[-87.64921699996455,41.84589999988515],[-87.64948199959457,41.8462590002527],[-87.64670600018172,41.84766300024734],[-87.64552000034769,41.84811699959988],[-87.6438030003082,41.84848799962151],[-87.64441999998297,41.84941099991778],[-87.64416099973033,41.84943700021745],[-87.6431590002876,41.84809899966916],[-87.64214800042981,41.84740299994854],[-87.64154599964814,41.847238000433435],[-87.64151800015554,41.846970999811845],[-87.63835700007547,41.84617900016076],[-87.6382909997298,41.84361699982475],[-87.63651200042847,41.843643000124416],[-87.63646500005967,41.84181300026978],[-87.6463689999294,41.8416570002704]]]}},{"type":"Feature","properties":{"JoinField":"CITY OF CHICAGO:Ward 11 Precinct 04","cd_district":4,"house_district":24,"senate_district":12,"bor_district":1,"ccc_district":11},"geometry":{"type":"Polygon","coordinates":[[[-87.66396100000009,41.83875200030462],[-87.66436000041364,41.8393750002561],[-87.66468300002037,41.8408410004119],[-87.66498300036511,41.841461000225024],[-87.6649509997888,41.841845999992984],[-87.66433099997562,41.84269999980518],[-87.6644490000213,41.84461700007455],[-87.66314900032609,41.844684999613094],[-87.66154600014772,41.845441000302],[-87.65804299958472,41.847724000362405],[-87.65676800014307,41.84825200042951],[-87.65377699980866,41.84799300017687],[-87.64967799963995,41.848278999876015],[-87.6462459996531,41.84925299982615],[-87.64441999998297,41.84941099991778],[-87.6438030003082,41.84848799962151],[-87.64552000034769,41.84811699959988],[-87.64765299978609,41.84722299974169],[-87.64948199959457,41.8462590002527],[-87.64921699996455,41.84589999988515],[-87.64977899980096,41.84565200013975],[-87.65084300030418,41.84549800023257],[-87.65060400007451,41.845230999610976],[-87.66396100000009,41.83875200030462]]]}},{"type":"Feature","properties":{"JoinField":"CITY OF CHICAGO:Ward 11 Precinct 05","cd_district":4,"house_district":24,"senate_district":12,"bor_district":1,"ccc_district":11},"geometry":{"type":"Polygon","coordinates":[[[-87.66396100000009,41.83875200030462],[-87.6563170000295,41.84243800031351],[-87.65246799969839,41.83796299989257],[-87.66334000014086,41.83778399973187],[-87.66396100000009,41.83875200030462]]]}},{"type":"Feature","properties":{"JoinField":"CITY OF CHICAGO:Ward 11 Precinct 06","cd_district":4,"house_district":24,"senate_district":12,"bor_district":1,"ccc_district":11},"geometry":{"type":"Polygon","coordinates":[[[-87.65246799969839,41.83796299989257],[-87.6563170000295,41.84243800031351],[-87.65060400007451,41.845230999610976],[-87.64981200042342,41.8444070002829],[-87.64643100009056,41.84451299977519],[-87.64627800022947,41.83804600012286],[-87.65246799969839,41.83796299989257]]]}},{"type":"Feature","properties":{"JoinField":"CITY OF CHICAGO:Ward 11 Precinct 07","cd_district":7,"house_district":24,"senate_district":12,"bor_district":1,"ccc_district":2},"geometry":{"type":"Polygon","coordinates":[[[-87.63221600016823,41.8473639999487],[-87.63210400039924,41.847364999994795],[-87.63219700019135,41.84753299964825],[-87.63196500028448,41.84825200042951],[-87.63840899977549,41.848161999876424],[-87.63844799977534,41.84952299968671],[-87.64047799985974,41.849466999802246],[-87.64070400038929,41.84972500000879],[-87.63963100037034,41.85053599963675],[-87.63481799965092,41.85286299992754],[-87.63026700022186,41.85293899983503],[-87.63010900013023,41.85211200036855],[-87.62994899994635,41.84554399965589],[-87.63189599980052,41.84552899986352],[-87.63221600016823,41.8473639999487]]]}},{"type":"Feature","properties":{"JoinField":"CITY OF CHICAGO:Ward 11 Precinct 08","cd_district":7,"house_district":24,"senate_district":12,"bor_district":1,"ccc_district":11},"geometry":{"type":"Polygon","coordinates":[[[-87.63637599955268,41.83817299968422],[-87.63651200042847,41.843643000124416],[-87.6382909997298,41.84361699982475],[-87.63835700007547,41.84617900016076],[-87.64145900013273,41.84694999974272],[-87.64154599964814,41.847238000433435],[-87.63838699966027,41.84727200020268],[-87.63840899977549,41.848161999876424],[-87.63196500028448,41.84825200042951],[-87.63221500012213,41.84717600027227],[-87.63189599980052,41.84552899986352],[-87.62994899994635,41.84554399965589],[-87.62978400043124,41.83828000012198],[-87.63637599955268,41.83817299968422]]]}},{"type":"Feature","properties":{"JoinField":"CITY OF CHICAGO:Ward 11 Precinct 09","cd_district":7,"house_district":24,"senate_district":12,"bor_district":1,"ccc_district":11},"geometry":{"type":"Polygon","coordinates":[[[-87.64627800022947,41.83804600012286],[-87.6463689999294,41.8416570002704],[-87.64626399958388,41.841691000039646],[-87.63646500005967,41.84181300026978],[-87.63637599955268,41.83817299968422],[-87.64627800022947,41.83804600012286]]]}},{"type":"Feature","properties":{"JoinField":"CITY OF CHICAGO:Ward 11 Precinct 10","cd_district":7,"house_district":6,"senate_district":3,"bor_district":3,"ccc_district":2},"geometry":{"type":"Polygon","coordinates":[[[-87.63410399999958,41.83820500026059],[-87.62978400043124,41.83828000012198],[-87.62968400031633,41.834624999743994],[-87.63160099968633,41.83459700025139],[-87.6316370004472,41.83634900010634],[-87.63405699963079,41.83636099976036],[-87.63410399999958,41.83820500026059]]]}},{"type":"Feature","properties":{"JoinField":"CITY OF CHICAGO:Ward 11 Precinct 11","cd_district":7,"house_district":6,"senate_district":3,"bor_district":3,"ccc_district":11},"geometry":{"type":"Polygon","coordinates":[[[-87.6328390001197,41.836348000060184],[-87.6316370004472,41.83634900010634],[-87.63160099968633,41.83459700025139],[-87.63279599993541,41.83458000036677],[-87.6328390001197,41.836348000060184]]]}},{"type":"Feature","properties":{"JoinField":"CITY OF CHICAGO:Ward 11 Precinct 12","cd_district":7,"house_district":6,"senate_district":3,"bor_district":3,"ccc_district":11},"geometry":{"type":"Polygon","coordinates":[[[-87.63613900031459,41.83453199995188],[-87.63588999962377,41.83453500009023],[-87.63596600043053,41.83749399984828],[-87.63614399964581,41.83817499977647],[-87.63410399999958,41.83820500026059],[-87.63405699963079,41.83636099976036],[-87.6328390001197,41.836348000060184],[-87.63279599993541,41.83458000036677],[-87.62968400031633,41.834624999743994],[-87.62959399976324,41.830970000265324],[-87.63612799980729,41.83088299985059],[-87.63613900031459,41.83453199995188]]]}},{"type":"Feature","properties":{"JoinField":"CITY OF CHICAGO:Ward 11 Precinct 13","cd_district":7,"house_district":24,"senate_district":12,"bor_district":3,"ccc_district":11},"geometry":{"type":"Polygon","coordinates":[[[-87.64132500024851,41.834464000413334],[-87.64009800032244,41.83448000025186],[-87.64010499974592,41.83484399995069],[-87.64014599983801,41.83630199973754],[-87.64136800043286,41.83628499985292],[-87.64141599994838,41.838107000237926],[-87.63614399964581,41.83817499977647],[-87.63596600043053,41.83749399984828],[-87.63588999962377,41.83453500009023],[-87.63613900031459,41.83453199995188],[-87.63612799980729,41.83088299985059],[-87.64123499969543,41.83081500031204],[-87.64132500024851,41.834464000413334]]]}},{"type":"Feature","properties":{"JoinField":"CITY OF CHICAGO:Ward 11 Precinct 14","cd_district":7,"house_district":24,"senate_district":12,"bor_district":3,"ccc_district":11},"geometry":{"type":"Polygon","coordinates":[[[-87.64610600039157,41.83075000001253],[-87.64627800022947,41.83804600012286],[-87.64141599994838,41.838107000237926],[-87.64136800043286,41.83628499985292],[-87.64014599983801,41.83630199973754],[-87.64010499974592,41.83484399995069],[-87.64009800032244,41.83448000025186],[-87.64132500024851,41.834464000413334],[-87.64123499969543,41.83081500031204],[-87.64610600039157,41.83075000001253]]]}},{"type":"Feature","properties":{"JoinField":"CITY OF CHICAGO:Ward 11 Precinct 15","cd_district":4,"house_district":24,"senate_district":12,"bor_district":1,"ccc_district":11},"geometry":{"type":"Polygon","coordinates":[[[-87.65096799977334,41.830684999713014],[-87.65113999961125,41.837980999823344],[-87.64627800022947,41.83804600012286],[-87.64610600039157,41.83075000001253],[-87.65096799977334,41.830684999713014]]]}},{"type":"Feature","properties":{"JoinField":"CITY OF CHICAGO:Ward 11 Precinct 16","cd_district":4,"house_district":24,"senate_district":12,"bor_district":1,"ccc_district":11},"geometry":{"type":"Polygon","coordinates":[[[-87.65572799984727,41.83062000031282],[-87.65601999982312,41.8379140003309],[-87.65113999961125,41.837980999823344],[-87.65096799977334,41.830684999713014],[-87.65572799984727,41.83062000031282]]]}},{"type":"Feature","properties":{"JoinField":"CITY OF CHICAGO:Ward 11 Precinct 17","cd_district":4,"house_district":24,"senate_district":12,"bor_district":1,"ccc_district":11},"geometry":{"type":"Polygon","coordinates":[[[-87.664242000368,41.838599000443594],[-87.66396100000009,41.83875200030462],[-87.66334000014086,41.83778399973187],[-87.65601999982312,41.8379140003309],[-87.65572799984727,41.83062000031282],[-87.65752800011705,41.8305980001976],[-87.6575939995634,41.831075999757616],[-87.65808399967682,41.83168800010117],[-87.66040999992151,41.83410399999963],[-87.66230299998341,41.83587399978529],[-87.6627810004428,41.83612999989964],[-87.66343800016352,41.83714199980352],[-87.66367200016265,41.83788800003123],[-87.664242000368,41.838599000443594]]]}},{"type":"Feature","properties":{"JoinField":"CITY OF CHICAGO:Ward 11 Precinct 18","cd_district":4,"house_district":24,"senate_district":12,"bor_district":1,"ccc_district":7},"geometry":{"type":"Polygon","coordinates":[[[-87.67528000037169,41.83038999959888],[-87.67531400014093,41.83181899984703],[-87.6680980001226,41.836238000383446],[-87.66807499996122,41.835501999717565],[-87.66635599982948,41.835558999648185],[-87.66632800033693,41.83474699997413],[-87.66566799957849,41.83475899962821],[-87.66565299978606,41.83418500013772],[-87.66439100004459,41.83419999993009],[-87.6643439996758,41.832358000421436],[-87.66050099962138,41.83234599986804],[-87.65938000008691,41.83104900031117],[-87.65927899992585,41.83057900022072],[-87.67528000037169,41.83038999959888]]]}},{"type":"Feature","properties":{"JoinField":"CITY OF CHICAGO:Ward 11 Precinct 19","cd_district":4,"house_district":1,"senate_district":1,"bor_district":1,"ccc_district":11},"geometry":{"type":"Polygon","coordinates":[[[-87.65990600006182,41.82320900029521],[-87.66899199998079,41.82318500008773],[-87.66903500016508,41.82498000012697],[-87.66781599970858,41.824992999827145],[-87.6678090002851,41.8245350002901],[-87.66600599987697,41.82456099969045],[-87.66596699987713,41.82501499994237],[-87.66546400006354,41.82502100021901],[-87.66547999990206,41.82593700019248],[-87.66608599996891,41.82593300000798],[-87.66609899966909,41.82684299970475],[-87.66725700001052,41.82683000000458],[-87.66730100024091,41.82865399958246],[-87.66791000044611,41.82864800020508],[-87.66795299973114,41.83047399987527],[-87.65927899992585,41.83057900022072],[-87.65936400024839,41.82457899962117],[-87.65942699955633,41.8243049995761],[-87.65987400038478,41.82398199996936],[-87.65990600006182,41.82320900029521]]]}},{"type":"Feature","properties":{"JoinField":"CITY OF CHICAGO:Ward 11 Precinct 20","cd_district":4,"house_district":24,"senate_district":12,"bor_district":3,"ccc_district":11},"geometry":{"type":"Polygon","coordinates":[[[-87.66506399960389,41.81222199994539],[-87.66524900004129,41.820262000191235],[-87.66546199997128,41.823150000272335],[-87.65990600006182,41.82320900029521],[-87.65987400038478,41.82398199996936],[-87.65942699955633,41.8243049995761],[-87.65936400024839,41.82457899962117],[-87.65927899992585,41.83057900022072],[-87.64610600039157,41.83075000001253],[-87.64563400020893,41.81249299985211],[-87.66491900011175,41.81220900024522],[-87.66506399960389,41.81222199994539]]]}},{"type":"Feature","properties":{"JoinField":"CITY OF CHICAGO:Ward 11 Precinct 21","cd_district":7,"house_district":1,"senate_district":1,"bor_district":3,"ccc_district":11},"geometry":{"type":"Polygon","coordinates":[[[-87.64592800027697,41.8234590001328],[-87.64610600039157,41.83075000001253],[-87.64123499969543,41.83081500031204],[-87.64106299985752,41.82352300038622],[-87.64592800027697,41.8234590001328]]]}},{"type":"Feature","properties":{"JoinField":"CITY OF CHICAGO:Ward 11 Precinct 22","cd_district":7,"house_district":6,"senate_district":3,"bor_district":3,"ccc_district":11},"geometry":{"type":"Polygon","coordinates":[[[-87.64569200018565,41.81481700000461],[-87.64592800027697,41.8234590001328],[-87.63635400033684,41.82358299955581],[-87.63615099996866,41.82183299979317],[-87.63599600001533,41.8163499996528],[-87.6375159999634,41.816322000160255],[-87.63747199973295,41.814956000119366],[-87.64569200018565,41.81481700000461]]]}},{"type":"Feature","properties":{"JoinField":"CITY OF CHICAGO:Ward 11 Precinct 23","cd_district":7,"house_district":24,"senate_district":12,"bor_district":3,"ccc_district":11},"geometry":{"type":"Polygon","coordinates":[[[-87.64106299985752,41.82352300038622],[-87.64123499969543,41.83081500031204],[-87.63150399970976,41.83093899973511],[-87.63146499970992,41.82906399960393],[-87.6326670002818,41.82903500006523],[-87.63262700023586,41.82728100011809],[-87.63384199960853,41.82726500027957],[-87.63376299956275,41.82361600017833],[-87.64106299985752,41.82352300038622]]]}},{"type":"Feature","properties":{"JoinField":"CITY OF CHICAGO:Ward 12 Precinct 01","cd_district":4,"house_district":24,"senate_district":12,"bor_district":1,"ccc_district":7},"geometry":{"type":"Polygon","coordinates":[[[-87.67273900010474,41.826767999843355],[-87.67397500044586,41.826753000050985],[-87.67406099991518,41.83040400024447],[-87.67039900011372,41.83044700042876],[-87.67025499976836,41.82496799957357],[-87.67268999964375,41.824944000265475],[-87.67273900010474,41.826767999843355]]]}},{"type":"Feature","properties":{"JoinField":"CITY OF CHICAGO:Ward 12 Precinct 02","cd_district":4,"house_district":23,"senate_district":12,"bor_district":1,"ccc_district":7},"geometry":{"type":"Polygon","coordinates":[[[-87.69466200025107,41.824614000335885],[-87.69471499999719,41.826474999821414],[-87.69642599976004,41.82656000014396],[-87.70205100015352,41.826503000213336],[-87.70204499987682,41.826327000190986],[-87.7107229998665,41.82613100014561],[-87.71428599959916,41.825663000147415],[-87.71444999996748,41.82808300023032],[-87.69515899978796,41.834258999952965],[-87.69494699990406,41.834383000275295],[-87.69496299974259,41.83508600031871],[-87.68847099983674,41.83719100026451],[-87.68761700002449,41.837609999801714],[-87.68745299965616,41.8358319996471],[-87.6873549996335,41.83023799978389],[-87.69237900019067,41.83013999976123],[-87.6922099995918,41.82466099980536],[-87.69466200025107,41.824614000335885]]]}},{"type":"Feature","properties":{"JoinField":"CITY OF CHICAGO:Ward 12 Precinct 03","cd_district":4,"house_district":1,"senate_district":1,"bor_district":1,"ccc_district":7},"geometry":{"type":"Polygon","coordinates":[[[-87.68434900040603,41.82628400000664],[-87.68445900008277,41.83028900033713],[-87.67650100002112,41.830376999898704],[-87.6764029999984,41.82672999988961],[-87.68366500033943,41.82668899979757],[-87.68434900040603,41.82628400000664]]]}},{"type":"Feature","properties":{"JoinField":"CITY OF CHICAGO:Ward 12 Precinct 04","cd_district":4,"house_district":1,"senate_district":1,"bor_district":1,"ccc_district":7},"geometry":{"type":"Polygon","coordinates":[[[-87.68434900040603,41.82628400000664],[-87.68366500033943,41.82668899979757],[-87.6764029999984,41.82672999988961],[-87.67650100002112,41.830376999898704],[-87.6777209996244,41.83036400019853],[-87.67531400014093,41.83181899984703],[-87.67528000037169,41.83038999959888],[-87.67406099991518,41.83040400024447],[-87.67397500044586,41.826753000050985],[-87.67273900010474,41.826767999843355],[-87.67264400022037,41.82314299994954],[-87.68423999987607,41.822999999650335],[-87.68434900040603,41.82628400000664]]]}},{"type":"Feature","properties":{"JoinField":"CITY OF CHICAGO:Ward 12 Precinct 05","cd_district":4,"house_district":24,"senate_district":12,"bor_district":1,"ccc_district":7},"geometry":{"type":"Polygon","coordinates":[[[-87.65927899992585,41.83057900022072],[-87.65938000008691,41.83104900031117],[-87.66050099962138,41.83234599986804],[-87.6643439996758,41.832358000421436],[-87.66439100004459,41.83419999993009],[-87.66565299978606,41.83418500013772],[-87.66566799957849,41.83475899962821],[-87.66632800033693,41.83474699997413],[-87.66635599982948,41.835558999648185],[-87.66807499996122,41.835501999717565],[-87.6680980001226,41.836238000383446],[-87.67162199985535,41.834083999976656],[-87.67537600030215,41.83402299986159],[-87.67544099970235,41.83704799996531],[-87.67961199959404,41.8368659996662],[-87.6845689997595,41.8354120000638],[-87.68455700010543,41.83439700002157],[-87.68007200012266,41.83577599976263],[-87.6785130001748,41.8358030001084],[-87.67838899985242,41.83217099989179],[-87.68740800027894,41.83203499991538],[-87.68761700002449,41.837609999801714],[-87.68744200004824,41.84363999998607],[-87.68761499993224,41.844794000143054],[-87.68539400003306,41.84485000002752],[-87.67817199973797,41.847608999555746],[-87.67804400013046,41.843461999871465],[-87.67814400024537,41.84249400019803],[-87.67629799965295,41.8418360004311],[-87.67550499995576,41.84197299955434],[-87.67424899959161,41.84267599959776],[-87.67002700004599,41.84430600012183],[-87.66771400040074,41.84502500000377],[-87.66588100040781,41.84511100037241],[-87.66538900020214,41.84503400041882],[-87.6651649997649,41.844581000213054],[-87.6644490000213,41.84461700007455],[-87.66433099997562,41.84269999980518],[-87.6649509997888,41.841845999992984],[-87.66498300036511,41.841461000225024],[-87.66468300002037,41.8408410004119],[-87.66436000041364,41.8393750002561],[-87.66396100000009,41.83875200030462],[-87.664242000368,41.838599000443594],[-87.66367200016265,41.83788800003123],[-87.66343800016352,41.83714199980352],[-87.6627810004428,41.83612999989964],[-87.66230299998341,41.83587399978529],[-87.66040999992151,41.83410399999963],[-87.6575939995634,41.831075999757616],[-87.65752800011705,41.8305980001976],[-87.65927899992585,41.83057900022072]]]}},{"type":"Feature","properties":{"JoinField":"CITY OF CHICAGO:Ward 12 Precinct 06","cd_district":4,"house_district":24,"senate_district":12,"bor_district":1,"ccc_district":7},"geometry":{"type":"Polygon","coordinates":[[[-87.68972600015474,41.822997000411306],[-87.68976900033908,41.8247120003586],[-87.6922099995918,41.82466099980536],[-87.69237900019067,41.83013999976123],[-87.6873549996335,41.83023799978389],[-87.68740800027894,41.83203499991538],[-87.68464000033572,41.83210000021489],[-87.68434900040603,41.82628400000664],[-87.68972600015474,41.822997000411306]]]}},{"type":"Feature","properties":{"JoinField":"CITY OF CHICAGO:Ward 12 Precinct 07","cd_district":4,"house_district":23,"senate_district":12,"bor_district":1,"ccc_district":7},"geometry":{"type":"Polygon","coordinates":[[[-87.71387599957768,41.80817999970725],[-87.7143289997835,41.82243499967552],[-87.70443999970621,41.82258999962886],[-87.70421099993769,41.81411299991504],[-87.71387599957768,41.80817999970725]]]}},{"type":"Feature","properties":{"JoinField":"CITY OF CHICAGO:Ward 12 Precinct 08","cd_district":4,"house_district":1,"senate_district":1,"bor_district":1,"ccc_district":7},"geometry":{"type":"Polygon","coordinates":[[[-87.68445900008277,41.83028900033713],[-87.68464000033572,41.83210000021489],[-87.67838899985242,41.83217099989179],[-87.6785130001748,41.8358030001084],[-87.68007200012266,41.83577599976263],[-87.68455700010543,41.83439700002157],[-87.6845689997595,41.8354120000638],[-87.68053599993641,41.83665599987455],[-87.67909800017253,41.83693600019632],[-87.67544099970235,41.83704799996531],[-87.67537600030215,41.83402299986159],[-87.67162199985535,41.834083999976656],[-87.6777209996244,41.83036400019853],[-87.68445900008277,41.83028900033713]]]}},{"type":"Feature","properties":{"JoinField":"CITY OF CHICAGO:Ward 12 Precinct 09","cd_district":4,"house_district":24,"senate_district":12,"bor_district":1,"ccc_district":11},"geometry":{"type":"Polygon","coordinates":[[[-87.66786400012347,41.826822999681724],[-87.6703060003216,41.82679600023528],[-87.67039900011372,41.83044700042876],[-87.66795299973114,41.83047399987527],[-87.66791000044611,41.82864800020508],[-87.66730100024091,41.82865399958246],[-87.66725700001052,41.82683000000458],[-87.66609899966909,41.82684299970475],[-87.66608599996891,41.82593300000798],[-87.66784099996215,41.82590999984666],[-87.66786400012347,41.826822999681724]]]}},{"type":"Feature","properties":{"JoinField":"CITY OF CHICAGO:Ward 12 Precinct 10","cd_district":4,"house_district":23,"senate_district":12,"bor_district":1,"ccc_district":7},"geometry":{"type":"Polygon","coordinates":[[[-87.71387599957768,41.80817999970725],[-87.70421099993769,41.81411299991504],[-87.70418999986856,41.81357800042446],[-87.70170999971668,41.81361600037815],[-87.70158700033977,41.809977999884836],[-87.70404600042252,41.80993899988499],[-87.70397499984631,41.808115000307055],[-87.71387200029255,41.80799200003082],[-87.71387599957768,41.80817999970725]]]}},{"type":"Feature","properties":{"JoinField":"CITY OF CHICAGO:Ward 12 Precinct 11","cd_district":4,"house_district":23,"senate_district":12,"bor_district":1,"ccc_district":7},"geometry":{"type":"Polygon","coordinates":[[[-87.7143289997835,41.82243499967552],[-87.71428599959916,41.825663000147415],[-87.7107229998665,41.82613100014561],[-87.70450299991347,41.82622900016827],[-87.70447899970605,41.8253160003332],[-87.70508199963456,41.82530199968761],[-87.70500299958871,41.82258000006698],[-87.7143289997835,41.82243499967552]]]}},{"type":"Feature","properties":{"JoinField":"CITY OF CHICAGO:Ward 12 Precinct 12","cd_district":4,"house_district":23,"senate_district":12,"bor_district":1,"ccc_district":7},"geometry":{"type":"Polygon","coordinates":[[[-87.70500299958871,41.82258000006698],[-87.70508199963456,41.82530199968761],[-87.70447899970605,41.8253160003332],[-87.70450299991347,41.82622900016827],[-87.70204499987682,41.826327000190986],[-87.70205100015352,41.826503000213336],[-87.69471499999719,41.826474999821414],[-87.69464999969767,41.82414700038379],[-87.69524900034105,41.82414100010715],[-87.69519799978781,41.82277400002016],[-87.70500299958871,41.82258000006698]]]}},{"type":"Feature","properties":{"JoinField":"CITY OF CHICAGO:Ward 12 Precinct 13","cd_district":4,"house_district":23,"senate_district":12,"bor_district":1,"ccc_district":7},"geometry":{"type":"Polygon","coordinates":[[[-87.69850800044384,41.81760700006305],[-87.6969529997811,41.81856099999021],[-87.69703800010359,41.820061999961354],[-87.69456999960573,41.82012900035312],[-87.69458800043583,41.82065999965931],[-87.69395900020766,41.82100500028059],[-87.69403600016125,41.82189299986209],[-87.68910400024936,41.821987999746455],[-87.68897399965033,41.817440999602525],[-87.69817100019145,41.81728799974144],[-87.69850800044384,41.81760700006305]]]}},{"type":"Feature","properties":{"JoinField":"CITY OF CHICAGO:Ward 12 Precinct 14","cd_district":4,"house_district":23,"senate_district":12,"bor_district":1,"ccc_district":7},"geometry":{"type":"Polygon","coordinates":[[[-87.70170999971668,41.81361600037815],[-87.70418999986856,41.81357800042446],[-87.70439899961411,41.81898899994246],[-87.69946899979448,41.81907899959623],[-87.69921499977238,41.81183500008524],[-87.70165099969387,41.81179700013149],[-87.70170999971668,41.81361600037815]]]}},{"type":"Feature","properties":{"JoinField":"CITY OF CHICAGO:Ward 12 Precinct 15","cd_district":4,"house_district":23,"senate_district":12,"bor_district":1,"ccc_district":7},"geometry":{"type":"Polygon","coordinates":[[[-87.69921499977238,41.81183500008524],[-87.69939700007149,41.817064000203516],[-87.69850800044384,41.81760700006305],[-87.69817100019145,41.81728799974144],[-87.69448200004422,41.817360000363806],[-87.69437100032138,41.81373599961677],[-87.69314699963428,41.81375899977809],[-87.69309399988816,41.81192999996955],[-87.69921499977238,41.81183500008524]]]}},{"type":"Feature","properties":{"JoinField":"CITY OF CHICAGO:Ward 12 Precinct 16","cd_district":4,"house_district":23,"senate_district":12,"bor_district":1,"ccc_district":7},"geometry":{"type":"Polygon","coordinates":[[[-87.70153599978653,41.80816599996098],[-87.70165099969387,41.81179700013149],[-87.69309399988816,41.81192999996955],[-87.69298200011917,41.80830099989129],[-87.70153599978653,41.80816599996098]]]}},{"type":"Feature","properties":{"JoinField":"CITY OF CHICAGO:Ward 12 Precinct 17","cd_district":4,"house_district":24,"senate_district":12,"bor_district":1,"ccc_district":7},"geometry":{"type":"Polygon","coordinates":[[[-87.69458800043583,41.82065999965931],[-87.694601000136,41.82103199972704],[-87.69706699964229,41.8209559998196],[-87.69712399957291,41.82265900011282],[-87.69519799978781,41.82277400002016],[-87.69524900034105,41.82414100010715],[-87.69464999969767,41.82414700038379],[-87.69466200025107,41.824614000335885],[-87.68976900033908,41.8247120003586],[-87.68972600015474,41.822997000411306],[-87.68434900040603,41.82628400000664],[-87.68423999987607,41.822999999650335],[-87.6860800001918,41.82295600031921],[-87.68604899966158,41.821077000003584],[-87.68907899999584,41.821075999957486],[-87.68910400024936,41.821987999746455],[-87.69403600016125,41.82189299986209],[-87.69395900020766,41.82100500028059],[-87.69458800043583,41.82065999965931]]]}},{"type":"Feature","properties":{"JoinField":"CITY OF CHICAGO:Ward 12 Precinct 18","cd_district":4,"house_district":23,"senate_district":12,"bor_district":1,"ccc_district":7},"geometry":{"type":"Polygon","coordinates":[[[-87.69437100032138,41.81373599961677],[-87.69448200004422,41.817360000363806],[-87.68467400010496,41.81751200017874],[-87.68462799978232,41.815696000070375],[-87.68711200011865,41.81565700007053],[-87.68706499974991,41.813843000054476],[-87.69437100032138,41.81373599961677]]]}},{"type":"Feature","properties":{"JoinField":"CITY OF CHICAGO:Ward 12 Precinct 19","cd_district":4,"house_district":1,"senate_district":1,"bor_district":1,"ccc_district":7},"geometry":{"type":"Polygon","coordinates":[[[-87.67484900028109,41.81032699979124],[-87.67576999958578,41.813395000079254],[-87.67586000013887,41.81605999976921],[-87.67619400025285,41.817965000384504],[-87.67631799967592,41.82309100024952],[-87.67264400022037,41.82314299994954],[-87.67268999964375,41.824944000265475],[-87.67025499976836,41.82496799957357],[-87.6703060003216,41.82679600023528],[-87.66786400012347,41.826822999681724],[-87.66784099996215,41.82590999984666],[-87.66547999990206,41.82593700019248],[-87.66546400006354,41.82502100021901],[-87.66596699987713,41.82501499994237],[-87.66600599987697,41.82456099969045],[-87.6678090002851,41.8245350002901],[-87.66781599970858,41.824992999827145],[-87.66903500016508,41.82498000012697],[-87.66899199998079,41.82318500008773],[-87.66546199997128,41.823150000272335],[-87.66514799988028,41.815871000046684],[-87.67244900022115,41.81580699979327],[-87.6723039998297,41.81035600022926],[-87.67484900028109,41.81032699979124]]]}},{"type":"Feature","properties":{"JoinField":"CITY OF CHICAGO:Ward 12 Precinct 20","cd_district":4,"house_district":23,"senate_district":12,"bor_district":1,"ccc_district":7},"geometry":{"type":"Polygon","coordinates":[[[-87.69939700007149,41.817064000203516],[-87.69946899979448,41.81907899959623],[-87.70439899961411,41.81898899994246],[-87.70443999970621,41.82258999962886],[-87.69708799971136,41.82273700011251],[-87.69706699964229,41.8209559998196],[-87.694601000136,41.82103199972704],[-87.69456999960573,41.82012900035312],[-87.69703800010359,41.820061999961354],[-87.6969529997811,41.81856099999021],[-87.69939700007149,41.817064000203516]]]}},{"type":"Feature","properties":{"JoinField":"CITY OF CHICAGO:Ward 12 Precinct 21","cd_district":4,"house_district":1,"senate_district":1,"bor_district":1,"ccc_district":7},"geometry":{"type":"Polygon","coordinates":[[[-87.67901499994224,41.804824999674054],[-87.67949000026329,41.80845899998292],[-87.68387400008498,41.808416999844724],[-87.68407200022261,41.81570300039323],[-87.68462799978232,41.815696000070375],[-87.68467400010496,41.81751200017874],[-87.68897399965033,41.817440999602525],[-87.68907899999584,41.821075999957486],[-87.68604899966158,41.821077000003584],[-87.6860800001918,41.82295600031921],[-87.67631799967592,41.82309100024952],[-87.67619400025285,41.817965000384504],[-87.67586000013887,41.81605999976921],[-87.67576999958578,41.813395000079254],[-87.67491699981963,41.81079399974334],[-87.67494500021155,41.80850700039781],[-87.67711999978815,41.80850300021336],[-87.67702800004213,41.804847999835374],[-87.67901499994224,41.804824999674054]]]}},{"type":"Feature","properties":{"JoinField":"CITY OF CHICAGO:Ward 12 Precinct 22","cd_district":4,"house_district":23,"senate_district":12,"bor_district":1,"ccc_district":7},"geometry":{"type":"Polygon","coordinates":[[[-87.69298200011917,41.80830099989129],[-87.69314699963428,41.81375899977809],[-87.68706499974991,41.813843000054476],[-87.68701400009599,41.81203100013062],[-87.6894269998561,41.81199200013077],[-87.68932399960283,41.8083599999141],[-87.69298200011917,41.80830099989129]]]}},{"type":"Feature","properties":{"JoinField":"CITY OF CHICAGO:Ward 13 Precinct 01","cd_district":4,"house_district":22,"senate_district":11,"bor_district":1,"ccc_district":11},"geometry":{"type":"Polygon","coordinates":[[[-87.74205500043786,41.77112899980352],[-87.74222800032192,41.7766049996211],[-87.73787099994667,41.77666000035879],[-87.73792199960059,41.77847999975222],[-87.73739699967177,41.778487000075074],[-87.73722299974162,41.77120100042589],[-87.74205500043786,41.77112899980352]]]}},{"type":"Feature","properties":{"JoinField":"CITY OF CHICAGO:Ward 13 Precinct 02","cd_district":4,"house_district":22,"senate_district":11,"bor_district":1,"ccc_district":11},"geometry":{"type":"Polygon","coordinates":[[[-87.73530200018712,41.78945400040186],[-87.7354150000022,41.79309700022645],[-87.72806199996131,41.79316099958049],[-87.72795899970805,41.7895290002632],[-87.73530200018712,41.78945400040186]]]}},{"type":"Feature","properties":{"JoinField":"CITY OF CHICAGO:Ward 13 Precinct 03","cd_district":6,"house_district":22,"senate_district":11,"bor_district":1,"ccc_district":11},"geometry":{"type":"Polygon","coordinates":[[[-87.79625099958395,41.7838520001697],[-87.796321000114,41.78844000040573],[-87.78899599956571,41.7885579995521],[-87.78885999958925,41.784891999566184],[-87.78764200007822,41.78491100044238],[-87.7876210000091,41.78400199989244],[-87.79625099958395,41.7838520001697]]]}},{"type":"Feature","properties":{"JoinField":"CITY OF CHICAGO:Ward 13 Precinct 04","cd_district":4,"house_district":22,"senate_district":11,"bor_district":1,"ccc_district":7},"geometry":{"type":"Polygon","coordinates":[[[-87.72785100012351,41.78588600043861],[-87.72806199996131,41.79316099958049],[-87.72315899958812,41.79320399976484],[-87.72296100034987,41.78593700009253],[-87.72785100012351,41.78588600043861]]]}},{"type":"Feature","properties":{"JoinField":"CITY OF CHICAGO:Ward 13 Precinct 05","cd_district":4,"house_district":22,"senate_district":11,"bor_district":1,"ccc_district":11},"geometry":{"type":"Polygon","coordinates":[[[-87.77185100032335,41.787039999696276],[-87.7720660003456,41.792541999813466],[-87.76718900027208,41.79263999983618],[-87.76704399988063,41.78897199975802],[-87.76948500003272,41.78892300019635],[-87.76941200026357,41.787089000157266],[-87.7703870002598,41.787069000134295],[-87.77185100032335,41.787039999696276]]]}},{"type":"Feature","properties":{"JoinField":"CITY OF CHICAGO:Ward 13 Precinct 06","cd_district":4,"house_district":22,"senate_district":11,"bor_district":1,"ccc_district":11},"geometry":{"type":"Polygon","coordinates":[[[-87.77173600041607,41.78406700019195],[-87.77185100032335,41.787039999696276],[-87.76941200026357,41.787089000157266],[-87.76948500003272,41.78892300019635],[-87.76582400027735,41.78899800005769],[-87.76565999990902,41.78485200041956],[-87.76656600032061,41.78440200035209],[-87.76742300027121,41.78421099963799],[-87.77173600041607,41.78406700019195]]]}},{"type":"Feature","properties":{"JoinField":"CITY OF CHICAGO:Ward 13 Precinct 07","cd_district":6,"house_district":22,"senate_district":11,"bor_district":1,"ccc_district":11},"geometry":{"type":"Polygon","coordinates":[[[-87.78600300003836,41.77394099997724],[-87.78609399973828,41.77622199994539],[-87.78853699998251,41.776187000129994],[-87.78859199982088,41.77756299973271],[-87.78126500007966,41.777676000447116],[-87.78115799964195,41.77494799965052],[-87.78360199993233,41.774909999696774],[-87.78363699974773,41.77397599979258],[-87.78600300003836,41.77394099997724]]]}},{"type":"Feature","properties":{"JoinField":"CITY OF CHICAGO:Ward 13 Precinct 08","cd_district":4,"house_district":22,"senate_district":11,"bor_district":1,"ccc_district":11},"geometry":{"type":"Polygon","coordinates":[[[-87.7522579997069,41.77457500043596],[-87.75230700016789,41.776002999738694],[-87.7531219999803,41.776126000014926],[-87.75321899995686,41.77821800026055],[-87.74229299972211,41.778429000098356],[-87.74216500011465,41.774779999997065],[-87.7522579997069,41.77457500043596]]]}},{"type":"Feature","properties":{"JoinField":"CITY OF CHICAGO:Ward 13 Precinct 09","cd_district":6,"house_district":22,"senate_district":11,"bor_district":1,"ccc_district":11},"geometry":{"type":"Polygon","coordinates":[[[-87.78639099994467,41.783744999731994],[-87.78638699976017,41.783919999708246],[-87.78663200026654,41.78399400042281],[-87.7876210000091,41.78400199989244],[-87.78764200007822,41.78491100044238],[-87.78885999958925,41.784891999566184],[-87.78899599956571,41.7885579995521],[-87.7847269996513,41.78862599998996],[-87.7846559999744,41.78679299999703],[-87.78160499957102,41.7868429996048],[-87.78149299980208,41.78383100010063],[-87.78639099994467,41.783744999731994]]]}},{"type":"Feature","properties":{"JoinField":"CITY OF CHICAGO:Ward 13 Precinct 10","cd_district":6,"house_district":22,"senate_district":11,"bor_district":1,"ccc_district":11},"geometry":{"type":"Polygon","coordinates":[[[-87.7847269996513,41.78862599998996],[-87.78899599956571,41.7885579995521],[-87.78913200044144,41.792203000368204],[-87.781805999847,41.792348999906494],[-87.78160499957102,41.7868429996048],[-87.7846559999744,41.78679299999703],[-87.7847269996513,41.78862599998996]]]}},{"type":"Feature","properties":{"JoinField":"CITY OF CHICAGO:Ward 13 Precinct 11","cd_district":6,"house_district":22,"senate_district":11,"bor_district":1,"ccc_district":11},"geometry":{"type":"Polygon","coordinates":[[[-87.78126500007966,41.777676000447116],[-87.78149499989428,41.78388900007735],[-87.77783500018506,41.78394399991572],[-87.77780699979314,41.783247000149004],[-87.77658600014377,41.78327100035642],[-87.77638099968334,41.777768000193134],[-87.78126500007966,41.777676000447116]]]}},{"type":"Feature","properties":{"JoinField":"CITY OF CHICAGO:Ward 13 Precinct 12","cd_district":4,"house_district":22,"senate_district":11,"bor_district":1,"ccc_district":11},"geometry":{"type":"Polygon","coordinates":[[[-87.73374500033145,41.77852900021327],[-87.73391199993881,41.78400099984634],[-87.7302449999068,41.784039999846186],[-87.7300750001611,41.77857100035146],[-87.73374500033145,41.77852900021327]]]}},{"type":"Feature","properties":{"JoinField":"CITY OF CHICAGO:Ward 13 Precinct 13","cd_district":6,"house_district":22,"senate_district":11,"bor_district":1,"ccc_district":11},"geometry":{"type":"Polygon","coordinates":[[[-87.80080600009677,41.77370900007037],[-87.80080500005067,41.77551000038625],[-87.80101599988842,41.77626500012968],[-87.80086700021184,41.77680099966648],[-87.8011760000723,41.78373800030852],[-87.79126599992594,41.783954000376866],[-87.79120199967252,41.783025999850054],[-87.79062399999759,41.7830350002651],[-87.79043600032111,41.777995999915504],[-87.7910150000422,41.77798800044593],[-87.79101800018054,41.77753000000956],[-87.79596800002315,41.77741099991778],[-87.79581700025432,41.77378199983946],[-87.80080600009677,41.77370900007037]]]}},{"type":"Feature","properties":{"JoinField":"CITY OF CHICAGO:Ward 13 Precinct 14","cd_district":4,"house_district":22,"senate_district":11,"bor_district":1,"ccc_district":11},"geometry":{"type":"Polygon","coordinates":[[[-87.77163600030116,41.781533000247805],[-87.77173600041607,41.78406700019195],[-87.76807799989973,41.78414200005329],[-87.76684599974305,41.784311999799],[-87.76565999990902,41.78485200041956],[-87.76571199960904,41.78532999997958],[-87.763886999985,41.78555499956366],[-87.76200699962328,41.785019000026864],[-87.76187299973913,41.78172199997039],[-87.77163600030116,41.781533000247805]]]}},{"type":"Feature","properties":{"JoinField":"CITY OF CHICAGO:Ward 13 Precinct 15","cd_district":6,"house_district":22,"senate_district":11,"bor_district":1,"ccc_district":11},"geometry":{"type":"Polygon","coordinates":[[[-87.77379600008533,41.77416000018394],[-87.773844999647,41.7755470002939],[-87.7787320001816,41.775450000317335],[-87.77882399992762,41.77772199987044],[-87.77149600014025,41.77786200003135],[-87.77135299984104,41.77420499956111],[-87.77379600008533,41.77416000018394]]]}},{"type":"Feature","properties":{"JoinField":"CITY OF CHICAGO:Ward 13 Precinct 16","cd_district":4,"house_district":22,"senate_district":11,"bor_district":1,"ccc_district":11},"geometry":{"type":"Polygon","coordinates":[[[-87.76158299985553,41.77438799990631],[-87.7617149996475,41.778052999846125],[-87.75321899995686,41.77821800026055],[-87.75315100041831,41.77622299999149],[-87.75293999968119,41.775999999600344],[-87.75230700016789,41.776002999738694],[-87.7522579997069,41.77457500043596],[-87.76158299985553,41.77438799990631]]]}},{"type":"Feature","properties":{"JoinField":"CITY OF CHICAGO:Ward 13 Precinct 17","cd_district":4,"house_district":22,"senate_district":11,"bor_district":1,"ccc_district":7},"geometry":{"type":"Polygon","coordinates":[[[-87.72745299975611,41.77131700037933],[-87.72764499961698,41.77859899984401],[-87.72276000007389,41.77865799986688],[-87.72257599968259,41.77137400030995],[-87.72745299975611,41.77131700037933]]]}},{"type":"Feature","properties":{"JoinField":"CITY OF CHICAGO:Ward 13 Precinct 18","cd_district":4,"house_district":22,"senate_district":11,"bor_district":1,"ccc_district":11},"geometry":{"type":"Polygon","coordinates":[[[-87.73391199993881,41.78400099984634],[-87.73407900044549,41.789467000102036],[-87.72795899970805,41.7895290002632],[-87.72785100012351,41.78588600043861],[-87.73029999974517,41.78586200023119],[-87.7302449999068,41.784039999846186],[-87.73391199993881,41.78400099984634]]]}},{"type":"Feature","properties":{"JoinField":"CITY OF CHICAGO:Ward 13 Precinct 19","cd_district":6,"house_district":22,"senate_district":11,"bor_district":1,"ccc_district":11},"geometry":{"type":"Polygon","coordinates":[[[-87.79088600038858,41.7738609998853],[-87.79101800018054,41.77753000000956],[-87.78859199982088,41.77756299973271],[-87.78853699998251,41.776187000129994],[-87.78609399973828,41.77622199994539],[-87.78600300003836,41.77394099997724],[-87.79088600038858,41.7738609998853]]]}},{"type":"Feature","properties":{"JoinField":"CITY OF CHICAGO:Ward 13 Precinct 20","cd_district":6,"house_district":22,"senate_district":11,"bor_district":1,"ccc_district":11},"geometry":{"type":"Polygon","coordinates":[[[-87.786151999715,41.777605999917],[-87.78639099994467,41.783744999731994],[-87.78149299980208,41.78383100010063],[-87.78126500007966,41.777676000447116],[-87.786151999715,41.777605999917]]]}},{"type":"Feature","properties":{"JoinField":"CITY OF CHICAGO:Ward 13 Precinct 21","cd_district":6,"house_district":22,"senate_district":11,"bor_district":1,"ccc_district":11},"geometry":{"type":"Polygon","coordinates":[[[-87.78360199993233,41.774909999696774],[-87.78115799964195,41.77494799965052],[-87.78126500007966,41.777676000447116],[-87.77882399992762,41.77772199987044],[-87.7787320001816,41.775450000317335],[-87.773844999647,41.7755470002939],[-87.77379600008533,41.77416000018394],[-87.78355899974798,41.773977999884835],[-87.78360199993233,41.774909999696774]]]}},{"type":"Feature","properties":{"JoinField":"CITY OF CHICAGO:Ward 13 Precinct 22","cd_district":4,"house_district":22,"senate_district":11,"bor_district":1,"ccc_district":11},"geometry":{"type":"Polygon","coordinates":[[[-87.73736099981028,41.77665500012819],[-87.73491300023471,41.776695000174186],[-87.73486199968153,41.77487399983528],[-87.72754500040139,41.77495499997332],[-87.72745299975611,41.77131700037933],[-87.73722299974162,41.77120100042589],[-87.73736099981028,41.77665500012819]]]}},{"type":"Feature","properties":{"JoinField":"CITY OF CHICAGO:Ward 13 Precinct 23","cd_district":6,"house_district":22,"senate_district":11,"bor_district":1,"ccc_district":11},"geometry":{"type":"Polygon","coordinates":[[[-87.79758399990163,41.78841900033666],[-87.79772500010864,41.79202800039195],[-87.78913200044144,41.792203000368204],[-87.78899599956571,41.7885579995521],[-87.79758399990163,41.78841900033666]]]}},{"type":"Feature","properties":{"JoinField":"CITY OF CHICAGO:Ward 13 Precinct 24","cd_district":4,"house_district":22,"senate_district":11,"bor_district":1,"ccc_district":11},"geometry":{"type":"Polygon","coordinates":[[[-87.77135299984104,41.77420499956111],[-87.77149600014025,41.77786200003135],[-87.76416800035292,41.77800500033055],[-87.76403000028427,41.77435800032151],[-87.77135299984104,41.77420499956111]]]}},{"type":"Feature","properties":{"JoinField":"CITY OF CHICAGO:Ward 13 Precinct 25","cd_district":4,"house_district":22,"senate_district":11,"bor_district":1,"ccc_district":11},"geometry":{"type":"Polygon","coordinates":[[[-87.74222800032192,41.7766049996211],[-87.74245099981374,41.78294399966592],[-87.74144700027881,41.78429900009883],[-87.74142200002524,41.78574200009331],[-87.73775600003933,41.78578200013925],[-87.73739699967177,41.778487000075074],[-87.73792199960059,41.77847999975222],[-87.73787099994667,41.77666000035879],[-87.74222800032192,41.7766049996211]]]}},{"type":"Feature","properties":{"JoinField":"CITY OF CHICAGO:Ward 13 Precinct 26","cd_district":4,"house_district":22,"senate_district":11,"bor_district":1,"ccc_district":11},"geometry":{"type":"Polygon","coordinates":[[[-87.76230199973747,41.79273599976665],[-87.7354150000022,41.79309700022645],[-87.73530200018712,41.78945400040186],[-87.73407900044549,41.789467000102036],[-87.73396799982328,41.785821000139094],[-87.74142200002524,41.78574200009331],[-87.74144700027881,41.78429900009883],[-87.74245099981374,41.78294399966592],[-87.74229299972211,41.778429000098356],[-87.7617149996475,41.778052999846125],[-87.76230199973747,41.79273599976665]]]}},{"type":"Feature","properties":{"JoinField":"CITY OF CHICAGO:Ward 13 Precinct 27","cd_district":4,"house_district":22,"senate_district":11,"bor_district":1,"ccc_district":7},"geometry":{"type":"Polygon","coordinates":[[[-87.72764499961698,41.77859899984401],[-87.72785100012351,41.78588600043861],[-87.72540699983313,41.78591199983896],[-87.72530499962602,41.78226699992217],[-87.72286300032715,41.78229600036019],[-87.72276000007389,41.77865799986688],[-87.72764499961698,41.77859899984401]]]}},{"type":"Feature","properties":{"JoinField":"CITY OF CHICAGO:Ward 13 Precinct 28","cd_district":4,"house_district":22,"senate_district":11,"bor_district":1,"ccc_district":11},"geometry":{"type":"Polygon","coordinates":[[[-87.73491300023471,41.776695000174186],[-87.73736099981028,41.77665500012819],[-87.73739699967177,41.778487000075074],[-87.72764499961698,41.77859899984401],[-87.72754500040139,41.77495499997332],[-87.73486199968153,41.77487399983528],[-87.73491300023471,41.776695000174186]]]}},{"type":"Feature","properties":{"JoinField":"CITY OF CHICAGO:Ward 13 Precinct 29","cd_district":4,"house_district":22,"senate_district":11,"bor_district":1,"ccc_district":11},"geometry":{"type":"Polygon","coordinates":[[[-87.73739699967177,41.778487000075074],[-87.73775600003933,41.78578200013925],[-87.73396799982328,41.785821000139094],[-87.73374500033145,41.77852900021327],[-87.73739699967177,41.778487000075074]]]}},{"type":"Feature","properties":{"JoinField":"CITY OF CHICAGO:Ward 13 Precinct 30","cd_district":6,"house_district":22,"senate_district":11,"bor_district":1,"ccc_district":11},"geometry":{"type":"Polygon","coordinates":[[[-87.77540899982546,41.78399699966184],[-87.77565100019348,41.7906339999592],[-87.77199599981549,41.79070899982054],[-87.77173600041607,41.78406700019195],[-87.77540899982546,41.78399699966184]]]}},{"type":"Feature","properties":{"JoinField":"CITY OF CHICAGO:Ward 13 Precinct 31","cd_district":6,"house_district":22,"senate_district":11,"bor_district":1,"ccc_district":11},"geometry":{"type":"Polygon","coordinates":[[[-87.79581700025432,41.77378199983946],[-87.79596800002315,41.77741099991778],[-87.79101800018054,41.77753000000956],[-87.79088600038858,41.7738609998853],[-87.79581700025432,41.77378199983946]]]}},{"type":"Feature","properties":{"JoinField":"CITY OF CHICAGO:Ward 13 Precinct 32","cd_district":4,"house_district":22,"senate_district":11,"bor_district":1,"ccc_district":11},"geometry":{"type":"Polygon","coordinates":[[[-87.763886999985,41.78555499956366],[-87.76571199960904,41.78532999997958],[-87.76582400027735,41.78899800005769],[-87.76704399988063,41.78897199975802],[-87.76718900027208,41.79263999983618],[-87.76230199973747,41.79273599976665],[-87.76200699962328,41.785019000026864],[-87.763886999985,41.78555499956366]]]}},{"type":"Feature","properties":{"JoinField":"CITY OF CHICAGO:Ward 13 Precinct 33","cd_district":4,"house_district":22,"senate_district":11,"bor_district":1,"ccc_district":11},"geometry":{"type":"Polygon","coordinates":[[[-87.77149600014025,41.77786200003135],[-87.77163600030116,41.781533000247805],[-87.76553200030156,41.78165100029349],[-87.7653879999562,41.77798200016923],[-87.77149600014025,41.77786200003135]]]}},{"type":"Feature","properties":{"JoinField":"CITY OF CHICAGO:Ward 13 Precinct 34","cd_district":6,"house_district":22,"senate_district":11,"bor_district":1,"ccc_district":11},"geometry":{"type":"Polygon","coordinates":[[[-87.7910079997194,41.777613000239796],[-87.7910150000422,41.77798800044593],[-87.79043600032111,41.777995999915504],[-87.79062399999759,41.7830350002651],[-87.79120199967252,41.783025999850054],[-87.79126599992594,41.783954000376866],[-87.78638699976017,41.783919999708246],[-87.786151999715,41.777605999917],[-87.7910079997194,41.777613000239796]]]}},{"type":"Feature","properties":{"JoinField":"CITY OF CHICAGO:Ward 13 Precinct 35","cd_district":6,"house_district":22,"senate_district":11,"bor_district":1,"ccc_district":11},"geometry":{"type":"Polygon","coordinates":[[[-87.77638099968334,41.777768000193134],[-87.77658600014377,41.78327100035642],[-87.77780699979314,41.783247000149004],[-87.77783500018506,41.78394399991572],[-87.77173600041607,41.78406700019195],[-87.77149600014025,41.77786200003135],[-87.77638099968334,41.777768000193134]]]}},{"type":"Feature","properties":{"JoinField":"CITY OF CHICAGO:Ward 13 Precinct 36","cd_district":4,"house_district":22,"senate_district":11,"bor_district":1,"ccc_district":11},"geometry":{"type":"Polygon","coordinates":[[[-87.7300750001611,41.77857100035146],[-87.73029999974517,41.78586200023119],[-87.72785100012351,41.78588600043861],[-87.72764499961698,41.77859899984401],[-87.7300750001611,41.77857100035146]]]}},{"type":"Feature","properties":{"JoinField":"CITY OF CHICAGO:Ward 13 Precinct 37","cd_district":6,"house_district":22,"senate_district":11,"bor_district":1,"ccc_district":11},"geometry":{"type":"Polygon","coordinates":[[[-87.8011760000723,41.78373800030852],[-87.80152800011706,41.79193899988496],[-87.79772500010864,41.79202800039195],[-87.79758399990163,41.78841900033666],[-87.796321000114,41.78844000040573],[-87.79625099958395,41.7838520001697],[-87.8011760000723,41.78373800030852]]]}},{"type":"Feature","properties":{"JoinField":"CITY OF CHICAGO:Ward 13 Precinct 38","cd_district":4,"house_district":22,"senate_district":11,"bor_district":1,"ccc_district":11},"geometry":{"type":"Polygon","coordinates":[[[-87.76403000028427,41.77435800032151],[-87.76416800035292,41.77800500033055],[-87.7653879999562,41.77798200016923],[-87.76553200030156,41.78165100029349],[-87.76187299973913,41.78172199997039],[-87.76158299985553,41.77438799990631],[-87.76403000028427,41.77435800032151]]]}},{"type":"Feature","properties":{"JoinField":"CITY OF CHICAGO:Ward 13 Precinct 39","cd_district":6,"house_district":22,"senate_district":11,"bor_district":1,"ccc_district":11},"geometry":{"type":"Polygon","coordinates":[[[-87.78149499989428,41.78388900007735],[-87.78167099991668,41.78867699964388],[-87.77557999961726,41.78880200001237],[-87.77540899982546,41.78399699966184],[-87.78149499989428,41.78388900007735]]]}},{"type":"Feature","properties":{"JoinField":"CITY OF CHICAGO:Ward 13 Precinct 40","cd_district":6,"house_district":22,"senate_district":11,"bor_district":1,"ccc_district":16},"geometry":{"type":"Polygon","coordinates":[[[-87.78167099991668,41.78867699964388],[-87.781805999847,41.792348999906494],[-87.7720660003456,41.792541999813466],[-87.77199599981549,41.79070899982054],[-87.77565100019348,41.7906339999592],[-87.77557999961726,41.78880200001237],[-87.78167099991668,41.78867699964388]]]}},{"type":"Feature","properties":{"JoinField":"CITY OF CHICAGO:Ward 14 Precinct 01","cd_district":7,"house_district":1,"senate_district":1,"bor_district":3,"ccc_district":7},"geometry":{"type":"Polygon","coordinates":[[[-87.71023799998369,41.77155799980193],[-87.71032300030618,41.77520699990316],[-87.71264000013588,41.77516999999557],[-87.71268300032017,41.776986000103875],[-87.70309499973439,41.777144000195506],[-87.70313699987258,41.77897300000399],[-87.7019180003154,41.77898999988861],[-87.70172000017783,41.771691999686084],[-87.71023799998369,41.77155799980193]]]}},{"type":"Feature","properties":{"JoinField":"CITY OF CHICAGO:Ward 14 Precinct 02","cd_district":4,"house_district":1,"senate_district":1,"bor_district":1,"ccc_district":7},"geometry":{"type":"Polygon","coordinates":[[[-87.7382070001529,41.80768400021651],[-87.73858200035897,41.82054000042075],[-87.72826200019114,41.823633000062955],[-87.72438699956035,41.82494600035767],[-87.7241070001379,41.825285999849086],[-87.7235870004397,41.807884000446336],[-87.7382070001529,41.80768400021651]]]}},{"type":"Feature","properties":{"JoinField":"CITY OF CHICAGO:Ward 14 Precinct 03","cd_district":4,"house_district":1,"senate_district":1,"bor_district":1,"ccc_district":7},"geometry":{"type":"Polygon","coordinates":[[[-87.71339900006376,41.79336199985647],[-87.70355400021691,41.793513999671404],[-87.703454000102,41.78988400044631],[-87.71331499978737,41.78974600037765],[-87.71339900006376,41.79336199985647]]]}},{"type":"Feature","properties":{"JoinField":"CITY OF CHICAGO:Ward 14 Precinct 04","cd_district":4,"house_district":1,"senate_district":1,"bor_district":1,"ccc_district":7},"geometry":{"type":"Polygon","coordinates":[[[-87.70313699987258,41.77897300000399],[-87.70334899975649,41.78624800004519],[-87.7009109997428,41.78628599999894],[-87.70080500025051,41.78264700035885],[-87.7020239998077,41.78262500024363],[-87.7019180003154,41.77898999988861],[-87.70313699987258,41.77897300000399]]]}},{"type":"Feature","properties":{"JoinField":"CITY OF CHICAGO:Ward 14 Precinct 05","cd_district":4,"house_district":1,"senate_district":1,"bor_district":1,"ccc_district":7},"geometry":{"type":"Polygon","coordinates":[[[-87.70334899975649,41.78624800004519],[-87.70355400021691,41.793513999671404],[-87.6962400001758,41.793648999601714],[-87.69613599987645,41.790007999869374],[-87.69857700002848,41.789964999685026],[-87.69847099963687,41.786327000091035],[-87.70334899975649,41.78624800004519]]]}},{"type":"Feature","properties":{"JoinField":"CITY OF CHICAGO:Ward 14 Precinct 06","cd_district":4,"house_district":1,"senate_district":1,"bor_district":1,"ccc_district":7},"geometry":{"type":"Polygon","coordinates":[[[-87.71339900006376,41.79336199985647],[-87.71378099969337,41.80799300007692],[-87.70397499984631,41.808115000307055],[-87.70355400021691,41.793513999671404],[-87.71339900006376,41.79336199985647]]]}},{"type":"Feature","properties":{"JoinField":"CITY OF CHICAGO:Ward 14 Precinct 07","cd_district":4,"house_district":1,"senate_district":1,"bor_district":1,"ccc_district":7},"geometry":{"type":"Polygon","coordinates":[[[-87.74303399971927,41.80032599994502],[-87.74312700041071,41.803969999815706],[-87.73938999984858,41.804020000322794],[-87.7394889999174,41.807669000424085],[-87.73094599985797,41.80777900010082],[-87.73072400041224,41.800570999552065],[-87.74303399971927,41.80032599994502]]]}},{"type":"Feature","properties":{"JoinField":"CITY OF CHICAGO:Ward 14 Precinct 08","cd_district":4,"house_district":1,"senate_district":1,"bor_district":1,"ccc_district":7},"geometry":{"type":"Polygon","coordinates":[[[-87.73072000022779,41.80042900019828],[-87.73094599985797,41.80777900010082],[-87.7235870004397,41.807884000446336],[-87.72337299956422,41.80054600019781],[-87.73072000022779,41.80042900019828]]]}},{"type":"Feature","properties":{"JoinField":"CITY OF CHICAGO:Ward 14 Precinct 09","cd_district":4,"house_district":1,"senate_district":1,"bor_district":1,"ccc_district":7},"geometry":{"type":"Polygon","coordinates":[[[-87.7128000003197,41.78064599981309],[-87.71289700029627,41.78609700027641],[-87.70334899975649,41.78624800004519],[-87.70318800042583,41.78079500038899],[-87.7128000003197,41.78064599981309]]]}},{"type":"Feature","properties":{"JoinField":"CITY OF CHICAGO:Ward 14 Precinct 10","cd_district":4,"house_district":1,"senate_district":1,"bor_district":1,"ccc_district":7},"geometry":{"type":"Polygon","coordinates":[[[-87.70355400021691,41.793513999671404],[-87.70404600042252,41.80993899988499],[-87.70158700033977,41.809977999884836],[-87.70153599978653,41.80816599996098],[-87.6942049998608,41.808280999868316],[-87.69400000029975,41.80098899994243],[-87.69766300014732,41.80092599973517],[-87.69746099982524,41.79362700038581],[-87.70355400021691,41.793513999671404]]]}},{"type":"Feature","properties":{"JoinField":"CITY OF CHICAGO:Ward 14 Precinct 11","cd_district":4,"house_district":1,"senate_district":1,"bor_district":1,"ccc_district":7},"geometry":{"type":"Polygon","coordinates":[[[-87.69379799997768,41.79369099973991],[-87.69400000029975,41.80098899994243],[-87.68546699980214,41.80113400033389],[-87.68528000017182,41.795222000195224],[-87.68896199999625,41.79515199966511],[-87.68893100036536,41.79378300038519],[-87.69379799997768,41.79369099973991]]]}},{"type":"Feature","properties":{"JoinField":"CITY OF CHICAGO:Ward 14 Precinct 12","cd_district":4,"house_district":1,"senate_district":1,"bor_district":1,"ccc_district":7},"geometry":{"type":"Polygon","coordinates":[[[-87.71311999978815,41.78609200004581],[-87.71331499978737,41.78974600037765],[-87.703454000102,41.78988400044631],[-87.70334899975649,41.78624800004519],[-87.71311999978815,41.78609200004581]]]}},{"type":"Feature","properties":{"JoinField":"CITY OF CHICAGO:Ward 14 Precinct 13","cd_district":4,"house_district":1,"senate_district":1,"bor_district":1,"ccc_district":7},"geometry":{"type":"Polygon","coordinates":[[[-87.72209600003032,41.80056900035913],[-87.72337299956422,41.80054600019781],[-87.7241070001379,41.825285999849086],[-87.72380699979317,41.82509500003425],[-87.71444999996748,41.82808300023032],[-87.71428599959916,41.825663000147415],[-87.71431800017552,41.82145100016356],[-87.71402500015358,41.81177500001627],[-87.7136580003164,41.80573100008564],[-87.71361400008601,41.8006879995516],[-87.71600599977705,41.8006539997823],[-87.7160049997309,41.8002390004296],[-87.72090700005799,41.80016699980723],[-87.7220850004224,41.80015300006096],[-87.72209600003032,41.80056900035913]]]}},{"type":"Feature","properties":{"JoinField":"CITY OF CHICAGO:Ward 14 Precinct 14","cd_district":4,"house_district":1,"senate_district":1,"bor_district":1,"ccc_district":7},"geometry":{"type":"Polygon","coordinates":[[[-87.69746099982524,41.79362700038581],[-87.69766300014732,41.80092599973517],[-87.69400000029975,41.80098899994243],[-87.69379799997768,41.79369099973991],[-87.69746099982524,41.79362700038581]]]}},{"type":"Feature","properties":{"JoinField":"CITY OF CHICAGO:Ward 14 Precinct 15","cd_district":4,"house_district":1,"senate_district":1,"bor_district":1,"ccc_district":7},"geometry":{"type":"Polygon","coordinates":[[[-87.71268300032017,41.776986000103875],[-87.7128000003197,41.78064599981309],[-87.70318800042583,41.78079500038899],[-87.70309499973439,41.777144000195506],[-87.71268300032017,41.776986000103875]]]}},{"type":"Feature","properties":{"JoinField":"CITY OF CHICAGO:Ward 15 Precinct 01","cd_district":7,"house_district":6,"senate_district":3,"bor_district":3,"ccc_district":11},"geometry":{"type":"Polygon","coordinates":[[[-87.64067900013572,41.80895200023468],[-87.64081800025048,41.81443799961403],[-87.64119100036436,41.81443100019055],[-87.64120300001838,41.81488599958925],[-87.63747199973295,41.814956000119366],[-87.6375159999634,41.816322000160255],[-87.63599600001533,41.8163499996528],[-87.63583899996985,41.8090460000729],[-87.64067900013572,41.80895200023468]]]}},{"type":"Feature","properties":{"JoinField":"CITY OF CHICAGO:Ward 15 Precinct 02","cd_district":7,"house_district":6,"senate_district":3,"bor_district":3,"ccc_district":11},"geometry":{"type":"Polygon","coordinates":[[[-87.64553800027846,41.80886399977385],[-87.64569200018565,41.81481700000461],[-87.64120300001838,41.81488599958925],[-87.64119100036436,41.81443100019055],[-87.64081800025048,41.81443799961403],[-87.64067900013572,41.80895200023468],[-87.64553800027846,41.80886399977385]]]}},{"type":"Feature","properties":{"JoinField":"CITY OF CHICAGO:Ward 15 Precinct 03","cd_district":7,"house_district":6,"senate_district":3,"bor_district":3,"ccc_district":11},"geometry":{"type":"Polygon","coordinates":[[[-87.64543199988685,41.80493999958139],[-87.64553800027846,41.80886399977385],[-87.64067900013572,41.80895200023468],[-87.64064799960545,41.80537299976419],[-87.64048800032094,41.805293999718344],[-87.64127499974143,41.80502499990388],[-87.64299599996536,41.804924999788966],[-87.64543199988685,41.80493999958139]]]}},{"type":"Feature","properties":{"JoinField":"CITY OF CHICAGO:Ward 15 Precinct 04","cd_district":4,"house_district":24,"senate_district":12,"bor_district":1,"ccc_district":7},"geometry":{"type":"Polygon","coordinates":[[[-87.66861100039733,41.808568999659656],[-87.66880600039656,41.815839000369635],[-87.66514799988028,41.815871000046684],[-87.66506399960389,41.81222199994539],[-87.64563400020893,41.81249299985211],[-87.64553800027846,41.80886399977385],[-87.66861100039733,41.808568999659656]]]}},{"type":"Feature","properties":{"JoinField":"CITY OF CHICAGO:Ward 15 Precinct 05","cd_district":4,"house_district":24,"senate_district":12,"bor_district":1,"ccc_district":7},"geometry":{"type":"Polygon","coordinates":[[[-87.67495499977338,41.8103229996068],[-87.6723039998297,41.81035600022926],[-87.67244900022115,41.81580699979327],[-87.66880600039656,41.815839000369635],[-87.66861100039733,41.808568999659656],[-87.67494500021155,41.80850700039781],[-87.67495499977338,41.8103229996068]]]}},{"type":"Feature","properties":{"JoinField":"CITY OF CHICAGO:Ward 15 Precinct 06","cd_district":4,"house_district":6,"senate_district":3,"bor_district":1,"ccc_district":7},"geometry":{"type":"Polygon","coordinates":[[[-87.67702800004213,41.804847999835374],[-87.67711999978815,41.80850300021336],[-87.66739500007913,41.80858200025915],[-87.66730500042542,41.80494099962749],[-87.67702800004213,41.804847999835374]]]}},{"type":"Feature","properties":{"JoinField":"CITY OF CHICAGO:Ward 15 Precinct 07","cd_district":4,"house_district":1,"senate_district":1,"bor_district":3,"ccc_district":7},"geometry":{"type":"Polygon","coordinates":[[[-87.6797260003546,41.80463099972093],[-87.67901499994224,41.804824999674054],[-87.66973500007015,41.80491800036549],[-87.66969199988586,41.80309800007268],[-87.6727299996897,41.803069999680815],[-87.67268300022027,41.80124900024123],[-87.67964100003206,41.80116800010319],[-87.6797260003546,41.80463099972093]]]}},{"type":"Feature","properties":{"JoinField":"CITY OF CHICAGO:Ward 15 Precinct 08","cd_district":4,"house_district":1,"senate_district":1,"bor_district":1,"ccc_district":7},"geometry":{"type":"Polygon","coordinates":[[[-87.68360300017827,41.79882700006607],[-87.68374999976265,41.804638000043724],[-87.69409900036851,41.804530999606015],[-87.6942049998608,41.808280999868316],[-87.67949000026329,41.80845899998292],[-87.67901499994224,41.804824999674054],[-87.6797260003546,41.80463099972093],[-87.67960500017057,41.798856999650866],[-87.68360300017827,41.79882700006607]]]}},{"type":"Feature","properties":{"JoinField":"CITY OF CHICAGO:Ward 15 Precinct 09","cd_district":4,"house_district":1,"senate_district":1,"bor_district":1,"ccc_district":7},"geometry":{"type":"Polygon","coordinates":[[[-87.68893100036536,41.79378300038519],[-87.68896199999625,41.79515199966511],[-87.68528000017182,41.795222000195224],[-87.68546699980214,41.80113400033389],[-87.69400000029975,41.80098899994243],[-87.69409900036851,41.804530999606015],[-87.68374999976265,41.804638000043724],[-87.68347799980978,41.793853000015986],[-87.68893100036536,41.79378300038519]]]}},{"type":"Feature","properties":{"JoinField":"CITY OF CHICAGO:Ward 15 Precinct 10","cd_district":7,"house_district":1,"senate_district":1,"bor_district":1,"ccc_district":11},"geometry":{"type":"Polygon","coordinates":[[[-87.68871800043536,41.78648700027492],[-87.68893100036536,41.79378300038519],[-87.67881499971242,41.79386799980841],[-87.67880600019669,41.79349999992513],[-87.679934000054,41.793488000271054],[-87.68020199982237,41.79134600041766],[-87.68008399977674,41.78655199967511],[-87.68110800023396,41.78654100006713],[-87.68115100041831,41.78836499964507],[-87.68451099978279,41.788380000336815],[-87.68447499992129,41.78701100015758],[-87.68506900033407,41.78700099969643],[-87.68505699978067,41.786545000251635],[-87.68871800043536,41.78648700027492]]]}},{"type":"Feature","properties":{"JoinField":"CITY OF CHICAGO:Ward 15 Precinct 11","cd_district":4,"house_district":1,"senate_district":1,"bor_district":1,"ccc_district":7},"geometry":{"type":"Polygon","coordinates":[[[-87.69613599987645,41.790007999869374],[-87.6962400001758,41.793648999601714],[-87.68893100036536,41.79378300038519],[-87.68881899969705,41.790134000283956],[-87.69613599987645,41.790007999869374]]]}},{"type":"Feature","properties":{"JoinField":"CITY OF CHICAGO:Ward 15 Precinct 12","cd_district":4,"house_district":1,"senate_district":1,"bor_district":1,"ccc_district":7},"geometry":{"type":"Polygon","coordinates":[[[-87.69847099963687,41.786327000091035],[-87.69857700002848,41.789964999685026],[-87.68881899969705,41.790134000283956],[-87.68871800043536,41.78648700027492],[-87.69847099963687,41.786327000091035]]]}},{"type":"Feature","properties":{"JoinField":"CITY OF CHICAGO:Ward 15 Precinct 13","cd_district":4,"house_district":1,"senate_district":1,"bor_district":1,"ccc_district":11},"geometry":{"type":"Polygon","coordinates":[[[-87.69826600007582,41.77904399968088],[-87.69836800028293,41.78268400026644],[-87.69776100016998,41.78269299978217],[-87.69780899968555,41.784515000167175],[-87.69785099982374,41.78587700002356],[-87.6984569998906,41.78587099974692],[-87.69847099963687,41.786327000091035],[-87.6935949996095,41.786407000182976],[-87.69358199990933,41.78595500002331],[-87.69419000006843,41.785947999700454],[-87.69405500013812,41.7809300003193],[-87.69401600013828,41.77958100016309],[-87.69340799997917,41.779591999771014],[-87.69339200014065,41.77911600030325],[-87.69826600007582,41.77904399968088]]]}},{"type":"Feature","properties":{"JoinField":"CITY OF CHICAGO:Ward 15 Precinct 14","cd_district":4,"house_district":1,"senate_district":1,"bor_district":1,"ccc_district":7},"geometry":{"type":"Polygon","coordinates":[[[-87.7019180003154,41.77898999988861],[-87.7020239998077,41.78262500024363],[-87.70080500025051,41.78264700035885],[-87.7009109997428,41.78628599999894],[-87.69847099963687,41.786327000091035],[-87.6984569998906,41.78587099974692],[-87.69785099982374,41.78587700002356],[-87.69780899968555,41.784515000167175],[-87.69776100016998,41.78269299978217],[-87.69836800028293,41.78268400026644],[-87.69826600007582,41.77904399968088],[-87.7019180003154,41.77898999988861]]]}},{"type":"Feature","properties":{"JoinField":"CITY OF CHICAGO:Ward 15 Precinct 15","cd_district":7,"house_district":32,"senate_district":16,"bor_district":3,"ccc_district":7},"geometry":{"type":"Polygon","coordinates":[[[-87.70172000017783,41.771691999686084],[-87.7019180003154,41.77898999988861],[-87.69826600007582,41.77904399968088],[-87.69808299973062,41.771748999616705],[-87.70172000017783,41.771691999686084]]]}},{"type":"Feature","properties":{"JoinField":"CITY OF CHICAGO:Ward 15 Precinct 16","cd_district":7,"house_district":32,"senate_district":16,"bor_district":1,"ccc_district":11},"geometry":{"type":"Polygon","coordinates":[[[-87.69808299973062,41.771748999616705],[-87.69826600007582,41.77904399968088],[-87.69339200014065,41.77911600030325],[-87.6932059996571,41.771824000377364],[-87.69808299973062,41.771748999616705]]]}},{"type":"Feature","properties":{"JoinField":"CITY OF CHICAGO:Ward 15 Precinct 17","cd_district":7,"house_district":6,"senate_district":3,"bor_district":3,"ccc_district":2},"geometry":{"type":"Polygon","coordinates":[[[-87.68020199982237,41.79134600041766],[-87.679934000054,41.793488000271054],[-87.67880600019669,41.79349999992513],[-87.67881499971242,41.79386799980841],[-87.67551999974813,41.793904999716005],[-87.67546199977141,41.79208000009197],[-87.66696900021913,41.792182000299135],[-87.66681999964322,41.786718000135636],[-87.68008399977674,41.78655199967511],[-87.68020199982237,41.79134600041766]]]}},{"type":"Feature","properties":{"JoinField":"CITY OF CHICAGO:Ward 15 Precinct 18","cd_district":7,"house_district":6,"senate_district":3,"bor_district":3,"ccc_district":2},"geometry":{"type":"Polygon","coordinates":[[[-87.67149400024789,41.77935100034841],[-87.6716710003164,41.78665700002057],[-87.66560700036274,41.78673299992806],[-87.66545999987903,41.77943499972548],[-87.67149400024789,41.77935100034841]]]}},{"type":"Feature","properties":{"JoinField":"CITY OF CHICAGO:Ward 15 Precinct 19","cd_district":7,"house_district":6,"senate_district":3,"bor_district":3,"ccc_district":2},"geometry":{"type":"Polygon","coordinates":[[[-87.67135099994863,41.77392200000037],[-87.67149400024789,41.77935100034841],[-87.66545999987903,41.77943499972548],[-87.66543599967162,41.77763600040117],[-87.66417099979179,41.77765500037799],[-87.66406999963073,41.77401299970023],[-87.67135099994863,41.77392200000037]]]}},{"type":"Feature","properties":{"JoinField":"CITY OF CHICAGO:Ward 15 Precinct 20","cd_district":4,"house_district":23,"senate_district":12,"bor_district":1,"ccc_district":7},"geometry":{"type":"Polygon","coordinates":[[[-87.68932399960283,41.8083599999141],[-87.6894269998561,41.81199200013077],[-87.68701400009599,41.81203100013062],[-87.68711200011865,41.81565700007053],[-87.68407200022261,41.81570300039323],[-87.68387400008498,41.808416999844724],[-87.68932399960283,41.8083599999141]]]}},{"type":"Feature","properties":{"JoinField":"CITY OF CHICAGO:Ward 16 Precinct 01","cd_district":7,"house_district":6,"senate_district":3,"bor_district":3,"ccc_district":2},"geometry":{"type":"Polygon","coordinates":[[[-87.65706799958849,41.78503199972704],[-87.65729200002573,41.79376200031612],[-87.65972099962437,41.7937329998781],[-87.65972299971662,41.79384499964709],[-87.6487940002429,41.79388399964694],[-87.64857199989785,41.78515199986498],[-87.65706799958849,41.78503199972704]]]}},{"type":"Feature","properties":{"JoinField":"CITY OF CHICAGO:Ward 16 Precinct 02","cd_district":7,"house_district":6,"senate_district":3,"bor_district":3,"ccc_district":11},"geometry":{"type":"Polygon","coordinates":[[[-87.66943399967931,41.79360300017839],[-87.66964500041638,41.801275999687675],[-87.66477599981249,41.80131799982587],[-87.66457500043589,41.793664000293404],[-87.66943399967931,41.79360300017839]]]}},{"type":"Feature","properties":{"JoinField":"CITY OF CHICAGO:Ward 16 Precinct 03","cd_district":7,"house_district":6,"senate_district":3,"bor_district":3,"ccc_district":2},"geometry":{"type":"Polygon","coordinates":[[[-87.67879299959719,41.77564100013211],[-87.67849000001343,41.779247000049054],[-87.67871599964366,41.786568999559734],[-87.6716710003164,41.78665700002057],[-87.67139900036352,41.775738000108674],[-87.67879299959719,41.77564100013211]]]}},{"type":"Feature","properties":{"JoinField":"CITY OF CHICAGO:Ward 16 Precinct 04","cd_district":7,"house_district":32,"senate_district":16,"bor_district":3,"ccc_district":2},"geometry":{"type":"Polygon","coordinates":[[[-87.67861999971319,41.768385000067724],[-87.6787149995975,41.77201500019214],[-87.66402100006906,41.772192000260645],[-87.66396800032294,41.77037199996789],[-87.67245899978298,41.77027199985298],[-87.6724120003135,41.76845699979077],[-87.67861999971319,41.768385000067724]]]}},{"type":"Feature","properties":{"JoinField":"CITY OF CHICAGO:Ward 16 Precinct 05","cd_district":7,"house_district":6,"senate_district":3,"bor_district":3,"ccc_district":2},"geometry":{"type":"Polygon","coordinates":[[[-87.66560700036274,41.78673299992806],[-87.66681999964322,41.786718000135636],[-87.66696900021913,41.792182000299135],[-87.66453899967507,41.79220699965339],[-87.66457500043589,41.793664000293404],[-87.65729200002573,41.79376200031612],[-87.65706799958849,41.78503199972704],[-87.66556600027064,41.78491399968141],[-87.66560700036274,41.78673299992806]]]}},{"type":"Feature","properties":{"JoinField":"CITY OF CHICAGO:Ward 16 Precinct 06","cd_district":7,"house_district":6,"senate_district":3,"bor_district":3,"ccc_district":2},"geometry":{"type":"Polygon","coordinates":[[[-87.68334299987953,41.76833200032161],[-87.68369099973978,41.781054999788466],[-87.68115599974954,41.781057999926816],[-87.68109100034934,41.77921300027981],[-87.67849000001343,41.779247000049054],[-87.67881699980467,41.77593500020015],[-87.67861999971319,41.768385000067724],[-87.68334299987953,41.76833200032161]]]}},{"type":"Feature","properties":{"JoinField":"CITY OF CHICAGO:Ward 16 Precinct 07","cd_district":7,"house_district":6,"senate_district":3,"bor_district":3,"ccc_district":11},"geometry":{"type":"Polygon","coordinates":[[[-87.67551999974813,41.793904999716005],[-87.68347799980978,41.793853000015986],[-87.68360300017827,41.79882700006607],[-87.67960500017057,41.798856999650866],[-87.67964100003206,41.80116800010319],[-87.67450699979815,41.8012330004027],[-87.67428300026023,41.7935549997635],[-87.67550299986351,41.793539999971074],[-87.67551999974813,41.793904999716005]]]}},{"type":"Feature","properties":{"JoinField":"CITY OF CHICAGO:Ward 16 Precinct 08","cd_district":7,"house_district":6,"senate_district":3,"bor_district":3,"ccc_district":11},"geometry":{"type":"Polygon","coordinates":[[[-87.67428300026023,41.7935549997635],[-87.67450699979815,41.8012330004027],[-87.66964500041638,41.801275999687675],[-87.66943399967931,41.79360300017839],[-87.67428300026023,41.7935549997635]]]}},{"type":"Feature","properties":{"JoinField":"CITY OF CHICAGO:Ward 16 Precinct 09","cd_district":7,"house_district":6,"senate_district":3,"bor_district":3,"ccc_district":2},"geometry":{"type":"Polygon","coordinates":[[[-87.66545999987903,41.77943499972548],[-87.66556600027064,41.78491399968141],[-87.65464100008205,41.78506400030341],[-87.6545019999673,41.77960799960954],[-87.66545999987903,41.77943499972548]]]}},{"type":"Feature","properties":{"JoinField":"CITY OF CHICAGO:Ward 16 Precinct 10","cd_district":7,"house_district":6,"senate_district":3,"bor_district":3,"ccc_district":2},"geometry":{"type":"Polygon","coordinates":[[[-87.66396800032294,41.77037199996789],[-87.66417099979179,41.77765500037799],[-87.66543599967162,41.77763600040117],[-87.66545999987903,41.77943499972548],[-87.65936100011004,41.779543000209344],[-87.65911400041074,41.77044199959863],[-87.66396800032294,41.77037199996789]]]}},{"type":"Feature","properties":{"JoinField":"CITY OF CHICAGO:Ward 16 Precinct 11","cd_district":7,"house_district":6,"senate_district":3,"bor_district":3,"ccc_district":2},"geometry":{"type":"Polygon","coordinates":[[[-87.6543550003829,41.77415399990724],[-87.65445200035947,41.77779200040055],[-87.6593109996029,41.77772199987044],[-87.65936100011004,41.779543000209344],[-87.64841900003677,41.779678000139654],[-87.64828600019871,41.77423900022973],[-87.6543550003829,41.77415399990724]]]}},{"type":"Feature","properties":{"JoinField":"CITY OF CHICAGO:Ward 16 Precinct 12","cd_district":7,"house_district":6,"senate_district":3,"bor_district":3,"ccc_district":2},"geometry":{"type":"Polygon","coordinates":[[[-87.66457500043589,41.793664000293404],[-87.66477599981249,41.80131799982587],[-87.6599179997159,41.801382000079286],[-87.65990900020017,41.800927999827366],[-87.66050299971363,41.800924999689016],[-87.66038499966794,41.795911999639145],[-87.66099199978095,41.795904000169514],[-87.66094600035757,41.79408700001511],[-87.65972899999332,41.794099999715286],[-87.65972099962437,41.7937329998781],[-87.66457500043589,41.793664000293404]]]}},{"type":"Feature","properties":{"JoinField":"CITY OF CHICAGO:Ward 16 Precinct 13","cd_district":7,"house_district":6,"senate_district":3,"bor_district":3,"ccc_district":2},"geometry":{"type":"Polygon","coordinates":[[[-87.67546199977141,41.79208000009197],[-87.67550299986351,41.793539999971074],[-87.66457500043589,41.793664000293404],[-87.66453899967507,41.79220699965339],[-87.67546199977141,41.79208000009197]]]}},{"type":"Feature","properties":{"JoinField":"CITY OF CHICAGO:Ward 16 Precinct 14","cd_district":7,"house_district":32,"senate_district":16,"bor_district":3,"ccc_district":2},"geometry":{"type":"Polygon","coordinates":[[[-87.65411600015324,41.765057000380295],[-87.6543550003829,41.77415399990724],[-87.647074000065,41.77425600011435],[-87.64684100011203,41.76516499996484],[-87.65411600015324,41.765057000380295]]]}},{"type":"Feature","properties":{"JoinField":"CITY OF CHICAGO:Ward 16 Precinct 15","cd_district":7,"house_district":6,"senate_district":3,"bor_district":3,"ccc_district":2},"geometry":{"type":"Polygon","coordinates":[[[-87.65486499961997,41.793802000362064],[-87.65495800031141,41.79780999993159],[-87.6404729996292,41.79797600039217],[-87.64031899972201,41.79403200017674],[-87.65462100005908,41.79380000026987],[-87.65486499961997,41.793802000362064]]]}},{"type":"Feature","properties":{"JoinField":"CITY OF CHICAGO:Ward 16 Precinct 16","cd_district":7,"house_district":6,"senate_district":3,"bor_district":3,"ccc_district":2},"geometry":{"type":"Polygon","coordinates":[[[-87.64857199989785,41.78515199986498],[-87.6487940002429,41.79388399964694],[-87.64031899972201,41.79403200017674],[-87.63968200002427,41.79303800020358],[-87.6402300001144,41.792009999561856],[-87.64017100009153,41.78710700008804],[-87.6449690001192,41.78702499990385],[-87.64491999965821,41.785204999611096],[-87.64857199989785,41.78515199986498]]]}},{"type":"Feature","properties":{"JoinField":"CITY OF CHICAGO:Ward 16 Precinct 17","cd_district":7,"house_district":6,"senate_district":3,"bor_district":1,"ccc_district":2},"geometry":{"type":"Polygon","coordinates":[[[-87.69329800030243,41.77542700015596],[-87.69339200014065,41.77911600030325],[-87.69095900035757,41.77915300021084],[-87.69097200005774,41.77962699958641],[-87.69036199980638,41.77963600000146],[-87.69039999976013,41.78098500015767],[-87.68369099973978,41.781054999788466],[-87.6835480003399,41.77559899999392],[-87.69329800030243,41.77542700015596]]]}},{"type":"Feature","properties":{"JoinField":"CITY OF CHICAGO:Ward 16 Precinct 18","cd_district":7,"house_district":6,"senate_district":3,"bor_district":3,"ccc_district":2},"geometry":{"type":"Polygon","coordinates":[[[-87.6932059996571,41.771824000377364],[-87.69329800030243,41.77542700015596],[-87.6835480003399,41.77559899999392],[-87.68344400004054,41.77197800028455],[-87.6932059996571,41.771824000377364]]]}},{"type":"Feature","properties":{"JoinField":"CITY OF CHICAGO:Ward 16 Precinct 19","cd_district":7,"house_district":6,"senate_district":3,"bor_district":1,"ccc_district":11},"geometry":{"type":"Polygon","coordinates":[[[-87.68109100034934,41.77921300027981],[-87.68115599974954,41.781057999926816],[-87.69039999976013,41.78098500015767],[-87.69036199980638,41.77963600000146],[-87.69097200005774,41.77962699958641],[-87.6911059999419,41.784623999797816],[-87.68745000041713,41.784681999774534],[-87.6874979999327,41.78650400015954],[-87.68505699978067,41.786545000251635],[-87.68506900033407,41.78700099969643],[-87.68447499992129,41.78701100015758],[-87.68451099978279,41.788380000336815],[-87.68115100041831,41.78836499964507],[-87.68110800023396,41.78654100006713],[-87.67871599964366,41.786568999559734],[-87.67849000001343,41.779247000049054],[-87.68109100034934,41.77921300027981]]]}},{"type":"Feature","properties":{"JoinField":"CITY OF CHICAGO:Ward 16 Precinct 20","cd_district":1,"house_district":6,"senate_district":3,"bor_district":3,"ccc_district":2},"geometry":{"type":"Polygon","coordinates":[[[-87.64684100011203,41.76516499996484],[-87.647074000065,41.77425600011435],[-87.64828600019871,41.77423900022973],[-87.64841900003677,41.779678000139654],[-87.64478599977406,41.7797509999088],[-87.64476999993553,41.779061999611656],[-87.64084899988143,41.779080000441695],[-87.64077400002003,41.77616199987642],[-87.64270900022012,41.77614099980735],[-87.64261300028971,41.77250500030556],[-87.64325700031026,41.772493999798314],[-87.64320799984927,41.770678999736106],[-87.64455199977493,41.77065400038185],[-87.64441299966018,41.765202999918586],[-87.64684100011203,41.76516499996484]]]}},{"type":"Feature","properties":{"JoinField":"CITY OF CHICAGO:Ward 16 Precinct 21","cd_district":7,"house_district":6,"senate_district":3,"bor_district":3,"ccc_district":2},"geometry":{"type":"Polygon","coordinates":[[[-87.6545019999673,41.77960799960954],[-87.65464100008205,41.78506400030341],[-87.64491999965821,41.785204999611096],[-87.64478599977406,41.7797509999088],[-87.6545019999673,41.77960799960954]]]}},{"type":"Feature","properties":{"JoinField":"CITY OF CHICAGO:Ward 16 Precinct 22","cd_district":7,"house_district":6,"senate_district":3,"bor_district":3,"ccc_district":2},"geometry":{"type":"Polygon","coordinates":[[[-87.6881840000915,41.76643800021361],[-87.68823699983761,41.76825699956095],[-87.69312000018783,41.768177000368325],[-87.6932059996571,41.771824000377364],[-87.68344400004054,41.77197800028455],[-87.68334299987953,41.76833200032161],[-87.68202700034573,41.76834900020623],[-87.68197699983864,41.76653600023627],[-87.6881840000915,41.76643800021361]]]}},{"type":"Feature","properties":{"JoinField":"CITY OF CHICAGO:Ward 16 Precinct 23","cd_district":4,"house_district":1,"senate_district":1,"bor_district":1,"ccc_district":7},"geometry":{"type":"Polygon","coordinates":[[[-87.69340799997917,41.779591999771014],[-87.69401600013828,41.77958100016309],[-87.69419000006843,41.785947999700454],[-87.69358199990933,41.78595500002331],[-87.6935949996095,41.786407000182976],[-87.6874979999327,41.78650400015954],[-87.68745000041713,41.784681999774534],[-87.6911059999419,41.784623999797816],[-87.69095900035757,41.77915300021084],[-87.69339200014065,41.77911600030325],[-87.69340799997917,41.779591999771014]]]}},{"type":"Feature","properties":{"JoinField":"CITY OF CHICAGO:Ward 16 Precinct 24","cd_district":7,"house_district":6,"senate_district":3,"bor_district":3,"ccc_district":2},"geometry":{"type":"Polygon","coordinates":[[[-87.67879299959719,41.77564100013211],[-87.67139900036352,41.775738000108674],[-87.67135099994863,41.77392200000037],[-87.66406999963073,41.77401299970023],[-87.66402100006906,41.772192000260645],[-87.6787149995975,41.77201500019214],[-87.67879299959719,41.77564100013211]]]}},{"type":"Feature","properties":{"JoinField":"CITY OF CHICAGO:Ward 16 Precinct 25","cd_district":7,"house_district":6,"senate_district":3,"bor_district":3,"ccc_district":2},"geometry":{"type":"Polygon","coordinates":[[[-87.64478599977406,41.7797509999088],[-87.6449690001192,41.78702499990385],[-87.64017100009153,41.78710700008804],[-87.64002799979232,41.780744999881904],[-87.64264399992061,41.78069100008963],[-87.64262900012824,41.77978200043901],[-87.64478599977406,41.7797509999088]]]}},{"type":"Feature","properties":{"JoinField":"CITY OF CHICAGO:Ward 17 Precinct 01","cd_district":4,"house_district":32,"senate_district":16,"bor_district":3,"ccc_district":11},"geometry":{"type":"Polygon","coordinates":[[[-87.71210000041464,41.75831599978363],[-87.71224099972233,41.76059699975178],[-87.7124029999984,41.760592999567336],[-87.71272400041227,41.771521999940376],[-87.6932059996571,41.771824000377364],[-87.69302899958865,41.76453999992111],[-87.70281300021975,41.76438900015228],[-87.70270999996649,41.76075599988951],[-87.7075880000861,41.760679999982074],[-87.70748399978675,41.758568999759575],[-87.70762800013205,41.75838300017534],[-87.71210000041464,41.75831599978363]]]}},{"type":"Feature","properties":{"JoinField":"CITY OF CHICAGO:Ward 17 Precinct 02","cd_district":7,"house_district":32,"senate_district":16,"bor_district":3,"ccc_district":2},"geometry":{"type":"Polygon","coordinates":[[[-87.69297899998082,41.762716000343175],[-87.69312000018783,41.768177000368325],[-87.68823699983761,41.76825699956095],[-87.68808500002268,41.76279400034292],[-87.69297899998082,41.762716000343175]]]}},{"type":"Feature","properties":{"JoinField":"CITY OF CHICAGO:Ward 17 Precinct 03","cd_district":7,"house_district":32,"senate_district":16,"bor_district":3,"ccc_district":2},"geometry":{"type":"Polygon","coordinates":[[[-87.68808500002268,41.76279400034292],[-87.6881840000915,41.76643800021361],[-87.68197699983864,41.76653600023627],[-87.68202700034573,41.76834900020623],[-87.67715300041061,41.7684029999985],[-87.67706099976527,41.76477099978189],[-87.68324299976462,41.76470200019719],[-87.6831920001107,41.762876999673836],[-87.68808500002268,41.76279400034292]]]}},{"type":"Feature","properties":{"JoinField":"CITY OF CHICAGO:Ward 17 Precinct 04","cd_district":7,"house_district":32,"senate_district":16,"bor_district":3,"ccc_district":2},"geometry":{"type":"Polygon","coordinates":[[[-87.67846599980601,41.75745200040956],[-87.67858299980554,41.764754999943364],[-87.67706099976527,41.76477099978189],[-87.67715300041061,41.7684029999985],[-87.67362499959404,41.76844099995225],[-87.6733389998949,41.75752400013255],[-87.67846599980601,41.75745200040956]]]}},{"type":"Feature","properties":{"JoinField":"CITY OF CHICAGO:Ward 17 Precinct 05","cd_district":7,"house_district":32,"senate_district":16,"bor_district":3,"ccc_district":2},"geometry":{"type":"Polygon","coordinates":[[[-87.65877700015841,41.7577339999242],[-87.65887200004272,41.76134600011784],[-87.64917099964191,41.761488000370946],[-87.64908099998814,41.75792000040775],[-87.65877700015841,41.7577339999242]]]}},{"type":"Feature","properties":{"JoinField":"CITY OF CHICAGO:Ward 17 Precinct 06","cd_district":7,"house_district":32,"senate_district":16,"bor_district":3,"ccc_district":2},"geometry":{"type":"Polygon","coordinates":[[[-87.6733389998949,41.75752400013255],[-87.67353399989412,41.76480599959723],[-87.6674610004248,41.76486799975845],[-87.66731900017169,41.75941099991775],[-87.66363999958628,41.759454000102096],[-87.66360699986313,41.757676999993635],[-87.6733389998949,41.75752400013255]]]}},{"type":"Feature","properties":{"JoinField":"CITY OF CHICAGO:Ward 17 Precinct 07","cd_district":7,"house_district":32,"senate_district":16,"bor_district":3,"ccc_district":2},"geometry":{"type":"Polygon","coordinates":[[[-87.66731900017169,41.75941099991775],[-87.6674610004248,41.76486799975845],[-87.66379599958566,41.76490899985049],[-87.66363999958628,41.759454000102096],[-87.66731900017169,41.75941099991775]]]}},{"type":"Feature","properties":{"JoinField":"CITY OF CHICAGO:Ward 17 Precinct 08","cd_district":7,"house_district":32,"senate_district":16,"bor_district":3,"ccc_district":2},"geometry":{"type":"Polygon","coordinates":[[[-87.66360699986313,41.757676999993635],[-87.66379599958566,41.76490899985049],[-87.65896699992709,41.76498099957354],[-87.65877700015841,41.7577339999242],[-87.66360699986313,41.757676999993635]]]}},{"type":"Feature","properties":{"JoinField":"CITY OF CHICAGO:Ward 17 Precinct 09","cd_district":7,"house_district":32,"senate_district":16,"bor_district":3,"ccc_district":2},"geometry":{"type":"Polygon","coordinates":[[[-87.65887200004272,41.76134600011784],[-87.65896699992709,41.76498099957354],[-87.64926699957232,41.76512800005719],[-87.64917099964191,41.761488000370946],[-87.65887200004272,41.76134600011784]]]}},{"type":"Feature","properties":{"JoinField":"CITY OF CHICAGO:Ward 17 Precinct 10","cd_district":1,"house_district":31,"senate_district":16,"bor_district":3,"ccc_district":3},"geometry":{"type":"Polygon","coordinates":[[[-87.64883999966622,41.748748000120145],[-87.64908099998814,41.75792000040775],[-87.64423200030654,41.75799400022299],[-87.64398899989237,41.74881899979704],[-87.64883999966622,41.748748000120145]]]}},{"type":"Feature","properties":{"JoinField":"CITY OF CHICAGO:Ward 17 Precinct 11","cd_district":7,"house_district":32,"senate_district":16,"bor_district":3,"ccc_district":2},"geometry":{"type":"Polygon","coordinates":[[[-87.67353399989412,41.76480599959723],[-87.67362499959404,41.76844099995225],[-87.6724120003135,41.76845699979077],[-87.67245899978298,41.77027199985298],[-87.66396800032294,41.77037199996789],[-87.66379599958566,41.76490899985049],[-87.67353399989412,41.76480599959723]]]}},{"type":"Feature","properties":{"JoinField":"CITY OF CHICAGO:Ward 17 Precinct 12","cd_district":7,"house_district":32,"senate_district":16,"bor_district":3,"ccc_district":2},"geometry":{"type":"Polygon","coordinates":[[[-87.66379599958566,41.76490899985049],[-87.66396800032294,41.77037199996789],[-87.65911400041074,41.77044199959863],[-87.65896699992709,41.76498099957354],[-87.66379599958566,41.76490899985049]]]}},{"type":"Feature","properties":{"JoinField":"CITY OF CHICAGO:Ward 17 Precinct 13","cd_district":7,"house_district":32,"senate_district":16,"bor_district":3,"ccc_district":2},"geometry":{"type":"Polygon","coordinates":[[[-87.65896699992709,41.76498099957354],[-87.6593109996029,41.77772199987044],[-87.65445200035947,41.77779200040055],[-87.65411600015324,41.765057000380295],[-87.65896699992709,41.76498099957354]]]}},{"type":"Feature","properties":{"JoinField":"CITY OF CHICAGO:Ward 17 Precinct 14","cd_district":7,"house_district":32,"senate_district":16,"bor_district":3,"ccc_district":2},"geometry":{"type":"Polygon","coordinates":[[[-87.64908099998814,41.75792000040775],[-87.64926699957232,41.76512800005719],[-87.64441299966018,41.765202999918586],[-87.64423200030654,41.75799400022299],[-87.64908099998814,41.75792000040775]]]}},{"type":"Feature","properties":{"JoinField":"CITY OF CHICAGO:Ward 17 Precinct 15","cd_district":1,"house_district":31,"senate_district":16,"bor_district":3,"ccc_district":3},"geometry":{"type":"Polygon","coordinates":[[[-87.66949499979438,41.75027699958389],[-87.66964699960931,41.75573999970129],[-87.66843200023658,41.75575500039298],[-87.66846700005198,41.75705199994991],[-87.66724999968773,41.75706599969618],[-87.66736499959501,41.75764899960171],[-87.66360699986313,41.757676999993635],[-87.66343700011743,41.75035699967583],[-87.66949499979438,41.75027699958389]]]}},{"type":"Feature","properties":{"JoinField":"CITY OF CHICAGO:Ward 17 Precinct 16","cd_district":1,"house_district":31,"senate_district":16,"bor_district":3,"ccc_district":3},"geometry":{"type":"Polygon","coordinates":[[[-87.66343700011743,41.75035699967583],[-87.66360699986313,41.757676999993635],[-87.65877700015841,41.7577339999242],[-87.65858999962876,41.75042600015985],[-87.66343700011743,41.75035699967583]]]}},{"type":"Feature","properties":{"JoinField":"CITY OF CHICAGO:Ward 17 Precinct 17","cd_district":1,"house_district":31,"senate_district":16,"bor_district":3,"ccc_district":3},"geometry":{"type":"Polygon","coordinates":[[[-87.64398899989237,41.74881899979704],[-87.64427499959152,41.759745000031785],[-87.63927300004889,41.75982400007757],[-87.6395100001863,41.75252499982895],[-87.63931600023318,41.75071099981284],[-87.64282200003521,41.750660000158916],[-87.64276700019684,41.748838999820066],[-87.64398899989237,41.74881899979704]]]}},{"type":"Feature","properties":{"JoinField":"CITY OF CHICAGO:Ward 17 Precinct 18","cd_district":1,"house_district":31,"senate_district":16,"bor_district":3,"ccc_district":3},"geometry":{"type":"Polygon","coordinates":[[[-87.67296399968882,41.742943999565966],[-87.67313400033379,41.75023100016057],[-87.66707899989586,41.75031000020641],[-87.66703299957322,41.748488999867504],[-87.66763899964008,41.74848100039793],[-87.66759300021675,41.74666000005902],[-87.66820200042196,41.74665199969007],[-87.66815700014541,41.74483000020439],[-87.66694299991946,41.74484600004291],[-87.66689699959682,41.74302299961181],[-87.67296399968882,41.742943999565966]]]}},{"type":"Feature","properties":{"JoinField":"CITY OF CHICAGO:Ward 17 Precinct 19","cd_district":1,"house_district":31,"senate_district":16,"bor_district":3,"ccc_district":4},"geometry":{"type":"Polygon","coordinates":[[[-87.66694299991946,41.74484600004291],[-87.66815700014541,41.74483000020439],[-87.66820200042196,41.74665199969007],[-87.66759300021675,41.74666000005902],[-87.66763899964008,41.74848100039793],[-87.66703299957322,41.748488999867504],[-87.66707899989586,41.75031000020641],[-87.66343700011743,41.75035699967583],[-87.66325199968003,41.7430770003034],[-87.66689699959682,41.74302299961181],[-87.66694299991946,41.74484600004291]]]}},{"type":"Feature","properties":{"JoinField":"CITY OF CHICAGO:Ward 17 Precinct 20","cd_district":1,"house_district":31,"senate_district":16,"bor_district":3,"ccc_district":3},"geometry":{"type":"Polygon","coordinates":[[[-87.67313400033379,41.75023100016057],[-87.6733389998949,41.75752400013255],[-87.67206399955393,41.75762100010911],[-87.67090099988121,41.75756300013239],[-87.66971299995492,41.75764899960171],[-87.66971500004718,41.75760600031674],[-87.66736699968726,41.75766500033956],[-87.66728999973367,41.75763099967094],[-87.66724999968773,41.75706599969618],[-87.66846700005198,41.75705199994991],[-87.66843200023658,41.75575500039298],[-87.66964699960931,41.75573999970129],[-87.66949499979438,41.75027699958389],[-87.67313400033379,41.75023100016057]]]}},{"type":"Feature","properties":{"JoinField":"CITY OF CHICAGO:Ward 17 Precinct 21","cd_district":1,"house_district":31,"senate_district":16,"bor_district":3,"ccc_district":3},"geometry":{"type":"Polygon","coordinates":[[[-87.63178400003153,41.747186000033935],[-87.63187799986974,41.75082299958183],[-87.63931600023318,41.75071099981284],[-87.6395100001863,41.75252499982895],[-87.63940499984085,41.756155999999464],[-87.62895600001934,41.756340000390765],[-87.6285559995597,41.75452400028246],[-87.62711299956521,41.754551999775],[-87.62703499956552,41.75091100004266],[-87.62582400037729,41.75092599983509],[-87.62571900003178,41.7472819999644],[-87.63178400003153,41.747186000033935]]]}},{"type":"Feature","properties":{"JoinField":"CITY OF CHICAGO:Ward 17 Precinct 22","cd_district":1,"house_district":31,"senate_district":16,"bor_district":3,"ccc_district":4},"geometry":{"type":"Polygon","coordinates":[[[-87.66325199968003,41.7430770003034],[-87.66343700011743,41.75035699967583],[-87.65858999962876,41.75042600015985],[-87.65839799976783,41.74314399979579],[-87.66325199968003,41.7430770003034]]]}},{"type":"Feature","properties":{"JoinField":"CITY OF CHICAGO:Ward 17 Precinct 23","cd_district":1,"house_district":31,"senate_district":16,"bor_district":3,"ccc_district":3},"geometry":{"type":"Polygon","coordinates":[[[-87.65858999962876,41.75042600015985],[-87.65877700015841,41.7577339999242],[-87.65392899962359,41.75784599969319],[-87.65373699976271,41.75049699983674],[-87.65858999962876,41.75042600015985]]]}},{"type":"Feature","properties":{"JoinField":"CITY OF CHICAGO:Ward 17 Precinct 24","cd_district":1,"house_district":31,"senate_district":16,"bor_district":3,"ccc_district":3},"geometry":{"type":"Polygon","coordinates":[[[-87.65369000029324,41.74867700044325],[-87.65392899962359,41.75784599969319],[-87.64908099998814,41.75792000040775],[-87.64883999966622,41.748748000120145],[-87.65369000029324,41.74867700044325]]]}},{"type":"Feature","properties":{"JoinField":"CITY OF CHICAGO:Ward 17 Precinct 25","cd_district":1,"house_district":31,"senate_district":16,"bor_district":3,"ccc_district":4},"geometry":{"type":"Polygon","coordinates":[[[-87.6584929996522,41.746785999574286],[-87.65858999962876,41.75042600015985],[-87.65373699976271,41.75049699983674],[-87.65363999978615,41.746858000196596],[-87.6584929996522,41.746785999574286]]]}},{"type":"Feature","properties":{"JoinField":"CITY OF CHICAGO:Ward 17 Precinct 26","cd_district":1,"house_district":31,"senate_district":16,"bor_district":3,"ccc_district":4},"geometry":{"type":"Polygon","coordinates":[[[-87.65359200027058,41.74503699985769],[-87.65369000029324,41.74867700044325],[-87.64398899989237,41.74881899979704],[-87.64388200035398,41.74518899967268],[-87.65359200027058,41.74503699985769]]]}},{"type":"Feature","properties":{"JoinField":"CITY OF CHICAGO:Ward 17 Precinct 27","cd_district":1,"house_district":31,"senate_district":16,"bor_district":3,"ccc_district":4},"geometry":{"type":"Polygon","coordinates":[[[-87.65582199968549,41.73771899963219],[-87.6559199997082,41.741359000217756],[-87.65835000025226,41.741325000448455],[-87.6584929996522,41.746785999574286],[-87.65363999978615,41.746858000196596],[-87.65339200004075,41.73775400034691],[-87.65582199968549,41.73771899963219]]]}},{"type":"Feature","properties":{"JoinField":"CITY OF CHICAGO:Ward 17 Precinct 28","cd_district":1,"house_district":31,"senate_district":16,"bor_district":3,"ccc_district":4},"geometry":{"type":"Polygon","coordinates":[[[-87.65344099960242,41.73957699987869],[-87.65359200027058,41.74503699985769],[-87.64388200035398,41.74518899967268],[-87.64377700000853,41.74152899996341],[-87.64620599960716,41.74149600024026],[-87.64615399990714,41.73966799957856],[-87.6473690001792,41.739653999832285],[-87.64741899978696,41.74148000040174],[-87.64806800003811,41.74147200003284],[-87.64984800028498,41.74144899987152],[-87.64979899982393,41.73962600033968],[-87.65344099960242,41.73957699987869]]]}},{"type":"Feature","properties":{"JoinField":"CITY OF CHICAGO:Ward 17 Precinct 29","cd_district":1,"house_district":31,"senate_district":16,"bor_district":3,"ccc_district":4},"geometry":{"type":"Polygon","coordinates":[[[-87.65698700034977,41.73587900021573],[-87.65708699956537,41.73952099999423],[-87.65829999974517,41.73950400010955],[-87.65835000025226,41.741325000448455],[-87.6559199997082,41.741359000217756],[-87.65582199968549,41.73771899963219],[-87.65557800012459,41.73772199977054],[-87.65339200004075,41.73775400034691],[-87.65344099960242,41.73957699987869],[-87.64979899982393,41.73962600033968],[-87.64984800028498,41.74144899987152],[-87.64741899978696,41.74148000040174],[-87.6473690001792,41.739653999832285],[-87.64615399990714,41.73966799957856],[-87.64620599960716,41.74149600024026],[-87.64377700000853,41.74152899996341],[-87.64363799989377,41.737319000071864],[-87.64497200025755,41.7365780000747],[-87.64482599982,41.736961999796506],[-87.64729100017945,41.736931000165555],[-87.6472809997183,41.73602000042274],[-87.65698700034977,41.73587900021573]]]}},{"type":"Feature","properties":{"JoinField":"CITY OF CHICAGO:Ward 18 Precinct 01","cd_district":1,"house_district":35,"senate_district":18,"bor_district":3,"ccc_district":4},"geometry":{"type":"Polygon","coordinates":[[[-87.66673500022006,41.73022100009911],[-87.6709090002501,41.73519200001084],[-87.6709450001116,41.735686000308704],[-87.67278500042738,41.735653999732335],[-87.67287500008115,41.739300999741374],[-87.67045099981374,41.73933300031774],[-87.67040899967554,41.73751300002499],[-87.66311100037234,41.7376130001399],[-87.6630650000497,41.7357899997088],[-87.66184899973149,41.73580799963952],[-87.661741000147,41.73204799981539],[-87.6629540003268,41.7319820003691],[-87.66295799961193,41.73210099956151],[-87.66414400034529,41.731823000231316],[-87.66535899971802,41.731207999749415],[-87.66538700010994,41.73208599976914],[-87.66660100033585,41.732069999930616],[-87.66656499957503,41.730333999914194],[-87.66673500022006,41.73022100009911]]]}},{"type":"Feature","properties":{"JoinField":"CITY OF CHICAGO:Ward 18 Precinct 02","cd_district":1,"house_district":31,"senate_district":16,"bor_district":3,"ccc_district":4},"geometry":{"type":"Polygon","coordinates":[[[-87.67045099981374,41.73933300031774],[-87.67287500008115,41.739300999741374],[-87.67296399968882,41.742943999565966],[-87.65839799976783,41.74314399979579],[-87.65829999974517,41.73950400010955],[-87.66315699979566,41.73943200038656],[-87.66311100037234,41.7376130001399],[-87.67040899967554,41.73751300002499],[-87.67045099981374,41.73933300031774]]]}},{"type":"Feature","properties":{"JoinField":"CITY OF CHICAGO:Ward 18 Precinct 03","cd_district":1,"house_district":31,"senate_district":16,"bor_district":3,"ccc_district":4},"geometry":{"type":"Polygon","coordinates":[[[-87.68739499967944,41.735443999940685],[-87.68753699993255,41.742089999753716],[-87.6873569997257,41.74273900000492],[-87.67296399968882,41.742943999565966],[-87.67278500042738,41.735653999732335],[-87.68739499967944,41.735443999940685]]]}},{"type":"Feature","properties":{"JoinField":"CITY OF CHICAGO:Ward 18 Precinct 04","cd_district":1,"house_district":31,"senate_district":16,"bor_district":3,"ccc_district":3},"geometry":{"type":"Polygon","coordinates":[[[-87.68267899983596,41.74281599995851],[-87.68284700038873,41.75010899993043],[-87.67313400033379,41.75023100016057],[-87.67296399968882,41.742943999565966],[-87.68267899983596,41.74281599995851]]]}},{"type":"Feature","properties":{"JoinField":"CITY OF CHICAGO:Ward 18 Precinct 05","cd_district":1,"house_district":31,"senate_district":16,"bor_district":3,"ccc_district":3},"geometry":{"type":"Polygon","coordinates":[[[-87.68284700038873,41.75010899993043],[-87.68304699971924,41.75737899974109],[-87.6733389998949,41.75752400013255],[-87.67313400033379,41.75023100016057],[-87.68284700038873,41.75010899993043]]]}},{"type":"Feature","properties":{"JoinField":"CITY OF CHICAGO:Ward 18 Precinct 06","cd_district":1,"house_district":31,"senate_district":16,"bor_district":3,"ccc_district":3},"geometry":{"type":"Polygon","coordinates":[[[-87.69487600022717,41.74261799982088],[-87.69497200015763,41.74627000006052],[-87.694854000112,41.746272000152715],[-87.6950680000881,41.749868999654666],[-87.6889589998579,41.75001099990777],[-87.6887880000661,41.74271799993579],[-87.69487600022717,41.74261799982088]]]}},{"type":"Feature","properties":{"JoinField":"CITY OF CHICAGO:Ward 18 Precinct 07","cd_district":1,"house_district":36,"senate_district":18,"bor_district":3,"ccc_district":3},"geometry":{"type":"Polygon","coordinates":[[[-87.69710899978048,41.735279999572356],[-87.6971679998033,41.737545999748136],[-87.6923119997989,41.73774700002406],[-87.69237299991397,41.74010199980751],[-87.68977699980866,41.74014800013015],[-87.68983699987763,41.74270100005117],[-87.6873569997257,41.74273900000492],[-87.68755599990942,41.74143500012519],[-87.68739499967944,41.735443999940685],[-87.69710899978048,41.735279999572356]]]}},{"type":"Feature","properties":{"JoinField":"CITY OF CHICAGO:Ward 18 Precinct 08","cd_district":1,"house_district":31,"senate_district":16,"bor_district":3,"ccc_district":3},"geometry":{"type":"Polygon","coordinates":[[[-87.70219799973785,41.742495999590744],[-87.70239399978323,41.7497739997703],[-87.6950680000881,41.749868999654666],[-87.694854000112,41.746272000152715],[-87.69497200015763,41.74627000006052],[-87.69487600022717,41.74261799982088],[-87.70219799973785,41.742495999590744]]]}},{"type":"Feature","properties":{"JoinField":"CITY OF CHICAGO:Ward 18 Precinct 09","cd_district":1,"house_district":31,"senate_district":16,"bor_district":3,"ccc_district":3},"geometry":{"type":"Polygon","coordinates":[[[-87.7021239999226,41.735202999618764],[-87.70219799973785,41.742495999590744],[-87.68983699987763,41.74270100005117],[-87.68977699980866,41.74014800013015],[-87.69237299991397,41.74010199980751],[-87.6923119997989,41.73774700002406],[-87.6971679998033,41.737545999748136],[-87.69710899978048,41.735279999572356],[-87.7021239999226,41.735202999618764]]]}},{"type":"Feature","properties":{"JoinField":"CITY OF CHICAGO:Ward 18 Precinct 10","cd_district":1,"house_district":31,"senate_district":16,"bor_district":3,"ccc_district":3},"geometry":{"type":"Polygon","coordinates":[[[-87.71175699988561,41.738693999628424],[-87.70939399973327,41.738736999812716],[-87.70952600042455,41.74329599961072],[-87.70708899955764,41.74333399956447],[-87.70711799999566,41.74424900039111],[-87.7034600003787,41.74430600032173],[-87.70350999998647,41.74613199999186],[-87.70290099978126,41.746141999553686],[-87.7029530003806,41.74796800012314],[-87.7023430001293,41.74797799968496],[-87.70203100013049,41.73584300035424],[-87.7021239999226,41.735202999618764],[-87.71170600023169,41.73503399991921],[-87.71175699988561,41.738693999628424]]]}},{"type":"Feature","properties":{"JoinField":"CITY OF CHICAGO:Ward 18 Precinct 11","cd_district":7,"house_district":32,"senate_district":16,"bor_district":3,"ccc_district":2},"geometry":{"type":"Polygon","coordinates":[[[-87.68304699971924,41.75737899974109],[-87.68366600038559,41.75754400015552],[-87.6866820000742,41.75747799980991],[-87.6868640003733,41.76281400036589],[-87.6831920001107,41.762876999673836],[-87.68324299976462,41.76470200019719],[-87.67858299980554,41.764754999943364],[-87.67846599980601,41.75745200040956],[-87.68304699971924,41.75737899974109]]]}},{"type":"Feature","properties":{"JoinField":"CITY OF CHICAGO:Ward 18 Precinct 12","cd_district":1,"house_district":31,"senate_district":16,"bor_district":3,"ccc_district":3},"geometry":{"type":"Polygon","coordinates":[[[-87.6887880000661,41.74271799993579],[-87.6889589998579,41.75001099990777],[-87.70191900036156,41.7497729997242],[-87.69846500025949,41.751580000316835],[-87.69044900022112,41.755137999818885],[-87.6844460003826,41.75715200006482],[-87.68304699971924,41.75737899974109],[-87.68267899983596,41.74281599995851],[-87.6887880000661,41.74271799993579]]]}},{"type":"Feature","properties":{"JoinField":"CITY OF CHICAGO:Ward 18 Precinct 13","cd_district":1,"house_district":31,"senate_district":16,"bor_district":3,"ccc_district":3},"geometry":{"type":"Polygon","coordinates":[[[-87.72143600017125,41.73486200008131],[-87.72161899961708,41.74034800035997],[-87.71675200000476,41.740427999552594],[-87.71676499970494,41.74088599998896],[-87.71469599962063,41.74091899971211],[-87.71433900024465,41.74120000007997],[-87.71440100040581,41.74321400032591],[-87.71214199965351,41.7432510002335],[-87.71241200041345,41.74274700037381],[-87.71167499970142,41.743375999702664],[-87.71167599974757,41.743202999818664],[-87.70952600042455,41.74329599961072],[-87.70939399973327,41.738736999812716],[-87.71175699988561,41.738693999628424],[-87.71170600023169,41.73503399991921],[-87.72143600017125,41.73486200008131]]]}},{"type":"Feature","properties":{"JoinField":"CITY OF CHICAGO:Ward 18 Precinct 14","cd_district":1,"house_district":32,"senate_district":16,"bor_district":3,"ccc_district":2},"geometry":{"type":"Polygon","coordinates":[[[-87.6928199998431,41.757302999833655],[-87.69288900032706,41.759181000103126],[-87.69410499974589,41.759161000080155],[-87.6942510001835,41.76451799980589],[-87.69302899958865,41.76453999992111],[-87.69297899998082,41.762716000343175],[-87.6868640003733,41.76281400036589],[-87.6866820000742,41.75747799980991],[-87.6928199998431,41.757302999833655]]]}},{"type":"Feature","properties":{"JoinField":"CITY OF CHICAGO:Ward 18 Precinct 15","cd_district":1,"house_district":32,"senate_district":16,"bor_district":3,"ccc_district":3},"geometry":{"type":"Polygon","coordinates":[[[-87.70728000027174,41.74972700030088],[-87.70738000038665,41.75338299982565],[-87.70249900012874,41.75345100026351],[-87.70270999996649,41.76075599988951],[-87.70252000019781,41.76073799995879],[-87.70248500038241,41.759047000218914],[-87.70021199988383,41.75905999991909],[-87.70026499963001,41.76077299977419],[-87.6978190001467,41.76081299982013],[-87.6977689996396,41.75910500019563],[-87.69288900032706,41.759181000103126],[-87.6928199998431,41.757302999833655],[-87.68433199962203,41.75754100001717],[-87.68304699971924,41.75737899974109],[-87.6844460003826,41.75715200006482],[-87.69044900022112,41.755137999818885],[-87.69846500025949,41.751580000316835],[-87.70191900036156,41.7497729997242],[-87.70728000027174,41.74972700030088]]]}},{"type":"Feature","properties":{"JoinField":"CITY OF CHICAGO:Ward 18 Precinct 16","cd_district":1,"house_district":32,"senate_district":16,"bor_district":3,"ccc_district":2},"geometry":{"type":"Polygon","coordinates":[[[-87.70021199988383,41.75905999991909],[-87.70248500038241,41.759047000218914],[-87.70252000019781,41.76073799995879],[-87.70270999996649,41.76075599988951],[-87.70281300021975,41.76438900015228],[-87.6942510001835,41.76451799980589],[-87.69410499974589,41.759161000080155],[-87.6977689996396,41.75910500019563],[-87.6978190001467,41.76081299982013],[-87.698429000398,41.760804000304404],[-87.70026499963001,41.76077299977419],[-87.70021199988383,41.75905999991909]]]}},{"type":"Feature","properties":{"JoinField":"CITY OF CHICAGO:Ward 18 Precinct 17","cd_district":1,"house_district":32,"senate_district":16,"bor_district":3,"ccc_district":3},"geometry":{"type":"Polygon","coordinates":[[[-87.71207500016106,41.74965299958632],[-87.7124029999984,41.760592999567336],[-87.71224099972233,41.76059699975178],[-87.71213100004559,41.758330000429225],[-87.70762800013205,41.75838300017534],[-87.70748399978675,41.758568999759575],[-87.7075880000861,41.760679999982074],[-87.70270999996649,41.76075599988951],[-87.70249900012874,41.75345100026351],[-87.70738000038665,41.75338299982565],[-87.70728000027174,41.74972700030088],[-87.71207500016106,41.74965299958632]]]}},{"type":"Feature","properties":{"JoinField":"CITY OF CHICAGO:Ward 18 Precinct 18","cd_district":1,"house_district":32,"senate_district":16,"bor_district":3,"ccc_district":11},"geometry":{"type":"Polygon","coordinates":[[[-87.72191199963902,41.74950199981748],[-87.72219099991469,41.756837999973754],[-87.71232299990646,41.75690699955845],[-87.71207500016106,41.74965299958632],[-87.72191199963902,41.74950199981748]]]}},{"type":"Feature","properties":{"JoinField":"CITY OF CHICAGO:Ward 18 Precinct 19","cd_district":1,"house_district":32,"senate_district":16,"bor_district":3,"ccc_district":11},"geometry":{"type":"Polygon","coordinates":[[[-87.71676499970494,41.74088599998896],[-87.71703000023427,41.74957499958663],[-87.71188999972367,41.74965499967857],[-87.71167499970142,41.743375999702664],[-87.71241200041345,41.74274700037381],[-87.71214199965351,41.7432510002335],[-87.71440100040581,41.74321400032591],[-87.71433900024465,41.74120000007997],[-87.71469599962063,41.74091899971211],[-87.71676499970494,41.74088599998896]]]}},{"type":"Feature","properties":{"JoinField":"CITY OF CHICAGO:Ward 18 Precinct 20","cd_district":1,"house_district":32,"senate_district":16,"bor_district":3,"ccc_district":11},"geometry":{"type":"Polygon","coordinates":[[[-87.72385800034641,41.73482500017366],[-87.72398599995392,41.73847300022885],[-87.72277099968187,41.73849500034402],[-87.72289800014255,41.742156000099385],[-87.72167899968605,41.742179000260705],[-87.72191199963902,41.74950199981748],[-87.71703000023427,41.74957499958663],[-87.71675200000476,41.740427999552594],[-87.72161899961708,41.74034800035997],[-87.72143600017125,41.73486200008131],[-87.72385800034641,41.73482500017366]]]}},{"type":"Feature","properties":{"JoinField":"CITY OF CHICAGO:Ward 18 Precinct 21","cd_district":1,"house_district":32,"senate_district":16,"bor_district":3,"ccc_district":3},"geometry":{"type":"Polygon","coordinates":[[[-87.71167499970142,41.74323699958791],[-87.71188999972367,41.74965499967857],[-87.70239399978323,41.7497739997703],[-87.7023430001293,41.74797799968496],[-87.7029530003806,41.74796800012314],[-87.70290099978126,41.746141999553686],[-87.70350999998647,41.74613199999186],[-87.7034600003787,41.74430600032173],[-87.70711799999566,41.74424900039111],[-87.70708899955764,41.74333399956447],[-87.71167499970142,41.74323699958791]]]}},{"type":"Feature","properties":{"JoinField":"CITY OF CHICAGO:Ward 18 Precinct 22","cd_district":4,"house_district":32,"senate_district":16,"bor_district":3,"ccc_district":11},"geometry":{"type":"Polygon","coordinates":[[[-87.731138999765,41.73469799971298],[-87.73138400027136,41.74200999966183],[-87.72289800014255,41.742156000099385],[-87.72277099968187,41.73849500034402],[-87.72398599995392,41.73847300022885],[-87.72385800034641,41.73482500017366],[-87.731138999765,41.73469799971298]]]}},{"type":"Feature","properties":{"JoinField":"CITY OF CHICAGO:Ward 18 Precinct 23","cd_district":4,"house_district":32,"senate_district":16,"bor_district":3,"ccc_district":11},"geometry":{"type":"Polygon","coordinates":[[[-87.74106699984213,41.73452399978282],[-87.74092999981957,41.73653299979816],[-87.74110399974973,41.741896999846745],[-87.73138400027136,41.74200999966183],[-87.731138999765,41.73469799971298],[-87.74106699984213,41.73452399978282]]]}},{"type":"Feature","properties":{"JoinField":"CITY OF CHICAGO:Ward 18 Precinct 24","cd_district":4,"house_district":32,"senate_district":16,"bor_district":3,"ccc_district":11},"geometry":{"type":"Polygon","coordinates":[[[-87.73140200020214,41.742633999659404],[-87.72947400032484,41.74278000009696],[-87.72925900030259,41.74354700039379],[-87.7308419995586,41.744578000274544],[-87.73016199967651,41.74486600006588],[-87.73050700029779,41.74539300008695],[-87.73056300018226,41.74696899991949],[-87.73154999983257,41.74694299961976],[-87.73162999992451,41.74932499974898],[-87.72191199963902,41.74950199981748],[-87.72167899968605,41.742179000260705],[-87.73138400027136,41.74200999966183],[-87.73140200020214,41.742633999659404]]]}},{"type":"Feature","properties":{"JoinField":"CITY OF CHICAGO:Ward 18 Precinct 25","cd_district":4,"house_district":32,"senate_district":16,"bor_district":3,"ccc_district":11},"geometry":{"type":"Polygon","coordinates":[[[-87.74110399974973,41.741896999846745],[-87.74135799977182,41.74914699963438],[-87.73162999992451,41.74932499974898],[-87.73154999983257,41.74694299961976],[-87.73056300018226,41.74696899991949],[-87.73050700029779,41.74539300008695],[-87.73016199967651,41.74486600006588],[-87.7308419995586,41.744578000274544],[-87.72925900030259,41.74354700039379],[-87.72947400032484,41.74278000009696],[-87.73140200020214,41.742633999659404],[-87.73138400027136,41.74200999966183],[-87.74110399974973,41.741896999846745]]]}},{"type":"Feature","properties":{"JoinField":"CITY OF CHICAGO:Ward 18 Precinct 26","cd_district":4,"house_district":22,"senate_district":11,"bor_district":3,"ccc_district":11},"geometry":{"type":"Polygon","coordinates":[[[-87.74135799977182,41.74914699963438],[-87.74189400020788,41.764104999646065],[-87.72340600018674,41.764217000314375],[-87.72235500028302,41.76410000031484],[-87.72191199963902,41.74950199981748],[-87.74135799977182,41.74914699963438]]]}},{"type":"Feature","properties":{"JoinField":"CITY OF CHICAGO:Ward 19 Precinct 01","cd_district":6,"house_district":35,"senate_district":18,"bor_district":1,"ccc_district":11},"geometry":{"type":"Polygon","coordinates":[[[-87.69147499987133,41.70631500023711],[-87.69173200003172,41.7135660000709],[-87.68184299995443,41.71367199956319],[-87.68161999956328,41.70637600035218],[-87.69147499987133,41.70631500023711]]]}},{"type":"Feature","properties":{"JoinField":"CITY OF CHICAGO:Ward 19 Precinct 02","cd_district":6,"house_district":36,"senate_district":18,"bor_district":1,"ccc_district":11},"geometry":{"type":"Polygon","coordinates":[[[-87.68184299995443,41.71367199956319],[-87.68206700039173,41.72094000018092],[-87.67235300029068,41.7211239996729],[-87.67235200024459,41.721006999673364],[-87.67479000025827,41.72097700008851],[-87.67458299970565,41.71376700034682],[-87.68184299995443,41.71367199956319]]]}},{"type":"Feature","properties":{"JoinField":"CITY OF CHICAGO:Ward 19 Precinct 03","cd_district":6,"house_district":36,"senate_district":18,"bor_district":1,"ccc_district":11},"geometry":{"type":"Polygon","coordinates":[[[-87.72063900028962,41.698565999921016],[-87.7207590004275,41.70222499958413],[-87.71098700034975,41.70239200009081],[-87.71085100037334,41.6987209998743],[-87.72063900028962,41.698565999921016]]]}},{"type":"Feature","properties":{"JoinField":"CITY OF CHICAGO:Ward 19 Precinct 04","cd_district":6,"house_district":35,"senate_district":18,"bor_district":1,"ccc_district":11},"geometry":{"type":"Polygon","coordinates":[[[-87.71545799968692,41.691339000294704],[-87.71572899959364,41.698647000059054],[-87.71085100037334,41.6987209998743],[-87.71057900042052,41.69141500020214],[-87.71545799968692,41.691339000294704]]]}},{"type":"Feature","properties":{"JoinField":"CITY OF CHICAGO:Ward 19 Precinct 05","cd_district":6,"house_district":36,"senate_district":18,"bor_district":1,"ccc_district":11},"geometry":{"type":"Polygon","coordinates":[[[-87.68206700039173,41.72094000018092],[-87.68229099992965,41.72823600029125],[-87.6762199996532,41.72832399985276],[-87.67600899981545,41.721056000134354],[-87.68206700039173,41.72094000018092]]]}},{"type":"Feature","properties":{"JoinField":"CITY OF CHICAGO:Ward 19 Precinct 06","cd_district":6,"house_district":35,"senate_district":18,"bor_district":1,"ccc_district":11},"geometry":{"type":"Polygon","coordinates":[[[-87.7010829995807,41.698870999597034],[-87.70137100027142,41.707084999772974],[-87.69153499994025,41.70721799961103],[-87.69147499987133,41.70631500023711],[-87.69641400010596,41.70626100044484],[-87.69615199971497,41.698960000103966],[-87.7010829995807,41.698870999597034]]]}},{"type":"Feature","properties":{"JoinField":"CITY OF CHICAGO:Ward 19 Precinct 07","cd_district":6,"house_district":35,"senate_district":18,"bor_district":1,"ccc_district":11},"geometry":{"type":"Polygon","coordinates":[[[-87.69589499955453,41.69162499999379],[-87.68115499970344,41.691778999900976],[-87.68092800002717,41.68450399985977],[-87.69562599974006,41.68433700025241],[-87.69589499955453,41.69162499999379]]]}},{"type":"Feature","properties":{"JoinField":"CITY OF CHICAGO:Ward 19 Precinct 08","cd_district":1,"house_district":27,"senate_district":14,"bor_district":3,"ccc_district":5},"geometry":{"type":"Polygon","coordinates":[[[-87.67322900021816,41.677321999610626],[-87.67234900010624,41.684617999720956],[-87.67343099964086,41.684627000136004],[-87.67284399955088,41.68636500024462],[-87.67189499985432,41.691931999762005],[-87.67021999995302,41.691860000039014],[-87.66465799976686,41.690078999746106],[-87.6718779999697,41.677341999633654],[-87.67322900021816,41.677321999610626]]]}},{"type":"Feature","properties":{"JoinField":"CITY OF CHICAGO:Ward 19 Precinct 09","cd_district":1,"house_district":35,"senate_district":18,"bor_district":1,"ccc_district":11},"geometry":{"type":"Polygon","coordinates":[[[-87.66465799976686,41.690078999746106],[-87.67049299995193,41.691923000246334],[-87.67028800039088,41.693475999917496],[-87.67046200032104,41.69338700030988],[-87.66975500009312,41.69924899994146],[-87.65874200034301,41.699443999940684],[-87.6593220001102,41.697843999900726],[-87.66465799976686,41.690078999746106]]]}},{"type":"Feature","properties":{"JoinField":"CITY OF CHICAGO:Ward 19 Precinct 10","cd_district":6,"house_district":36,"senate_district":18,"bor_district":1,"ccc_district":11},"geometry":{"type":"Polygon","coordinates":[[[-87.67600899981545,41.721056000134354],[-87.6762199996532,41.72832399985276],[-87.67138599976403,41.728389000152276],[-87.67134499967199,41.72716600041065],[-87.66946400016343,41.728139000314684],[-87.66789099956992,41.728414999552626],[-87.66795099963889,41.72860700031288],[-87.66772900019316,41.72839599957575],[-87.66743600017122,41.72845100031344],[-87.66714900042598,41.728129999899636],[-87.66744499968695,41.721187999926315],[-87.67600899981545,41.721056000134354]]]}},{"type":"Feature","properties":{"JoinField":"CITY OF CHICAGO:Ward 19 Precinct 11","cd_district":1,"house_district":35,"senate_district":18,"bor_district":1,"ccc_district":11},"geometry":{"type":"Polygon","coordinates":[[[-87.73972600005482,41.690833000342764],[-87.73628499965298,41.69103099958102],[-87.71057900042052,41.69141500020214],[-87.71028899963761,41.68411099972292],[-87.7394489998714,41.683632000116745],[-87.73972600005482,41.690833000342764]]]}},{"type":"Feature","properties":{"JoinField":"CITY OF CHICAGO:Ward 19 Precinct 12","cd_district":6,"house_district":36,"senate_district":18,"bor_district":1,"ccc_district":11},"geometry":{"type":"Polygon","coordinates":[[[-87.7207590004275,41.70222499958413],[-87.72112500021854,41.713169999795696],[-87.71257799997466,41.71329600021028],[-87.71256200013619,41.71150999968677],[-87.71129900034856,41.711490999709895],[-87.71098700034975,41.70239200009081],[-87.7207590004275,41.70222499958413]]]}},{"type":"Feature","properties":{"JoinField":"CITY OF CHICAGO:Ward 19 Precinct 13","cd_district":1,"house_district":35,"senate_district":18,"bor_district":1,"ccc_district":11},"geometry":{"type":"Polygon","coordinates":[[[-87.66724000012584,41.71388999972373],[-87.66745200000975,41.7229819999194],[-87.66714900042598,41.728129999899636],[-87.66345199990985,41.72120099962649],[-87.66302900018815,41.718387000259895],[-87.65976399980872,41.714003999584975],[-87.66724000012584,41.71388999972373]]]}},{"type":"Feature","properties":{"JoinField":"CITY OF CHICAGO:Ward 19 Precinct 14","cd_district":1,"house_district":35,"senate_district":18,"bor_district":1,"ccc_district":11},"geometry":{"type":"Polygon","coordinates":[[[-87.67382199968552,41.68361800037047],[-87.67574500023153,41.6842719999529],[-87.67665499992825,41.68418400039138],[-87.67701600038805,41.68432299960682],[-87.6770900002033,41.68385499960857],[-87.6773369999026,41.68415599999946],[-87.67943100024041,41.68447500032107],[-87.68092800002717,41.68450399985977],[-87.68115499970344,41.691778999900976],[-87.67189499985432,41.691931999762005],[-87.67284399955088,41.68636500024462],[-87.67382199968552,41.68361800037047]]]}},{"type":"Feature","properties":{"JoinField":"CITY OF CHICAGO:Ward 19 Precinct 15","cd_district":6,"house_district":35,"senate_district":18,"bor_district":1,"ccc_district":11},"geometry":{"type":"Polygon","coordinates":[[[-87.70541699979469,41.684186999630356],[-87.7057390002546,41.69149300020183],[-87.70082800041183,41.69156800006323],[-87.70055300032067,41.68426300043717],[-87.70541699979469,41.684186999630356]]]}},{"type":"Feature","properties":{"JoinField":"CITY OF CHICAGO:Ward 19 Precinct 16","cd_district":6,"house_district":35,"senate_district":18,"bor_district":1,"ccc_district":11},"geometry":{"type":"Polygon","coordinates":[[[-87.72031699982966,41.69127099985678],[-87.72063900028962,41.698565999921016],[-87.71572899959364,41.698647000059054],[-87.71545799968692,41.691339000294704],[-87.72031699982966,41.69127099985678]]]}},{"type":"Feature","properties":{"JoinField":"CITY OF CHICAGO:Ward 19 Precinct 17","cd_district":6,"house_district":35,"senate_district":18,"bor_district":1,"ccc_district":11},"geometry":{"type":"Polygon","coordinates":[[[-87.6921040000995,41.69220099957653],[-87.69096699982714,41.69228399980682],[-87.69119999978011,41.698986000403636],[-87.68615400000704,41.69904200028816],[-87.68589299966214,41.691745000131675],[-87.69208700021483,41.69167100031649],[-87.6921040000995,41.69220099957653]]]}},{"type":"Feature","properties":{"JoinField":"CITY OF CHICAGO:Ward 19 Precinct 18","cd_district":6,"house_district":35,"senate_district":18,"bor_district":1,"ccc_district":11},"geometry":{"type":"Polygon","coordinates":[[[-87.71071799963596,41.69507299981916],[-87.71085100037334,41.6987209998743],[-87.7010829995807,41.698870999597034],[-87.70095099978874,41.695219000256714],[-87.71071799963596,41.69507299981916]]]}},{"type":"Feature","properties":{"JoinField":"CITY OF CHICAGO:Ward 19 Precinct 19","cd_district":6,"house_district":35,"senate_district":18,"bor_district":1,"ccc_district":11},"geometry":{"type":"Polygon","coordinates":[[[-87.67458299970565,41.71376700034682],[-87.67479000025827,41.72097700008851],[-87.6674200003327,41.721187999926315],[-87.66724000012584,41.71388999972373],[-87.67458299970565,41.71376700034682]]]}},{"type":"Feature","properties":{"JoinField":"CITY OF CHICAGO:Ward 19 Precinct 20","cd_district":1,"house_district":27,"senate_district":14,"bor_district":1,"ccc_district":11},"geometry":{"type":"Polygon","coordinates":[[[-87.68069600012029,41.67725700021043],[-87.68092800002717,41.68450399985977],[-87.67943100024041,41.68447500032107],[-87.6773369999026,41.68415599999946],[-87.6770900002033,41.68385499960857],[-87.67701600038805,41.68432299960682],[-87.67665499992825,41.68418400039138],[-87.67574500023153,41.6842719999529],[-87.67382199968552,41.68361800037047],[-87.67343099964086,41.684627000136004],[-87.67234900010624,41.684617999720956],[-87.67322900021816,41.677321999610626],[-87.68069600012029,41.67725700021043]]]}},{"type":"Feature","properties":{"JoinField":"CITY OF CHICAGO:Ward 19 Precinct 21","cd_district":6,"house_district":35,"senate_district":18,"bor_district":1,"ccc_district":11},"geometry":{"type":"Polygon","coordinates":[[[-87.71135999956431,41.68043800031353],[-87.71159899979398,41.681803000308264],[-87.71132599979501,41.681807999639545],[-87.71151599956369,41.68409299979214],[-87.71028899963761,41.68411099972292],[-87.71057900042052,41.69141500020214],[-87.7057390002546,41.69149300020183],[-87.70528500000273,41.68057899962116],[-87.71135999956431,41.68043800031353]]]}},{"type":"Feature","properties":{"JoinField":"CITY OF CHICAGO:Ward 19 Precinct 22","cd_district":6,"house_district":35,"senate_district":18,"bor_district":1,"ccc_district":11},"geometry":{"type":"Polygon","coordinates":[[[-87.68161999956328,41.70637600035218],[-87.68184299995443,41.71367199956319],[-87.67458299970565,41.71376700034682],[-87.67447800025946,41.71013400008411],[-87.67532399970281,41.710118000245586],[-87.67521900025662,41.70648199984447],[-87.68161999956328,41.70637600035218]]]}},{"type":"Feature","properties":{"JoinField":"CITY OF CHICAGO:Ward 19 Precinct 23","cd_district":6,"house_district":35,"senate_district":18,"bor_district":1,"ccc_district":11},"geometry":{"type":"Polygon","coordinates":[[[-87.68589299966214,41.691745000131675],[-87.68615400000704,41.69904200028816],[-87.68138799965641,41.69907900019575],[-87.68115499970344,41.691778999900976],[-87.68589299966214,41.691745000131675]]]}},{"type":"Feature","properties":{"JoinField":"CITY OF CHICAGO:Ward 19 Precinct 24","cd_district":6,"house_district":36,"senate_district":18,"bor_district":1,"ccc_district":11},"geometry":{"type":"Polygon","coordinates":[[[-87.71112300032615,41.70607900014579],[-87.70132499994872,41.70618599968418],[-87.70121700036424,41.70252499992887],[-87.71098700034975,41.70239200009081],[-87.71112300032615,41.70607900014579]]]}},{"type":"Feature","properties":{"JoinField":"CITY OF CHICAGO:Ward 19 Precinct 25","cd_district":6,"house_district":31,"senate_district":16,"bor_district":1,"ccc_district":4},"geometry":{"type":"Polygon","coordinates":[[[-87.6825140003208,41.735525000078724],[-87.6709450001116,41.735686000308704],[-87.6709090002501,41.73519200001084],[-87.66673500022006,41.73022100009911],[-87.66821600016823,41.73017699986872],[-87.66743600017122,41.72845100031344],[-87.66772900019316,41.72839599957575],[-87.66795099963889,41.72860700031288],[-87.66789099956992,41.728414999552626],[-87.66934800021,41.728179000360626],[-87.67134499967199,41.72716600041065],[-87.67138599976403,41.728389000152276],[-87.68229099992965,41.72823600029125],[-87.6825140003208,41.735525000078724]]]}},{"type":"Feature","properties":{"JoinField":"CITY OF CHICAGO:Ward 19 Precinct 26","cd_district":6,"house_district":35,"senate_district":18,"bor_district":1,"ccc_district":11},"geometry":{"type":"Polygon","coordinates":[[[-87.67535800037138,41.69914000031082],[-87.67557200034753,41.70647599956777],[-87.66911000002642,41.70658600014383],[-87.66999899965407,41.69924399971086],[-87.67535800037138,41.69914000031082]]]}},{"type":"Feature","properties":{"JoinField":"CITY OF CHICAGO:Ward 19 Precinct 27","cd_district":1,"house_district":35,"senate_district":18,"bor_district":1,"ccc_district":11},"geometry":{"type":"Polygon","coordinates":[[[-87.66710500019559,41.70661499968253],[-87.66724000012584,41.71388999972373],[-87.65964199957858,41.71400599967717],[-87.65599999980009,41.706838000073674],[-87.66710500019559,41.70661499968253]]]}},{"type":"Feature","properties":{"JoinField":"CITY OF CHICAGO:Ward 19 Precinct 28","cd_district":1,"house_district":35,"senate_district":18,"bor_district":1,"ccc_district":11},"geometry":{"type":"Polygon","coordinates":[[[-87.66999899965407,41.69924399971086],[-87.66911000002642,41.70658600014383],[-87.65601899977696,41.706786000373654],[-87.65874200034301,41.699443999940684],[-87.66999899965407,41.69924399971086]]]}},{"type":"Feature","properties":{"JoinField":"CITY OF CHICAGO:Ward 19 Precinct 29","cd_district":6,"house_district":35,"senate_district":18,"bor_district":1,"ccc_district":11},"geometry":{"type":"Polygon","coordinates":[[[-87.70062399999756,41.686134000383845],[-87.7010829995807,41.698870999597034],[-87.69615199971497,41.698960000103966],[-87.69571700033924,41.688031999777024],[-87.69947299997892,41.68793299970821],[-87.69939800011758,41.68614900017627],[-87.70062399999756,41.686134000383845]]]}},{"type":"Feature","properties":{"JoinField":"CITY OF CHICAGO:Ward 19 Precinct 30","cd_district":6,"house_district":36,"senate_district":18,"bor_district":1,"ccc_district":11},"geometry":{"type":"Polygon","coordinates":[[[-87.71085100037334,41.6987209998743],[-87.71098700034975,41.70239200009081],[-87.70121700036424,41.70252499992887],[-87.7010829995807,41.698870999597034],[-87.71085100037334,41.6987209998743]]]}},{"type":"Feature","properties":{"JoinField":"CITY OF CHICAGO:Ward 19 Precinct 31","cd_district":1,"house_district":35,"senate_district":18,"bor_district":1,"ccc_district":11},"geometry":{"type":"Polygon","coordinates":[[[-87.68115499970344,41.691778999900976],[-87.68138799965641,41.69907900019575],[-87.66975500009312,41.69924899994146],[-87.67046200032104,41.69338700030988],[-87.67028800039088,41.693475999917496],[-87.67049299995193,41.691923000246334],[-87.68115499970344,41.691778999900976]]]}},{"type":"Feature","properties":{"JoinField":"CITY OF CHICAGO:Ward 19 Precinct 32","cd_district":1,"house_district":27,"senate_district":14,"bor_district":1,"ccc_district":11},"geometry":{"type":"Polygon","coordinates":[[[-87.68636299975259,41.67720499961109],[-87.68575999982409,41.678619000066874],[-87.68566299984752,41.67949099980984],[-87.68586400012344,41.68447500032107],[-87.68092800002717,41.68450399985977],[-87.68069600012029,41.67725700021043],[-87.68636299975259,41.67720499961109]]]}},{"type":"Feature","properties":{"JoinField":"CITY OF CHICAGO:Ward 19 Precinct 33","cd_district":6,"house_district":35,"senate_district":18,"bor_district":1,"ccc_district":11},"geometry":{"type":"Polygon","coordinates":[[[-87.71057900042052,41.69141500020214],[-87.71071799963596,41.69507299981916],[-87.70095099978874,41.695219000256714],[-87.70082800041183,41.69156800006323],[-87.71057900042052,41.69141500020214]]]}},{"type":"Feature","properties":{"JoinField":"CITY OF CHICAGO:Ward 19 Precinct 34","cd_district":6,"house_district":35,"senate_district":18,"bor_district":1,"ccc_district":11},"geometry":{"type":"Polygon","coordinates":[[[-87.69641400010596,41.70626100044484],[-87.68161999956328,41.70637600035218],[-87.68138799965641,41.69907900019575],[-87.69615199971497,41.698960000103966],[-87.69641400010596,41.70626100044484]]]}},{"type":"Feature","properties":{"JoinField":"CITY OF CHICAGO:Ward 19 Precinct 35","cd_district":6,"house_district":35,"senate_district":18,"bor_district":1,"ccc_district":11},"geometry":{"type":"Polygon","coordinates":[[[-87.67535800037138,41.69914000031082],[-87.68138799965641,41.69907900019575],[-87.68161999956328,41.70637600035218],[-87.67557200034753,41.70647599956777],[-87.67535800037138,41.69914000031082]]]}},{"type":"Feature","properties":{"JoinField":"CITY OF CHICAGO:Ward 19 Precinct 36","cd_district":6,"house_district":35,"senate_district":18,"bor_district":1,"ccc_district":11},"geometry":{"type":"Polygon","coordinates":[[[-87.67521900025662,41.70648199984447],[-87.67532399970281,41.710118000245586],[-87.67447800025946,41.71013400008411],[-87.67458299970565,41.71376700034682],[-87.66724000012584,41.71388999972373],[-87.66710500019559,41.70661499968253],[-87.67521900025662,41.70648199984447]]]}},{"type":"Feature","properties":{"JoinField":"CITY OF CHICAGO:Ward 20 Precinct 01","cd_district":4,"house_district":6,"senate_district":3,"bor_district":3,"ccc_district":7},"geometry":{"type":"Polygon","coordinates":[[[-87.6727299996897,41.803069999680815],[-87.66969199988586,41.80309800007268],[-87.66973500007015,41.80491800036549],[-87.66730500042542,41.80494099962749],[-87.66739500007913,41.80858200025915],[-87.66131899957213,41.808652999936044],[-87.66122699982617,41.8050130002498],[-87.66486700041168,41.80496399978881],[-87.66477599981249,41.80131799982587],[-87.67268300022027,41.80124900024123],[-87.6727299996897,41.803069999680815]]]}},{"type":"Feature","properties":{"JoinField":"CITY OF CHICAGO:Ward 20 Precinct 02","cd_district":4,"house_district":6,"senate_district":3,"bor_district":3,"ccc_district":11},"geometry":{"type":"Polygon","coordinates":[[[-87.65515400035679,41.80509300034174],[-87.66122699982617,41.8050130002498],[-87.66131899957213,41.808652999936044],[-87.64553800027846,41.80886399977385],[-87.6454410003019,41.80521799981091],[-87.64984300005437,41.80520700020293],[-87.65029300012185,41.80517300043368],[-87.65028799989125,41.80493000001951],[-87.65271300020476,41.80485700025042],[-87.65515000017234,41.80483700022745],[-87.65515400035679,41.80509300034174]]]}},{"type":"Feature","properties":{"JoinField":"CITY OF CHICAGO:Ward 20 Precinct 03","cd_district":7,"house_district":6,"senate_district":3,"bor_district":3,"ccc_district":11},"geometry":{"type":"Polygon","coordinates":[[[-87.66477599981249,41.80131799982587],[-87.66486700041168,41.80496399978881],[-87.65515400035679,41.80509300034174],[-87.65515000017234,41.80483700022745],[-87.65271300020476,41.80485700025042],[-87.65262799988227,41.80148500033255],[-87.66477599981249,41.80131799982587]]]}},{"type":"Feature","properties":{"JoinField":"CITY OF CHICAGO:Ward 20 Precinct 04","cd_district":7,"house_district":6,"senate_district":3,"bor_district":3,"ccc_district":2},"geometry":{"type":"Polygon","coordinates":[[[-87.65972899999332,41.794099999715286],[-87.66094600035757,41.79408700001511],[-87.66099199978095,41.795904000169514],[-87.66038499966794,41.795911999639145],[-87.66050299971363,41.800924999689016],[-87.65990900020017,41.800927999827366],[-87.6599179997159,41.801382000079286],[-87.65262799988227,41.80148500033255],[-87.65254299955973,41.79784299965479],[-87.65495800031141,41.79780999993159],[-87.65486899980448,41.7939530001309],[-87.65972299971662,41.79384499964709],[-87.65972899999332,41.794099999715286]]]}},{"type":"Feature","properties":{"JoinField":"CITY OF CHICAGO:Ward 20 Precinct 05","cd_district":7,"house_district":6,"senate_district":3,"bor_district":3,"ccc_district":2},"geometry":{"type":"Polygon","coordinates":[[[-87.64039999986005,41.79530300033326],[-87.64049999997496,41.79801999972324],[-87.64550399960984,41.79783800032351],[-87.65254299955973,41.79784299965479],[-87.65271300020476,41.80485700025042],[-87.65028799989125,41.80493000001951],[-87.65029300012185,41.80517300043368],[-87.64984300005437,41.80520700020293],[-87.6454410003019,41.80521799981091],[-87.64543199988685,41.80493999958139],[-87.64127499974143,41.80502499990388],[-87.63934199963353,41.805781999739565],[-87.64022299979155,41.804919999558365],[-87.64049399969826,41.80396300039223],[-87.64036500004465,41.80167500010123],[-87.64039999986005,41.79530300033326]]]}},{"type":"Feature","properties":{"JoinField":"CITY OF CHICAGO:Ward 20 Precinct 06","cd_district":7,"house_district":6,"senate_district":3,"bor_district":3,"ccc_district":2},"geometry":{"type":"Polygon","coordinates":[[[-87.64037399956038,41.79438700035985],[-87.64036500004465,41.80167500010123],[-87.64049399969826,41.80396300039223],[-87.64022299979155,41.804919999558365],[-87.63934199963353,41.805781999739565],[-87.64048800032094,41.805293999718344],[-87.64064799960545,41.80537299976419],[-87.64067900013572,41.80895200023468],[-87.6289159999734,41.809185000187654],[-87.62883099965086,41.80189200021567],[-87.62798400016146,41.801912000238644],[-87.62778399993164,41.79461400003612],[-87.64037399956038,41.79438700035985]]]}},{"type":"Feature","properties":{"JoinField":"CITY OF CHICAGO:Ward 20 Precinct 07","cd_district":7,"house_district":5,"senate_district":3,"bor_district":3,"ccc_district":2},"geometry":{"type":"Polygon","coordinates":[[[-87.64008100043776,41.7834660003557],[-87.6402300001144,41.792009999561856],[-87.63968200002427,41.79303800020358],[-87.64031899972201,41.79403200017674],[-87.64032900018316,41.79438700035985],[-87.6307689999893,41.794545999598256],[-87.63075999957431,41.794195999645694],[-87.63050599955221,41.79411999973826],[-87.63023899982994,41.78451099998273],[-87.63192600028464,41.78451700025943],[-87.63194400021541,41.78360300037821],[-87.64008100043776,41.7834660003557]]]}},{"type":"Feature","properties":{"JoinField":"CITY OF CHICAGO:Ward 20 Precinct 08","cd_district":7,"house_district":5,"senate_district":3,"bor_district":3,"ccc_district":2},"geometry":{"type":"Polygon","coordinates":[[[-87.64077400002003,41.77616199987642],[-87.64084899988143,41.779080000441695],[-87.64476999993553,41.779061999611656],[-87.64478599977406,41.7797509999088],[-87.64262900012824,41.77978200043901],[-87.64264399992061,41.78069100008963],[-87.64002799979232,41.780744999881904],[-87.64008100043776,41.7834660003557],[-87.63194400021541,41.78360300037821],[-87.63192600028464,41.78451700025943],[-87.63023899982994,41.78451099998273],[-87.63015000022227,41.77998700000012],[-87.63183399963935,41.779962999792644],[-87.6317969997317,41.77812899975356],[-87.63964199997827,41.77800799956958],[-87.63964300002442,41.7761749995766],[-87.64077400002003,41.77616199987642]]]}},{"type":"Feature","properties":{"JoinField":"CITY OF CHICAGO:Ward 20 Precinct 09","cd_district":7,"house_district":5,"senate_district":3,"bor_district":3,"ccc_district":2},"geometry":{"type":"Polygon","coordinates":[[[-87.61821600026815,41.79113499968054],[-87.63040500029047,41.790908000004265],[-87.63050599955221,41.79411999973826],[-87.63075999957431,41.794195999645694],[-87.6307689999893,41.794545999598256],[-87.62778399993164,41.79461400003612],[-87.62783699967775,41.79646900014427],[-87.62727599988744,41.7964769996139],[-87.62683200009667,41.79635600032918],[-87.62678499972793,41.794631999966896],[-87.62084600014276,41.79472299966676],[-87.62082400002754,41.793829999854665],[-87.615957999562,41.79392199960063],[-87.61584799988526,41.78935400028695],[-87.61812100038384,41.789315000287104],[-87.61821600026815,41.79113499968054]]]}},{"type":"Feature","properties":{"JoinField":"CITY OF CHICAGO:Ward 20 Precinct 10","cd_district":7,"house_district":5,"senate_district":3,"bor_district":3,"ccc_district":2},"geometry":{"type":"Polygon","coordinates":[[[-87.63026199999126,41.78546299981764],[-87.63040500029047,41.790908000004265],[-87.61821600026815,41.79113499968054],[-87.61812100038384,41.789315000287104],[-87.61584799988526,41.78935400028695],[-87.61576000032375,41.78569899990896],[-87.63026199999126,41.78546299981764]]]}},{"type":"Feature","properties":{"JoinField":"CITY OF CHICAGO:Ward 20 Precinct 11","cd_district":7,"house_district":5,"senate_district":3,"bor_district":3,"ccc_district":2},"geometry":{"type":"Polygon","coordinates":[[[-87.63015000022227,41.77998700000012],[-87.63026199999126,41.78546299981764],[-87.61576000032375,41.78569899990896],[-87.61562200025509,41.78023899992996],[-87.63015000022227,41.77998700000012]]]}},{"type":"Feature","properties":{"JoinField":"CITY OF CHICAGO:Ward 20 Precinct 12","cd_district":1,"house_district":5,"senate_district":3,"bor_district":3,"ccc_district":2},"geometry":{"type":"Polygon","coordinates":[[[-87.61794300026924,41.772924999888914],[-87.6197069997782,41.77422999981468],[-87.6211739999801,41.77482300018136],[-87.62243999990602,41.77496899971959],[-87.62645299970615,41.77497499999629],[-87.62796900036903,41.77539699967184],[-87.63005300024571,41.77693499955063],[-87.63007000013039,41.77659600010537],[-87.63123099971085,41.778122000330086],[-87.6317969997317,41.77812899975356],[-87.63183399963935,41.779962999792644],[-87.61562200025509,41.78023899992996],[-87.61545000041713,41.7729700001654],[-87.61794300026924,41.772924999888914]]]}},{"type":"Feature","properties":{"JoinField":"CITY OF CHICAGO:Ward 20 Precinct 13","cd_district":1,"house_district":25,"senate_district":13,"bor_district":3,"ccc_district":3},"geometry":{"type":"Polygon","coordinates":[[[-87.60789900023866,41.7985600003438],[-87.60791199993884,41.79932399960296],[-87.60741699959482,41.80113500038004],[-87.60702500040338,41.80158899973259],[-87.60638899985241,41.80169600017035],[-87.60644899992138,41.80408100043786],[-87.60425600041407,41.804094000138036],[-87.60420199972248,41.80228100016808],[-87.60288500014258,41.8022980000527],[-87.60273300032765,41.795325000448486],[-87.60365999990904,41.79531499998734],[-87.6038279995625,41.79545900033264],[-87.603751999655,41.7949890002422],[-87.60738299982552,41.79497100031148],[-87.60727800037938,41.796571000351435],[-87.60789900023866,41.7985600003438]]]}},{"type":"Feature","properties":{"JoinField":"CITY OF CHICAGO:Ward 20 Precinct 14","cd_district":1,"house_district":26,"senate_district":13,"bor_district":3,"ccc_district":3},"geometry":{"type":"Polygon","coordinates":[[[-87.61576000032375,41.78569899990896],[-87.61611100032235,41.80210300005348],[-87.61645099981376,41.80392200030013],[-87.61550700034775,41.803936000046406],[-87.61555399981722,41.805756000339215],[-87.61258699969022,41.805802999808634],[-87.61254599959818,41.8039830004152],[-87.60644899992138,41.80408100043786],[-87.60638899985241,41.80169600017035],[-87.60702500040338,41.80158899973259],[-87.60741699959482,41.80113500038004],[-87.60795600016922,41.79892500008873],[-87.60727800037938,41.796571000351435],[-87.60738299982552,41.79497100031148],[-87.60621599996841,41.79496500003478],[-87.60603699980766,41.78587399988521],[-87.61576000032375,41.78569899990896]]]}},{"type":"Feature","properties":{"JoinField":"CITY OF CHICAGO:Ward 20 Precinct 15","cd_district":1,"house_district":5,"senate_district":3,"bor_district":3,"ccc_district":3},"geometry":{"type":"Polygon","coordinates":[[[-87.61562200025509,41.78023899992996],[-87.61576000032375,41.78569899990896],[-87.61091800006562,41.78578800041595],[-87.61080200011219,41.7803250002986],[-87.61562200025509,41.78023899992996]]]}},{"type":"Feature","properties":{"JoinField":"CITY OF CHICAGO:Ward 20 Precinct 16","cd_district":1,"house_district":5,"senate_district":3,"bor_district":3,"ccc_district":3},"geometry":{"type":"Polygon","coordinates":[[[-87.61080200011219,41.7803250002986],[-87.61091800006562,41.78578800041595],[-87.60603699980766,41.78587399988521],[-87.60593000026927,41.78040999972177],[-87.61080200011219,41.7803250002986]]]}},{"type":"Feature","properties":{"JoinField":"CITY OF CHICAGO:Ward 20 Precinct 17","cd_district":1,"house_district":5,"senate_district":3,"bor_district":3,"ccc_district":3},"geometry":{"type":"Polygon","coordinates":[[[-87.60593000026927,41.78040999972177],[-87.60603699980766,41.78587399988521],[-87.60443100039032,41.785892999862085],[-87.60441699974473,41.78525300002599],[-87.60279599963565,41.78526899986451],[-87.6027690001892,41.7840939996384],[-87.59952699997103,41.78413100044537],[-87.59948399978674,41.782305999922016],[-87.59787100004655,41.782323999852736],[-87.59782399967781,41.78050399955998],[-87.60593000026927,41.78040999972177]]]}},{"type":"Feature","properties":{"JoinField":"CITY OF CHICAGO:Ward 20 Precinct 18","cd_district":1,"house_district":26,"senate_district":13,"bor_district":3,"ccc_district":3},"geometry":{"type":"Polygon","coordinates":[[[-87.59787100004655,41.782323999852736],[-87.59948399978674,41.782305999922016],[-87.59952699997103,41.78413100044537],[-87.59628799989122,41.784167000306866],[-87.59633200012166,41.78601400004612],[-87.59471100001258,41.78606599974614],[-87.59465600017421,41.78418400019149],[-87.59143600007133,41.78420600030671],[-87.5914069996333,41.7832769997338],[-87.59029000028323,41.783352999641295],[-87.58994100037683,41.78320800014916],[-87.59057900012073,41.78057600018229],[-87.59782399967781,41.78050399955998],[-87.59787100004655,41.782323999852736]]]}},{"type":"Feature","properties":{"JoinField":"CITY OF CHICAGO:Ward 20 Precinct 19","cd_district":1,"house_district":26,"senate_district":13,"bor_district":3,"ccc_district":3},"geometry":{"type":"Polygon","coordinates":[[[-87.59294999974264,41.775079000295705],[-87.59607600000737,41.77505500008823],[-87.59620399961483,41.78052200039008],[-87.59057900012073,41.78057600018229],[-87.5909880000961,41.77875499984344],[-87.5914560000943,41.77875499984344],[-87.5914499998176,41.77802000012298],[-87.59211499990727,41.775097000226424],[-87.5918110002774,41.77510699978825],[-87.59222100029888,41.77327499984142],[-87.59291399988115,41.77326800041794],[-87.59294999974264,41.775079000295705]]]}},{"type":"Feature","properties":{"JoinField":"CITY OF CHICAGO:Ward 20 Precinct 20","cd_district":1,"house_district":5,"senate_district":3,"bor_district":3,"ccc_district":3},"geometry":{"type":"Polygon","coordinates":[[[-87.59847500002121,41.773212999680254],[-87.59855099992865,41.776856000404166],[-87.59929099987971,41.77684699998912],[-87.59930300043311,41.77786700026189],[-87.59912899960364,41.77832899998339],[-87.59917499992628,41.780488999767556],[-87.59620399961483,41.78052200039008],[-87.59607600000737,41.77505500008823],[-87.59294999974264,41.775079000295705],[-87.59291399988115,41.77326800041794],[-87.59847500002121,41.773212999680254]]]}},{"type":"Feature","properties":{"JoinField":"CITY OF CHICAGO:Ward 20 Precinct 21","cd_district":1,"house_district":5,"senate_district":3,"bor_district":3,"ccc_district":3},"geometry":{"type":"Polygon","coordinates":[[[-87.60455699990558,41.77315100041841],[-87.60464799960545,41.78042799965249],[-87.59917499992628,41.780488999767556],[-87.59912899960364,41.77832899998339],[-87.59930300043311,41.77786700026189],[-87.59929099987971,41.77684699998912],[-87.59855099992865,41.776856000404166],[-87.59847500002121,41.773212999680254],[-87.60455699990558,41.77315100041841]]]}},{"type":"Feature","properties":{"JoinField":"CITY OF CHICAGO:Ward 20 Precinct 22","cd_district":1,"house_district":5,"senate_district":3,"bor_district":3,"ccc_district":3},"geometry":{"type":"Polygon","coordinates":[[[-87.61545000041713,41.7729700001654],[-87.61562200025509,41.78023899992996],[-87.60464799960545,41.78042799965249],[-87.60455699990558,41.77315100041841],[-87.61545000041713,41.7729700001654]]]}},{"type":"Feature","properties":{"JoinField":"CITY OF CHICAGO:Ward 20 Precinct 23","cd_district":7,"house_district":6,"senate_district":3,"bor_district":3,"ccc_district":2},"geometry":{"type":"Polygon","coordinates":[[[-87.6347730002737,41.80945700014047],[-87.63338300002539,41.80947600011734],[-87.63339200044044,41.80985000027732],[-87.63224799984528,41.809872000392545],[-87.63197699993856,41.81031600018332],[-87.63201299980005,41.811762000316094],[-87.6334420000482,41.81173900015477],[-87.63346200007123,41.81251600001343],[-87.63460599976702,41.81249800008271],[-87.63471800043533,41.81636500034455],[-87.6352050004104,41.81635800002175],[-87.63537900034055,41.81771100036241],[-87.63358999967869,41.81773699976276],[-87.63356300023224,41.81638400032142],[-87.62912599976505,41.81645099981387],[-87.6289159999734,41.809185000187654],[-87.63475500034298,41.80906800018812],[-87.6347730002737,41.80945700014047]]]}},{"type":"Feature","properties":{"JoinField":"CITY OF CHICAGO:Ward 21 Precinct 01","cd_district":1,"house_district":27,"senate_district":14,"bor_district":3,"ccc_district":5},"geometry":{"type":"Polygon","coordinates":[[[-87.6615989998939,41.68482000004303],[-87.66078600017374,41.68929300037172],[-87.65688200000426,41.68933899979504],[-87.6569149997274,41.69038600041364],[-87.64828400010646,41.69046699965236],[-87.64804800001514,41.69043399992921],[-87.64676100002009,41.68829500021417],[-87.64524500025652,41.685041000341926],[-87.6615989998939,41.68482000004303]]]}},{"type":"Feature","properties":{"JoinField":"CITY OF CHICAGO:Ward 21 Precinct 02","cd_district":1,"house_district":27,"senate_district":14,"bor_district":3,"ccc_district":5},"geometry":{"type":"Polygon","coordinates":[[[-87.66854900023611,41.67612700026092],[-87.6678500003772,41.67741899958719],[-87.6718779999697,41.677341999633654],[-87.66465799976686,41.690078999746106],[-87.66213899961508,41.68930700011799],[-87.66078600017374,41.68929300037172],[-87.6616110004473,41.685123999672896],[-87.66136499989477,41.677543999955674],[-87.66656999980563,41.67744199974857],[-87.66714800037988,41.67583400023898],[-87.66854900023611,41.67612700026092]]]}},{"type":"Feature","properties":{"JoinField":"CITY OF CHICAGO:Ward 21 Precinct 03","cd_district":1,"house_district":27,"senate_district":14,"bor_district":3,"ccc_district":5},"geometry":{"type":"Polygon","coordinates":[[[-87.66136499989477,41.677543999955674],[-87.6615989998939,41.68482000004303],[-87.65430800001417,41.68491900011179],[-87.65413900031456,41.67945399990225],[-87.6517089997705,41.67947099978687],[-87.65174399958585,41.67767699979373],[-87.66136499989477,41.677543999955674]]]}},{"type":"Feature","properties":{"JoinField":"CITY OF CHICAGO:Ward 21 Precinct 04","cd_district":1,"house_district":27,"senate_district":14,"bor_district":3,"ccc_district":5},"geometry":{"type":"Polygon","coordinates":[[[-87.65174399958585,41.67767699979373],[-87.6517089997705,41.67947099978687],[-87.65413900031456,41.67945399990225],[-87.65430800001417,41.68491900011179],[-87.642151999715,41.68508200043402],[-87.64190700010795,41.67781499986239],[-87.65174399958585,41.67767699979373]]]}},{"type":"Feature","properties":{"JoinField":"CITY OF CHICAGO:Ward 21 Precinct 05","cd_district":1,"house_district":28,"senate_district":14,"bor_district":3,"ccc_district":5},"geometry":{"type":"Polygon","coordinates":[[[-87.64196800022302,41.679648999901474],[-87.64220799959946,41.68690299987361],[-87.63254500005166,41.687021999965395],[-87.63274500028149,41.69163599960177],[-87.63264500016658,41.692472000382566],[-87.63031299964518,41.69249999987517],[-87.62999000003845,41.68204299968477],[-87.63721699966476,41.681988999892496],[-87.63714700003396,41.679702999693745],[-87.64196800022302,41.679648999901474]]]}},{"type":"Feature","properties":{"JoinField":"CITY OF CHICAGO:Ward 21 Precinct 06","cd_district":1,"house_district":28,"senate_district":14,"bor_district":3,"ccc_district":5},"geometry":{"type":"Polygon","coordinates":[[[-87.63812099998415,41.67239399988324],[-87.63932499974891,41.672378000044716],[-87.63938399977172,41.6742180003605],[-87.63982999965475,41.6742110000377],[-87.64124700024882,41.67663400025896],[-87.64187300033865,41.676835999681714],[-87.64196800022302,41.679648999901474],[-87.63714700003396,41.679702999693745],[-87.63721699966476,41.681988999892496],[-87.62999000003845,41.68204299968477],[-87.62986699976221,41.67794699965435],[-87.63227300009885,41.677920000207905],[-87.6320559999844,41.67063599975165],[-87.63775100000862,41.67057899982103],[-87.63807999989206,41.67122599997998],[-87.63812099998415,41.67239399988324]]]}},{"type":"Feature","properties":{"JoinField":"CITY OF CHICAGO:Ward 21 Precinct 07","cd_district":1,"house_district":28,"senate_district":14,"bor_district":3,"ccc_district":5},"geometry":{"type":"Polygon","coordinates":[[[-87.63775100000862,41.67057899982103],[-87.66115099991868,41.67033000002954],[-87.66136499989477,41.677543999955674],[-87.64190700010795,41.67781499986239],[-87.64187300033865,41.676835999681714],[-87.64124700024882,41.67663400025896],[-87.63982999965475,41.6742110000377],[-87.63938399977172,41.6742180003605],[-87.63932499974891,41.672378000044716],[-87.63812099998415,41.67239399988324],[-87.63807999989206,41.67122599997998],[-87.63775100000862,41.67057899982103]]]}},{"type":"Feature","properties":{"JoinField":"CITY OF CHICAGO:Ward 21 Precinct 08","cd_district":1,"house_district":27,"senate_district":14,"bor_district":3,"ccc_district":4},"geometry":{"type":"Polygon","coordinates":[[[-87.65066700028183,41.72128099971843],[-87.64497200025755,41.7365780000747],[-87.64363799989377,41.737319000071864],[-87.64335500033297,41.7269379997889],[-87.63972100002411,41.72699000038824],[-87.63957300039363,41.72154400015552],[-87.65066700028183,41.72128099971843]]]}},{"type":"Feature","properties":{"JoinField":"CITY OF CHICAGO:Ward 21 Precinct 09","cd_district":1,"house_district":27,"senate_district":14,"bor_district":3,"ccc_district":5},"geometry":{"type":"Polygon","coordinates":[[[-87.66187800016951,41.68928700009502],[-87.66465799976686,41.690078999746106],[-87.6593220001102,41.697843999900726],[-87.65601899977696,41.706786000373654],[-87.65255800025147,41.70682799961253],[-87.65233399981418,41.69953300044767],[-87.6538210000391,41.69951599966373],[-87.65484699968925,41.69859000012843],[-87.65715600004933,41.69729699985669],[-87.65805900032257,41.69655699990568],[-87.65903600041105,41.69514200030312],[-87.66014600033759,41.69214199955371],[-87.65973400022392,41.692147999830354],[-87.66020300026821,41.69087699967383],[-87.66015799999167,41.69037199976805],[-87.66039500012914,41.690369999675795],[-87.66078600017374,41.68929300037172],[-87.66187800016951,41.68928700009502]]]}},{"type":"Feature","properties":{"JoinField":"CITY OF CHICAGO:Ward 21 Precinct 10","cd_district":1,"house_district":27,"senate_district":14,"bor_district":3,"ccc_district":5},"geometry":{"type":"Polygon","coordinates":[[[-87.65233399981418,41.69953300044767],[-87.65255800025147,41.70682799961253],[-87.64283399968929,41.70691700011952],[-87.64260800005911,41.69964100003216],[-87.65233399981418,41.69953300044767]]]}},{"type":"Feature","properties":{"JoinField":"CITY OF CHICAGO:Ward 21 Precinct 11","cd_district":1,"house_district":27,"senate_district":14,"bor_district":3,"ccc_district":5},"geometry":{"type":"Polygon","coordinates":[[[-87.64260800005911,41.69964100003216],[-87.64283399968929,41.70691700011952],[-87.6324779996599,41.70705100000367],[-87.63242599995988,41.70522999966482],[-87.63301700023436,41.70523399984927],[-87.63287700007345,41.6997549998934],[-87.64260800005911,41.69964100003216]]]}},{"type":"Feature","properties":{"JoinField":"CITY OF CHICAGO:Ward 21 Precinct 12","cd_district":1,"house_district":27,"senate_district":14,"bor_district":3,"ccc_district":5},"geometry":{"type":"Polygon","coordinates":[[[-87.63264500016658,41.692472000382566],[-87.63301700023436,41.70523399984927],[-87.63242599995988,41.70522999966482],[-87.6324779996599,41.70705100000367],[-87.62829500011412,41.7071009996115],[-87.62801599983851,41.69708299988059],[-87.63042799955252,41.69705400034189],[-87.63031299964518,41.69249999987517],[-87.63264500016658,41.692472000382566]]]}},{"type":"Feature","properties":{"JoinField":"CITY OF CHICAGO:Ward 21 Precinct 13","cd_district":1,"house_district":27,"senate_district":14,"bor_district":3,"ccc_district":5},"geometry":{"type":"Polygon","coordinates":[[[-87.66078600017374,41.68929300037172],[-87.66039500012914,41.690369999675795],[-87.66015799999167,41.69037199976805],[-87.66020300026821,41.69087699967383],[-87.65973400022392,41.692147999830354],[-87.66014600033759,41.69214199955371],[-87.65903600041105,41.69514200030312],[-87.65858100011303,41.69595900020772],[-87.65730999995651,41.69719399960343],[-87.65519599959566,41.69835700017546],[-87.6538210000391,41.69951599966373],[-87.65260599976705,41.69953000030932],[-87.64804800001514,41.69043399992921],[-87.6569149997274,41.69038600041364],[-87.65688200000426,41.68933899979504],[-87.66078600017374,41.68929300037172]]]}},{"type":"Feature","properties":{"JoinField":"CITY OF CHICAGO:Ward 21 Precinct 14","cd_district":1,"house_district":27,"senate_district":14,"bor_district":3,"ccc_district":5},"geometry":{"type":"Polygon","coordinates":[[[-87.65255099992868,41.69953000030932],[-87.64260800005911,41.69964100003216],[-87.64237800024449,41.69235600042913],[-87.64888900012721,41.69227600033719],[-87.65255099992868,41.69953000030932]]]}},{"type":"Feature","properties":{"JoinField":"CITY OF CHICAGO:Ward 21 Precinct 15","cd_district":1,"house_district":27,"senate_district":14,"bor_district":3,"ccc_district":5},"geometry":{"type":"Polygon","coordinates":[[[-87.64888900012721,41.69227600033719],[-87.63264500016658,41.692472000382566],[-87.63274500028149,41.69163599960177],[-87.63254500005166,41.687021999965395],[-87.64220799959946,41.68690299987361],[-87.642151999715,41.68508200043402],[-87.64524500025652,41.685041000341926],[-87.64676100002009,41.68829500021417],[-87.64851299987498,41.6913810004329],[-87.64888900012721,41.69227600033719]]]}},{"type":"Feature","properties":{"JoinField":"CITY OF CHICAGO:Ward 21 Precinct 17","cd_district":1,"house_district":27,"senate_district":14,"bor_district":3,"ccc_district":5},"geometry":{"type":"Polygon","coordinates":[[[-87.6452640002334,41.7068939999582],[-87.64544899977147,41.71417700036835],[-87.63938499981788,41.71424900009134],[-87.6391909998647,41.70696499963509],[-87.6452640002334,41.7068939999582]]]}},{"type":"Feature","properties":{"JoinField":"CITY OF CHICAGO:Ward 21 Precinct 18","cd_district":1,"house_district":27,"senate_district":14,"bor_district":3,"ccc_district":5},"geometry":{"type":"Polygon","coordinates":[[[-87.65255800025147,41.70682799961253],[-87.65259600020522,41.710915000127216],[-87.65234700041373,41.71172100042389],[-87.65167399995511,41.71262699993616],[-87.65057599968259,41.71341000007152],[-87.64933800014853,41.71392999976973],[-87.64806800003811,41.71414099960748],[-87.64544899977147,41.71417700036835],[-87.6452640002334,41.7068939999582],[-87.65255800025147,41.70682799961253]]]}},{"type":"Feature","properties":{"JoinField":"CITY OF CHICAGO:Ward 21 Precinct 19","cd_district":1,"house_district":27,"senate_district":14,"bor_district":3,"ccc_district":5},"geometry":{"type":"Polygon","coordinates":[[[-87.65599999980009,41.706838000073674],[-87.65964199957858,41.71400599967717],[-87.6533200003177,41.714083999676916],[-87.65204199983839,41.71752600012485],[-87.64310799973435,41.71761999996306],[-87.64311500005715,41.71782699961636],[-87.63947600041706,41.71787700012351],[-87.6394019997025,41.715189000272176],[-87.63698999998849,41.71518500008773],[-87.63697100001161,41.714274000344915],[-87.64806800003811,41.71414099960748],[-87.65008699961533,41.71366300004746],[-87.65167399995511,41.71262699993616],[-87.65248400043623,41.711387000309855],[-87.65264699985914,41.71029799955306],[-87.65255800025147,41.70682799961253],[-87.65599999980009,41.706838000073674]]]}},{"type":"Feature","properties":{"JoinField":"CITY OF CHICAGO:Ward 21 Precinct 20","cd_district":1,"house_district":27,"senate_district":14,"bor_district":3,"ccc_district":4},"geometry":{"type":"Polygon","coordinates":[[[-87.65204199983839,41.71752600012485],[-87.65066700028183,41.72128099971843],[-87.63957300039363,41.72154400015552],[-87.63947600041706,41.71787700012351],[-87.64311500005715,41.71782699961636],[-87.64310799973435,41.71761999996306],[-87.65160500037041,41.7175159996637],[-87.65204199983839,41.71752600012485]]]}},{"type":"Feature","properties":{"JoinField":"CITY OF CHICAGO:Ward 21 Precinct 16","cd_district":1,"house_district":35,"senate_district":18,"bor_district":3,"ccc_district":4},"geometry":{"type":"Polygon","coordinates":[[[-87.66344100030187,41.721127999857345],[-87.66571700003948,41.72561299984011],[-87.66743600017122,41.72845100031344],[-87.6634550000482,41.72845100031344],[-87.6634160000483,41.72663600025129],[-87.65733800034837,41.7267599996743],[-87.65721900025665,41.72175499999332],[-87.6578270004157,41.72174799967053],[-87.65769699981666,41.72120199967259],[-87.66344100030187,41.721127999857345]]]}},{"type":"Feature","properties":{"JoinField":"CITY OF CHICAGO:Ward 21 Precinct 22","cd_district":1,"house_district":27,"senate_district":14,"bor_district":3,"ccc_district":5},"geometry":{"type":"Polygon","coordinates":[[[-87.64237800024449,41.69235600042913],[-87.64260800005911,41.69964100003216],[-87.63287700007345,41.6997549998934],[-87.63264500016658,41.692472000382566],[-87.64237800024449,41.69235600042913]]]}},{"type":"Feature","properties":{"JoinField":"CITY OF CHICAGO:Ward 21 Precinct 23","cd_district":1,"house_district":31,"senate_district":16,"bor_district":3,"ccc_district":4},"geometry":{"type":"Polygon","coordinates":[[[-87.64352099989418,41.732550999628984],[-87.64383099980074,41.743357999771945],[-87.63764300042408,41.74347499977148],[-87.63628699994507,41.74373900025472],[-87.63594600040756,41.74416199997637],[-87.63416700020684,41.74350100007115],[-87.62911200001872,41.74358200020919],[-87.62902300041111,41.741753000400706],[-87.62428400040625,41.7418300003543],[-87.62416500031446,41.73629899979903],[-87.62834000039066,41.73625000023736],[-87.63175999982411,41.735989999938624],[-87.63510400024938,41.73605500023814],[-87.63500900036502,41.73260300022832],[-87.64352099989418,41.732550999628984]]]}},{"type":"Feature","properties":{"JoinField":"CITY OF CHICAGO:Ward 21 Precinct 24","cd_district":1,"house_district":27,"senate_district":14,"bor_district":3,"ccc_district":4},"geometry":{"type":"Polygon","coordinates":[[[-87.64335500033297,41.7269379997889],[-87.64352099989418,41.732550999628984],[-87.63500900036502,41.73260300022832],[-87.63510400024938,41.73605500023814],[-87.63175999982411,41.735989999938624],[-87.62834000039066,41.73625000023736],[-87.62416500031446,41.73629899979903],[-87.62404700026883,41.73013799986887],[-87.638585999844,41.729961999846466],[-87.63855600025914,41.72883299994305],[-87.63976999958578,41.72881600005843],[-87.63972100002411,41.72699000038824],[-87.64335500033297,41.7269379997889]]]}},{"type":"Feature","properties":{"JoinField":"CITY OF CHICAGO:Ward 21 Precinct 25","cd_district":1,"house_district":27,"senate_district":14,"bor_district":3,"ccc_district":4},"geometry":{"type":"Polygon","coordinates":[[[-87.65081599995841,41.73243499967555],[-87.65323900017967,41.73238600011388],[-87.65323099981077,41.73218099965345],[-87.65687899986591,41.73212099958454],[-87.65698700034977,41.73587900021573],[-87.6472809997183,41.73602000042274],[-87.64729100017945,41.736931000165555],[-87.64482599982,41.736961999796506],[-87.6465130002747,41.732527000320886],[-87.64839699992154,41.73244800027504],[-87.64838600031362,41.73209500018419],[-87.64915699989558,41.73206899988446],[-87.65080799958946,41.73215200011475],[-87.65081599995841,41.73243499967555]]]}},{"type":"Feature","properties":{"JoinField":"CITY OF CHICAGO:Ward 21 Precinct 26","cd_district":1,"house_district":35,"senate_district":18,"bor_district":3,"ccc_district":4},"geometry":{"type":"Polygon","coordinates":[[[-87.6617470004237,41.732282999860615],[-87.66184899973149,41.73580799963952],[-87.6630650000497,41.7357899997088],[-87.66315699979566,41.73943200038656],[-87.65708699956537,41.73952099999423],[-87.65688500014261,41.73235000025238],[-87.6617470004237,41.732282999860615]]]}},{"type":"Feature","properties":{"JoinField":"CITY OF CHICAGO:Ward 21 Precinct 27","cd_district":1,"house_district":35,"senate_district":18,"bor_district":3,"ccc_district":4},"geometry":{"type":"Polygon","coordinates":[[[-87.6634550000482,41.72845100031344],[-87.66743600017122,41.72845100031344],[-87.66821600016823,41.73017699986872],[-87.666602000382,41.73022200014526],[-87.66660100033585,41.732069999930616],[-87.66538700010994,41.73208599976914],[-87.66535899971802,41.731207999749415],[-87.66414400034529,41.731823000231316],[-87.66295799961193,41.73210099956151],[-87.6629540003268,41.7319820003691],[-87.661741000147,41.73204799981539],[-87.6617470004237,41.732282999860615],[-87.65688500014261,41.73235000025238],[-87.656778999751,41.72859599980558],[-87.6573819996795,41.728588000336],[-87.65733800034837,41.7267599996743],[-87.6634160000483,41.72663600025129],[-87.6634550000482,41.72845100031344]]]}},{"type":"Feature","properties":{"JoinField":"CITY OF CHICAGO:Ward 21 Precinct 28","cd_district":1,"house_district":27,"senate_district":14,"bor_district":3,"ccc_district":4},"geometry":{"type":"Polygon","coordinates":[[[-87.6573819996795,41.728588000336],[-87.656778999751,41.72859599980558],[-87.65687899986591,41.73212099958454],[-87.65323099981077,41.73218099965345],[-87.65323900017967,41.73238600011388],[-87.65081599995841,41.73243499967555],[-87.65080799958946,41.73215200011475],[-87.64838600031362,41.73209500018419],[-87.64839699992154,41.73244800027504],[-87.6465130002747,41.732527000320886],[-87.64862999987457,41.72686700011201],[-87.65733800034837,41.7267599996743],[-87.6573819996795,41.728588000336]]]}},{"type":"Feature","properties":{"JoinField":"CITY OF CHICAGO:Ward 21 Precinct 29","cd_district":1,"house_district":27,"senate_district":14,"bor_district":3,"ccc_district":4},"geometry":{"type":"Polygon","coordinates":[[[-87.65769699981666,41.72120199967259],[-87.6578129997701,41.72132700004107],[-87.6578270004157,41.72174799967053],[-87.65721900025665,41.72175499999332],[-87.65733800034837,41.7267599996743],[-87.64862999987457,41.72686700011201],[-87.65066700028183,41.72128099971843],[-87.65769699981666,41.72120199967259]]]}},{"type":"Feature","properties":{"JoinField":"CITY OF CHICAGO:Ward 22 Precinct 01","cd_district":7,"house_district":9,"senate_district":5,"bor_district":1,"ccc_district":2},"geometry":{"type":"Polygon","coordinates":[[[-87.73919799998765,41.845472999978995],[-87.73942299957173,41.851351000348416],[-87.72476099972033,41.85165099979383],[-87.72468499981284,41.848774000219976],[-87.73919799998765,41.845472999978995]]]}},{"type":"Feature","properties":{"JoinField":"CITY OF CHICAGO:Ward 22 Precinct 02","cd_district":7,"house_district":23,"senate_district":12,"bor_district":1,"ccc_district":2},"geometry":{"type":"Polygon","coordinates":[[[-87.72468499981284,41.848774000219976],[-87.72476099972033,41.85165099979383],[-87.72358799958647,41.85166000020888],[-87.72354400025534,41.85148400018653],[-87.71258200015916,41.851689999793734],[-87.71250700029776,41.84986200003135],[-87.71982200038497,41.849702999893566],[-87.719824999624,41.8498320004465],[-87.72468499981284,41.848774000219976]]]}},{"type":"Feature","properties":{"JoinField":"CITY OF CHICAGO:Ward 22 Precinct 03","cd_district":4,"house_district":23,"senate_district":12,"bor_district":1,"ccc_district":7},"geometry":{"type":"Polygon","coordinates":[[[-87.73919799998765,41.845472999978995],[-87.7262130001298,41.848406000336695],[-87.72468499981284,41.848774000219976],[-87.72455300002088,41.84425499956865],[-87.73915199966501,41.84404699986919],[-87.73919799998765,41.845472999978995]]]}},{"type":"Feature","properties":{"JoinField":"CITY OF CHICAGO:Ward 22 Precinct 04","cd_district":4,"house_district":23,"senate_district":12,"bor_district":1,"ccc_district":7},"geometry":{"type":"Polygon","coordinates":[[[-87.72455300002088,41.84425499956865],[-87.72468499981284,41.848774000219976],[-87.719824999624,41.8498320004465],[-87.71967399985516,41.84431699972981],[-87.72455300002088,41.84425499956865]]]}},{"type":"Feature","properties":{"JoinField":"CITY OF CHICAGO:Ward 22 Precinct 05","cd_district":4,"house_district":23,"senate_district":12,"bor_district":1,"ccc_district":7},"geometry":{"type":"Polygon","coordinates":[[[-87.71967399985516,41.84431699972981],[-87.71982200038497,41.849702999893566],[-87.71250700029776,41.84986200003135],[-87.71235000025229,41.84441299966028],[-87.71967399985516,41.84431699972981]]]}},{"type":"Feature","properties":{"JoinField":"CITY OF CHICAGO:Ward 22 Precinct 06","cd_district":4,"house_district":23,"senate_district":12,"bor_district":1,"ccc_district":7},"geometry":{"type":"Polygon","coordinates":[[[-87.71235000025229,41.84441299966028],[-87.71258200015916,41.851689999793734],[-87.71114300034913,41.85199100018457],[-87.71089000037318,41.85164500041651],[-87.70768900024711,41.851736000116375],[-87.70758599999385,41.848110000176405],[-87.71001899977699,41.84807699955394],[-87.70991000014635,41.84444999956787],[-87.71235000025229,41.84441299966028]]]}},{"type":"Feature","properties":{"JoinField":"CITY OF CHICAGO:Ward 22 Precinct 07","cd_district":4,"house_district":23,"senate_district":12,"bor_district":1,"ccc_district":7},"geometry":{"type":"Polygon","coordinates":[[[-87.71444999996748,41.82808300023032],[-87.71459400031284,41.8370560003342],[-87.71092900037303,41.837123999872745],[-87.71113099979578,41.84443399972935],[-87.70991000014635,41.84444999956787],[-87.70986199973146,41.84262299985164],[-87.70498399961184,41.84269699966683],[-87.70465899991285,41.83125299982612],[-87.71412700036075,41.82816699960739],[-87.71444999996748,41.82808300023032]]]}},{"type":"Feature","properties":{"JoinField":"CITY OF CHICAGO:Ward 22 Precinct 08","cd_district":4,"house_district":23,"senate_district":12,"bor_district":1,"ccc_district":7},"geometry":{"type":"Polygon","coordinates":[[[-87.71957399974025,41.84064300027427],[-87.71967399985516,41.84431699972981],[-87.71113099979578,41.84443399972935],[-87.71103099968087,41.84077800020458],[-87.71957399974025,41.84064300027427]]]}},{"type":"Feature","properties":{"JoinField":"CITY OF CHICAGO:Ward 22 Precinct 09","cd_district":4,"house_district":23,"senate_district":12,"bor_district":1,"ccc_district":7},"geometry":{"type":"Polygon","coordinates":[[[-87.71946800024796,41.836967999873366],[-87.71957399974025,41.84064300027427],[-87.71103099968087,41.84077800020458],[-87.71092900037303,41.837123999872745],[-87.71946800024796,41.836967999873366]]]}},{"type":"Feature","properties":{"JoinField":"CITY OF CHICAGO:Ward 22 Precinct 10","cd_district":4,"house_district":23,"senate_district":12,"bor_district":1,"ccc_district":7},"geometry":{"type":"Polygon","coordinates":[[[-87.7241070001379,41.825285999849086],[-87.72435099969886,41.836882000404046],[-87.71459400031284,41.8370560003342],[-87.71444999996748,41.82808300023032],[-87.72380699979317,41.82509500003425],[-87.7241070001379,41.825285999849086]]]}},{"type":"Feature","properties":{"JoinField":"CITY OF CHICAGO:Ward 22 Precinct 11","cd_district":4,"house_district":23,"senate_district":12,"bor_district":1,"ccc_district":7},"geometry":{"type":"Polygon","coordinates":[[[-87.72435099969886,41.836882000404046],[-87.72455300002088,41.84425499956865],[-87.71967399985516,41.84431699972981],[-87.71946800024796,41.836967999873366],[-87.72435099969886,41.836882000404046]]]}},{"type":"Feature","properties":{"JoinField":"CITY OF CHICAGO:Ward 22 Precinct 12","cd_district":4,"house_district":23,"senate_district":12,"bor_district":1,"ccc_district":7},"geometry":{"type":"Polygon","coordinates":[[[-87.72799400042277,41.83684000026585],[-87.72819799993772,41.84420499996082],[-87.72455300002088,41.84425499956865],[-87.72435099969886,41.836882000404046],[-87.72799400042277,41.83684000026585]]]}},{"type":"Feature","properties":{"JoinField":"CITY OF CHICAGO:Ward 22 Precinct 13","cd_district":4,"house_district":23,"senate_district":12,"bor_district":1,"ccc_district":7},"geometry":{"type":"Polygon","coordinates":[[[-87.73163800029346,41.836802000312105],[-87.73185100022346,41.844152000214706],[-87.72819799993772,41.84420499996082],[-87.72799400042277,41.83684000026585],[-87.73163800029346,41.836802000312105]]]}},{"type":"Feature","properties":{"JoinField":"CITY OF CHICAGO:Ward 22 Precinct 14","cd_district":4,"house_district":23,"senate_district":12,"bor_district":1,"ccc_district":7},"geometry":{"type":"Polygon","coordinates":[[[-87.73915199966501,41.83671800003572],[-87.73890800010406,41.83713699957292],[-87.73915199966501,41.84404699986919],[-87.73185100022346,41.844152000214706],[-87.73163800029346,41.836802000312105],[-87.73915199966501,41.83671800003572]]]}},{"type":"Feature","properties":{"JoinField":"CITY OF CHICAGO:Ward 22 Precinct 15","cd_district":4,"house_district":23,"senate_district":12,"bor_district":1,"ccc_district":7},"geometry":{"type":"Polygon","coordinates":[[[-87.73858200035897,41.82054000042075],[-87.7388100000814,41.83292000025784],[-87.73915199966501,41.83671800003572],[-87.72435099969886,41.836882000404046],[-87.7241070001379,41.825285999849086],[-87.72428500025251,41.824995999965495],[-87.73814700008393,41.82057100005164],[-87.73858200035897,41.82054000042075]]]}},{"type":"Feature","properties":{"JoinField":"CITY OF CHICAGO:Ward 22 Precinct 16","cd_district":4,"house_district":1,"senate_district":1,"bor_district":1,"ccc_district":7},"geometry":{"type":"Polygon","coordinates":[[[-87.74312700041071,41.803969999815706],[-87.74347999960224,41.81648200034408],[-87.7449489998964,41.815997999608044],[-87.7449489998964,41.82198100032298],[-87.74125400037178,41.822232000206725],[-87.73865400008202,41.822132000091756],[-87.7382070001529,41.80768400021651],[-87.7394889999174,41.807669000424085],[-87.73938999984858,41.804020000322794],[-87.74312700041071,41.803969999815706]]]}},{"type":"Feature","properties":{"JoinField":"CITY OF CHICAGO:Ward 22 Precinct 17","cd_district":4,"house_district":1,"senate_district":1,"bor_district":1,"ccc_district":7},"geometry":{"type":"Polygon","coordinates":[[[-87.7480489998614,41.80755599970968],[-87.74819800043736,41.81303499966555],[-87.74697499979635,41.81305100040339],[-87.74718000025678,41.814268999914475],[-87.74516600001084,41.81500100039591],[-87.74462800038185,41.81503600021131],[-87.74438600001383,41.81486799965853],[-87.74343100004057,41.814927999727445],[-87.74322200029502,41.807616999824745],[-87.7480489998614,41.80755599970968]]]}},{"type":"Feature","properties":{"JoinField":"CITY OF CHICAGO:Ward 22 Precinct 18","cd_district":4,"house_district":1,"senate_district":1,"bor_district":1,"ccc_district":7},"geometry":{"type":"Polygon","coordinates":[[[-87.75291200018864,41.80749400044783],[-87.75296099975031,41.81297399955048],[-87.75311899984194,41.81344200044799],[-87.74347999960224,41.81648200034408],[-87.74343100004057,41.814927999727445],[-87.74438600001383,41.81486799965853],[-87.74498699985014,41.815030999980706],[-87.74703399981922,41.81435999961434],[-87.74718000025678,41.814268999914475],[-87.74719400000305,41.81393299970824],[-87.74697499979635,41.81305100040339],[-87.74819800043736,41.81303499966555],[-87.7480489998614,41.80755599970968],[-87.75291200018864,41.80749400044783]]]}},{"type":"Feature","properties":{"JoinField":"CITY OF CHICAGO:Ward 22 Precinct 19","cd_district":4,"house_district":1,"senate_district":1,"bor_district":1,"ccc_district":7},"geometry":{"type":"Polygon","coordinates":[[[-87.752785999774,41.802014999592586],[-87.75291200018864,41.80749400044783],[-87.74322200029502,41.807616999824745],[-87.74308800041086,41.80214800033002],[-87.752785999774,41.802014999592586]]]}},{"type":"Feature","properties":{"JoinField":"CITY OF CHICAGO:Ward 21 Precinct 21","cd_district":1,"house_district":27,"senate_district":14,"bor_district":3,"ccc_district":4},"geometry":{"type":"Polygon","coordinates":[[[-87.66344100030187,41.721127999857345],[-87.65471800003564,41.72125400027193],[-87.65066700028183,41.72128099971843],[-87.6533200003177,41.714083999676916],[-87.65832099981424,41.71402000032282],[-87.65976399980872,41.714003999584975],[-87.66302900018815,41.718387000259895],[-87.66344100030187,41.721127999857345]]]}},{"type":"Feature","properties":{"JoinField":"CITY OF CHICAGO:Ward 23 Precinct 01","cd_district":6,"house_district":21,"senate_district":11,"bor_district":1,"ccc_district":16},"geometry":{"type":"Polygon","coordinates":[[[-87.80158900023213,41.793944999762004],[-87.80171499974739,41.79796699997712],[-87.796858999743,41.79955100017855],[-87.7960419998384,41.79942999999457],[-87.79599899965405,41.79765299988611],[-87.7966039996748,41.79764400037038],[-87.79651099988268,41.79402199971554],[-87.80158900023213,41.793944999762004]]]}},{"type":"Feature","properties":{"JoinField":"CITY OF CHICAGO:Ward 23 Precinct 02","cd_district":6,"house_district":21,"senate_district":11,"bor_district":1,"ccc_district":16},"geometry":{"type":"Polygon","coordinates":[[[-87.80158900023213,41.793944999762004],[-87.79651099988268,41.79402199971554],[-87.7966039996748,41.79764400037038],[-87.79294800015003,41.7976960000704],[-87.79289799964295,41.79588800033099],[-87.79045999962926,41.79592300014639],[-87.79035300009082,41.79218000020688],[-87.80152800011706,41.79193899988496],[-87.80158900023213,41.793944999762004]]]}},{"type":"Feature","properties":{"JoinField":"CITY OF CHICAGO:Ward 23 Precinct 03","cd_district":6,"house_district":21,"senate_district":11,"bor_district":1,"ccc_district":16},"geometry":{"type":"Polygon","coordinates":[[[-87.79294800015003,41.7976960000704],[-87.79599899965405,41.79765299988611],[-87.7960419998384,41.79942999999457],[-87.78934200023309,41.79956700001708],[-87.78929099967985,41.79774899981652],[-87.7899019999773,41.79774000030085],[-87.78984800018503,41.79593099961602],[-87.79289799964295,41.79588800033099],[-87.79294800015003,41.7976960000704]]]}},{"type":"Feature","properties":{"JoinField":"CITY OF CHICAGO:Ward 23 Precinct 04","cd_district":6,"house_district":21,"senate_district":11,"bor_district":1,"ccc_district":16},"geometry":{"type":"Polygon","coordinates":[[[-87.79035300009082,41.79218000020688],[-87.79045999962926,41.79592300014639],[-87.78984800018503,41.79593099961602],[-87.7899019999773,41.79774000030085],[-87.78929099967985,41.79774899981652],[-87.78923899997983,41.795941000077164],[-87.7861899996687,41.79598300021536],[-87.78609499978438,41.79273599976665],[-87.7854850004324,41.79274700027389],[-87.78546999974066,41.792272999999],[-87.79035300009082,41.79218000020688]]]}},{"type":"Feature","properties":{"JoinField":"CITY OF CHICAGO:Ward 23 Precinct 05","cd_district":6,"house_district":21,"senate_district":11,"bor_district":1,"ccc_district":16},"geometry":{"type":"Polygon","coordinates":[[[-87.78923899997983,41.795941000077164],[-87.78934200023309,41.79956700001708],[-87.78203100033039,41.799668000178144],[-87.78191999970818,41.796044000330426],[-87.78923899997983,41.795941000077164]]]}},{"type":"Feature","properties":{"JoinField":"CITY OF CHICAGO:Ward 23 Precinct 06","cd_district":6,"house_district":21,"senate_district":11,"bor_district":1,"ccc_district":16},"geometry":{"type":"Polygon","coordinates":[[[-87.7854850004324,41.79274700027389],[-87.78609499978438,41.79273599976665],[-87.7861899996687,41.79598300021536],[-87.78191999970818,41.796044000330426],[-87.78186399982371,41.79423399959944],[-87.78064600031263,41.79425699976076],[-87.78060300012834,41.79283299974321],[-87.780488000221,41.79270199999735],[-87.78165099989371,41.79235700027539],[-87.78546999974066,41.792272999999],[-87.7854850004324,41.79274700027389]]]}},{"type":"Feature","properties":{"JoinField":"CITY OF CHICAGO:Ward 23 Precinct 07","cd_district":6,"house_district":1,"senate_district":1,"bor_district":1,"ccc_district":16},"geometry":{"type":"Polygon","coordinates":[[[-87.78191999970818,41.796044000330426],[-87.78203100033039,41.799668000178144],[-87.77593299970812,41.79978700026987],[-87.77582900030808,41.79616399956899],[-87.78191999970818,41.796044000330426]]]}},{"type":"Feature","properties":{"JoinField":"CITY OF CHICAGO:Ward 23 Precinct 08","cd_district":6,"house_district":1,"senate_district":1,"bor_district":1,"ccc_district":16},"geometry":{"type":"Polygon","coordinates":[[[-87.78165099989371,41.79235700027539],[-87.780488000221,41.79270199999735],[-87.78060300012834,41.79283299974321],[-87.78064600031263,41.79425699976076],[-87.78186399982371,41.79423399959944],[-87.78191999970818,41.796044000330426],[-87.77460899980548,41.79618899982256],[-87.77454200031303,41.79384399960094],[-87.77211599995337,41.79422099989927],[-87.7720660003456,41.792541999813466],[-87.78165099989371,41.79235700027539]]]}},{"type":"Feature","properties":{"JoinField":"CITY OF CHICAGO:Ward 23 Precinct 09","cd_district":6,"house_district":1,"senate_district":1,"bor_district":1,"ccc_district":16},"geometry":{"type":"Polygon","coordinates":[[[-87.77454200031303,41.79384399960094],[-87.77460899980548,41.79618899982256],[-87.77582900030808,41.79616399956899],[-87.77593299970812,41.79978700026987],[-87.76861999971317,41.79995900010783],[-87.76836100035985,41.79479700038132],[-87.77454200031303,41.79384399960094]]]}},{"type":"Feature","properties":{"JoinField":"CITY OF CHICAGO:Ward 23 Precinct 10","cd_district":6,"house_district":1,"senate_district":1,"bor_district":1,"ccc_district":16},"geometry":{"type":"Polygon","coordinates":[[[-87.77211599995337,41.79422099989927],[-87.76836100035985,41.79479700038132],[-87.76861999971317,41.79995900010783],[-87.7625379998288,41.80005800017659],[-87.76230199973747,41.79273599976665],[-87.7720660003456,41.792541999813466],[-87.77211599995337,41.79422099989927]]]}},{"type":"Feature","properties":{"JoinField":"CITY OF CHICAGO:Ward 23 Precinct 11","cd_district":4,"house_district":1,"senate_district":1,"bor_district":1,"ccc_district":11},"geometry":{"type":"Polygon","coordinates":[[[-87.76240700008293,41.79570299989359],[-87.7625379998288,41.80005800017659],[-87.7563909996449,41.800130999945736],[-87.75630500017559,41.796653999682405],[-87.76240700008293,41.79570299989359]]]}},{"type":"Feature","properties":{"JoinField":"CITY OF CHICAGO:Ward 23 Precinct 12","cd_district":4,"house_district":22,"senate_district":11,"bor_district":1,"ccc_district":11},"geometry":{"type":"Polygon","coordinates":[[[-87.76230199973747,41.79273599976665],[-87.76240700008293,41.79570299989359],[-87.74298300006535,41.79865200008976],[-87.74285699965077,41.79460799975942],[-87.74206399995359,41.79302899978859],[-87.76230199973747,41.79273599976665]]]}},{"type":"Feature","properties":{"JoinField":"CITY OF CHICAGO:Ward 23 Precinct 13","cd_district":4,"house_district":1,"senate_district":1,"bor_district":1,"ccc_district":11},"geometry":{"type":"Polygon","coordinates":[[[-87.75630500017559,41.796653999682405],[-87.7563909996449,41.800130999945736],[-87.75273600016624,41.8001869998302],[-87.752785999774,41.802014999592586],[-87.74308800041086,41.80214800033002],[-87.74298300006535,41.79865200008976],[-87.75630500017559,41.796653999682405]]]}},{"type":"Feature","properties":{"JoinField":"CITY OF CHICAGO:Ward 23 Precinct 14","cd_district":4,"house_district":1,"senate_district":1,"bor_district":1,"ccc_district":7},"geometry":{"type":"Polygon","coordinates":[[[-87.74285699965077,41.79460799975942],[-87.74303399971927,41.80032599994502],[-87.73194500006167,41.80047200038257],[-87.73173999960125,41.79312599976515],[-87.74206399995359,41.79302899978859],[-87.74285699965077,41.79460799975942]]]}},{"type":"Feature","properties":{"JoinField":"CITY OF CHICAGO:Ward 23 Precinct 15","cd_district":4,"house_district":22,"senate_district":11,"bor_district":1,"ccc_district":7},"geometry":{"type":"Polygon","coordinates":[[[-87.73173999960125,41.79312599976515],[-87.73194500006167,41.80047200038257],[-87.72209600003032,41.80056900035913],[-87.7220850004224,41.80015300006096],[-87.72029699980664,41.80017900036063],[-87.72025399962234,41.79875799958205],[-87.72204500037645,41.798731000135604],[-87.72190900039999,41.793222999741715],[-87.73173999960125,41.79312599976515]]]}},{"type":"Feature","properties":{"JoinField":"CITY OF CHICAGO:Ward 23 Precinct 16","cd_district":4,"house_district":1,"senate_district":1,"bor_district":1,"ccc_district":7},"geometry":{"type":"Polygon","coordinates":[[[-87.7183219995606,41.79557700037833],[-87.71841500025204,41.79878399988172],[-87.72025399962234,41.79875799958205],[-87.72029699980664,41.80017900036063],[-87.7160049997309,41.8002390004296],[-87.71600599977705,41.8006539997823],[-87.71361400008601,41.8006879995516],[-87.71349900017867,41.79702399965794],[-87.7140759998075,41.79701600018831],[-87.71404300008436,41.795638999640175],[-87.7183219995606,41.79557700037833]]]}},{"type":"Feature","properties":{"JoinField":"CITY OF CHICAGO:Ward 23 Precinct 17","cd_district":4,"house_district":22,"senate_district":11,"bor_district":1,"ccc_district":7},"geometry":{"type":"Polygon","coordinates":[[[-87.72190900039999,41.793222999741715],[-87.72204500037645,41.798731000135604],[-87.71841500025204,41.79878399988172],[-87.7183219995606,41.79557700037833],[-87.71404300008436,41.795638999640175],[-87.7140759998075,41.79701600018831],[-87.71349900017867,41.79702399965794],[-87.71339900006376,41.79336199985647],[-87.72190900039999,41.793222999741715]]]}},{"type":"Feature","properties":{"JoinField":"CITY OF CHICAGO:Ward 23 Precinct 18","cd_district":4,"house_district":22,"senate_district":11,"bor_district":1,"ccc_district":7},"geometry":{"type":"Polygon","coordinates":[[[-87.713472999879,41.78972200017023],[-87.71349800013257,41.7906339999592],[-87.72308499977288,41.79048700037481],[-87.72315899958812,41.79320399976484],[-87.71339900006376,41.79336199985647],[-87.71331499978737,41.78974600037765],[-87.713472999879,41.78972200017023]]]}},{"type":"Feature","properties":{"JoinField":"CITY OF CHICAGO:Ward 23 Precinct 19","cd_district":4,"house_district":22,"senate_district":11,"bor_district":1,"ccc_district":7},"geometry":{"type":"Polygon","coordinates":[[[-87.71564700030876,41.78741599994851],[-87.71568600030861,41.78878099994324],[-87.72058000026675,41.788707000128],[-87.72055600005933,41.787794000292934],[-87.72300899986544,41.787756000339186],[-87.72308499977288,41.79048700037481],[-87.71349800013257,41.7906339999592],[-87.71319899983393,41.78791200033862],[-87.71342200022508,41.78790900020027],[-87.71340700043271,41.7874469995794],[-87.71564700030876,41.78741599994851]]]}},{"type":"Feature","properties":{"JoinField":"CITY OF CHICAGO:Ward 23 Precinct 20","cd_district":4,"house_district":22,"senate_district":11,"bor_district":1,"ccc_district":7},"geometry":{"type":"Polygon","coordinates":[[[-87.72296100034987,41.78593700009253],[-87.72300899986544,41.787756000339186],[-87.72055600005933,41.787794000292934],[-87.72058000026675,41.788707000128],[-87.71568600030861,41.78878099994324],[-87.71564700030876,41.78741599994851],[-87.71340700043271,41.7874469995794],[-87.71342200022508,41.78790900020027],[-87.71319899983393,41.78791200033862],[-87.71311999978815,41.78609200004581],[-87.72296100034987,41.78593700009253]]]}},{"type":"Feature","properties":{"JoinField":"CITY OF CHICAGO:Ward 23 Precinct 21","cd_district":4,"house_district":22,"senate_district":11,"bor_district":1,"ccc_district":7},"geometry":{"type":"Polygon","coordinates":[[[-87.71550299996346,41.782413000359725],[-87.71555399961733,41.78423199970706],[-87.72291399998107,41.784114999707526],[-87.72296100034987,41.78593700009253],[-87.71289700029627,41.78609700027641],[-87.71284999992753,41.7824609998753],[-87.71550299996346,41.782413000359725]]]}},{"type":"Feature","properties":{"JoinField":"CITY OF CHICAGO:Ward 23 Precinct 22","cd_district":4,"house_district":22,"senate_district":11,"bor_district":1,"ccc_district":7},"geometry":{"type":"Polygon","coordinates":[[[-87.72530499962602,41.78226699992217],[-87.72540699983313,41.78591199983896],[-87.72296100034987,41.78593700009253],[-87.72291399998107,41.784114999707526],[-87.71555399961733,41.78423199970706],[-87.71550299996346,41.782413000359725],[-87.72530499962602,41.78226699992217]]]}},{"type":"Feature","properties":{"JoinField":"CITY OF CHICAGO:Ward 23 Precinct 23","cd_district":4,"house_district":22,"senate_district":11,"bor_district":1,"ccc_district":7},"geometry":{"type":"Polygon","coordinates":[[[-87.72276000007389,41.77865799986688],[-87.72286300032715,41.78229600036019],[-87.71550299996346,41.782413000359725],[-87.7154019998024,41.77877099968197],[-87.72276000007389,41.77865799986688]]]}},{"type":"Feature","properties":{"JoinField":"CITY OF CHICAGO:Ward 23 Precinct 24","cd_district":4,"house_district":22,"senate_district":11,"bor_district":1,"ccc_district":7},"geometry":{"type":"Polygon","coordinates":[[[-87.72276000007389,41.77865799986688],[-87.7154019998024,41.77877099968197],[-87.71550299996346,41.782413000359725],[-87.71284999992753,41.7824609998753],[-87.71268300032017,41.776986000103875],[-87.72271399975125,41.77682599991999],[-87.72276000007389,41.77865799986688]]]}},{"type":"Feature","properties":{"JoinField":"CITY OF CHICAGO:Ward 23 Precinct 25","cd_district":4,"house_district":22,"senate_district":11,"bor_district":1,"ccc_district":7},"geometry":{"type":"Polygon","coordinates":[[[-87.72262300005139,41.77319199961113],[-87.72271399975125,41.77682599991999],[-87.71780700009293,41.77690199982749],[-87.7177189996321,41.77326899956472],[-87.72262300005139,41.77319199961113]]]}},{"type":"Feature","properties":{"JoinField":"CITY OF CHICAGO:Ward 23 Precinct 26","cd_district":4,"house_district":22,"senate_district":11,"bor_district":1,"ccc_district":7},"geometry":{"type":"Polygon","coordinates":[[[-87.72012399992263,41.77141200026364],[-87.72016800015302,41.7732290004181],[-87.7177189996321,41.77326899956472],[-87.71778600002386,41.77599500026912],[-87.7153360003561,41.776034000268965],[-87.7152229996417,41.771487000125035],[-87.72012399992263,41.77141200026364]]]}},{"type":"Feature","properties":{"JoinField":"CITY OF CHICAGO:Ward 23 Precinct 27","cd_district":4,"house_district":22,"senate_district":11,"bor_district":1,"ccc_district":7},"geometry":{"type":"Polygon","coordinates":[[[-87.7152229996417,41.771487000125035],[-87.7153360003561,41.776034000268965],[-87.71778600002386,41.77599500026912],[-87.71780700009293,41.77690199982749],[-87.71268300032017,41.776986000103875],[-87.71264000013588,41.77516999999557],[-87.71032300030618,41.77520699990316],[-87.71023799998369,41.77155799980193],[-87.7152229996417,41.771487000125035]]]}},{"type":"Feature","properties":{"JoinField":"CITY OF CHICAGO:Ward 23 Precinct 28","cd_district":4,"house_district":22,"senate_district":11,"bor_district":1,"ccc_district":11},"geometry":{"type":"Polygon","coordinates":[[[-87.72003500031497,41.76777099963198],[-87.72012399992263,41.77141200026364],[-87.71272400041227,41.771521999940376],[-87.7126519997899,41.76785099972392],[-87.72003500031497,41.76777099963198]]]}},{"type":"Feature","properties":{"JoinField":"CITY OF CHICAGO:Ward 23 Precinct 29","cd_district":4,"house_district":22,"senate_district":11,"bor_district":1,"ccc_district":11},"geometry":{"type":"Polygon","coordinates":[[[-87.72235500028302,41.76410000031484],[-87.71994599980803,41.764127999807386],[-87.72003500031497,41.76777099963198],[-87.71513400003403,41.76784400030044],[-87.71498999968873,41.762376999998594],[-87.71988599973906,41.7623070003678],[-87.71988799983131,41.761175000326034],[-87.72114999957279,41.7615190000019],[-87.7204689996446,41.76106699984223],[-87.71621400037577,41.75909000040326],[-87.7162219998454,41.758885999988934],[-87.7222610004448,41.76157099970192],[-87.72235500028302,41.76410000031484]]]}},{"type":"Feature","properties":{"JoinField":"CITY OF CHICAGO:Ward 23 Precinct 30","cd_district":4,"house_district":22,"senate_district":11,"bor_district":1,"ccc_district":11},"geometry":{"type":"Polygon","coordinates":[[[-87.72218799977634,41.756900000134976],[-87.7222610004448,41.76157099970192],[-87.7162219998454,41.758885999988934],[-87.71621400037577,41.75909000040326],[-87.7204689996446,41.76106699984223],[-87.72114999957279,41.7615190000019],[-87.71988799983131,41.761175000326034],[-87.71988599973906,41.7623070003678],[-87.71498999968873,41.762376999998594],[-87.71513400003403,41.76784400030044],[-87.7126519997899,41.76785099972392],[-87.71232299990646,41.75690699955845],[-87.72218799977634,41.756900000134976]]]}},{"type":"Feature","properties":{"JoinField":"CITY OF CHICAGO:Ward 23 Precinct 31","cd_district":4,"house_district":22,"senate_district":11,"bor_district":1,"ccc_district":11},"geometry":{"type":"Polygon","coordinates":[[[-87.72674799962044,41.76768099997821],[-87.72682599962013,41.77086800035801],[-87.72744100010203,41.770861000035154],[-87.72745299975611,41.77131700037933],[-87.72257599968259,41.77137400030995],[-87.72262300005139,41.77319199961113],[-87.72016800015302,41.7732290004181],[-87.72005400029184,41.76868200027417],[-87.72250700009795,41.768648999651646],[-87.72248499998273,41.76773499977048],[-87.72674799962044,41.76768099997821]]]}},{"type":"Feature","properties":{"JoinField":"CITY OF CHICAGO:Ward 23 Precinct 32","cd_district":4,"house_district":22,"senate_district":11,"bor_district":1,"ccc_district":11},"geometry":{"type":"Polygon","coordinates":[[[-87.71994599980803,41.764127999807386],[-87.72340600018674,41.764217000314375],[-87.72729699975667,41.76412699976129],[-87.72749800003265,41.76765899986299],[-87.72248499998273,41.76773499977048],[-87.72250700009795,41.768648999651646],[-87.72005400029184,41.76868200027417],[-87.71994599980803,41.764127999807386]]]}},{"type":"Feature","properties":{"JoinField":"CITY OF CHICAGO:Ward 23 Precinct 33","cd_district":4,"house_district":22,"senate_district":11,"bor_district":1,"ccc_district":11},"geometry":{"type":"Polygon","coordinates":[[[-87.72729699975667,41.76412699976129],[-87.74189400020788,41.764104999646065],[-87.74216600016075,41.76812099958454],[-87.74205500043786,41.77112899980352],[-87.72745299975611,41.77131700037933],[-87.72744100010203,41.770861000035154],[-87.72682599962013,41.77086800035801],[-87.72674799962044,41.76768099997821],[-87.72749800003265,41.76765899986299],[-87.72729699975667,41.76412699976129]]]}},{"type":"Feature","properties":{"JoinField":"CITY OF CHICAGO:Ward 24 Precinct 01","cd_district":7,"house_district":8,"senate_district":4,"bor_district":3,"ccc_district":1},"geometry":{"type":"Polygon","coordinates":[[[-87.75453300029767,41.86575199985498],[-87.7547260002047,41.87104400018052],[-87.74492599973507,41.87118400034137],[-87.74506699994208,41.87500000005002],[-87.74263400015894,41.87505199975004],[-87.7426649997899,41.87595600006938],[-87.74022399963786,41.87598499960808],[-87.73993199966202,41.86595999955438],[-87.75453300029767,41.86575199985498]]]}},{"type":"Feature","properties":{"JoinField":"CITY OF CHICAGO:Ward 24 Precinct 02","cd_district":7,"house_district":10,"senate_district":5,"bor_district":3,"ccc_district":2},"geometry":{"type":"Polygon","coordinates":[[[-87.73995699991559,41.868333000167866],[-87.74007800009957,41.871899000038866],[-87.7381710002914,41.872276000337195],[-87.73582600006984,41.87330600017185],[-87.73428700014489,41.87377900040059],[-87.73276500010462,41.873980999823345],[-87.73033599960667,41.87401799973094],[-87.73014799993024,41.868491000259496],[-87.73995699991559,41.868333000167866]]]}},{"type":"Feature","properties":{"JoinField":"CITY OF CHICAGO:Ward 24 Precinct 03","cd_district":7,"house_district":9,"senate_district":5,"bor_district":3,"ccc_district":2},"geometry":{"type":"Polygon","coordinates":[[[-87.7398329995932,41.86233999989116],[-87.73995699991559,41.868333000167866],[-87.72527199990282,41.86855499961359],[-87.72506100006507,41.86252400028246],[-87.73240000035969,41.8624169998447],[-87.73241400010596,41.86287899956625],[-87.73486299972762,41.86283600028122],[-87.7348479999352,41.8623809999832],[-87.7398329995932,41.86233999989116]]]}},{"type":"Feature","properties":{"JoinField":"CITY OF CHICAGO:Ward 24 Precinct 04","cd_district":7,"house_district":9,"senate_district":5,"bor_district":3,"ccc_district":2},"geometry":{"type":"Polygon","coordinates":[[[-87.73942299957173,41.851351000348416],[-87.7398329995932,41.86233999989116],[-87.7348479999352,41.8623809999832],[-87.73486299972762,41.86283600028122],[-87.73241400010596,41.86287899956625],[-87.73240000035969,41.8624169998447],[-87.72506100006507,41.86252400028246],[-87.72495499967346,41.858867999858376],[-87.72739599982549,41.858834000089075],[-87.72732700024085,41.85700800041894],[-87.73467800018955,41.85689999993508],[-87.73450500030549,41.85151699990968],[-87.73942299957173,41.851351000348416]]]}},{"type":"Feature","properties":{"JoinField":"CITY OF CHICAGO:Ward 24 Precinct 05","cd_district":7,"house_district":9,"senate_district":5,"bor_district":3,"ccc_district":2},"geometry":{"type":"Polygon","coordinates":[[[-87.73450500030549,41.85151699990968],[-87.73467800018955,41.85689999993508],[-87.72732700024085,41.85700800041894],[-87.727248000195,41.85499400017301],[-87.72485000022726,41.85501400019598],[-87.72476099972033,41.85165099979383],[-87.73450500030549,41.85151699990968]]]}},{"type":"Feature","properties":{"JoinField":"CITY OF CHICAGO:Ward 24 Precinct 06","cd_district":7,"house_district":10,"senate_district":5,"bor_district":3,"ccc_district":2},"geometry":{"type":"Polygon","coordinates":[[[-87.73014799993024,41.868491000259496],[-87.73033599960667,41.87401799973094],[-87.72038600031362,41.87414400014552],[-87.72027100040629,41.87078499992788],[-87.72534100038683,41.87072199972056],[-87.72527199990282,41.86855499961359],[-87.73014799993024,41.868491000259496]]]}},{"type":"Feature","properties":{"JoinField":"CITY OF CHICAGO:Ward 24 Precinct 07","cd_district":7,"house_district":9,"senate_district":5,"bor_district":3,"ccc_district":2},"geometry":{"type":"Polygon","coordinates":[[[-87.72516999969571,41.8661720003376],[-87.72534100038683,41.87072199972056],[-87.71967699999351,41.87080499995085],[-87.71952700027083,41.86624800024509],[-87.72516999969571,41.8661720003376]]]}},{"type":"Feature","properties":{"JoinField":"CITY OF CHICAGO:Ward 24 Precinct 08","cd_district":7,"house_district":9,"senate_district":5,"bor_district":3,"ccc_district":2},"geometry":{"type":"Polygon","coordinates":[[[-87.72501000041115,41.860694999574605],[-87.72516999969571,41.8661720003376],[-87.71952700027083,41.86624800024509],[-87.71941999983306,41.863027000096054],[-87.7191079998343,41.8628180003505],[-87.71775899967804,41.86282399972788],[-87.7176970004162,41.86077899985099],[-87.72501000041115,41.860694999574605]]]}},{"type":"Feature","properties":{"JoinField":"CITY OF CHICAGO:Ward 24 Precinct 09","cd_district":7,"house_district":9,"senate_district":5,"bor_district":3,"ccc_district":2},"geometry":{"type":"Polygon","coordinates":[[[-87.7233619999563,41.85164100023201],[-87.72476099972033,41.85165099979383],[-87.72485000022726,41.85501400019598],[-87.727248000195,41.85499400017301],[-87.72739599982549,41.858834000089075],[-87.72495499967346,41.858867999858376],[-87.72501000041115,41.860694999574605],[-87.72135600007931,41.86073799975895],[-87.7212549999183,41.85890699985822],[-87.72004800001514,41.85883500013517],[-87.71988899987741,41.85287400043484],[-87.7233619999563,41.85164100023201]]]}},{"type":"Feature","properties":{"JoinField":"CITY OF CHICAGO:Ward 24 Precinct 10","cd_district":7,"house_district":10,"senate_district":5,"bor_district":3,"ccc_district":2},"geometry":{"type":"Polygon","coordinates":[[[-87.72027100040629,41.87078499992788],[-87.72038600031362,41.87414400014552],[-87.70887400003505,41.87429299982216],[-87.70594199972345,41.874624999843945],[-87.70592599988493,41.87425599991451],[-87.70637800004465,41.87418700032987],[-87.71079000025827,41.87390399986975],[-87.71068900009726,41.870900999881314],[-87.72027100040629,41.87078499992788]]]}},{"type":"Feature","properties":{"JoinField":"CITY OF CHICAGO:Ward 24 Precinct 11","cd_district":7,"house_district":9,"senate_district":5,"bor_district":3,"ccc_district":2},"geometry":{"type":"Polygon","coordinates":[[[-87.71774399988567,41.862371000421376],[-87.71775899967804,41.86282399972788],[-87.7191079998343,41.8628180003505],[-87.71941999983306,41.863027000096054],[-87.71967699999351,41.87080499995085],[-87.71068900009726,41.870900999881314],[-87.71061999961324,41.86876300021237],[-87.71549200035548,41.86867599979763],[-87.71530499982583,41.86239799986788],[-87.71774399988567,41.862371000421376]]]}},{"type":"Feature","properties":{"JoinField":"CITY OF CHICAGO:Ward 24 Precinct 12","cd_district":7,"house_district":9,"senate_district":5,"bor_district":1,"ccc_district":2},"geometry":{"type":"Polygon","coordinates":[[[-87.71988899987741,41.85287400043484],[-87.72006599994592,41.85892099960449],[-87.7212549999183,41.85890699985822],[-87.72135600007931,41.86073799975895],[-87.7176970004162,41.86077899985099],[-87.71774399988567,41.862371000421376],[-87.71408500022255,41.86241199961415],[-87.71381300026968,41.85501000001153],[-87.71988899987741,41.85287400043484]]]}},{"type":"Feature","properties":{"JoinField":"CITY OF CHICAGO:Ward 24 Precinct 13","cd_district":7,"house_district":9,"senate_district":5,"bor_district":3,"ccc_district":2},"geometry":{"type":"Polygon","coordinates":[[[-87.70439100014448,41.864588000136166],[-87.70444599998285,41.86642200017525],[-87.71054299965965,41.8663490004061],[-87.71079000025827,41.87390399986975],[-87.70821600026818,41.87397500044597],[-87.70592599988493,41.87425599991451],[-87.70591700036925,41.873687999801405],[-87.70346599975602,41.87371500014717],[-87.70310600024169,41.86459899974409],[-87.70439100014448,41.864588000136166]]]}},{"type":"Feature","properties":{"JoinField":"CITY OF CHICAGO:Ward 24 Precinct 14","cd_district":7,"house_district":9,"senate_district":5,"bor_district":3,"ccc_district":2},"geometry":{"type":"Polygon","coordinates":[[[-87.71530499982583,41.86239799986788],[-87.71549200035548,41.86867599979763],[-87.71061999961324,41.86876300021237],[-87.71054299965965,41.8663490004061],[-87.70810200040694,41.8663789999909],[-87.70799600001533,41.86254899963666],[-87.71530499982583,41.86239799986788]]]}},{"type":"Feature","properties":{"JoinField":"CITY OF CHICAGO:Ward 24 Precinct 15","cd_district":7,"house_district":9,"senate_district":5,"bor_district":1,"ccc_district":2},"geometry":{"type":"Polygon","coordinates":[[[-87.71381300026968,41.85501000001153],[-87.71408500022255,41.86241199961415],[-87.70921200033354,41.86246800039794],[-87.7090490000113,41.85669000014343],[-87.71381300026968,41.85501000001153]]]}},{"type":"Feature","properties":{"JoinField":"CITY OF CHICAGO:Ward 24 Precinct 16","cd_district":7,"house_district":9,"senate_district":5,"bor_district":1,"ccc_district":2},"geometry":{"type":"Polygon","coordinates":[[[-87.72358799958647,41.85166000020888],[-87.71258500029751,41.855436999917686],[-87.7124430000444,41.855218999757085],[-87.71234600006784,41.8517230004162],[-87.72354400025534,41.85148400018653],[-87.72358799958647,41.85166000020888]]]}},{"type":"Feature","properties":{"JoinField":"CITY OF CHICAGO:Ward 24 Precinct 17","cd_district":7,"house_district":9,"senate_district":5,"bor_district":1,"ccc_district":2},"geometry":{"type":"Polygon","coordinates":[[[-87.70904699991905,41.856574000189994],[-87.70920600005684,41.86254600039763],[-87.70799600001533,41.86254899963666],[-87.70810200040694,41.8663789999909],[-87.70444599998285,41.86642200017525],[-87.70439100014448,41.864588000136166],[-87.70336200035598,41.86459599960574],[-87.70310600024169,41.86459899974409],[-87.70316300017231,41.86642999964482],[-87.69590700010792,41.86651099978286],[-87.69575100010854,41.861175000126195],[-87.70125600036408,41.85923299960331],[-87.70170200024705,41.8592510004334],[-87.70904699991905,41.856574000189994]]]}},{"type":"Feature","properties":{"JoinField":"CITY OF CHICAGO:Ward 24 Precinct 18","cd_district":7,"house_district":9,"senate_district":5,"bor_district":1,"ccc_district":2},"geometry":{"type":"Polygon","coordinates":[[[-87.70751999964824,41.84992100005417],[-87.70768900024711,41.851736000116375],[-87.71089000037318,41.85164500041651],[-87.71113299988798,41.851899999585385],[-87.7112030004181,41.853551000178584],[-87.7053070001179,41.85358700004008],[-87.70532199991032,41.85413600017631],[-87.70289200026554,41.854182999645786],[-87.70293499955056,41.85871499999729],[-87.70170200024705,41.8592510004334],[-87.70125600036408,41.85923299960331],[-87.69575100010854,41.861175000126195],[-87.69569200008567,41.85922099994923],[-87.69076400035829,41.85928400015655],[-87.69069599992042,41.8563539999372],[-87.69312899970356,41.855781999639646],[-87.6931689997495,41.857428000002244],[-87.69564799985528,41.85738699991015],[-87.69556899980944,41.85555199982497],[-87.69921299968013,41.85550500035555],[-87.69903799970388,41.850030999730905],[-87.70751999964824,41.84992100005417]]]}},{"type":"Feature","properties":{"JoinField":"CITY OF CHICAGO:Ward 24 Precinct 19","cd_district":4,"house_district":23,"senate_district":12,"bor_district":1,"ccc_district":7},"geometry":{"type":"Polygon","coordinates":[[[-87.69992500013859,41.83732400010257],[-87.70030200043692,41.85001599993848],[-87.69903799970388,41.850030999730905],[-87.69908900025712,41.85185300011591],[-87.69544600043253,41.85190199967758],[-87.69534500027152,41.84826400008359],[-87.69289399965834,41.848296999806735],[-87.6927910003044,41.84472200042006],[-87.69179700033123,41.84473700021243],[-87.69178899996234,41.84351000028636],[-87.69273400037378,41.8429749998964],[-87.69286700021183,41.841564999625064],[-87.6931450004414,41.84138700040978],[-87.69437999983711,41.8412310004104],[-87.69412399972276,41.83811699979975],[-87.69503000013435,41.837411999664084],[-87.69992500013859,41.83732400010257]]]}},{"type":"Feature","properties":{"JoinField":"CITY OF CHICAGO:Ward 24 Precinct 20","cd_district":7,"house_district":9,"senate_district":5,"bor_district":1,"ccc_district":2},"geometry":{"type":"Polygon","coordinates":[[[-87.71234600006784,41.8517230004162],[-87.71243200043642,41.855143999895745],[-87.71258500029751,41.855436999917686],[-87.70293499955056,41.85871499999729],[-87.70289200026554,41.854182999645786],[-87.70532199991032,41.85413600017631],[-87.7053070001179,41.85358700004008],[-87.7112030004181,41.853551000178584],[-87.71114300034913,41.85199100018457],[-87.71234600006784,41.8517230004162]]]}},{"type":"Feature","properties":{"JoinField":"CITY OF CHICAGO:Ward 25 Precinct 01","cd_district":4,"house_district":23,"senate_district":12,"bor_district":1,"ccc_district":7},"geometry":{"type":"Polygon","coordinates":[[[-87.70986199973146,41.84262299985164],[-87.71001899977699,41.84807699955394],[-87.70758599999385,41.848110000176405],[-87.70761200029352,41.84994400021549],[-87.70030200043692,41.85001599993848],[-87.70024899979148,41.84820500006077],[-87.70514799998017,41.84813999976126],[-87.70498399961184,41.84269699966683],[-87.70986199973146,41.84262299985164]]]}},{"type":"Feature","properties":{"JoinField":"CITY OF CHICAGO:Ward 25 Precinct 02","cd_district":4,"house_district":23,"senate_district":12,"bor_district":1,"ccc_district":7},"geometry":{"type":"Polygon","coordinates":[[[-87.70465899991285,41.83125299982612],[-87.70514799998017,41.84813999976126],[-87.70024899979148,41.84820500006077],[-87.69992500013859,41.83732400010257],[-87.6912830000104,41.837473999825306],[-87.68971999987804,41.837920999754374],[-87.68955300027073,41.8381539997074],[-87.68761700002449,41.83818900042206],[-87.68761700002449,41.837609999801714],[-87.68811899979198,41.83731200044849],[-87.69496299974259,41.83508600031871],[-87.69494699990406,41.834383000275295],[-87.69515899978796,41.834258999952965],[-87.70465899991285,41.83125299982612]]]}},{"type":"Feature","properties":{"JoinField":"CITY OF CHICAGO:Ward 25 Precinct 03","cd_district":4,"house_district":24,"senate_district":12,"bor_district":1,"ccc_district":7},"geometry":{"type":"Polygon","coordinates":[[[-87.69908900025712,41.85185300011591],[-87.69921299968013,41.85550500035555],[-87.69556899980944,41.85555199982497],[-87.69564799985528,41.85738699991015],[-87.6931689997495,41.857428000002244],[-87.69312899970356,41.855781999639646],[-87.68817100039132,41.85691499972751],[-87.68802700004596,41.8538569999007],[-87.69059899994386,41.85382100003915],[-87.69054300005939,41.851969000069346],[-87.69908900025712,41.85185300011591]]]}},{"type":"Feature","properties":{"JoinField":"CITY OF CHICAGO:Ward 25 Precinct 04","cd_district":4,"house_district":24,"senate_district":12,"bor_district":1,"ccc_district":7},"geometry":{"type":"Polygon","coordinates":[[[-87.69503000013435,41.837411999664084],[-87.69412399972276,41.83811699979975],[-87.69437999983711,41.8412310004104],[-87.6931450004414,41.84138700040978],[-87.69286700021183,41.841564999625064],[-87.69274600002785,41.84294300021935],[-87.69182299973164,41.843451000263485],[-87.6917910000546,41.844528999613715],[-87.69179700033123,41.84473700021243],[-87.6927910003044,41.84472200042006],[-87.69289399965834,41.848296999806735],[-87.69534500027152,41.84826400008359],[-87.69544600043253,41.85190199967758],[-87.69054300005939,41.851969000069346],[-87.69049200040547,41.85014499959209],[-87.68558799998618,41.85021400007611],[-87.68544699977917,41.84483800037344],[-87.68761499993224,41.844794000143054],[-87.68744200004824,41.84363999998607],[-87.68761700002449,41.83818900042206],[-87.68955300027073,41.8381539997074],[-87.68971999987804,41.837920999754374],[-87.69115100021844,41.8374870004248],[-87.69503000013435,41.837411999664084]]]}},{"type":"Feature","properties":{"JoinField":"CITY OF CHICAGO:Ward 25 Precinct 05","cd_district":4,"house_district":24,"senate_district":12,"bor_district":1,"ccc_district":7},"geometry":{"type":"Polygon","coordinates":[[[-87.6856399996862,41.852032000276665],[-87.6857890002621,41.857238000233565],[-87.67844499973694,41.85870799967449],[-87.67841700024434,41.85672199982048],[-87.68087500028099,41.85669300028178],[-87.68074299958971,41.852098999769055],[-87.6856399996862,41.852032000276665]]]}},{"type":"Feature","properties":{"JoinField":"CITY OF CHICAGO:Ward 25 Precinct 06","cd_district":4,"house_district":24,"senate_district":12,"bor_district":1,"ccc_district":7},"geometry":{"type":"Polygon","coordinates":[[[-87.68544699977917,41.84483800037344],[-87.6856399996862,41.852032000276665],[-87.68074299958971,41.852098999769055],[-87.68059700005148,41.846679999882156],[-87.68544699977917,41.84483800037344]]]}},{"type":"Feature","properties":{"JoinField":"CITY OF CHICAGO:Ward 25 Precinct 07","cd_district":4,"house_district":24,"senate_district":12,"bor_district":1,"ccc_district":7},"geometry":{"type":"Polygon","coordinates":[[[-87.68074299958971,41.852098999769055],[-87.68087500028099,41.85669300028178],[-87.67841700024434,41.85672199982048],[-87.67849100005958,41.85894199967362],[-87.67604200043792,41.859286000248744],[-87.6758400001159,41.85217599972265],[-87.68074299958971,41.852098999769055]]]}},{"type":"Feature","properties":{"JoinField":"CITY OF CHICAGO:Ward 25 Precinct 08","cd_district":4,"house_district":24,"senate_district":12,"bor_district":1,"ccc_district":7},"geometry":{"type":"Polygon","coordinates":[[[-87.67804400013046,41.843461999871465],[-87.67817199973797,41.847608999555746],[-87.68059700005148,41.846679999882156],[-87.68074299958971,41.852098999769055],[-87.66602399980769,41.85233099967593],[-87.66588100040781,41.84511100037241],[-87.66771400040074,41.84502500000377],[-87.67002700004599,41.84430600012183],[-87.67424899959161,41.84267599959776],[-87.67550499995576,41.84197299955434],[-87.67629799965295,41.8418360004311],[-87.67814400024537,41.84249400019803],[-87.67804400013046,41.843461999871465]]]}},{"type":"Feature","properties":{"JoinField":"CITY OF CHICAGO:Ward 25 Precinct 09","cd_district":4,"house_district":24,"senate_district":12,"bor_district":1,"ccc_district":7},"geometry":{"type":"Polygon","coordinates":[[[-87.6758400001159,41.85217599972265],[-87.67604200043792,41.859286000248744],[-87.67359900019369,41.85951700010952],[-87.66870600028165,41.85957800022459],[-87.6686549997284,41.85775599983958],[-87.67109699992659,41.857724000162534],[-87.6709379997888,41.852248000345014],[-87.6758400001159,41.85217599972265]]]}},{"type":"Feature","properties":{"JoinField":"CITY OF CHICAGO:Ward 25 Precinct 10","cd_district":4,"house_district":24,"senate_district":12,"bor_district":1,"ccc_district":7},"geometry":{"type":"Polygon","coordinates":[[[-87.6709379997888,41.852248000345014],[-87.67109699992659,41.857724000162534],[-87.6686549997284,41.85775599983958],[-87.66870600028165,41.85957800022459],[-87.66619799973785,41.85960699976329],[-87.66602399980769,41.85233099967593],[-87.6709379997888,41.852248000345014]]]}},{"type":"Feature","properties":{"JoinField":"CITY OF CHICAGO:Ward 25 Precinct 11","cd_district":4,"house_district":24,"senate_district":12,"bor_district":1,"ccc_district":7},"geometry":{"type":"Polygon","coordinates":[[[-87.66602399980769,41.85233099967593],[-87.66619799973785,41.85960699976329],[-87.65957099990169,41.859717000339344],[-87.66115199996477,41.857879000115815],[-87.66131999961823,41.857875999977466],[-87.66116399961885,41.852418000090665],[-87.66602399980769,41.85233099967593]]]}},{"type":"Feature","properties":{"JoinField":"CITY OF CHICAGO:Ward 25 Precinct 12","cd_district":4,"house_district":24,"senate_district":12,"bor_district":1,"ccc_district":7},"geometry":{"type":"Polygon","coordinates":[[[-87.66588100040781,41.84511100037241],[-87.66602399980769,41.85233099967593],[-87.66116399961885,41.852418000090665],[-87.66131999961823,41.857875999977466],[-87.6564289997985,41.85795299993106],[-87.6562759999374,41.85248300039024],[-87.6451870002798,41.85266399974387],[-87.64489999963524,41.85084000016593],[-87.64416099973033,41.84943700021745],[-87.6462459996531,41.84925299982615],[-87.64967799963995,41.848278999876015],[-87.65377699980866,41.84799300017687],[-87.65676800014307,41.84825200042951],[-87.6588429996047,41.847290000133455],[-87.66154600014772,41.845441000302],[-87.66314900032609,41.844684999613094],[-87.6651649997649,41.844581000213054],[-87.66538900020214,41.84503400041882],[-87.66588100040781,41.84511100037241]]]}},{"type":"Feature","properties":{"JoinField":"CITY OF CHICAGO:Ward 25 Precinct 13","cd_district":7,"house_district":9,"senate_district":5,"bor_district":1,"ccc_district":2},"geometry":{"type":"Polygon","coordinates":[[[-87.66115199996477,41.857879000115815],[-87.6572039995649,41.862501000121085],[-87.65186599981598,41.862584000351376],[-87.650892999912,41.86228099986829],[-87.65082200023511,41.85985300031575],[-87.65647900030558,41.85976499985492],[-87.6564289997985,41.85795299993106],[-87.66115199996477,41.857879000115815]]]}},{"type":"Feature","properties":{"JoinField":"CITY OF CHICAGO:Ward 25 Precinct 14","cd_district":4,"house_district":24,"senate_district":12,"bor_district":1,"ccc_district":7},"geometry":{"type":"Polygon","coordinates":[[[-87.6562759999374,41.85248300039024],[-87.65647900030558,41.85976499985492],[-87.65094100032684,41.85985100022356],[-87.65088999977365,41.858031999976845],[-87.6515679995635,41.85802200041502],[-87.65141100041728,41.8525750001362],[-87.6562759999374,41.85248300039024]]]}},{"type":"Feature","properties":{"JoinField":"CITY OF CHICAGO:Ward 25 Precinct 15","cd_district":7,"house_district":9,"senate_district":5,"bor_district":1,"ccc_district":7},"geometry":{"type":"Polygon","coordinates":[[[-87.65082200023511,41.85985300031575],[-87.650892999912,41.86228099986829],[-87.64779199990085,41.86233200042153],[-87.64785300001591,41.86386500006972],[-87.64682100008906,41.86386600011588],[-87.64683299974308,41.86417299988409],[-87.64502099981922,41.86419600004541],[-87.6449340003038,41.862371000421376],[-87.64454200021311,41.862376999798755],[-87.64446800039786,41.8599539995775],[-87.65082200023511,41.85985300031575]]]}},{"type":"Feature","properties":{"JoinField":"CITY OF CHICAGO:Ward 25 Precinct 16","cd_district":4,"house_district":24,"senate_district":12,"bor_district":1,"ccc_district":7},"geometry":{"type":"Polygon","coordinates":[[[-87.65141100041728,41.8525750001362],[-87.6515679995635,41.85802200041502],[-87.65088999977365,41.858031999976845],[-87.65094100032684,41.85985100022356],[-87.6442219998454,41.859955999669694],[-87.64415000012235,41.85676500000483],[-87.6451870002798,41.85266399974387],[-87.65141100041728,41.8525750001362]]]}},{"type":"Feature","properties":{"JoinField":"CITY OF CHICAGO:Ward 25 Precinct 17","cd_district":7,"house_district":24,"senate_district":12,"bor_district":1,"ccc_district":7},"geometry":{"type":"Polygon","coordinates":[[[-87.64416099973033,41.84943700021745],[-87.64489999963524,41.85084000016593],[-87.64519399970328,41.85225899995294],[-87.64512400007249,41.85311499985738],[-87.64413799956901,41.85692600023475],[-87.6442219998454,41.859955999669694],[-87.64446800039786,41.8599539995775],[-87.64454200021311,41.862376999798755],[-87.64327200010268,41.862568999659686],[-87.64233400001405,41.862410999568056],[-87.63909399988813,41.86246800039794],[-87.63885799979681,41.85555700005557],[-87.63868499991275,41.854634999805455],[-87.63916400041825,41.85436700003709],[-87.63977799995467,41.85366700013202],[-87.6425079999442,41.85002100016908],[-87.64324899994136,41.849587999986284],[-87.64416099973033,41.84943700021745]]]}},{"type":"Feature","properties":{"JoinField":"CITY OF CHICAGO:Ward 26 Precinct 01","cd_district":3,"house_district":4,"senate_district":2,"bor_district":1,"ccc_district":8},"geometry":{"type":"Polygon","coordinates":[[[-87.74611100042227,41.91693300025781],[-87.74625499986831,41.92241600039813],[-87.7417800003467,41.922466000005954],[-87.74183600023116,41.92430000004504],[-87.74163099977079,41.924303000183386],[-87.74142200002524,41.91698499995783],[-87.74611100042227,41.91693300025781]]]}},{"type":"Feature","properties":{"JoinField":"CITY OF CHICAGO:Ward 26 Precinct 02","cd_district":3,"house_district":4,"senate_district":2,"bor_district":3,"ccc_district":8},"geometry":{"type":"Polygon","coordinates":[[[-87.71670200039694,41.90501900032666],[-87.71630700016789,41.90456500007474],[-87.71417800001467,41.904586000143865],[-87.71425499996826,41.90684499999679],[-87.71669800021249,41.90682199983547],[-87.71675900032756,41.908618999966905],[-87.71186699956235,41.90868000008197],[-87.71167499970142,41.90278799996628],[-87.71656200023608,41.90275400019698],[-87.71670200039694,41.90501900032666]]]}},{"type":"Feature","properties":{"JoinField":"CITY OF CHICAGO:Ward 26 Precinct 03","cd_district":3,"house_district":39,"senate_district":20,"bor_district":2,"ccc_district":8},"geometry":{"type":"Polygon","coordinates":[[[-87.71186000013887,41.91552500007873],[-87.71193299990796,41.91916599981107],[-87.70703999999597,41.91922499983394],[-87.70691999985809,41.915578999871],[-87.71186000013887,41.91552500007873]]]}},{"type":"Feature","properties":{"JoinField":"CITY OF CHICAGO:Ward 26 Precinct 04","cd_district":3,"house_district":4,"senate_district":2,"bor_district":1,"ccc_district":8},"geometry":{"type":"Polygon","coordinates":[[[-87.74945099976378,41.91688900002737],[-87.75337499995624,41.916843999750824],[-87.75353400009396,41.91866299999748],[-87.7572159999184,41.91865100034346],[-87.75726799961848,41.92044200019819],[-87.74620999959177,41.92058399955198],[-87.74608300003041,41.91647399977535],[-87.74943099974081,41.916441000052146],[-87.74945099976378,41.91688900002737]]]}},{"type":"Feature","properties":{"JoinField":"CITY OF CHICAGO:Ward 26 Precinct 05","cd_district":3,"house_district":4,"senate_district":2,"bor_district":3,"ccc_district":8},"geometry":{"type":"Polygon","coordinates":[[[-87.7117929997471,41.906418000090696],[-87.71190100023097,41.910058999823036],[-87.70687699967374,41.91014700028387],[-87.70700500018057,41.90957099980187],[-87.70690299997341,41.90647700011351],[-87.7117929997471,41.906418000090696]]]}},{"type":"Feature","properties":{"JoinField":"CITY OF CHICAGO:Ward 26 Precinct 06","cd_district":3,"house_district":4,"senate_district":2,"bor_district":1,"ccc_district":8},"geometry":{"type":"Polygon","coordinates":[[[-87.72020199992232,41.90995400037684],[-87.7211790000108,41.91176100007016],[-87.72149800033242,41.911758999977906],[-87.72145400010197,41.912399999860156],[-87.7221089997305,41.913650999993706],[-87.71666000025874,41.9136869998552],[-87.71656999970571,41.91076199986645],[-87.71670000030474,41.90999699966187],[-87.72020199992232,41.90995400037684]]]}},{"type":"Feature","properties":{"JoinField":"CITY OF CHICAGO:Ward 26 Precinct 07","cd_district":3,"house_district":3,"senate_district":2,"bor_district":2,"ccc_district":8},"geometry":{"type":"Polygon","coordinates":[[[-87.71666000025874,41.9136869998552],[-87.71682799991225,41.91911400011105],[-87.71193299990796,41.91916599981107],[-87.71186000013887,41.91552500007873],[-87.71509800017253,41.915486000078886],[-87.71504400038026,41.91370399973982],[-87.71666000025874,41.9136869998552]]]}},{"type":"Feature","properties":{"JoinField":"CITY OF CHICAGO:Ward 26 Precinct 08","cd_district":3,"house_district":4,"senate_district":2,"bor_district":1,"ccc_district":8},"geometry":{"type":"Polygon","coordinates":[[[-87.72633000012934,41.90987899961618],[-87.72661499978238,41.91899399997317],[-87.72487599962767,41.91901600008839],[-87.72151800035539,41.91254300015936],[-87.72149800033242,41.911758999977906],[-87.7211790000108,41.91176100007016],[-87.72020199992232,41.90995400037684],[-87.72633000012934,41.90987899961618]]]}},{"type":"Feature","properties":{"JoinField":"CITY OF CHICAGO:Ward 26 Precinct 09","cd_district":3,"house_district":4,"senate_district":2,"bor_district":1,"ccc_district":8},"geometry":{"type":"Polygon","coordinates":[[[-87.71972300031615,41.906341000137104],[-87.72033499976038,41.90633399981431],[-87.72045099971382,41.90994600000795],[-87.71670000030474,41.90999699966187],[-87.71669800021249,41.90682199983547],[-87.71425499996826,41.90684499999679],[-87.71417800001467,41.904586000143865],[-87.71630700016789,41.90456500007474],[-87.71670200039694,41.90501900032666],[-87.71662300035115,41.90456199993639],[-87.71965900006279,41.90453300039769],[-87.71972300031615,41.906341000137104]]]}},{"type":"Feature","properties":{"JoinField":"CITY OF CHICAGO:Ward 26 Precinct 10","cd_district":3,"house_district":4,"senate_district":2,"bor_district":3,"ccc_district":8},"geometry":{"type":"Polygon","coordinates":[[[-87.70881299991999,41.899171000441356],[-87.71138399977173,41.90019600004541],[-87.71188400034629,41.90005299974621],[-87.71278300043508,41.90074300008945],[-87.71654500035146,41.90224099992224],[-87.71656200023608,41.90275400019698],[-87.70679000015832,41.902850000127444],[-87.70667400020488,41.89919499974951],[-87.70881299991999,41.899171000441356]]]}},{"type":"Feature","properties":{"JoinField":"CITY OF CHICAGO:Ward 26 Precinct 11","cd_district":3,"house_district":3,"senate_district":2,"bor_district":2,"ccc_district":8},"geometry":{"type":"Polygon","coordinates":[[[-87.71504400038026,41.91370399973982],[-87.71509800017253,41.915486000078886],[-87.70691999985809,41.915578999871],[-87.70686399997356,41.91382800006221],[-87.71504400038026,41.91370399973982]]]}},{"type":"Feature","properties":{"JoinField":"CITY OF CHICAGO:Ward 26 Precinct 12","cd_district":3,"house_district":4,"senate_district":2,"bor_district":3,"ccc_district":8},"geometry":{"type":"Polygon","coordinates":[[[-87.71675900032756,41.908618999966905],[-87.71670000030474,41.90999699966187],[-87.71190100023097,41.910058999823036],[-87.71186699956235,41.90868000008197],[-87.71675900032756,41.908618999966905]]]}},{"type":"Feature","properties":{"JoinField":"CITY OF CHICAGO:Ward 26 Precinct 13","cd_district":3,"house_district":3,"senate_district":2,"bor_district":3,"ccc_district":8},"geometry":{"type":"Polygon","coordinates":[[[-87.70685799969687,41.91017599982257],[-87.7067649999048,41.91071400035088],[-87.70694800024995,41.913714000201026],[-87.70686399997356,41.91382800006221],[-87.70453300039759,41.91385300031578],[-87.7045310003054,41.910649000051365],[-87.70339099989468,41.91066399984379],[-87.70336899977946,41.910176999868725],[-87.70685799969687,41.91017599982257]]]}},{"type":"Feature","properties":{"JoinField":"CITY OF CHICAGO:Ward 26 Precinct 14","cd_district":3,"house_district":4,"senate_district":2,"bor_district":1,"ccc_district":8},"geometry":{"type":"Polygon","coordinates":[[[-87.73142100017895,41.90980399975484],[-87.73365499977837,41.90977500021614],[-87.7336699995708,41.91029399986826],[-87.73489000007339,41.91027699998364],[-87.73493200021159,41.91159599965573],[-87.73616200027607,41.91157999981721],[-87.73622400043723,41.913522000340095],[-87.73011100002259,41.91359500010924],[-87.7299990002536,41.909822999731716],[-87.73019600034507,41.909822999731716],[-87.73018099965338,41.9093339996644],[-87.73078899981243,41.909323000056474],[-87.73140500034043,41.909316999779776],[-87.73142100017895,41.90980399975484]]]}},{"type":"Feature","properties":{"JoinField":"CITY OF CHICAGO:Ward 26 Precinct 15","cd_district":3,"house_district":4,"senate_district":2,"bor_district":1,"ccc_district":8},"geometry":{"type":"Polygon","coordinates":[[[-87.73622400043723,41.913522000340095],[-87.73632799983727,41.9170450000268],[-87.73022199974548,41.917118999842046],[-87.73011100002259,41.91359500010924],[-87.73622400043723,41.913522000340095]]]}},{"type":"Feature","properties":{"JoinField":"CITY OF CHICAGO:Ward 26 Precinct 16","cd_district":3,"house_district":4,"senate_district":2,"bor_district":3,"ccc_district":8},"geometry":{"type":"Polygon","coordinates":[[[-87.71167499970142,41.90278799996628],[-87.7117929997471,41.906418000090696],[-87.70690299997341,41.90647700011351],[-87.70679000015832,41.902850000127444],[-87.71167499970142,41.90278799996628]]]}},{"type":"Feature","properties":{"JoinField":"CITY OF CHICAGO:Ward 26 Precinct 17","cd_district":3,"house_district":3,"senate_district":2,"bor_district":2,"ccc_district":8},"geometry":{"type":"Polygon","coordinates":[[[-87.70197900043047,41.91388499999283],[-87.70208900010721,41.91744499958713],[-87.69771599989343,41.917484999633075],[-87.69761299964017,41.91400300003846],[-87.70197900043047,41.91388499999283]]]}},{"type":"Feature","properties":{"JoinField":"CITY OF CHICAGO:Ward 26 Precinct 18","cd_district":3,"house_district":3,"senate_district":2,"bor_district":1,"ccc_district":8},"geometry":{"type":"Polygon","coordinates":[[[-87.75732100026391,41.92226599977613],[-87.74625499986831,41.92241600039813],[-87.74620999959177,41.92058399955198],[-87.75726799961848,41.92044200019819],[-87.75732100026391,41.92226599977613]]]}},{"type":"Feature","properties":{"JoinField":"CITY OF CHICAGO:Ward 26 Precinct 19","cd_district":3,"house_district":3,"senate_district":2,"bor_district":2,"ccc_district":8},"geometry":{"type":"Polygon","coordinates":[[[-87.70686399997356,41.91382800006221],[-87.70697599974255,41.917402000302104],[-87.70208900010721,41.91744499958713],[-87.70197900043047,41.91388499999283],[-87.70686399997356,41.91382800006221]]]}},{"type":"Feature","properties":{"JoinField":"CITY OF CHICAGO:Ward 26 Precinct 20","cd_district":3,"house_district":4,"senate_district":2,"bor_district":2,"ccc_district":1},"geometry":{"type":"Polygon","coordinates":[[[-87.68779099995464,41.90207999969226],[-87.68780499970092,41.90251600001346],[-87.69193999973118,41.90248200024416],[-87.69203899979999,41.90662099955955],[-87.68712299972663,41.90666599983609],[-87.68700599972709,41.902087000015115],[-87.68779099995464,41.90207999969226]]]}},{"type":"Feature","properties":{"JoinField":"CITY OF CHICAGO:Ward 26 Precinct 21","cd_district":3,"house_district":4,"senate_district":2,"bor_district":1,"ccc_district":8},"geometry":{"type":"Polygon","coordinates":[[[-87.74130099984126,41.9139060000619],[-87.74157800002462,41.922532000351566],[-87.73649500034395,41.922534999590596],[-87.73622400043723,41.913522000340095],[-87.74130099984126,41.9139060000619]]]}},{"type":"Feature","properties":{"JoinField":"CITY OF CHICAGO:Ward 26 Precinct 22","cd_district":3,"house_district":4,"senate_district":2,"bor_district":1,"ccc_district":8},"geometry":{"type":"Polygon","coordinates":[[[-87.72891199958906,41.90804100029197],[-87.72893099956593,41.908652999736205],[-87.73015999958426,41.90863399975933],[-87.73019600034507,41.909822999731716],[-87.7299990002536,41.909822999731716],[-87.73011100002259,41.91359500010924],[-87.72645000026728,41.91364499971701],[-87.72632900008324,41.90981999959337],[-87.72649100035932,41.90935399968737],[-87.72646500005965,41.90807700015347],[-87.72891199958906,41.90804100029197]]]}},{"type":"Feature","properties":{"JoinField":"CITY OF CHICAGO:Ward 26 Precinct 23","cd_district":3,"house_district":3,"senate_district":2,"bor_district":1,"ccc_district":8},"geometry":{"type":"Polygon","coordinates":[[[-87.7221089997305,41.913650999993706],[-87.72487599962767,41.91901600008839],[-87.71682799991225,41.91911400011105],[-87.71666000025874,41.9136869998552],[-87.7221089997305,41.913650999993706]]]}},{"type":"Feature","properties":{"JoinField":"CITY OF CHICAGO:Ward 26 Precinct 24","cd_district":3,"house_district":4,"senate_district":2,"bor_district":1,"ccc_district":8},"geometry":{"type":"Polygon","coordinates":[[[-87.73011400016094,41.91368999999355],[-87.73022199974548,41.917118999842046],[-87.72900000004995,41.91713499968057],[-87.72905399984217,41.918965999581246],[-87.72661499978238,41.91899399997317],[-87.72645000026728,41.91364499971701],[-87.73011400016094,41.91368999999355]]]}},{"type":"Feature","properties":{"JoinField":"CITY OF CHICAGO:Ward 26 Precinct 25","cd_district":3,"house_district":4,"senate_district":2,"bor_district":2,"ccc_district":1},"geometry":{"type":"Polygon","coordinates":[[[-87.69696899961957,41.90657800027452],[-87.69703399991914,41.91022700037581],[-87.6921100003762,41.91027699998364],[-87.69203899979999,41.90662099955955],[-87.69696899961957,41.90657800027452]]]}},{"type":"Feature","properties":{"JoinField":"CITY OF CHICAGO:Ward 26 Precinct 26","cd_district":3,"house_district":4,"senate_district":2,"bor_district":2,"ccc_district":1},"geometry":{"type":"Polygon","coordinates":[[[-87.69686800035788,41.90243099969092],[-87.69696899961957,41.90657800027452],[-87.69203899979999,41.90662099955955],[-87.69193999973118,41.90248200024416],[-87.69686800035788,41.90243099969092]]]}},{"type":"Feature","properties":{"JoinField":"CITY OF CHICAGO:Ward 26 Precinct 27","cd_district":3,"house_district":4,"senate_district":2,"bor_district":3,"ccc_district":8},"geometry":{"type":"Polygon","coordinates":[[[-87.70104399958086,41.898032000076796],[-87.70192899992338,41.89802199961565],[-87.7019510000386,41.8992379999338],[-87.70667400020488,41.89919499974951],[-87.70700500018057,41.90957099980187],[-87.70687699967374,41.91014700028387],[-87.69703399991914,41.91022700037581],[-87.69681499971244,41.90019900018376],[-87.69434900020616,41.90021900020673],[-87.69432700009094,41.89930300023332],[-87.69679100040429,41.899283000210346],[-87.69676300001242,41.89807300016889],[-87.70043500027498,41.89803600026124],[-87.70039500022904,41.89633700015247],[-87.70102899978849,41.89661699957492],[-87.70104399958086,41.898032000076796]]]}},{"type":"Feature","properties":{"JoinField":"CITY OF CHICAGO:Ward 26 Precinct 28","cd_district":3,"house_district":3,"senate_district":2,"bor_district":2,"ccc_district":8},"geometry":{"type":"Polygon","coordinates":[[[-87.70186599971606,41.91017199963812],[-87.70197900043047,41.91388499999283],[-87.69709299994196,41.91387999976223],[-87.69703399991914,41.91022700037581],[-87.70186599971606,41.91017199963812]]]}},{"type":"Feature","properties":{"JoinField":"CITY OF CHICAGO:Ward 26 Precinct 29","cd_district":3,"house_district":4,"senate_district":2,"bor_district":3,"ccc_district":8},"geometry":{"type":"Polygon","coordinates":[[[-87.716684999613,41.91005599968469],[-87.71656999970571,41.91076199986645],[-87.71666000025874,41.9136869998552],[-87.70686399997356,41.91382800006221],[-87.7067649999048,41.91071400035088],[-87.70687699967374,41.91014700028387],[-87.716684999613,41.91005599968469]]]}},{"type":"Feature","properties":{"JoinField":"CITY OF CHICAGO:Ward 26 Precinct 30","cd_district":3,"house_district":3,"senate_district":2,"bor_district":2,"ccc_district":8},"geometry":{"type":"Polygon","coordinates":[[[-87.70193500020008,41.91017199963812],[-87.70336899977946,41.910176999868725],[-87.70339099989468,41.91066399984379],[-87.7045310003054,41.910649000051365],[-87.70453300039759,41.91385300031578],[-87.70197900043047,41.91388499999283],[-87.70193500020008,41.91017199963812]]]}},{"type":"Feature","properties":{"JoinField":"CITY OF CHICAGO:Ward 26 Precinct 31","cd_district":3,"house_district":4,"senate_district":2,"bor_district":1,"ccc_district":8},"geometry":{"type":"Polygon","coordinates":[[[-87.72583299969313,41.90808000029182],[-87.72646500005965,41.90807700015347],[-87.72649100035932,41.90935399968737],[-87.72633000012934,41.90987899961618],[-87.72045099971382,41.90994600000795],[-87.72033499976038,41.90633399981431],[-87.72530499962602,41.90622700027592],[-87.72580300010833,41.90641399990625],[-87.72583299969313,41.90808000029182]]]}},{"type":"Feature","properties":{"JoinField":"CITY OF CHICAGO:Ward 26 Precinct 32","cd_district":3,"house_district":3,"senate_district":2,"bor_district":2,"ccc_district":8},"geometry":{"type":"Polygon","coordinates":[[[-87.69702999973464,41.91028400030643],[-87.69709399998806,41.913907000108],[-87.69220300016826,41.913950000292346],[-87.6921100003762,41.91027699998364],[-87.69702999973464,41.91028400030643]]]}},{"type":"Feature","properties":{"JoinField":"CITY OF CHICAGO:Ward 27 Precinct 01","cd_district":7,"house_district":10,"senate_district":5,"bor_district":2,"ccc_district":2},"geometry":{"type":"Polygon","coordinates":[[[-87.6608779999197,41.88994999969276],[-87.66004099999213,41.88995900010781],[-87.65743400027884,41.89306899963469],[-87.65738499981785,41.89522700022593],[-87.6512439999106,41.89114299984959],[-87.64762600033959,41.89118099980334],[-87.64762200015514,41.88904900041109],[-87.6607769997587,41.88890600011189],[-87.6608779999197,41.88994999969276]]]}},{"type":"Feature","properties":{"JoinField":"CITY OF CHICAGO:Ward 27 Precinct 02","cd_district":7,"house_district":10,"senate_district":5,"bor_district":3,"ccc_district":2},"geometry":{"type":"Polygon","coordinates":[[[-87.66428799979133,41.87639599967571],[-87.66441800039036,41.881459000232724],[-87.66516299967265,41.88146899979455],[-87.66369400027787,41.881541999563694],[-87.66372800004712,41.88287800001973],[-87.66467100036635,41.88282800041196],[-87.66332999967972,41.884168000153124],[-87.65882899985843,41.88421300042967],[-87.65875800018154,41.881624999793985],[-87.6596370002473,41.88161000000156],[-87.65953099985575,41.88029000028337],[-87.65710000016486,41.88033000032931],[-87.65705699998051,41.879057000080536],[-87.65461299969013,41.87909800017263],[-87.65457000040516,41.877832000246656],[-87.6594509997638,41.87775000006252],[-87.65941599994841,41.876478999906],[-87.66428799979133,41.87639599967571]]]}},{"type":"Feature","properties":{"JoinField":"CITY OF CHICAGO:Ward 27 Precinct 03","cd_district":7,"house_district":10,"senate_district":5,"bor_district":3,"ccc_district":1},"geometry":{"type":"Polygon","coordinates":[[[-87.71869799981283,41.8936009998863],[-87.71876800034289,41.89591200033857],[-87.71816200027604,41.8959189997621],[-87.71826499962998,41.899091000349415],[-87.71338600036358,41.899133999634444],[-87.71332200011017,41.897311000102604],[-87.71271600004332,41.8973170003793],[-87.71265499992825,41.8954949999943],[-87.71143600037107,41.895506999648376],[-87.71138199967953,41.89367599974764],[-87.71869799981283,41.8936009998863]]]}},{"type":"Feature","properties":{"JoinField":"CITY OF CHICAGO:Ward 27 Precinct 04","cd_district":7,"house_district":10,"senate_district":5,"bor_district":3,"ccc_district":2},"geometry":{"type":"Polygon","coordinates":[[[-87.66684299980454,41.880797000281405],[-87.66691300033466,41.88237800034449],[-87.67910300040313,41.882194999999285],[-87.67913099989568,41.883106999788254],[-87.67668999974364,41.88314699983425],[-87.67679199995081,41.88677199972807],[-87.66702500010365,41.88693800018859],[-87.66701200040347,41.88650700009805],[-87.66195199998475,41.886594999659565],[-87.66244700032877,41.88570700007807],[-87.66242400016745,41.885416000148325],[-87.66261199984388,41.88541199996388],[-87.66327099965685,41.88422900026819],[-87.66467100036635,41.88282800041196],[-87.66372800004712,41.88287800001973],[-87.66369400027787,41.881541999563694],[-87.66608399987666,41.88146200037107],[-87.66684299980454,41.880797000281405]]]}},{"type":"Feature","properties":{"JoinField":"CITY OF CHICAGO:Ward 27 Precinct 05","cd_district":7,"house_district":10,"senate_district":5,"bor_district":3,"ccc_district":1},"geometry":{"type":"Polygon","coordinates":[[[-87.71127900032559,41.8902550002681],[-87.71143600037107,41.895506999648376],[-87.71265499992825,41.8954949999943],[-87.71271600004332,41.8973170003793],[-87.71332200011017,41.897311000102604],[-87.71338600036358,41.899133999634444],[-87.71020999959177,41.89915599974967],[-87.7066010004358,41.89685699985074],[-87.70639800006762,41.89030699996812],[-87.71127900032559,41.8902550002681]]]}},{"type":"Feature","properties":{"JoinField":"CITY OF CHICAGO:Ward 27 Precinct 06","cd_district":7,"house_district":9,"senate_district":5,"bor_district":2,"ccc_district":3},"geometry":{"type":"Polygon","coordinates":[[[-87.64802699994607,41.90230099999121],[-87.64809400033784,41.90363700044725],[-87.64121100038733,41.90374800017014],[-87.64117599967261,41.90268699980527],[-87.64318000035672,41.90265099994372],[-87.64292899957366,41.89647600026723],[-87.64384500044639,41.89646099957554],[-87.64399500016907,41.89721400012604],[-87.64527199970297,41.89866300039722],[-87.64635600022922,41.90063599965174],[-87.64802699994607,41.90230099999121]]]}},{"type":"Feature","properties":{"JoinField":"CITY OF CHICAGO:Ward 27 Precinct 07","cd_district":7,"house_district":10,"senate_district":5,"bor_district":2,"ccc_district":2},"geometry":{"type":"Polygon","coordinates":[[[-87.66557799992472,41.89336899997943],[-87.66565800001666,41.8960979999228],[-87.66490500036542,41.89611099962298],[-87.66491900011175,41.89840500019068],[-87.66246600030564,41.89844900042107],[-87.66240500019057,41.89614999962282],[-87.65751000018633,41.89622799962251],[-87.6573409995874,41.8956720000628],[-87.65748700002501,41.89493000001954],[-87.65744399984067,41.89349799963304],[-87.66557799992472,41.89336899997943]]]}},{"type":"Feature","properties":{"JoinField":"CITY OF CHICAGO:Ward 27 Precinct 08","cd_district":7,"house_district":10,"senate_district":5,"bor_district":3,"ccc_district":1},"geometry":{"type":"Polygon","coordinates":[[[-87.71484100001209,41.888073000368706],[-87.71503800010356,41.89363999988615],[-87.71138199967953,41.89367599974764],[-87.71121900025662,41.888113000414705],[-87.71484100001209,41.888073000368706]]]}},{"type":"Feature","properties":{"JoinField":"CITY OF CHICAGO:Ward 27 Precinct 09","cd_district":7,"house_district":9,"senate_district":5,"bor_district":2,"ccc_district":3},"geometry":{"type":"Polygon","coordinates":[[[-87.65456400012846,41.909364000148514],[-87.65522700012593,41.910061999961385],[-87.65539799991774,41.91006700019193],[-87.6554959999404,41.91042599966022],[-87.65590700000803,41.910399000213715],[-87.65591200023857,41.91079400044282],[-87.651105999842,41.91087399963544],[-87.65103900034956,41.90853399964442],[-87.64821100033737,41.90857699982871],[-87.64825100038331,41.91000299993857],[-87.64774999976265,41.90964399957096],[-87.64708899985743,41.91011199956915],[-87.64615299986104,41.910231999707094],[-87.64624999983761,41.9109500004422],[-87.64707600015726,41.910936999842704],[-87.64707199997281,41.9114039997948],[-87.64586299997745,41.911421999725576],[-87.64584500004668,41.91095599981958],[-87.64535599997936,41.910963000142374],[-87.64545299995592,41.910231999707094],[-87.64425300037561,41.910231999707094],[-87.6440799995923,41.91042699970632],[-87.64341300030969,41.91042699970632],[-87.64337799959497,41.909176999618865],[-87.64216700040669,41.90919300035671],[-87.64211399976125,41.905595999955494],[-87.64110800013407,41.90487299988911],[-87.64025699956085,41.9054850002326],[-87.6371199996882,41.90568599960926],[-87.63701600028816,41.9038110003774],[-87.65020699975321,41.903622999801655],[-87.6517930000469,41.90529899974911],[-87.65157299979404,41.90544700027891],[-87.65470000010487,41.90913500037999],[-87.65456400012846,41.909364000148514]]]}},{"type":"Feature","properties":{"JoinField":"CITY OF CHICAGO:Ward 27 Precinct 10","cd_district":7,"house_district":10,"senate_district":5,"bor_district":3,"ccc_district":2},"geometry":{"type":"Polygon","coordinates":[[[-87.67651499976739,41.87584400030045],[-87.67654600029766,41.8774790001558],[-87.67898999968872,41.877552999971044],[-87.67902300031119,41.87870399998968],[-87.6814699998406,41.878660999805334],[-87.68154299960969,41.88215299986109],[-87.66691300033466,41.88237800034449],[-87.66684299980454,41.880797000281405],[-87.66922800007211,41.878855999804614],[-87.66915000007242,41.876316999629864],[-87.67223700033725,41.8762670000221],[-87.6726650002895,41.875902000277165],[-87.67550700004796,41.87585499990837],[-87.67651499976739,41.87584400030045]]]}},{"type":"Feature","properties":{"JoinField":"CITY OF CHICAGO:Ward 27 Precinct 11","cd_district":7,"house_district":9,"senate_district":5,"bor_district":2,"ccc_district":12},"geometry":{"type":"Polygon","coordinates":[[[-87.64762300020124,41.889088999557714],[-87.64762600033959,41.89118099980334],[-87.65081299982006,41.891147000034096],[-87.65271200015866,41.892426999706345],[-87.65088400039627,41.89263899959019],[-87.64976900023913,41.892605999867044],[-87.6514670003018,41.893692999632265],[-87.65112299972662,41.894000000299854],[-87.65115100011855,41.89549700008655],[-87.64771599999335,41.89556100033997],[-87.64774500043137,41.89639900031369],[-87.64413899961511,41.89645600024426],[-87.64388599963911,41.894000000299854],[-87.64194199992335,41.89252399968291],[-87.64103500036492,41.89142400021751],[-87.64307700010346,41.891253999572484],[-87.64295299978107,41.89113200024167],[-87.64287399973529,41.88904900041109],[-87.64762300020124,41.889088999557714]]]}},{"type":"Feature","properties":{"JoinField":"CITY OF CHICAGO:Ward 27 Precinct 12","cd_district":7,"house_district":12,"senate_district":6,"bor_district":2,"ccc_district":3},"geometry":{"type":"Polygon","coordinates":[[[-87.6343820002291,41.90132499994883],[-87.63447800015956,41.90385299961628],[-87.63144499968695,41.90390100003117],[-87.63142399961782,41.90313499978049],[-87.63298299956574,41.903111999619114],[-87.63292999981962,41.901334000363875],[-87.6343820002291,41.90132499994883]]]}},{"type":"Feature","properties":{"JoinField":"CITY OF CHICAGO:Ward 27 Precinct 13","cd_district":5,"house_district":10,"senate_district":5,"bor_district":2,"ccc_district":12},"geometry":{"type":"Polygon","coordinates":[[[-87.66240500019057,41.89614999962282],[-87.66252999965974,41.90082300018139],[-87.66648500038241,41.903358000171636],[-87.66129200012568,41.903439000309675],[-87.66113600012625,41.904968999819516],[-87.6612429996647,41.90581500016219],[-87.66199900035355,41.90723900017974],[-87.66386500006968,41.90895800031154],[-87.66519200011066,41.91066499988989],[-87.65591200023857,41.91079400044282],[-87.65590700000803,41.910399000213715],[-87.6554959999404,41.91042599966022],[-87.65539799991774,41.91006700019193],[-87.65478200028906,41.90964100033193],[-87.65456400012846,41.909364000148514],[-87.65470000010487,41.90913500037999],[-87.65157299979404,41.90544700027891],[-87.6517930000469,41.90529899974911],[-87.65020699975321,41.903622999801655],[-87.65836900022913,41.90350599980212],[-87.6577769999086,41.90292600003494],[-87.65669699956686,41.901334000363875],[-87.65664699995904,41.8998840000466],[-87.6575949996095,41.89986600011588],[-87.65751000018633,41.89622799962251],[-87.66240500019057,41.89614999962282]]]}},{"type":"Feature","properties":{"JoinField":"CITY OF CHICAGO:Ward 27 Precinct 14","cd_district":7,"house_district":10,"senate_district":5,"bor_district":3,"ccc_district":2},"geometry":{"type":"Polygon","coordinates":[[[-87.70101299994997,41.87374699982422],[-87.70120799994919,41.88102600004993],[-87.69393099981573,41.881090000303345],[-87.69371399970129,41.8760079997694],[-87.69615299976107,41.87598100032295],[-87.69610100006105,41.873794000193016],[-87.70101299994997,41.87374699982422]]]}},{"type":"Feature","properties":{"JoinField":"CITY OF CHICAGO:Ward 27 Precinct 15","cd_district":7,"house_district":9,"senate_district":5,"bor_district":2,"ccc_district":3},"geometry":{"type":"Polygon","coordinates":[[[-87.64292899957366,41.89647600026723],[-87.64318000035672,41.90265099994372],[-87.64117599967261,41.90268699980527],[-87.64121100038733,41.90374800017014],[-87.63701600028816,41.9038110003774],[-87.63694599975804,41.90318200014923],[-87.63643000024427,41.90238200012925],[-87.63647899980595,41.90207799960007],[-87.63441199981389,41.90210399989974],[-87.63426200009121,41.8982039999147],[-87.6372320003565,41.89816299982266],[-87.6372619999413,41.898943999865764],[-87.63876900018914,41.89892299979664],[-87.63869100018945,41.89703399991919],[-87.63718499998771,41.89698000012697],[-87.63719999978014,41.8973819997795],[-87.6342329996532,41.89741899968715],[-87.63420300006834,41.89659600040517],[-87.64292899957366,41.89647600026723]]]}},{"type":"Feature","properties":{"JoinField":"CITY OF CHICAGO:Ward 27 Precinct 16","cd_district":7,"house_district":10,"senate_district":5,"bor_district":2,"ccc_district":2},"geometry":{"type":"Polygon","coordinates":[[[-87.64973599961667,41.88310499969606],[-87.65439799966794,41.883023000411185],[-87.65441000022128,41.88342700015596],[-87.65557900017069,41.883408000179145],[-87.65556699961729,41.88300200034212],[-87.6567019997974,41.88298300036524],[-87.65671000016636,41.88230299958383],[-87.65877600011225,41.88226799976843],[-87.65882899985843,41.88421300042967],[-87.66332999967972,41.884168000153124],[-87.66261199984388,41.88541199996388],[-87.66242400016745,41.885416000148325],[-87.66244700032877,41.88570700007807],[-87.66195199998475,41.886594999659565],[-87.66215100016848,41.886592000420535],[-87.6607769997587,41.88890600011189],[-87.64826500012964,41.889042000088295],[-87.64759099962487,41.888263000137385],[-87.6475060002017,41.88679699998164],[-87.64644599988293,41.88680000011999],[-87.64615399990714,41.885426999756305],[-87.6460460003226,41.883156000249244],[-87.64856699966725,41.88312499971903],[-87.64853099980576,41.88176199981649],[-87.64969799966292,41.881775000415985],[-87.64973599961667,41.88310499969606]]]}},{"type":"Feature","properties":{"JoinField":"CITY OF CHICAGO:Ward 27 Precinct 17","cd_district":7,"house_district":10,"senate_district":5,"bor_district":3,"ccc_district":2},"geometry":{"type":"Polygon","coordinates":[[[-87.68625800030645,41.87499499981942],[-87.68636499984484,41.87858900008234],[-87.68878700002,41.87842899989846],[-87.6888629999275,41.881128000257036],[-87.68848899976751,41.88113499968057],[-87.68852999985955,41.88298599960427],[-87.68401300019974,41.88302799974247],[-87.68379900022364,41.874958999957926],[-87.68625800030645,41.87499499981942]]]}},{"type":"Feature","properties":{"JoinField":"CITY OF CHICAGO:Ward 27 Precinct 18","cd_district":7,"house_district":9,"senate_district":5,"bor_district":3,"ccc_district":2},"geometry":{"type":"Polygon","coordinates":[[[-87.68359299971712,41.8667760003122],[-87.6740500003072,41.874743999935674],[-87.67406700019188,41.87505800002674],[-87.67648700027479,41.87502100011909],[-87.67645599974458,41.87404299998451],[-87.68134500037144,41.87396499998482],[-87.68137099977179,41.874938999934955],[-87.68379900022364,41.874958999957926],[-87.68401300019974,41.88302799974247],[-87.68156999995551,41.88306699974231],[-87.6814699998406,41.878660999805334],[-87.67902300031119,41.87870399998968],[-87.67898999968872,41.877552999971044],[-87.67654600029766,41.8774790001558],[-87.67651499976739,41.87584400030045],[-87.6726650002895,41.875902000277165],[-87.67223700033725,41.8762670000221],[-87.6667390004045,41.876351000298484],[-87.6664139998062,41.86685500035804],[-87.68358999957877,41.86664699975927],[-87.68359299971712,41.8667760003122]]]}},{"type":"Feature","properties":{"JoinField":"CITY OF CHICAGO:Ward 27 Precinct 19","cd_district":7,"house_district":4,"senate_district":2,"bor_district":3,"ccc_district":1},"geometry":{"type":"Polygon","coordinates":[[[-87.72235800042137,41.89356800016316],[-87.72253000025927,41.89905200034957],[-87.71826499962998,41.899091000349415],[-87.71816200027604,41.8959189997621],[-87.71876800034289,41.89591200033857],[-87.71869799981283,41.8936009998863],[-87.72235800042137,41.89356800016316]]]}},{"type":"Feature","properties":{"JoinField":"CITY OF CHICAGO:Ward 27 Precinct 20","cd_district":7,"house_district":9,"senate_district":5,"bor_district":2,"ccc_district":3},"geometry":{"type":"Polygon","coordinates":[[[-87.6408400003657,41.90508299968076],[-87.64095600031914,41.90921000024139],[-87.63853400014398,41.909241999918436],[-87.63841700014439,41.905541000117125],[-87.64025699956085,41.9054850002326],[-87.6408400003657,41.90508299968076]]]}},{"type":"Feature","properties":{"JoinField":"CITY OF CHICAGO:Ward 27 Precinct 21","cd_district":5,"house_district":9,"senate_district":5,"bor_district":2,"ccc_district":3},"geometry":{"type":"Polygon","coordinates":[[[-87.63848399963683,41.90760099978638],[-87.63859400021289,41.91117199988793],[-87.63803899979996,41.91117900021072],[-87.63805499963848,41.91172300011641],[-87.63668400026637,41.91174800036998],[-87.63666300019725,41.91114000021088],[-87.6376240004472,41.91113099979583],[-87.63760200033204,41.91034200028315],[-87.63727799977983,41.90981000003154],[-87.63718499998771,41.90762199985545],[-87.63848399963683,41.90760099978638]]]}},{"type":"Feature","properties":{"JoinField":"CITY OF CHICAGO:Ward 27 Precinct 22","cd_district":7,"house_district":10,"senate_district":5,"bor_district":3,"ccc_district":2},"geometry":{"type":"Polygon","coordinates":[[[-87.69137099957192,41.87603500011522],[-87.69143299973314,41.87839700022141],[-87.6937850002775,41.878369999875645],[-87.69396000025375,41.882922000250176],[-87.69430099979127,41.882919000111826],[-87.69437399956041,41.883324999948854],[-87.69634699971425,41.88333500041],[-87.69637400006002,41.884245000106716],[-87.6922769999835,41.88440300019835],[-87.69223099966086,41.88294100022705],[-87.68852999985955,41.88298599960427],[-87.68848899976751,41.88113499968057],[-87.6888629999275,41.881128000257036],[-87.68878700002,41.87842899989846],[-87.68636499984484,41.87858900008234],[-87.68626899991438,41.876083999676894],[-87.69137099957192,41.87603500011522]]]}},{"type":"Feature","properties":{"JoinField":"CITY OF CHICAGO:Ward 27 Precinct 23","cd_district":7,"house_district":10,"senate_district":5,"bor_district":3,"ccc_district":1},"geometry":{"type":"Polygon","coordinates":[[[-87.72103499966545,41.88990400026944],[-87.72225900035255,41.889899000038895],[-87.72235800042137,41.89356800016316],[-87.71503800010356,41.89363999988615],[-87.71484100001209,41.888073000368706],[-87.72098199991933,41.88801799963102],[-87.72103499966545,41.88990400026944]]]}},{"type":"Feature","properties":{"JoinField":"CITY OF CHICAGO:Ward 27 Precinct 24","cd_district":3,"house_district":4,"senate_district":2,"bor_district":3,"ccc_district":1},"geometry":{"type":"Polygon","coordinates":[[[-87.72253000025927,41.89905200034957],[-87.72265999995898,41.90315799994181],[-87.72144599973308,41.903173999780336],[-87.72143099994065,41.90271300010494],[-87.7202149996225,41.902722999666764],[-87.72019899978397,41.90224900029119],[-87.71898100027289,41.90226099994527],[-87.7189370000425,41.90090999969681],[-87.71527800037939,41.900940000180924],[-87.71521400012597,41.89911799979592],[-87.72253000025927,41.89905200034957]]]}},{"type":"Feature","properties":{"JoinField":"CITY OF CHICAGO:Ward 27 Precinct 25","cd_district":7,"house_district":10,"senate_district":5,"bor_district":3,"ccc_district":1},"geometry":{"type":"Polygon","coordinates":[[[-87.70123100011051,41.881940999977246],[-87.70141200036346,41.88823499974552],[-87.7063349998603,41.88817499967655],[-87.70664599981302,41.898311000352464],[-87.68738900030206,41.89062900042808],[-87.68669499977437,41.89064800040495],[-87.68648499998272,41.88299600006542],[-87.69223099966086,41.88294100022705],[-87.6922769999835,41.88440300019835],[-87.69760400012444,41.88420600010687],[-87.69757499968642,41.882885000342526],[-87.69879200005073,41.88287199974303],[-87.69876899988941,41.88196900036911],[-87.70123100011051,41.881940999977246]]]}},{"type":"Feature","properties":{"JoinField":"CITY OF CHICAGO:Ward 27 Precinct 26","cd_district":7,"house_district":10,"senate_district":5,"bor_district":3,"ccc_district":2},"geometry":{"type":"Polygon","coordinates":[[[-87.7036609997553,41.881000999796356],[-87.70368600000887,41.88191699976977],[-87.70614800022997,41.88188199995437],[-87.7063349998603,41.88817499967655],[-87.70141200036346,41.88823499974552],[-87.70123100011051,41.881940999977246],[-87.69876899988941,41.88196900036911],[-87.69879200005073,41.88287199974303],[-87.69757499968642,41.882885000342526],[-87.69760400012444,41.88420600010687],[-87.69637400006002,41.884245000106716],[-87.69634699971425,41.88333500041],[-87.69437399956041,41.883324999948854],[-87.69430099979127,41.882919000111826],[-87.69396000025375,41.882922000250176],[-87.69393099981573,41.881090000303345],[-87.7036609997553,41.881000999796356]]]}},{"type":"Feature","properties":{"JoinField":"CITY OF CHICAGO:Ward 27 Precinct 27","cd_district":7,"house_district":10,"senate_district":5,"bor_district":2,"ccc_district":2},"geometry":{"type":"Polygon","coordinates":[[[-87.68156999995551,41.88306699974231],[-87.68648499998272,41.88299600006542],[-87.68669499977437,41.89064800040495],[-87.66551599976356,41.89099900040361],[-87.66548300004041,41.88990500031554],[-87.66223300035267,41.889943000269284],[-87.66214299979958,41.88894600015783],[-87.6607769997587,41.88890600011189],[-87.66215100016848,41.886592000420535],[-87.66701200040347,41.88650700009805],[-87.66702500010365,41.88693800018859],[-87.67679199995081,41.88677199972807],[-87.67668999974364,41.88314699983425],[-87.67913099989568,41.883106999788254],[-87.67910300040313,41.882194999999285],[-87.68154299960969,41.88215299986109],[-87.68156999995551,41.88306699974231]]]}},{"type":"Feature","properties":{"JoinField":"CITY OF CHICAGO:Ward 27 Precinct 28","cd_district":7,"house_district":12,"senate_district":6,"bor_district":2,"ccc_district":12},"geometry":{"type":"Polygon","coordinates":[[[-87.63701600028816,41.9038110003774],[-87.63447800015956,41.90385299961628],[-87.63441199981389,41.90210399989974],[-87.63647899980595,41.90207799960007],[-87.63643000024427,41.90238200012925],[-87.63694599975804,41.90318200014923],[-87.63701600028816,41.9038110003774]]]}},{"type":"Feature","properties":{"JoinField":"CITY OF CHICAGO:Ward 27 Precinct 29","cd_district":7,"house_district":10,"senate_district":5,"bor_district":2,"ccc_district":12},"geometry":{"type":"Polygon","coordinates":[[[-87.6512439999106,41.89114299984959],[-87.65738499981785,41.89522700022593],[-87.65751000018633,41.89622799962251],[-87.6575949996095,41.89986600011588],[-87.65664699995904,41.8998840000466],[-87.65669699956686,41.901334000363875],[-87.6577769999086,41.90292600003494],[-87.65836900022913,41.90350599980212],[-87.64809400033784,41.90363700044725],[-87.64802699994607,41.90230099999121],[-87.64635600022922,41.90063599965174],[-87.64527199970297,41.89866300039722],[-87.64399500016907,41.89721400012604],[-87.64386999980059,41.896755999689674],[-87.64384500044639,41.89646099957554],[-87.64774500043137,41.89639900031369],[-87.64771599999335,41.89556100033997],[-87.65115100011855,41.89549700008655],[-87.65112299972662,41.894000000299854],[-87.6514670003018,41.893692999632265],[-87.64976900023913,41.892605999867044],[-87.65088400039627,41.89263899959019],[-87.65271200015866,41.892426999706345],[-87.65081299982006,41.891147000034096],[-87.6512439999106,41.89114299984959]]]}},{"type":"Feature","properties":{"JoinField":"CITY OF CHICAGO:Ward 28 Precinct 01","cd_district":7,"house_district":8,"senate_district":4,"bor_district":3,"ccc_district":1},"geometry":{"type":"Polygon","coordinates":[[[-87.75506699974221,41.88037199956818],[-87.75533699960283,41.887808999885465],[-87.75044299964469,41.887865999816086],[-87.75017299978407,41.880434999775446],[-87.75506699974221,41.88037199956818]]]}},{"type":"Feature","properties":{"JoinField":"CITY OF CHICAGO:Ward 28 Precinct 02","cd_district":7,"house_district":8,"senate_district":4,"bor_district":3,"ccc_district":1},"geometry":{"type":"Polygon","coordinates":[[[-87.75017299978407,41.880434999775446],[-87.75044299964469,41.887865999816086],[-87.7455469995943,41.88778100039292],[-87.74527799977983,41.880497999982765],[-87.75017299978407,41.880434999775446]]]}},{"type":"Feature","properties":{"JoinField":"CITY OF CHICAGO:Ward 28 Precinct 03","cd_district":7,"house_district":10,"senate_district":5,"bor_district":3,"ccc_district":1},"geometry":{"type":"Polygon","coordinates":[[[-87.7455469995943,41.88778100039292],[-87.74580699989309,41.895003999834785],[-87.74120299981854,41.89509300034172],[-87.74081800005064,41.891920999754404],[-87.74061299959021,41.88780799983937],[-87.7455469995943,41.88778100039292]]]}},{"type":"Feature","properties":{"JoinField":"CITY OF CHICAGO:Ward 28 Precinct 04","cd_district":7,"house_district":10,"senate_district":5,"bor_district":3,"ccc_district":1},"geometry":{"type":"Polygon","coordinates":[[[-87.73302500040342,41.880639000189774],[-87.73323900037951,41.88769299993203],[-87.7381599997841,41.88763199981702],[-87.73816800015305,41.887842999654765],[-87.74061299959021,41.88780799983937],[-87.74081800005064,41.891920999754404],[-87.74120299981854,41.89509300034172],[-87.7405250000287,41.895101999857445],[-87.74004899966155,41.8946840003664],[-87.73758000001698,41.89339100009465],[-87.73493899963506,41.89246899984454],[-87.73239700022134,41.89194299986963],[-87.72826899961461,41.89148899961771],[-87.72760799970939,41.89091600017332],[-87.72672500035844,41.88905299969622],[-87.72587799996967,41.88833399981428],[-87.72567000027027,41.88072699975129],[-87.73302500040342,41.880639000189774]]]}},{"type":"Feature","properties":{"JoinField":"CITY OF CHICAGO:Ward 28 Precinct 05","cd_district":7,"house_district":10,"senate_district":5,"bor_district":3,"ccc_district":1},"geometry":{"type":"Polygon","coordinates":[[[-87.72567000027027,41.88072699975129],[-87.72580500020058,41.88546699980225],[-87.72091999975817,41.88520400026448],[-87.72082900005825,41.88078799986636],[-87.72567000027027,41.88072699975129]]]}},{"type":"Feature","properties":{"JoinField":"CITY OF CHICAGO:Ward 28 Precinct 06","cd_district":7,"house_district":10,"senate_district":5,"bor_district":3,"ccc_district":1},"geometry":{"type":"Polygon","coordinates":[[[-87.72082900005825,41.88083500023515],[-87.72098199991933,41.88801799963102],[-87.71121900025662,41.888113000414705],[-87.71111900014171,41.88463700019747],[-87.70621899990687,41.884351999645105],[-87.70612299997646,41.880973000303754],[-87.72082900005825,41.88083500023515]]]}},{"type":"Feature","properties":{"JoinField":"CITY OF CHICAGO:Ward 28 Precinct 07","cd_district":7,"house_district":10,"senate_district":5,"bor_district":3,"ccc_district":1},"geometry":{"type":"Polygon","coordinates":[[[-87.71111900014171,41.88463700019747],[-87.71127900032559,41.8902550002681],[-87.70639800006762,41.89030699996812],[-87.70621899990687,41.884351999645105],[-87.71111900014171,41.88463700019747]]]}},{"type":"Feature","properties":{"JoinField":"CITY OF CHICAGO:Ward 28 Precinct 08","cd_district":7,"house_district":10,"senate_district":5,"bor_district":3,"ccc_district":2},"geometry":{"type":"Polygon","coordinates":[[[-87.70591700036925,41.873687999801405],[-87.70594199972345,41.874624999843945],[-87.70810599969212,41.87434100023705],[-87.71080299995845,41.874263000237306],[-87.71084800023499,41.87618799997625],[-87.70964499961701,41.876206999953126],[-87.70965199993981,41.87698499985788],[-87.70978599982402,41.87728900038712],[-87.71088600018874,41.877276999833725],[-87.71100600032662,41.88091700041929],[-87.70612299997646,41.880973000303754],[-87.70614800022997,41.88188199995437],[-87.70586199963157,41.88189499965455],[-87.70368600000887,41.88191699976977],[-87.7036609997553,41.881000999796356],[-87.70120799994919,41.88102600004993],[-87.70101299994997,41.87374699982422],[-87.70591700036925,41.873687999801405]]]}},{"type":"Feature","properties":{"JoinField":"CITY OF CHICAGO:Ward 28 Precinct 09","cd_district":7,"house_district":9,"senate_district":5,"bor_district":3,"ccc_district":2},"geometry":{"type":"Polygon","coordinates":[[[-87.70330400037926,41.868815999958485],[-87.70346599975602,41.87371500014717],[-87.69610100006105,41.873794000193016],[-87.69597200040744,41.868902000327125],[-87.70330400037926,41.868815999958485]]]}},{"type":"Feature","properties":{"JoinField":"CITY OF CHICAGO:Ward 28 Precinct 10","cd_district":7,"house_district":9,"senate_district":5,"bor_district":3,"ccc_district":2},"geometry":{"type":"Polygon","coordinates":[[[-87.69597899983091,41.869233000302756],[-87.69615299976107,41.87598100032295],[-87.69371399970129,41.8760079997694],[-87.6937850002775,41.878369999875645],[-87.69143299973314,41.87839700022141],[-87.69119300035663,41.86929499956466],[-87.69597899983091,41.869233000302756]]]}},{"type":"Feature","properties":{"JoinField":"CITY OF CHICAGO:Ward 28 Precinct 11","cd_district":7,"house_district":9,"senate_district":5,"bor_district":3,"ccc_district":2},"geometry":{"type":"Polygon","coordinates":[[[-87.69351000018634,41.869261999841456],[-87.69119300035663,41.86929499956466],[-87.69137099957192,41.87603500011522],[-87.68626899991438,41.876083999676894],[-87.6860380000536,41.866612999990025],[-87.69095900035757,41.8665620003361],[-87.69118700007994,41.86745700024045],[-87.69145199970995,41.867840999962255],[-87.69254299965968,41.86864500016668],[-87.69349300030166,41.868887999681476],[-87.69351000018634,41.869261999841456]]]}},{"type":"Feature","properties":{"JoinField":"CITY OF CHICAGO:Ward 28 Precinct 12","cd_district":7,"house_district":9,"senate_district":5,"bor_district":1,"ccc_district":2},"geometry":{"type":"Polygon","coordinates":[[[-87.6857890002621,41.857238000233565],[-87.68625800030645,41.87499499981942],[-87.68137099977179,41.874938999934955],[-87.68134500037144,41.87396499998482],[-87.67645599974458,41.87404299998451],[-87.67648700027479,41.87502100011909],[-87.67406700019188,41.87505800002674],[-87.6740500003072,41.874743999935674],[-87.68359299971712,41.8667760003122],[-87.68358999957877,41.86664699975927],[-87.67625000013737,41.86675500024313],[-87.67604200043792,41.859286000248744],[-87.67849100005958,41.85894199967362],[-87.67844499973694,41.85870799967449],[-87.6857890002621,41.857238000233565]]]}},{"type":"Feature","properties":{"JoinField":"CITY OF CHICAGO:Ward 28 Precinct 13","cd_district":7,"house_district":9,"senate_district":5,"bor_district":3,"ccc_district":2},"geometry":{"type":"Polygon","coordinates":[[[-87.6665489997365,41.86926099979536],[-87.66671400015093,41.875175000026275],[-87.66182100023894,41.87526000034882],[-87.6617759999624,41.87376099957055],[-87.66421500002218,41.87373300007795],[-87.66414999972267,41.87166199990145],[-87.66176600040058,41.87174300003949],[-87.66172400026238,41.87210999987667],[-87.66090600031163,41.87218000040673],[-87.65685299956624,41.87225400022197],[-87.6567550004429,41.86941499970254],[-87.6665489997365,41.86926099979536]]]}},{"type":"Feature","properties":{"JoinField":"CITY OF CHICAGO:Ward 28 Precinct 14","cd_district":7,"house_district":9,"senate_district":5,"bor_district":3,"ccc_district":2},"geometry":{"type":"Polygon","coordinates":[[[-87.6665489997365,41.86926099979536],[-87.6567550004429,41.86941499970254],[-87.65668099972834,41.86699699971183],[-87.6664139998062,41.86685500035804],[-87.6665489997365,41.86926099979536]]]}},{"type":"Feature","properties":{"JoinField":"CITY OF CHICAGO:Ward 28 Precinct 15","cd_district":7,"house_district":9,"senate_district":5,"bor_district":3,"ccc_district":7},"geometry":{"type":"Polygon","coordinates":[[[-87.63487899976599,41.85996500008474],[-87.63901399979619,41.86001799983086],[-87.63909399988813,41.86246800039794],[-87.64233400001405,41.862410999568056],[-87.64327200010268,41.862568999659686],[-87.6449340003038,41.862371000421376],[-87.64502099981922,41.86419600004541],[-87.64683299974308,41.86417299988409],[-87.64682100008906,41.86386600011588],[-87.64785300001591,41.86386500006972],[-87.64779199990085,41.86233200042153],[-87.65102000037268,41.86228400000664],[-87.65186599981598,41.862584000351376],[-87.6572039995649,41.862501000121085],[-87.65112399977272,41.86950800039398],[-87.64706499964996,41.869662000301105],[-87.64712699981118,41.8743390001448],[-87.64095600031914,41.87438999979872],[-87.64102699999603,41.87675199990491],[-87.63713799961897,41.876802000412056],[-87.63638800010608,41.87569699981674],[-87.63680799968938,41.87569000039326],[-87.63670400028934,41.87556199988643],[-87.63626499982985,41.87556700011703],[-87.6356239999476,41.87469100018956],[-87.63508700036476,41.87196400033838],[-87.63460599976702,41.871973999900206],[-87.6345819995596,41.871561999786536],[-87.63499000038814,41.87108899955774],[-87.63454499965195,41.869801999562696],[-87.63437800004465,41.86737099987181],[-87.63531900027164,41.867361000309984],[-87.63509599988043,41.86725800005672],[-87.63487899976599,41.85996500008474]]]}},{"type":"Feature","properties":{"JoinField":"CITY OF CHICAGO:Ward 28 Precinct 16","cd_district":7,"house_district":9,"senate_district":5,"bor_district":1,"ccc_district":2},"geometry":{"type":"Polygon","coordinates":[[[-87.67604200043792,41.859286000248744],[-87.67625000013737,41.86675500024313],[-87.65326499958002,41.867115999803616],[-87.65957099990169,41.859717000339344],[-87.67359900019369,41.85951700010952],[-87.67604200043792,41.859286000248744]]]}},{"type":"Feature","properties":{"JoinField":"CITY OF CHICAGO:Ward 28 Precinct 17","cd_district":7,"house_district":9,"senate_district":5,"bor_district":1,"ccc_district":2},"geometry":{"type":"Polygon","coordinates":[[[-87.69049200040547,41.85014499959209],[-87.69059899994386,41.85382100003915],[-87.68802700004596,41.8538569999007],[-87.68817100039132,41.85691499972751],[-87.69069599992042,41.8563539999372],[-87.69076400035829,41.85928400015655],[-87.69569200008567,41.85922099994923],[-87.69590700010792,41.86651099978286],[-87.7032289996186,41.86642999964482],[-87.70330400037926,41.868815999958485],[-87.69597200040744,41.868902000327125],[-87.69597899983091,41.869233000302756],[-87.69351000018634,41.869261999841456],[-87.69349300030166,41.868887999681476],[-87.69254299965968,41.86864500016668],[-87.69145199970995,41.867840999962255],[-87.69118700007994,41.86745700024045],[-87.69095900035757,41.8665620003361],[-87.6860380000536,41.866612999990025],[-87.68558799998618,41.85021400007611],[-87.69049200040547,41.85014499959209]]]}},{"type":"Feature","properties":{"JoinField":"CITY OF CHICAGO:Ward 28 Precinct 18","cd_district":7,"house_district":10,"senate_district":5,"bor_district":3,"ccc_district":1},"geometry":{"type":"Polygon","coordinates":[[[-87.72038600031362,41.87414400014552],[-87.72066699978217,41.87595299993103],[-87.72082900005825,41.88078799986636],[-87.71100600032662,41.88091700041929],[-87.71088600018874,41.877276999833725],[-87.70978599982402,41.87728900038712],[-87.70965199993981,41.87698499985788],[-87.70964499961701,41.876206999953126],[-87.71084800023499,41.87618799997625],[-87.71080299995845,41.874263000237306],[-87.72038600031362,41.87414400014552]]]}},{"type":"Feature","properties":{"JoinField":"CITY OF CHICAGO:Ward 28 Precinct 19","cd_district":7,"house_district":10,"senate_district":5,"bor_district":3,"ccc_district":1},"geometry":{"type":"Polygon","coordinates":[[[-87.72543400017895,41.87408300003045],[-87.72567000027027,41.88072699975129],[-87.72082900005825,41.88078799986636],[-87.72066699978217,41.87595299993103],[-87.72038600031362,41.87414400014552],[-87.72543400017895,41.87408300003045]]]}},{"type":"Feature","properties":{"JoinField":"CITY OF CHICAGO:Ward 28 Precinct 20","cd_district":7,"house_district":10,"senate_district":5,"bor_district":3,"ccc_district":1},"geometry":{"type":"Polygon","coordinates":[[[-87.73522200009518,41.87352000014795],[-87.7353489996566,41.876965999881065],[-87.72554599994788,41.877087000065046],[-87.72543400017895,41.87408300003045],[-87.73276500010462,41.873980999823345],[-87.73522200009518,41.87352000014795]]]}},{"type":"Feature","properties":{"JoinField":"CITY OF CHICAGO:Ward 28 Precinct 21","cd_district":7,"house_district":10,"senate_district":5,"bor_district":3,"ccc_district":1},"geometry":{"type":"Polygon","coordinates":[[[-87.7353489996566,41.876965999881065],[-87.73547600011727,41.88061099979785],[-87.72567000027027,41.88072699975129],[-87.72554599994788,41.877087000065046],[-87.7353489996566,41.876965999881065]]]}},{"type":"Feature","properties":{"JoinField":"CITY OF CHICAGO:Ward 28 Precinct 22","cd_district":7,"house_district":10,"senate_district":5,"bor_district":3,"ccc_district":2},"geometry":{"type":"Polygon","coordinates":[[[-87.74007800009957,41.871899000038866],[-87.74037000007542,41.880554999913386],[-87.73547600011727,41.88061099979785],[-87.73522200009518,41.87352000014795],[-87.7381710002914,41.872276000337195],[-87.74007800009957,41.871899000038866]]]}},{"type":"Feature","properties":{"JoinField":"CITY OF CHICAGO:Ward 28 Precinct 23","cd_district":7,"house_district":10,"senate_district":5,"bor_district":3,"ccc_district":1},"geometry":{"type":"Polygon","coordinates":[[[-87.74037000007542,41.880554999913386],[-87.74061299959021,41.88780799983937],[-87.73816800015305,41.887842999654765],[-87.7381599997841,41.88763199981702],[-87.73323900037951,41.88769299993203],[-87.73302500040342,41.880639000189774],[-87.74037000007542,41.880554999913386]]]}},{"type":"Feature","properties":{"JoinField":"CITY OF CHICAGO:Ward 28 Precinct 24","cd_district":7,"house_district":10,"senate_district":5,"bor_district":3,"ccc_district":1},"geometry":{"type":"Polygon","coordinates":[[[-87.74568599970911,41.874968000372974],[-87.74576899993934,41.876774000020134],[-87.74514599998787,41.876807999789435],[-87.74527799977983,41.880497999982765],[-87.74037000007542,41.880554999913386],[-87.74022399963786,41.87598499960808],[-87.7426649997899,41.87595600006938],[-87.74263400015894,41.87505199975004],[-87.74516800010309,41.87497399975035],[-87.74568599970911,41.874968000372974]]]}},{"type":"Feature","properties":{"JoinField":"CITY OF CHICAGO:Ward 28 Precinct 25","cd_district":7,"house_district":8,"senate_district":4,"bor_district":3,"ccc_district":1},"geometry":{"type":"Polygon","coordinates":[[[-87.75485900004276,41.87484800023509],[-87.75506699974221,41.88037199956818],[-87.74527799977983,41.880497999982765],[-87.74514599998787,41.876807999789435],[-87.74928200006423,41.87673099983584],[-87.74924800029493,41.8758279995626],[-87.75338400037128,41.87577399977033],[-87.75334899965657,41.87486900030416],[-87.75485900004276,41.87484800023509]]]}},{"type":"Feature","properties":{"JoinField":"CITY OF CHICAGO:Ward 28 Precinct 26","cd_district":7,"house_district":10,"senate_district":5,"bor_district":3,"ccc_district":1},"geometry":{"type":"Polygon","coordinates":[[[-87.74527799977983,41.880497999982765],[-87.7455469995943,41.88778100039292],[-87.74061299959021,41.88780799983937],[-87.74037000007542,41.880554999913386],[-87.74527799977983,41.880497999982765]]]}},{"type":"Feature","properties":{"JoinField":"CITY OF CHICAGO:Ward 29 Precinct 01","cd_district":3,"house_district":20,"senate_district":10,"bor_district":2,"ccc_district":8},"geometry":{"type":"Polygon","coordinates":[[[-87.81639000019834,41.93431300044466],[-87.81657799987477,41.93961899961721],[-87.80310199985735,41.939870000400276],[-87.80303000013436,41.938051000153564],[-87.80674699977419,41.937996000315195],[-87.80662400039728,41.934510999682914],[-87.81639000019834,41.93431300044466]]]}},{"type":"Feature","properties":{"JoinField":"CITY OF CHICAGO:Ward 29 Precinct 02","cd_district":3,"house_district":3,"senate_district":2,"bor_district":2,"ccc_district":8},"geometry":{"type":"Polygon","coordinates":[[[-87.80649499984435,41.930815000112204],[-87.80674699977419,41.937996000315195],[-87.80303000013436,41.938051000153564],[-87.80310199985735,41.939870000400276],[-87.80128899988739,41.93989799989282],[-87.80097799993473,41.930818000250554],[-87.8062510002834,41.930788999812535],[-87.80649499984435,41.930815000112204]]]}},{"type":"Feature","properties":{"JoinField":"CITY OF CHICAGO:Ward 29 Precinct 03","cd_district":3,"house_district":3,"senate_district":2,"bor_district":1,"ccc_district":8},"geometry":{"type":"Polygon","coordinates":[[[-87.8061619997764,41.921073999665396],[-87.80649499984435,41.930815000112204],[-87.80097799993473,41.930818000250554],[-87.80067600039706,41.92155800040143],[-87.80253099960589,41.92223700023743],[-87.8024949997444,41.921105000195666],[-87.8061619997764,41.921073999665396]]]}},{"type":"Feature","properties":{"JoinField":"CITY OF CHICAGO:Ward 29 Precinct 04","cd_district":3,"house_district":78,"senate_district":39,"bor_district":1,"ccc_district":1},"geometry":{"type":"Polygon","coordinates":[[[-87.80594899984641,41.91436100035992],[-87.8061619997764,41.921073999665396],[-87.8024949997444,41.921105000195666],[-87.80253099960589,41.92223700023743],[-87.80067600039706,41.92155800040143],[-87.80045199995982,41.91442399966792],[-87.80594899984641,41.91436100035992]]]}},{"type":"Feature","properties":{"JoinField":"CITY OF CHICAGO:Ward 29 Precinct 05","cd_district":3,"house_district":78,"senate_district":39,"bor_district":1,"ccc_district":1},"geometry":{"type":"Polygon","coordinates":[[[-87.80045199995982,41.91442399966792],[-87.80067600039706,41.92155800040143],[-87.79882599962014,41.92089999973524],[-87.79881199987386,41.921154999803434],[-87.79516699995702,41.92116900044908],[-87.79495800021152,41.91448399973683],[-87.80045199995982,41.91442399966792]]]}},{"type":"Feature","properties":{"JoinField":"CITY OF CHICAGO:Ward 29 Precinct 06","cd_district":3,"house_district":78,"senate_district":39,"bor_district":1,"ccc_district":8},"geometry":{"type":"Polygon","coordinates":[[[-87.79495800021152,41.91448399973683],[-87.79516699995702,41.92116900044908],[-87.79233499976039,41.92119499984943],[-87.79240800042885,41.92362100020904],[-87.79040699988309,41.923636000001466],[-87.78811000007641,41.9233569997258],[-87.78788100030789,41.92323799963401],[-87.78769099963989,41.91704299993455],[-87.78657000010537,41.91675300005096],[-87.78523199955708,41.91663800014362],[-87.78517699971871,41.91459200022069],[-87.79495800021152,41.91448399973683]]]}},{"type":"Feature","properties":{"JoinField":"CITY OF CHICAGO:Ward 29 Precinct 07","cd_district":7,"house_district":78,"senate_district":39,"bor_district":1,"ccc_district":1},"geometry":{"type":"Polygon","coordinates":[[[-87.80574799957049,41.90890399961995],[-87.80594899984641,41.91436100035992],[-87.79495800021152,41.91448399973683],[-87.79479800002764,41.909026999896184],[-87.80574799957049,41.90890399961995]]]}},{"type":"Feature","properties":{"JoinField":"CITY OF CHICAGO:Ward 29 Precinct 08","cd_district":7,"house_district":78,"senate_district":39,"bor_district":1,"ccc_district":1},"geometry":{"type":"Polygon","coordinates":[[[-87.79479800002764,41.909026999896184],[-87.79495800021152,41.91448399973683],[-87.78517699971871,41.91459200022069],[-87.78500199974246,41.909148000080165],[-87.79479800002764,41.909026999896184]]]}},{"type":"Feature","properties":{"JoinField":"CITY OF CHICAGO:Ward 29 Precinct 09","cd_district":7,"house_district":78,"senate_district":39,"bor_district":1,"ccc_district":1},"geometry":{"type":"Polygon","coordinates":[[[-87.78500199974246,41.909148000080165],[-87.78527699983363,41.91822799972249],[-87.78040099980626,41.91829199997585],[-87.78038900015218,41.91792099995422],[-87.78025899955315,41.91784600009288],[-87.77551500021707,41.917911000392394],[-87.77541500010216,41.91487299968924],[-87.7771710001415,41.91485399971236],[-87.77701800028046,41.914660999805335],[-87.77696100034984,41.912885999789125],[-87.7789860002037,41.91286100043487],[-87.77886800015807,41.90921300037974],[-87.78500199974246,41.909148000080165]]]}},{"type":"Feature","properties":{"JoinField":"CITY OF CHICAGO:Ward 29 Precinct 10","cd_district":7,"house_district":78,"senate_district":39,"bor_district":1,"ccc_district":1},"geometry":{"type":"Polygon","coordinates":[[[-87.77886800015807,41.90921300037974],[-87.7789860002037,41.91286100043487],[-87.77696100034984,41.912885999789125],[-87.77701800028046,41.914660999805335],[-87.7771710001415,41.91485399971236],[-87.77541500010216,41.91487299968924],[-87.77539099989468,41.91423900012978],[-87.77288600038855,41.91427399994518],[-87.77271599974358,41.909289000287174],[-87.77886800015807,41.90921300037974]]]}},{"type":"Feature","properties":{"JoinField":"CITY OF CHICAGO:Ward 29 Precinct 11","cd_district":7,"house_district":78,"senate_district":39,"bor_district":1,"ccc_district":1},"geometry":{"type":"Polygon","coordinates":[[[-87.77271599974358,41.909289000287174],[-87.77288600038855,41.91427399994518],[-87.77539099989468,41.91423900012978],[-87.77551500021707,41.917911000392394],[-87.76820100017596,41.91805199970008],[-87.76816000008392,41.91685600030422],[-87.76693999958127,41.9168690000044],[-87.76701799958096,41.918980000226895],[-87.76580600034663,41.91876300011239],[-87.76553300034766,41.91016400016855],[-87.76572400016244,41.90937899994094],[-87.77271599974358,41.909289000287174]]]}},{"type":"Feature","properties":{"JoinField":"CITY OF CHICAGO:Ward 29 Precinct 12","cd_district":7,"house_district":78,"senate_district":39,"bor_district":3,"ccc_district":1},"geometry":{"type":"Polygon","coordinates":[[[-87.77547500017107,41.90562500039351],[-87.77559999964024,41.90925399957246],[-87.76572400016244,41.90937899994094],[-87.76588699958535,41.90886399957395],[-87.7657850002775,41.90575900027767],[-87.77547500017107,41.90562500039351]]]}},{"type":"Feature","properties":{"JoinField":"CITY OF CHICAGO:Ward 29 Precinct 13","cd_district":7,"house_district":78,"senate_district":39,"bor_district":3,"ccc_district":1},"geometry":{"type":"Polygon","coordinates":[[[-87.77536200035598,41.901998000407445],[-87.77547500017107,41.90562500039351],[-87.7657850002775,41.90575900027767],[-87.76565399963232,41.90214499999183],[-87.77536200035598,41.901998000407445]]]}},{"type":"Feature","properties":{"JoinField":"CITY OF CHICAGO:Ward 29 Precinct 14","cd_district":7,"house_district":78,"senate_district":39,"bor_district":3,"ccc_district":1},"geometry":{"type":"Polygon","coordinates":[[[-87.77512800035691,41.89471199985894],[-87.77536200035598,41.901998000407445],[-87.77050800044384,41.90207100017659],[-87.77026199989132,41.89478399958199],[-87.77512800035691,41.89471199985894]]]}},{"type":"Feature","properties":{"JoinField":"CITY OF CHICAGO:Ward 29 Precinct 15","cd_district":7,"house_district":78,"senate_district":39,"bor_district":3,"ccc_district":1},"geometry":{"type":"Polygon","coordinates":[[[-87.77026199989132,41.89478399958199],[-87.77050800044384,41.90207100017659],[-87.76565399963232,41.90214499999183],[-87.765395000279,41.89485400011205],[-87.77026199989132,41.89478399958199]]]}},{"type":"Feature","properties":{"JoinField":"CITY OF CHICAGO:Ward 29 Precinct 16","cd_district":7,"house_district":78,"senate_district":39,"bor_district":3,"ccc_district":1},"geometry":{"type":"Polygon","coordinates":[[[-87.77489300031169,41.88741100041739],[-87.77512800035691,41.89471199985894],[-87.77014199975343,41.89478499962809],[-87.76989400000804,41.88797600039214],[-87.77001500019207,41.88747699986368],[-87.77489300031169,41.88741100041739]]]}},{"type":"Feature","properties":{"JoinField":"CITY OF CHICAGO:Ward 29 Precinct 17","cd_district":7,"house_district":78,"senate_district":39,"bor_district":3,"ccc_district":1},"geometry":{"type":"Polygon","coordinates":[[[-87.77000199959258,41.88713600032622],[-87.76989400000804,41.88797600039214],[-87.77014199975343,41.89478499962809],[-87.765395000279,41.89485400011205],[-87.7651060004415,41.88720099972642],[-87.77000199959258,41.88713600032622]]]}},{"type":"Feature","properties":{"JoinField":"CITY OF CHICAGO:Ward 29 Precinct 18","cd_district":7,"house_district":8,"senate_district":4,"bor_district":3,"ccc_district":1},"geometry":{"type":"Polygon","coordinates":[[[-87.77472099957441,41.88210300025332],[-87.77489300031169,41.88741100041739],[-87.77001500019207,41.88747699986368],[-87.77000199959258,41.88713600032622],[-87.7651060004415,41.88720099972642],[-87.76500200014215,41.88423499964557],[-87.76989500005419,41.88415799969198],[-87.76982599957017,41.88217299988406],[-87.77472099957441,41.88210300025332]]]}},{"type":"Feature","properties":{"JoinField":"CITY OF CHICAGO:Ward 29 Precinct 19","cd_district":7,"house_district":8,"senate_district":4,"bor_district":3,"ccc_district":1},"geometry":{"type":"Polygon","coordinates":[[[-87.76476099982023,41.8774390001098],[-87.76477300037362,41.87779300024681],[-87.77456699966729,41.87760899985551],[-87.77472099957441,41.88210300025332],[-87.76982599957017,41.88217299988406],[-87.76975599993943,41.880100999661465],[-87.76182400017746,41.88028700014502],[-87.76172500010864,41.8774790001558],[-87.76476099982023,41.8774390001098]]]}},{"type":"Feature","properties":{"JoinField":"CITY OF CHICAGO:Ward 29 Precinct 20","cd_district":7,"house_district":8,"senate_district":4,"bor_district":3,"ccc_district":1},"geometry":{"type":"Polygon","coordinates":[[[-87.76975599993943,41.880100999661465],[-87.76989500005419,41.88415799969198],[-87.76500200014215,41.88423499964557],[-87.76492600023471,41.882243999560956],[-87.7616090001552,41.882286999745304],[-87.76154299980954,41.88029000028337],[-87.76975599993943,41.880100999661465]]]}},{"type":"Feature","properties":{"JoinField":"CITY OF CHICAGO:Ward 29 Precinct 21","cd_district":7,"house_district":8,"senate_district":4,"bor_district":3,"ccc_district":1},"geometry":{"type":"Polygon","coordinates":[[[-87.77413899971503,41.86545899983304],[-87.77456699966729,41.87760899985551],[-87.76477300037362,41.87779300024681],[-87.76454000042065,41.8710199999731],[-87.76215099996864,41.87122999976475],[-87.75473899990487,41.87131600013333],[-87.75453300029767,41.86575199985498],[-87.77413899971503,41.86545899983304]]]}},{"type":"Feature","properties":{"JoinField":"CITY OF CHICAGO:Ward 29 Precinct 22","cd_district":7,"house_district":8,"senate_district":4,"bor_district":3,"ccc_district":1},"geometry":{"type":"Polygon","coordinates":[[[-87.76454000042065,41.8710199999731],[-87.76476099982023,41.8774390001098],[-87.76172500010864,41.8774790001558],[-87.7616920003855,41.87656899955971],[-87.75755500026304,41.87662600038965],[-87.75737299996393,41.87191800001574],[-87.75476800034289,41.87195599996949],[-87.75473899990487,41.87131600013333],[-87.76215099996864,41.87122999976475],[-87.76454000042065,41.8710199999731]]]}},{"type":"Feature","properties":{"JoinField":"CITY OF CHICAGO:Ward 29 Precinct 23","cd_district":7,"house_district":8,"senate_district":4,"bor_district":3,"ccc_district":1},"geometry":{"type":"Polygon","coordinates":[[[-87.75737299996393,41.87191800001574],[-87.75755500026304,41.87662600038965],[-87.7616920003855,41.87656899955971],[-87.76182400017746,41.88028700014502],[-87.75506699974221,41.88037199956818],[-87.75476800034289,41.87195599996949],[-87.75737299996393,41.87191800001574]]]}},{"type":"Feature","properties":{"JoinField":"CITY OF CHICAGO:Ward 29 Precinct 24","cd_district":7,"house_district":8,"senate_district":4,"bor_district":3,"ccc_district":1},"geometry":{"type":"Polygon","coordinates":[[[-87.7547260002047,41.87104400018052],[-87.75485900004276,41.87484800023509],[-87.75334899965657,41.87486900030416],[-87.75338400037128,41.87577399977033],[-87.74924800029493,41.8758279995626],[-87.74928200006423,41.87673099983584],[-87.74576899993934,41.876774000020134],[-87.74568599970911,41.874968000372974],[-87.74506699994208,41.87500000005002],[-87.74492599973507,41.87118400034137],[-87.7547260002047,41.87104400018052]]]}},{"type":"Feature","properties":{"JoinField":"CITY OF CHICAGO:Ward 30 Precinct 01","cd_district":3,"house_district":3,"senate_district":2,"bor_district":2,"ccc_district":8},"geometry":{"type":"Polygon","coordinates":[[[-87.78551900020165,41.94016300042216],[-87.78560100038584,41.94200399988472],[-87.78620999969172,41.94199400032289],[-87.78630699966828,41.945663000447155],[-87.77650299991348,41.9457710000317],[-87.77646299986753,41.94485700015048],[-87.77889899978896,41.944831999896905],[-87.77871500029698,41.94024799984538],[-87.78551900020165,41.94016300042216]]]}},{"type":"Feature","properties":{"JoinField":"CITY OF CHICAGO:Ward 30 Precinct 02","cd_district":3,"house_district":3,"senate_district":2,"bor_district":2,"ccc_district":8},"geometry":{"type":"Polygon","coordinates":[[[-87.77615099986872,41.93662299995157],[-87.77858100041283,41.936590000228364],[-87.77864399972077,41.93841599989855],[-87.76892999961973,41.93854400040533],[-87.76880099996612,41.934895000304095],[-87.77608899970755,41.93479500018918],[-87.77615099986872,41.93662299995157]]]}},{"type":"Feature","properties":{"JoinField":"CITY OF CHICAGO:Ward 30 Precinct 03","cd_district":3,"house_district":19,"senate_district":10,"bor_district":2,"ccc_district":8},"geometry":{"type":"Polygon","coordinates":[[[-87.7275319998019,41.950906000311704],[-87.72758799968642,41.95272200042001],[-87.72508100008804,41.95275800028156],[-87.72508400022639,41.951868999754595],[-87.7177599997242,41.95195800026153],[-87.71755900034753,41.94650399965991],[-87.71976799969337,41.94647500012121],[-87.72699700031126,41.95058199975955],[-87.7275319998019,41.950906000311704]]]}},{"type":"Feature","properties":{"JoinField":"CITY OF CHICAGO:Ward 30 Precinct 04","cd_district":3,"house_district":3,"senate_district":2,"bor_district":2,"ccc_district":8},"geometry":{"type":"Polygon","coordinates":[[[-87.77135700002549,41.938510999782864],[-87.7716289999783,41.945823999777815],[-87.76675600008929,41.94587700042331],[-87.7668190002966,41.94770300009344],[-87.76558900023213,41.947718999931965],[-87.76553000020931,41.94589200021568],[-87.76614199965354,41.945883999846785],[-87.76611300011484,41.94497200005782],[-87.76672499955902,41.944963999688866],[-87.766499999975,41.93857500003628],[-87.77135700002549,41.938510999782864]]]}},{"type":"Feature","properties":{"JoinField":"CITY OF CHICAGO:Ward 30 Precinct 05","cd_district":3,"house_district":3,"senate_district":2,"bor_district":1,"ccc_district":8},"geometry":{"type":"Polygon","coordinates":[[[-87.77206899958463,41.92388499979296],[-87.77225800020653,41.92936299970273],[-87.76618199969948,41.92945300025582],[-87.76611900039154,41.927627999732465],[-87.76120000017983,41.92770100040087],[-87.76113199974196,41.92587499983142],[-87.76605500013812,41.92580400015453],[-87.7659909998847,41.923980999723426],[-87.77206899958463,41.92388499979296]]]}},{"type":"Feature","properties":{"JoinField":"CITY OF CHICAGO:Ward 30 Precinct 06","cd_district":5,"house_district":19,"senate_district":10,"bor_district":2,"ccc_district":8},"geometry":{"type":"Polygon","coordinates":[[[-87.73744500008667,41.9473760003022],[-87.73664299997444,41.94807500016117],[-87.73680000001997,41.953542999609795],[-87.73247300012883,41.953597000301386],[-87.73231199989885,41.948136000276236],[-87.73068999974367,41.94816099963049],[-87.7306299996747,41.94633199982201],[-87.73562699988611,41.94626700042181],[-87.73744500008667,41.9473760003022]]]}},{"type":"Feature","properties":{"JoinField":"CITY OF CHICAGO:Ward 30 Precinct 07","cd_district":3,"house_district":39,"senate_district":20,"bor_district":2,"ccc_district":8},"geometry":{"type":"Polygon","coordinates":[[[-87.74687299958924,41.93882599992003],[-87.74706500034944,41.94612400012255],[-87.74236100015997,41.94618500023762],[-87.74222800032192,41.94254100036693],[-87.74083199979691,41.94256899985953],[-87.74077499986629,41.94074999961282],[-87.73955100007856,41.94075199970507],[-87.73949800033239,41.938928000127135],[-87.74687299958924,41.93882599992003]]]}},{"type":"Feature","properties":{"JoinField":"CITY OF CHICAGO:Ward 30 Precinct 08","cd_district":3,"house_district":40,"senate_district":20,"bor_district":1,"ccc_district":8},"geometry":{"type":"Polygon","coordinates":[[[-87.72357299979404,41.94096200039604],[-87.72234699991407,41.94097600014237],[-87.72240199975244,41.942797999628056],[-87.72117799996471,41.942815000412],[-87.72122799957248,41.94463499980543],[-87.71821700011441,41.944662000151254],[-87.71756799986326,41.94389699994662],[-87.71739900016371,41.93921599991853],[-87.72352000004793,41.93913899996494],[-87.72357299979404,41.94096200039604]]]}},{"type":"Feature","properties":{"JoinField":"CITY OF CHICAGO:Ward 30 Precinct 09","cd_district":3,"house_district":39,"senate_district":20,"bor_district":2,"ccc_district":8},"geometry":{"type":"Polygon","coordinates":[[[-87.76153000010936,41.93681299972019],[-87.76159599955571,41.93863800024354],[-87.766499999975,41.93857500003628],[-87.76669399992812,41.9440509998538],[-87.759318999772,41.944144999692014],[-87.75923300030269,41.941407000232914],[-87.7616870001549,41.9413769997488],[-87.76162600003983,41.93955000003251],[-87.75672199962054,41.93961300023983],[-87.75666000035869,41.937788999762574],[-87.75420799969942,41.937820000292845],[-87.75417199983787,41.936908999650655],[-87.76153000010936,41.93681299972019]]]}},{"type":"Feature","properties":{"JoinField":"CITY OF CHICAGO:Ward 30 Precinct 10","cd_district":3,"house_district":19,"senate_district":10,"bor_district":2,"ccc_district":8},"geometry":{"type":"Polygon","coordinates":[[[-87.7668190002966,41.94770300009344],[-87.76699999965024,41.95318500018766],[-87.7620760001073,41.95324300016438],[-87.76189799999264,41.9477660003007],[-87.7668190002966,41.94770300009344]]]}},{"type":"Feature","properties":{"JoinField":"CITY OF CHICAGO:Ward 30 Precinct 11","cd_district":3,"house_district":3,"senate_district":2,"bor_district":1,"ccc_district":8},"geometry":{"type":"Polygon","coordinates":[[[-87.78558299955574,41.92733899989497],[-87.77948900001729,41.92742900044806],[-87.77961200029353,41.93108700006508],[-87.77596600033064,41.931138999765096],[-87.77590300012332,41.92930999995656],[-87.77225800020653,41.92936299970273],[-87.77206899958463,41.92388499979296],[-87.78544300029421,41.92367800013966],[-87.78558299955574,41.92733899989497]]]}},{"type":"Feature","properties":{"JoinField":"CITY OF CHICAGO:Ward 30 Precinct 12","cd_district":3,"house_district":3,"senate_district":2,"bor_district":1,"ccc_district":8},"geometry":{"type":"Polygon","coordinates":[[[-87.77590300012332,41.92930999995656],[-87.77608899970755,41.93479500018918],[-87.76880099996612,41.934895000304095],[-87.76873799975886,41.93306699964239],[-87.76752400043222,41.933085999619266],[-87.76746200027105,41.93125999994908],[-87.7662459999529,41.931276999833756],[-87.76618199969948,41.92945300025582],[-87.77590300012332,41.92930999995656]]]}},{"type":"Feature","properties":{"JoinField":"CITY OF CHICAGO:Ward 30 Precinct 13","cd_district":3,"house_district":3,"senate_district":2,"bor_district":1,"ccc_district":8},"geometry":{"type":"Polygon","coordinates":[[[-87.7844739996753,41.931018999627156],[-87.78459199972099,41.934677000143495],[-87.7809499999425,41.93472799979742],[-87.78101100005756,41.936555000412966],[-87.77615099986872,41.93662299995157],[-87.77596600033064,41.931138999765096],[-87.7844739996753,41.931018999627156]]]}},{"type":"Feature","properties":{"JoinField":"CITY OF CHICAGO:Ward 30 Precinct 14","cd_district":3,"house_district":39,"senate_district":20,"bor_district":2,"ccc_district":8},"geometry":{"type":"Polygon","coordinates":[[[-87.76672499955902,41.944963999688866],[-87.76611300011484,41.94497200005782],[-87.76614199965354,41.945883999846785],[-87.76553000020931,41.94589200021568],[-87.76558900023213,41.947718999931965],[-87.76189799999264,41.9477660003007],[-87.7619279995775,41.94868100022802],[-87.75946600025566,41.94870899972062],[-87.75945099956397,41.94825500036802],[-87.75699000028823,41.94828700004507],[-87.75692099980427,41.94600099984632],[-87.75937599970257,41.94597100026152],[-87.759318999772,41.944144999692014],[-87.76669399992812,41.9440509998538],[-87.76672499955902,41.944963999688866]]]}},{"type":"Feature","properties":{"JoinField":"CITY OF CHICAGO:Ward 30 Precinct 15","cd_district":5,"house_district":19,"senate_district":10,"bor_district":2,"ccc_district":8},"geometry":{"type":"Polygon","coordinates":[[[-87.71967299980906,41.94647600016731],[-87.71755900034753,41.94650399965991],[-87.71752599972507,41.9434459998331],[-87.71760499977091,41.943966000430635],[-87.71827199995278,41.94466999962083],[-87.72734500017157,41.94455999994409],[-87.7275319998019,41.950906000311704],[-87.71967299980906,41.94647600016731]]]}},{"type":"Feature","properties":{"JoinField":"CITY OF CHICAGO:Ward 30 Precinct 16","cd_district":3,"house_district":3,"senate_district":2,"bor_district":2,"ccc_district":8},"geometry":{"type":"Polygon","coordinates":[[[-87.78568899994735,41.931001999742534],[-87.78603100043028,41.93831699982974],[-87.78544600043256,41.93832500019863],[-87.78551900020165,41.94016300042216],[-87.77871500029698,41.94024799984538],[-87.77858100041283,41.936590000228364],[-87.78101100005756,41.936555000412966],[-87.7809499999425,41.93472799979742],[-87.78459199972099,41.934677000143495],[-87.7844739996753,41.931018999627156],[-87.78568899994735,41.931001999742534]]]}},{"type":"Feature","properties":{"JoinField":"CITY OF CHICAGO:Ward 30 Precinct 17","cd_district":3,"house_district":39,"senate_district":20,"bor_district":2,"ccc_district":8},"geometry":{"type":"Polygon","coordinates":[[[-87.75201300009985,41.94606099991529],[-87.75211700039921,41.94925299962631],[-87.74974399978572,41.94928500020262],[-87.74975999962425,41.949738000408445],[-87.74688900032709,41.94977600036219],[-87.74657900042047,41.94977999964732],[-87.74656599982097,41.949321000064174],[-87.74266099960539,41.94937699994864],[-87.74267100006654,41.94983799962404],[-87.74242999974467,41.94983799962404],[-87.74236100015997,41.94618500023762],[-87.75201300009985,41.94606099991529]]]}},{"type":"Feature","properties":{"JoinField":"CITY OF CHICAGO:Ward 30 Precinct 18","cd_district":3,"house_district":40,"senate_district":20,"bor_district":2,"ccc_district":8},"geometry":{"type":"Polygon","coordinates":[[[-87.73706200041096,41.94260699981322],[-87.73110199985734,41.942685999859066],[-87.73051000043614,41.94315399985726],[-87.72391899956216,41.93913299968824],[-87.73521199963403,41.93898600010385],[-87.73706200041096,41.94260699981322]]]}},{"type":"Feature","properties":{"JoinField":"CITY OF CHICAGO:Ward 30 Precinct 19","cd_district":3,"house_district":39,"senate_district":20,"bor_district":2,"ccc_district":8},"geometry":{"type":"Polygon","coordinates":[[[-87.73949800033239,41.938928000127135],[-87.73955100007856,41.94075199970507],[-87.74077499986629,41.94074999961282],[-87.74083199979691,41.94256899985953],[-87.74222800032192,41.94254100036693],[-87.74236100015997,41.94618500023762],[-87.73901399959635,41.946224000237464],[-87.73521199963403,41.93898600010385],[-87.73949800033239,41.938928000127135]]]}},{"type":"Feature","properties":{"JoinField":"CITY OF CHICAGO:Ward 30 Precinct 20","cd_district":3,"house_district":40,"senate_district":20,"bor_district":2,"ccc_district":8},"geometry":{"type":"Polygon","coordinates":[[[-87.72941000007143,41.94248400043631],[-87.73051000043614,41.94315399985726],[-87.73110199985734,41.942685999859066],[-87.7370889998574,41.942605999767125],[-87.73901399959635,41.946224000237464],[-87.73562699988611,41.94626700042181],[-87.73215799999167,41.94415900033766],[-87.73219199976097,41.94557600003242],[-87.73125599976453,41.94558100026302],[-87.73123299960321,41.94475499994337],[-87.729182000349,41.94478100024304],[-87.72912400037228,41.94275000011248],[-87.72941000007143,41.94248400043631]]]}},{"type":"Feature","properties":{"JoinField":"CITY OF CHICAGO:Ward 30 Precinct 21","cd_district":3,"house_district":3,"senate_district":2,"bor_district":2,"ccc_district":8},"geometry":{"type":"Polygon","coordinates":[[[-87.77864399972077,41.93841599989855],[-87.77889899978896,41.944831999896905],[-87.77646299986753,41.94485700015048],[-87.77650299991348,41.9457710000317],[-87.7716289999783,41.945823999777815],[-87.77135700002549,41.938510999782864],[-87.77864399972077,41.93841599989855]]]}},{"type":"Feature","properties":{"JoinField":"CITY OF CHICAGO:Ward 30 Precinct 22","cd_district":5,"house_district":19,"senate_district":10,"bor_district":2,"ccc_district":8},"geometry":{"type":"Polygon","coordinates":[[[-87.73562699988611,41.94626700042181],[-87.7306299996747,41.94633199982201],[-87.73068999974367,41.94816099963049],[-87.73231199989885,41.948136000276236],[-87.73242000038266,41.95178500037753],[-87.72913700007246,41.9518329998931],[-87.7275319998019,41.950906000311704],[-87.72737699984862,41.945613999986165],[-87.72796700007694,41.945605999617214],[-87.72797799968492,41.94597400039987],[-87.7292170001644,41.94596299989257],[-87.729182000349,41.94478100024304],[-87.73123299960321,41.94475499994337],[-87.73125599976453,41.94558100026302],[-87.73219199976097,41.94557600003242],[-87.73215799999167,41.94415900033766],[-87.73562699988611,41.94626700042181]]]}},{"type":"Feature","properties":{"JoinField":"CITY OF CHICAGO:Ward 30 Precinct 23","cd_district":5,"house_district":19,"senate_district":10,"bor_district":2,"ccc_district":8},"geometry":{"type":"Polygon","coordinates":[[[-87.74236100015997,41.94618500023762],[-87.74252599967508,41.95347400002515],[-87.73680000001997,41.953542999609795],[-87.73664299997444,41.94807500016117],[-87.73744500008667,41.9473760003022],[-87.73562699988611,41.94626700042181],[-87.74236100015997,41.94618500023762]]]}},{"type":"Feature","properties":{"JoinField":"CITY OF CHICAGO:Ward 30 Precinct 24","cd_district":3,"house_district":39,"senate_district":20,"bor_district":2,"ccc_district":8},"geometry":{"type":"Polygon","coordinates":[[[-87.75692099980427,41.94600099984632],[-87.75709000040314,41.951452000309644],[-87.7521829998455,41.95151200037856],[-87.75201300009985,41.94606099991529],[-87.75692099980427,41.94600099984632]]]}},{"type":"Feature","properties":{"JoinField":"CITY OF CHICAGO:Ward 30 Precinct 25","cd_district":3,"house_district":19,"senate_district":10,"bor_district":2,"ccc_district":8},"geometry":{"type":"Polygon","coordinates":[[[-87.75946600025566,41.94870899972062],[-87.7619279995775,41.94868100022802],[-87.7620760001073,41.95324300016438],[-87.75961099974779,41.95327199970308],[-87.75956500032447,41.95187299993904],[-87.75710400014947,41.95190200037706],[-87.75699000028823,41.94828700004507],[-87.75945099956397,41.94825500036802],[-87.75946600025566,41.94870899972062]]]}},{"type":"Feature","properties":{"JoinField":"CITY OF CHICAGO:Ward 30 Precinct 26","cd_district":3,"house_district":40,"senate_district":20,"bor_district":2,"ccc_district":8},"geometry":{"type":"Polygon","coordinates":[[[-87.72391899956216,41.93913299968824],[-87.72941000007143,41.94248400043631],[-87.72912400037228,41.94275000011248],[-87.7292170001644,41.94596299989257],[-87.72797799968492,41.94597400039987],[-87.72796700007694,41.945605999617214],[-87.72737699984862,41.945613999986165],[-87.72734500017157,41.94455999994409],[-87.72122799957248,41.94463499980543],[-87.72117799996471,41.942815000412],[-87.72240199975244,41.942797999628056],[-87.72234699991407,41.94097600014237],[-87.72357299979404,41.94096200039604],[-87.72352000004793,41.93913899996494],[-87.72391899956216,41.93913299968824]]]}},{"type":"Feature","properties":{"JoinField":"CITY OF CHICAGO:Ward 31 Precinct 01","cd_district":3,"house_district":39,"senate_district":20,"bor_district":1,"ccc_district":8},"geometry":{"type":"Polygon","coordinates":[[[-87.74163099977079,41.924303000183386],[-87.74189300016178,41.93159500010921],[-87.73681499981234,41.93166099955556],[-87.73657000020529,41.92436500034455],[-87.74163099977079,41.924303000183386]]]}},{"type":"Feature","properties":{"JoinField":"CITY OF CHICAGO:Ward 31 Precinct 02","cd_district":3,"house_district":40,"senate_district":20,"bor_district":1,"ccc_district":8},"geometry":{"type":"Polygon","coordinates":[[[-87.72218200039896,41.93548300044017],[-87.72707999964223,41.93543099984083],[-87.72718499998774,41.93909499973449],[-87.72391899956216,41.93913299968824],[-87.71966100015499,41.93654399990572],[-87.7221489997765,41.934276999683846],[-87.72218200039896,41.93548300044017]]]}},{"type":"Feature","properties":{"JoinField":"CITY OF CHICAGO:Ward 31 Precinct 03","cd_district":3,"house_district":39,"senate_district":20,"bor_district":1,"ccc_district":8},"geometry":{"type":"Polygon","coordinates":[[[-87.76501799998067,41.93129399971838],[-87.76526799981832,41.93858999982871],[-87.76159599955571,41.93863800024354],[-87.76133500011014,41.93133699990267],[-87.76501799998067,41.93129399971838]]]}},{"type":"Feature","properties":{"JoinField":"CITY OF CHICAGO:Ward 31 Precinct 04","cd_district":3,"house_district":39,"senate_district":20,"bor_district":1,"ccc_district":8},"geometry":{"type":"Polygon","coordinates":[[[-87.72956900020915,41.92808099993823],[-87.73334900005625,41.93536000016394],[-87.73261999971317,41.93536100021004],[-87.73166000040868,41.93357699977878],[-87.72703000003446,41.93363099957105],[-87.72707999964223,41.93543099984083],[-87.72218200039896,41.93548300044017],[-87.72208799966143,41.93185100022356],[-87.72697900038054,41.93179000010849],[-87.72687600012728,41.92813199959215],[-87.72956900020915,41.92808099993823]]]}},{"type":"Feature","properties":{"JoinField":"CITY OF CHICAGO:Ward 31 Precinct 05","cd_district":3,"house_district":39,"senate_district":20,"bor_district":1,"ccc_district":8},"geometry":{"type":"Polygon","coordinates":[[[-87.73657000020529,41.92436500034455],[-87.73681499981234,41.93166099955556],[-87.73146100022495,41.93173400022397],[-87.72956900020915,41.92808099993823],[-87.72687600012728,41.92813199959215],[-87.72676899968957,41.92448400043634],[-87.73657000020529,41.92436500034455]]]}},{"type":"Feature","properties":{"JoinField":"CITY OF CHICAGO:Ward 31 Precinct 06","cd_district":3,"house_district":39,"senate_district":20,"bor_district":1,"ccc_district":8},"geometry":{"type":"Polygon","coordinates":[[[-87.74659500025899,41.93153299994805],[-87.74687299958924,41.93882599992003],[-87.74215399960735,41.93889100021954],[-87.74189300016178,41.93159500010921],[-87.74659500025899,41.93153299994805]]]}},{"type":"Feature","properties":{"JoinField":"CITY OF CHICAGO:Ward 31 Precinct 07","cd_district":3,"house_district":39,"senate_district":20,"bor_district":2,"ccc_district":8},"geometry":{"type":"Polygon","coordinates":[[[-87.74215399960735,41.93889100021954],[-87.73521199963403,41.93898600010385],[-87.73322799987227,41.93512500011872],[-87.73397200000778,41.93537900014081],[-87.74177500011615,41.93524800039495],[-87.74185500020803,41.93707099992673],[-87.74209799972289,41.937069999880634],[-87.74215399960735,41.93889100021954]]]}},{"type":"Feature","properties":{"JoinField":"CITY OF CHICAGO:Ward 31 Precinct 08","cd_district":3,"house_district":39,"senate_district":20,"bor_district":1,"ccc_district":8},"geometry":{"type":"Polygon","coordinates":[[[-87.74209799972289,41.937069999880634],[-87.74185500020803,41.93707099992673],[-87.74177500011615,41.93524800039495],[-87.73397200000778,41.93537900014081],[-87.73322799987227,41.93512500011872],[-87.73146100022495,41.93173400022397],[-87.74189300016178,41.93159500010921],[-87.74209799972289,41.937069999880634]]]}},{"type":"Feature","properties":{"JoinField":"CITY OF CHICAGO:Ward 31 Precinct 09","cd_district":3,"house_district":39,"senate_district":20,"bor_district":1,"ccc_district":8},"geometry":{"type":"Polygon","coordinates":[[[-87.75150500005566,41.93146699960238],[-87.75172000007791,41.93694100022702],[-87.74681499961252,41.93700300038819],[-87.74659500025899,41.93153299994805],[-87.75150500005566,41.93146699960238]]]}},{"type":"Feature","properties":{"JoinField":"CITY OF CHICAGO:Ward 31 Precinct 10","cd_district":3,"house_district":39,"senate_district":20,"bor_district":2,"ccc_district":8},"geometry":{"type":"Polygon","coordinates":[[[-87.73166000040868,41.93357699977878],[-87.73261999971317,41.93536100021004],[-87.73334900005625,41.93536000016394],[-87.73521199963403,41.93898600010385],[-87.72718499998774,41.93909499973449],[-87.72703000003446,41.93363099957105],[-87.73166000040868,41.93357699977878]]]}},{"type":"Feature","properties":{"JoinField":"CITY OF CHICAGO:Ward 31 Precinct 11","cd_district":3,"house_district":39,"senate_district":20,"bor_district":2,"ccc_district":8},"geometry":{"type":"Polygon","coordinates":[[[-87.75928900018715,41.9432329999031],[-87.75937599970257,41.94597100026152],[-87.74706500034944,41.94612400012255],[-87.74698800039585,41.943387999856384],[-87.75928900018715,41.9432329999031]]]}},{"type":"Feature","properties":{"JoinField":"CITY OF CHICAGO:Ward 31 Precinct 12","cd_district":3,"house_district":39,"senate_district":20,"bor_district":2,"ccc_district":8},"geometry":{"type":"Polygon","coordinates":[[[-87.76165699967078,41.94046299986758],[-87.7616870001549,41.9413769997488],[-87.75923300030269,41.941407000232914],[-87.75928900018715,41.9432329999031],[-87.74698800039585,41.943387999856384],[-87.74691699981963,41.94065100044338],[-87.76165699967078,41.94046299986758]]]}},{"type":"Feature","properties":{"JoinField":"CITY OF CHICAGO:Ward 31 Precinct 13","cd_district":3,"house_district":39,"senate_district":20,"bor_district":2,"ccc_district":8},"geometry":{"type":"Polygon","coordinates":[[[-87.75417199983787,41.936908999650655],[-87.75420799969942,41.937820000292845],[-87.75666000035869,41.937788999762574],[-87.75672199962054,41.93961300023983],[-87.76162600003983,41.93955000003251],[-87.76165699967078,41.94046299986758],[-87.74691699981963,41.94065100044338],[-87.74681499961252,41.93700300038819],[-87.75417199983787,41.936908999650655]]]}},{"type":"Feature","properties":{"JoinField":"CITY OF CHICAGO:Ward 31 Precinct 14","cd_district":3,"house_district":39,"senate_district":20,"bor_district":1,"ccc_district":8},"geometry":{"type":"Polygon","coordinates":[[[-87.75614600003786,41.92410700013801],[-87.75642000008293,41.931399000063834],[-87.75150500005566,41.93146699960238],[-87.75122699982614,41.92417499967655],[-87.75614600003786,41.92410700013801]]]}},{"type":"Feature","properties":{"JoinField":"CITY OF CHICAGO:Ward 31 Precinct 15","cd_district":3,"house_district":39,"senate_district":20,"bor_district":1,"ccc_district":8},"geometry":{"type":"Polygon","coordinates":[[[-87.76752400043222,41.933085999619266],[-87.76873799975886,41.93306699964239],[-87.76892999961973,41.93854400040533],[-87.76526799981832,41.93858999982871],[-87.76501799998067,41.93129399971838],[-87.76746200027105,41.93125999994908],[-87.76752400043222,41.933085999619266]]]}},{"type":"Feature","properties":{"JoinField":"CITY OF CHICAGO:Ward 31 Precinct 16","cd_district":3,"house_district":39,"senate_district":20,"bor_district":1,"ccc_district":8},"geometry":{"type":"Polygon","coordinates":[[[-87.7659909998847,41.923980999723426],[-87.76605500013812,41.92580400015453],[-87.76113199974196,41.92587499983142],[-87.76120000017983,41.92770100040087],[-87.75628200001427,41.927778000354465],[-87.75614600003786,41.92410700013801],[-87.7659909998847,41.923980999723426]]]}},{"type":"Feature","properties":{"JoinField":"CITY OF CHICAGO:Ward 31 Precinct 17","cd_district":3,"house_district":39,"senate_district":20,"bor_district":2,"ccc_district":8},"geometry":{"type":"Polygon","coordinates":[[[-87.75642000008293,41.931399000063834],[-87.75662399959788,41.93687599992751],[-87.75172000007791,41.93694100022702],[-87.75150500005566,41.93146699960238],[-87.75642000008293,41.931399000063834]]]}},{"type":"Feature","properties":{"JoinField":"CITY OF CHICAGO:Ward 31 Precinct 18","cd_district":3,"house_district":39,"senate_district":20,"bor_district":1,"ccc_district":8},"geometry":{"type":"Polygon","coordinates":[[[-87.74630200023711,41.92423899992997],[-87.74659500025899,41.93153299994805],[-87.74189300016178,41.93159500010921],[-87.74163099977079,41.924303000183386],[-87.74630200023711,41.92423899992997]]]}},{"type":"Feature","properties":{"JoinField":"CITY OF CHICAGO:Ward 31 Precinct 19","cd_district":3,"house_district":39,"senate_district":20,"bor_district":1,"ccc_district":8},"geometry":{"type":"Polygon","coordinates":[[[-87.76133500011014,41.93133699990267],[-87.76153000010936,41.93681299972019],[-87.75662399959788,41.93687599992751],[-87.75642000008293,41.931399000063834],[-87.76133500011014,41.93133699990267]]]}},{"type":"Feature","properties":{"JoinField":"CITY OF CHICAGO:Ward 31 Precinct 20","cd_district":3,"house_district":3,"senate_district":2,"bor_district":1,"ccc_district":8},"geometry":{"type":"Polygon","coordinates":[[[-87.76611900039154,41.927627999732465],[-87.7662459999529,41.931276999833756],[-87.75642000008293,41.931399000063834],[-87.75628200001427,41.927778000354465],[-87.76611900039154,41.927627999732465]]]}},{"type":"Feature","properties":{"JoinField":"CITY OF CHICAGO:Ward 31 Precinct 21","cd_district":3,"house_district":39,"senate_district":20,"bor_district":1,"ccc_district":8},"geometry":{"type":"Polygon","coordinates":[[[-87.75122699982614,41.92417499967655],[-87.75150500005566,41.93146699960238],[-87.74659500025899,41.93153299994805],[-87.74630200023711,41.92423899992997],[-87.75122699982614,41.92417499967655]]]}},{"type":"Feature","properties":{"JoinField":"CITY OF CHICAGO:Ward 31 Precinct 22","cd_district":3,"house_district":3,"senate_district":2,"bor_district":1,"ccc_district":8},"geometry":{"type":"Polygon","coordinates":[[[-87.74163099977079,41.924303000183386],[-87.72922100034884,41.92445800013667],[-87.7292039995649,41.923950000092475],[-87.73165099999363,41.923923999792805],[-87.73161099994763,41.92259399961347],[-87.74157800002462,41.922532000351566],[-87.74163099977079,41.924303000183386]]]}},{"type":"Feature","properties":{"JoinField":"CITY OF CHICAGO:Ward 31 Precinct 23","cd_district":3,"house_district":3,"senate_district":2,"bor_district":1,"ccc_district":8},"geometry":{"type":"Polygon","coordinates":[[[-87.75855000028224,41.92224899989151],[-87.75860700021286,41.92407499956164],[-87.74183600023116,41.92430000004504],[-87.7417800003467,41.922466000005954],[-87.75855000028224,41.92224899989151]]]}},{"type":"Feature","properties":{"JoinField":"CITY OF CHICAGO:Ward 32 Precinct 01","cd_district":5,"house_district":11,"senate_district":6,"bor_district":2,"ccc_district":12},"geometry":{"type":"Polygon","coordinates":[[[-87.68815299956123,41.94309799997279],[-87.68825799990674,41.9467310002355],[-87.68098099977328,41.946831000350414],[-87.6809690001192,41.94635800012168],[-87.67975199975496,41.94637700009855],[-87.6797149998473,41.945024999803934],[-87.67608000039166,41.94506299975768],[-87.67603099993067,41.943246999649375],[-87.68815299956123,41.94309799997279]]]}},{"type":"Feature","properties":{"JoinField":"CITY OF CHICAGO:Ward 32 Precinct 02","cd_district":5,"house_district":11,"senate_district":6,"bor_district":2,"ccc_district":12},"geometry":{"type":"Polygon","coordinates":[[[-87.68078000039668,41.939542999709715],[-87.68805200029954,41.939460000378745],[-87.68815299956123,41.94309799997279],[-87.67845300010583,41.943216000018424],[-87.67840399964484,41.94139699977177],[-87.68082799991225,41.94136500009472],[-87.68078000039668,41.939542999709715]]]}},{"type":"Feature","properties":{"JoinField":"CITY OF CHICAGO:Ward 32 Precinct 03","cd_district":5,"house_district":11,"senate_district":6,"bor_district":2,"ccc_district":12},"geometry":{"type":"Polygon","coordinates":[[[-87.68078000039668,41.939542999709715],[-87.68082799991225,41.94136500009472],[-87.67840399964484,41.94139699977177],[-87.67845300010583,41.943216000018424],[-87.67356000019379,41.94327700013349],[-87.6734400000559,41.9396330002628],[-87.68078000039668,41.939542999709715]]]}},{"type":"Feature","properties":{"JoinField":"CITY OF CHICAGO:Ward 32 Precinct 04","cd_district":5,"house_district":11,"senate_district":6,"bor_district":2,"ccc_district":12},"geometry":{"type":"Polygon","coordinates":[[[-87.6734400000559,41.9396330002628],[-87.67356000019379,41.94327700013349],[-87.66876300021227,41.94334299957984],[-87.6686620000512,41.9396969996169],[-87.6734400000559,41.9396330002628]]]}},{"type":"Feature","properties":{"JoinField":"CITY OF CHICAGO:Ward 32 Precinct 05","cd_district":5,"house_district":11,"senate_district":6,"bor_district":2,"ccc_district":10},"geometry":{"type":"Polygon","coordinates":[[[-87.6686620000512,41.9396969996169],[-87.66876300021227,41.94334299957984],[-87.66453999972117,41.943407999879355],[-87.66444799997521,41.94021199998389],[-87.66383300039263,41.94021900030668],[-87.66382099983923,41.93976500005476],[-87.6686620000512,41.9396969996169]]]}},{"type":"Feature","properties":{"JoinField":"CITY OF CHICAGO:Ward 32 Precinct 06","cd_district":5,"house_district":11,"senate_district":6,"bor_district":2,"ccc_district":12},"geometry":{"type":"Polygon","coordinates":[[[-87.66368800000117,41.93611299981512],[-87.66845600044405,41.93951600026327],[-87.6686620000512,41.9396969996169],[-87.66382099983923,41.93976500005476],[-87.66368800000117,41.93611299981512]]]}},{"type":"Feature","properties":{"JoinField":"CITY OF CHICAGO:Ward 32 Precinct 07","cd_district":5,"house_district":11,"senate_district":6,"bor_district":2,"ccc_district":12},"geometry":{"type":"Polygon","coordinates":[[[-87.66598499980785,41.93244099955251],[-87.66611599955371,41.936083000230326],[-87.66853100030539,41.936048999561706],[-87.6686620000512,41.9396969996169],[-87.65870999976664,41.93255600035917],[-87.66598499980785,41.93244099955251]]]}},{"type":"Feature","properties":{"JoinField":"CITY OF CHICAGO:Ward 32 Precinct 08","cd_district":5,"house_district":11,"senate_district":6,"bor_district":2,"ccc_district":12},"geometry":{"type":"Polygon","coordinates":[[[-87.67335199959507,41.93598700029986],[-87.6734400000559,41.9396330002628],[-87.6686620000512,41.9396969996169],[-87.66853100030539,41.936048999561706],[-87.67335199959507,41.93598700029986]]]}},{"type":"Feature","properties":{"JoinField":"CITY OF CHICAGO:Ward 32 Precinct 09","cd_district":5,"house_district":11,"senate_district":6,"bor_district":2,"ccc_district":12},"geometry":{"type":"Polygon","coordinates":[[[-87.67823700003748,41.9359300003693],[-87.67835500008317,41.93957300019383],[-87.6734400000559,41.9396330002628],[-87.67335199959507,41.93598700029986],[-87.67823700003748,41.9359300003693]]]}},{"type":"Feature","properties":{"JoinField":"CITY OF CHICAGO:Ward 32 Precinct 10","cd_district":5,"house_district":40,"senate_district":20,"bor_district":2,"ccc_district":12},"geometry":{"type":"Polygon","coordinates":[[[-87.67813499983032,41.93228499955313],[-87.68791300018478,41.93936000026383],[-87.68791300018478,41.939460000378745],[-87.67835500008317,41.93957300019383],[-87.67813499983032,41.93228499955313]]]}},{"type":"Feature","properties":{"JoinField":"CITY OF CHICAGO:Ward 32 Precinct 11","cd_district":5,"house_district":40,"senate_district":20,"bor_district":2,"ccc_district":12},"geometry":{"type":"Polygon","coordinates":[[[-87.67813499983032,41.93228499955313],[-87.67823700003748,41.9359300003693],[-87.67354100021697,41.935985000207666],[-87.67342600030963,41.93234200038307],[-87.67813499983032,41.93228499955313]]]}},{"type":"Feature","properties":{"JoinField":"CITY OF CHICAGO:Ward 32 Precinct 12","cd_district":5,"house_district":40,"senate_district":20,"bor_district":2,"ccc_district":12},"geometry":{"type":"Polygon","coordinates":[[[-87.67354100021697,41.935985000207666],[-87.66853100030539,41.936048999561706],[-87.66839400028283,41.93240399964492],[-87.67342600030963,41.93234200038307],[-87.67354100021697,41.935985000207666]]]}},{"type":"Feature","properties":{"JoinField":"CITY OF CHICAGO:Ward 32 Precinct 13","cd_district":5,"house_district":40,"senate_district":20,"bor_district":2,"ccc_district":12},"geometry":{"type":"Polygon","coordinates":[[[-87.66839400028283,41.93240399964492],[-87.66853100030539,41.936048999561706],[-87.66611599955371,41.936083000230326],[-87.66598499980785,41.93244099955251],[-87.66839400028283,41.93240399964492]]]}},{"type":"Feature","properties":{"JoinField":"CITY OF CHICAGO:Ward 32 Precinct 14","cd_district":5,"house_district":11,"senate_district":6,"bor_district":2,"ccc_district":12},"geometry":{"type":"Polygon","coordinates":[[[-87.65870999976664,41.93255600035917],[-87.66368800000117,41.93611299981512],[-87.66382099983923,41.93976500005476],[-87.65896900001928,41.93983799982391],[-87.65870999976664,41.93255600035917]]]}},{"type":"Feature","properties":{"JoinField":"CITY OF CHICAGO:Ward 32 Precinct 15","cd_district":5,"house_district":11,"senate_district":6,"bor_district":2,"ccc_district":12},"geometry":{"type":"Polygon","coordinates":[[[-87.66586100038484,41.928813000419666],[-87.66598499980785,41.93244099955251],[-87.65870999976664,41.93255600035917],[-87.65857799997468,41.928923000096404],[-87.66586100038484,41.928813000419666]]]}},{"type":"Feature","properties":{"JoinField":"CITY OF CHICAGO:Ward 32 Precinct 16","cd_district":5,"house_district":40,"senate_district":20,"bor_district":2,"ccc_district":12},"geometry":{"type":"Polygon","coordinates":[[[-87.66814599963811,41.925151999765035],[-87.66839400028283,41.93240399964492],[-87.66598499980785,41.93244099955251],[-87.6657689997395,41.925183000295306],[-87.66814599963811,41.925151999765035]]]}},{"type":"Feature","properties":{"JoinField":"CITY OF CHICAGO:Ward 32 Precinct 17","cd_district":5,"house_district":40,"senate_district":20,"bor_district":2,"ccc_district":12},"geometry":{"type":"Polygon","coordinates":[[[-87.66930800016405,41.92513599992651],[-87.67273399987414,41.927599000193766],[-87.67813499983032,41.93228499955313],[-87.66839400028283,41.93240399964492],[-87.66814599963811,41.925151999765035],[-87.66930800016405,41.92513599992651]]]}},{"type":"Feature","properties":{"JoinField":"CITY OF CHICAGO:Ward 32 Precinct 18","cd_district":5,"house_district":40,"senate_district":20,"bor_district":2,"ccc_district":12},"geometry":{"type":"Polygon","coordinates":[[[-87.67477300037365,41.92506400020352],[-87.67483300044256,41.925991999830956],[-87.67572600025466,41.92688100035792],[-87.6768000003197,41.927441000102135],[-87.67994799980033,41.92836300035225],[-87.68106400000357,41.93042700020595],[-87.68287900006578,41.93168699985523],[-87.68382300043106,41.93323800033352],[-87.68551300012484,41.933598999894],[-87.6864340003288,41.93406599984604],[-87.6877170001394,41.93569600037017],[-87.68797999967722,41.93582900020823],[-87.68805200029954,41.939460000378745],[-87.67813499983032,41.93228499955313],[-87.67273399987414,41.927599000193766],[-87.66930800016405,41.92513599992651],[-87.67477300037365,41.92506400020352]]]}},{"type":"Feature","properties":{"JoinField":"CITY OF CHICAGO:Ward 32 Precinct 19","cd_district":5,"house_district":40,"senate_district":20,"bor_district":2,"ccc_district":12},"geometry":{"type":"Polygon","coordinates":[[[-87.68764200027806,41.92490099988129],[-87.68797999967722,41.93582900020823],[-87.6877170001394,41.93569600037017],[-87.68628199961455,41.933926999731284],[-87.68373499997023,41.9331629995728],[-87.68287900006578,41.93168699985523],[-87.68106400000357,41.93042700020595],[-87.67994799980033,41.92836300035225],[-87.6768000003197,41.927441000102135],[-87.67572600025466,41.92688100035792],[-87.67483300044256,41.925991999830956],[-87.67477300037365,41.92506400020352],[-87.68764200027806,41.92490099988129]]]}},{"type":"Feature","properties":{"JoinField":"CITY OF CHICAGO:Ward 32 Precinct 20","cd_district":5,"house_district":11,"senate_district":6,"bor_district":2,"ccc_district":12},"geometry":{"type":"Polygon","coordinates":[[[-87.6657450004314,41.92526799971847],[-87.66586100038484,41.928813000419666],[-87.65857799997468,41.928923000096404],[-87.6584529996062,41.92529199992589],[-87.6657450004314,41.92526799971847]]]}},{"type":"Feature","properties":{"JoinField":"CITY OF CHICAGO:Ward 32 Precinct 21","cd_district":5,"house_district":39,"senate_district":20,"bor_district":2,"ccc_district":12},"geometry":{"type":"Polygon","coordinates":[[[-87.68745999997896,41.919086999765284],[-87.68764200027806,41.92490099988129],[-87.68364100013201,41.92495499967356],[-87.68273199958207,41.92446499956014],[-87.68256399992862,41.919184999787944],[-87.68745999997896,41.919086999765284]]]}},{"type":"Feature","properties":{"JoinField":"CITY OF CHICAGO:Ward 32 Precinct 22","cd_district":5,"house_district":39,"senate_district":20,"bor_district":2,"ccc_district":12},"geometry":{"type":"Polygon","coordinates":[[[-87.68251899965207,41.91765899956323],[-87.68273199958207,41.92446499956014],[-87.68364100013201,41.92495499967356],[-87.68245700039023,41.92497299960428],[-87.67779000010836,41.92231800037547],[-87.67762199955558,41.917757999632045],[-87.68251899965207,41.91765899956323]]]}},{"type":"Feature","properties":{"JoinField":"CITY OF CHICAGO:Ward 32 Precinct 23","cd_district":5,"house_district":10,"senate_district":5,"bor_district":2,"ccc_district":12},"geometry":{"type":"Polygon","coordinates":[[[-87.66747600021722,41.914346999714326],[-87.66917400027984,41.91662300035125],[-87.67075100015848,41.91787300043865],[-87.67762199955558,41.917757999632045],[-87.67779000010836,41.92231800037547],[-87.68245700039023,41.92497299960428],[-87.66814599963811,41.925151999765035],[-87.66811199986887,41.924277999929814],[-87.66318500018758,41.92074099959751],[-87.66303699965778,41.91929200022571],[-87.6601369999226,41.91709599968067],[-87.6590629998575,41.917118999842046],[-87.65779699993158,41.91615200021471],[-87.65438800010611,41.91305200024965],[-87.65547900005578,41.91249899992897],[-87.65408000029174,41.91082400002762],[-87.66519200011066,41.91066499988989],[-87.66747600021722,41.914346999714326]]]}},{"type":"Feature","properties":{"JoinField":"CITY OF CHICAGO:Ward 32 Precinct 24","cd_district":5,"house_district":39,"senate_district":20,"bor_district":2,"ccc_district":12},"geometry":{"type":"Polygon","coordinates":[[[-87.67758100036286,41.91594200042306],[-87.67762199955558,41.917757999632045],[-87.67075100015848,41.91787300043865],[-87.66954800043982,41.91696700002706],[-87.66872500025852,41.916098999569215],[-87.67758100036286,41.91594200042306]]]}},{"type":"Feature","properties":{"JoinField":"CITY OF CHICAGO:Ward 32 Precinct 25","cd_district":5,"house_district":10,"senate_district":5,"bor_district":2,"ccc_district":12},"geometry":{"type":"Polygon","coordinates":[[[-87.67135700022533,41.91057900042057],[-87.67149700038624,41.91605100005364],[-87.66872500025852,41.916098999569215],[-87.6680509997538,41.91525200007982],[-87.66519200011066,41.91066499988989],[-87.67135700022533,41.91057900042057]]]}},{"type":"Feature","properties":{"JoinField":"CITY OF CHICAGO:Ward 32 Precinct 26","cd_district":5,"house_district":10,"senate_district":5,"bor_district":2,"ccc_district":12},"geometry":{"type":"Polygon","coordinates":[[[-87.67746300031718,41.91046999989061],[-87.67758100036286,41.91594200042306],[-87.67149700038624,41.91605100005364],[-87.67135700022533,41.91057900042057],[-87.67746300031718,41.91046999989061]]]}},{"type":"Feature","properties":{"JoinField":"CITY OF CHICAGO:Ward 32 Precinct 27","cd_district":5,"house_district":10,"senate_district":5,"bor_district":2,"ccc_district":12},"geometry":{"type":"Polygon","coordinates":[[[-87.68234699981417,41.91039299993707],[-87.68248599992893,41.91613700042228],[-87.67758599969409,41.91623799968397],[-87.67746300031718,41.91046999989061],[-87.68234699981417,41.91039299993707]]]}},{"type":"Feature","properties":{"JoinField":"CITY OF CHICAGO:Ward 32 Precinct 28","cd_district":5,"house_district":39,"senate_district":20,"bor_district":2,"ccc_district":12},"geometry":{"type":"Polygon","coordinates":[[[-87.68248599992893,41.91613700042228],[-87.68251899965207,41.91765899956323],[-87.67762199955558,41.917757999632045],[-87.67758599969409,41.91623799968397],[-87.68248599992893,41.91613700042228]]]}},{"type":"Feature","properties":{"JoinField":"CITY OF CHICAGO:Ward 32 Precinct 29","cd_district":5,"house_district":39,"senate_district":20,"bor_district":2,"ccc_district":1},"geometry":{"type":"Polygon","coordinates":[[[-87.68239400018291,41.9126529998361],[-87.6873619999563,41.91570100010114],[-87.68745999997896,41.919086999765284],[-87.68256399992862,41.919184999787944],[-87.68239400018291,41.9126529998361]]]}},{"type":"Feature","properties":{"JoinField":"CITY OF CHICAGO:Ward 32 Precinct 30","cd_district":5,"house_district":3,"senate_district":2,"bor_district":2,"ccc_district":1},"geometry":{"type":"Polygon","coordinates":[[[-87.68722099974929,41.910321000214026],[-87.6873619999563,41.91570100010114],[-87.68239400018291,41.9126529998361],[-87.68234699981417,41.91039299993707],[-87.68722099974929,41.910321000214026]]]}},{"type":"Feature","properties":{"JoinField":"CITY OF CHICAGO:Ward 33 Precinct 01","cd_district":3,"house_district":40,"senate_district":20,"bor_district":2,"ccc_district":12},"geometry":{"type":"Polygon","coordinates":[[[-87.70685100027339,41.95574400038538],[-87.70806799973838,41.955737000062584],[-87.70812899985344,41.95755300017089],[-87.6983520004444,41.95759999964031],[-87.69848300019027,41.9612489997416],[-87.69479400004303,41.96127299994902],[-87.69435599962964,41.95772600005489],[-87.69444600018272,41.953993999723366],[-87.70679400034282,41.95392700023092],[-87.70685100027339,41.95574400038538]]]}},{"type":"Feature","properties":{"JoinField":"CITY OF CHICAGO:Ward 33 Precinct 02","cd_district":3,"house_district":40,"senate_district":20,"bor_district":2,"ccc_district":12},"geometry":{"type":"Polygon","coordinates":[[[-87.70812899985344,41.95755300017089],[-87.70824799994523,41.961186999580434],[-87.69848300019027,41.9612489997416],[-87.6983520004444,41.95759999964031],[-87.70812899985344,41.95755300017089]]]}},{"type":"Feature","properties":{"JoinField":"CITY OF CHICAGO:Ward 33 Precinct 03","cd_district":3,"house_district":40,"senate_district":20,"bor_district":2,"ccc_district":12},"geometry":{"type":"Polygon","coordinates":[[[-87.7078709996469,41.94845199956018],[-87.70806799973838,41.955737000062584],[-87.70685100027339,41.95574400038538],[-87.70679400034282,41.95392700023092],[-87.6994630004171,41.95396900036911],[-87.69935800007158,41.950322000360075],[-87.70547399972526,41.95029199987596],[-87.70542400011749,41.94846800029802],[-87.7078709996469,41.94845199956018]]]}},{"type":"Feature","properties":{"JoinField":"CITY OF CHICAGO:Ward 33 Precinct 04","cd_district":3,"house_district":40,"senate_district":20,"bor_district":2,"ccc_district":12},"geometry":{"type":"Polygon","coordinates":[[[-87.70769799976284,41.93933099982581],[-87.70780400015445,41.94591799961603],[-87.7053110003024,41.944201999622635],[-87.70536900027912,41.94664599991302],[-87.6980310000306,41.946682999820666],[-87.69782300033114,41.939392999987035],[-87.70769799976284,41.93933099982581]]]}},{"type":"Feature","properties":{"JoinField":"CITY OF CHICAGO:Ward 33 Precinct 05","cd_district":3,"house_district":40,"senate_district":20,"bor_district":2,"ccc_district":8},"geometry":{"type":"Polygon","coordinates":[[[-87.7053110003024,41.944201999622635],[-87.71279099990471,41.949329999579845],[-87.7129049997659,41.953858999793056],[-87.7080149999922,41.95391499967752],[-87.7078709996469,41.94845199956018],[-87.70542400011749,41.94846800029802],[-87.7053110003024,41.944201999622635]]]}},{"type":"Feature","properties":{"JoinField":"CITY OF CHICAGO:Ward 33 Precinct 06","cd_district":3,"house_district":40,"senate_district":20,"bor_district":2,"ccc_district":8},"geometry":{"type":"Polygon","coordinates":[[[-87.7129049997659,41.953858999793056],[-87.71313599962667,41.961128999603716],[-87.70824799994523,41.961186999580434],[-87.7080149999922,41.95391499967752],[-87.7129049997659,41.953858999793056]]]}},{"type":"Feature","properties":{"JoinField":"CITY OF CHICAGO:Ward 33 Precinct 07","cd_district":3,"house_district":40,"senate_district":20,"bor_district":2,"ccc_district":8},"geometry":{"type":"Polygon","coordinates":[[[-87.71781300036963,41.95379100025451],[-87.7180400000459,41.961069000434065],[-87.71313599962667,41.961128999603716],[-87.7129049997659,41.953858999793056],[-87.71781300036963,41.95379100025451]]]}},{"type":"Feature","properties":{"JoinField":"CITY OF CHICAGO:Ward 33 Precinct 08","cd_district":3,"house_district":40,"senate_district":20,"bor_district":2,"ccc_district":8},"geometry":{"type":"Polygon","coordinates":[[[-87.72159500030898,41.95738000028683],[-87.72282000014286,41.957364999595086],[-87.72287499998123,41.95918699998009],[-87.72410500004565,41.95917200018772],[-87.72414600013775,41.960540000320805],[-87.72291600007333,41.96055199997488],[-87.7229289997735,41.96100900036515],[-87.7180400000459,41.961069000434065],[-87.7178670001619,41.95560800040897],[-87.72153999957129,41.95555999999408],[-87.72159500030898,41.95738000028683]]]}},{"type":"Feature","properties":{"JoinField":"CITY OF CHICAGO:Ward 33 Precinct 09","cd_district":3,"house_district":40,"senate_district":20,"bor_district":2,"ccc_district":12},"geometry":{"type":"Polygon","coordinates":[[[-87.72415799979183,41.960991999581154],[-87.72782799996219,41.96094700020393],[-87.7279280000771,41.96459400021297],[-87.7273189998719,41.9646009996365],[-87.72739299968714,41.96779400029294],[-87.72801400044574,41.96778499987789],[-87.72802800019201,41.96824200026816],[-87.72069700026628,41.968322000360104],[-87.72058799973638,41.96468099972839],[-87.72303500016511,41.96465000009749],[-87.72291600007333,41.96055199997488],[-87.72414600013775,41.960540000320805],[-87.72415799979183,41.960991999581154]]]}},{"type":"Feature","properties":{"JoinField":"CITY OF CHICAGO:Ward 33 Precinct 10","cd_district":3,"house_district":40,"senate_district":20,"bor_district":2,"ccc_district":12},"geometry":{"type":"Polygon","coordinates":[[[-87.7229289997735,41.96100900036515],[-87.72303500016511,41.96465000009749],[-87.72058799973638,41.96468099972839],[-87.72069700026628,41.968322000360104],[-87.71825500006815,41.968347999760454],[-87.7180400000459,41.961069000434065],[-87.7229289997735,41.96100900036515]]]}},{"type":"Feature","properties":{"JoinField":"CITY OF CHICAGO:Ward 33 Precinct 11","cd_district":3,"house_district":40,"senate_district":20,"bor_district":2,"ccc_district":12},"geometry":{"type":"Polygon","coordinates":[[[-87.72804199993828,41.96869899975911],[-87.72441700004447,41.968738999805055],[-87.72445399995212,41.97010299975369],[-87.72074699987411,41.97014399984579],[-87.72079700038125,41.97196500018464],[-87.7164430001443,41.972011999654114],[-87.71652100014398,41.9721299996998],[-87.71588200035399,41.971878999816056],[-87.71580799963942,41.96837600015232],[-87.72802800019201,41.96824200026816],[-87.72804199993828,41.96869899975911]]]}},{"type":"Feature","properties":{"JoinField":"CITY OF CHICAGO:Ward 33 Precinct 12","cd_district":3,"house_district":40,"senate_district":20,"bor_district":2,"ccc_district":12},"geometry":{"type":"Polygon","coordinates":[[[-87.7180400000459,41.961069000434065],[-87.71825500006815,41.968347999760454],[-87.71336300020226,41.96840100040589],[-87.71328900038702,41.96598000027683],[-87.71084600014274,41.96600499963108],[-87.71083200039646,41.965563999978656],[-87.71327499974143,41.965540999817335],[-87.71325000038718,41.96470800007421],[-87.71202499965398,41.964669000074366],[-87.71201400004605,41.96432899968363],[-87.7120109999077,41.96421399977635],[-87.71323499969543,41.96420300016837],[-87.71319799978784,41.96295500017317],[-87.71380900008523,41.96294899989647],[-87.71376499985485,41.961575000386006],[-87.71315200036446,41.96157999971729],[-87.71313599962667,41.961128999603716],[-87.7180400000459,41.961069000434065]]]}},{"type":"Feature","properties":{"JoinField":"CITY OF CHICAGO:Ward 33 Precinct 13","cd_district":3,"house_district":40,"senate_district":20,"bor_district":2,"ccc_district":12},"geometry":{"type":"Polygon","coordinates":[[[-87.71580799963942,41.96837600015232],[-87.71588200035399,41.971878999816056],[-87.71492700038073,41.971795999585765],[-87.71102100011905,41.97205299974621],[-87.71106500034944,41.9735640001785],[-87.71091199958909,41.97378400043135],[-87.708629000428,41.97391700026941],[-87.70847200038247,41.96845200005981],[-87.71580799963942,41.96837600015232]]]}},{"type":"Feature","properties":{"JoinField":"CITY OF CHICAGO:Ward 33 Precinct 14","cd_district":3,"house_district":40,"senate_district":20,"bor_district":2,"ccc_district":12},"geometry":{"type":"Polygon","coordinates":[[[-87.70824799994523,41.961186999580434],[-87.70847200038247,41.96845200005981],[-87.70360499987083,41.96849400019801],[-87.70346599975602,41.964738999705105],[-87.70591200013865,41.964717999636036],[-87.70580000036966,41.961204000364376],[-87.70824799994523,41.961186999580434]]]}},{"type":"Feature","properties":{"JoinField":"CITY OF CHICAGO:Ward 33 Precinct 15","cd_district":3,"house_district":40,"senate_district":20,"bor_district":2,"ccc_district":12},"geometry":{"type":"Polygon","coordinates":[[[-87.70847200038247,41.96845200005981],[-87.70868100012802,41.97574800017014],[-87.70474800041984,41.97577499961659],[-87.70381799980083,41.97244900002141],[-87.70311000042614,41.970887999981244],[-87.70109300004191,41.96851400022098],[-87.70847200038247,41.96845200005981]]]}},{"type":"Feature","properties":{"JoinField":"CITY OF CHICAGO:Ward 33 Precinct 16","cd_district":3,"house_district":11,"senate_district":6,"bor_district":2,"ccc_district":12},"geometry":{"type":"Polygon","coordinates":[[[-87.70580000036966,41.961204000364376],[-87.70591200013865,41.964717999636036],[-87.6996340002089,41.96476700009703],[-87.69845799993669,41.96361800017064],[-87.69848300019027,41.9612489997416],[-87.70580000036966,41.961204000364376]]]}},{"type":"Feature","properties":{"JoinField":"CITY OF CHICAGO:Ward 33 Precinct 17","cd_district":3,"house_district":40,"senate_district":20,"bor_district":2,"ccc_district":12},"geometry":{"type":"Polygon","coordinates":[[[-87.71315200036446,41.96157999971729],[-87.71376499985485,41.961575000386006],[-87.71380900008523,41.96294899989647],[-87.71319799978784,41.96295500017317],[-87.71323499969543,41.96420300016837],[-87.7120109999077,41.96421399977635],[-87.71201400004605,41.96432899968363],[-87.71202499965398,41.964669000074366],[-87.71325000038718,41.96470800007421],[-87.71327499974143,41.965540999817335],[-87.71083200039646,41.965563999978656],[-87.7108349996355,41.965672999609296],[-87.71084600014274,41.96600499963108],[-87.71328900038702,41.96598000027683],[-87.71336300020226,41.96840100040589],[-87.70847200038247,41.96845200005981],[-87.70824799994523,41.961186999580434],[-87.71313599962667,41.961128999603716],[-87.71315200036446,41.96157999971729]]]}},{"type":"Feature","properties":{"JoinField":"CITY OF CHICAGO:Ward 34 Precinct 01","cd_district":7,"house_district":10,"senate_district":5,"bor_district":3,"ccc_district":2},"geometry":{"type":"Polygon","coordinates":[[[-87.66671400015093,41.875175000026275],[-87.6667390004045,41.876351000298484],[-87.66915000007242,41.876316999629864],[-87.66922800007211,41.878855999804614],[-87.66608399987666,41.88146200037107],[-87.66441800039036,41.881459000232724],[-87.66428799979133,41.87639599967571],[-87.661852999916,41.8764379998139],[-87.66182100023894,41.87526000034882],[-87.66671400015093,41.875175000026275]]]}},{"type":"Feature","properties":{"JoinField":"CITY OF CHICAGO:Ward 34 Precinct 02","cd_district":7,"house_district":9,"senate_district":5,"bor_district":3,"ccc_district":2},"geometry":{"type":"Polygon","coordinates":[[[-87.66414999972267,41.87166199990145],[-87.66421500002218,41.87373300007795],[-87.6617759999624,41.87376099957055],[-87.66178699957032,41.87414700028387],[-87.6569280003269,41.874223000191364],[-87.65685299956624,41.87225400022197],[-87.66172400026238,41.87210999987667],[-87.66171399980124,41.871751999555215],[-87.66241199961405,41.871692000385565],[-87.66414999972267,41.87166199990145]]]}},{"type":"Feature","properties":{"JoinField":"CITY OF CHICAGO:Ward 34 Precinct 03","cd_district":7,"house_district":9,"senate_district":5,"bor_district":3,"ccc_district":2},"geometry":{"type":"Polygon","coordinates":[[[-87.65689999993504,41.872962999642766],[-87.6569280003269,41.874223000191364],[-87.66178699957032,41.87414700028387],[-87.661852999916,41.8764379998139],[-87.65941599994841,41.876478999906],[-87.6594509997638,41.87775000006252],[-87.65457000040516,41.877832000246656],[-87.65461299969013,41.87909800017263],[-87.64727999967221,41.87921700026442],[-87.64716199962652,41.87539500027907],[-87.65184199960856,41.87532399970286],[-87.65166799967841,41.873066999942125],[-87.65689999993504,41.872962999642766]]]}},{"type":"Feature","properties":{"JoinField":"CITY OF CHICAGO:Ward 34 Precinct 04","cd_district":7,"house_district":9,"senate_district":5,"bor_district":3,"ccc_district":2},"geometry":{"type":"Polygon","coordinates":[[[-87.65668099972834,41.86699699971183],[-87.65689999993504,41.872962999642766],[-87.65166799967841,41.873066999942125],[-87.65130900021018,41.87284100031195],[-87.65112399977272,41.86950800039398],[-87.65326499958002,41.867115999803616],[-87.65668099972834,41.86699699971183]]]}},{"type":"Feature","properties":{"JoinField":"CITY OF CHICAGO:Ward 34 Precinct 05","cd_district":7,"house_district":9,"senate_district":5,"bor_district":3,"ccc_district":7},"geometry":{"type":"Polygon","coordinates":[[[-87.65176599970107,41.87318900017226],[-87.65184199960856,41.87532399970286],[-87.64716199962652,41.87539500027907],[-87.64727999967221,41.87921700026442],[-87.64587999986207,41.87923200005679],[-87.64581599960866,41.878058999922985],[-87.64578199983936,41.87922999996459],[-87.64257700042816,41.87927400019498],[-87.64249800038237,41.87673299992804],[-87.64102699999603,41.87675199990491],[-87.64095600031914,41.87438999979872],[-87.64712699981118,41.8743390001448],[-87.64706499964996,41.869662000301105],[-87.65112399977272,41.86950800039398],[-87.65124700004895,41.87267499985143],[-87.65176599970107,41.87318900017226]]]}},{"type":"Feature","properties":{"JoinField":"CITY OF CHICAGO:Ward 34 Precinct 06","cd_district":7,"house_district":10,"senate_district":5,"bor_district":3,"ccc_district":2},"geometry":{"type":"Polygon","coordinates":[[[-87.65710000016486,41.88033000032931],[-87.65953099985575,41.88029000028337],[-87.6596370002473,41.88161000000156],[-87.65875800018154,41.881624999793985],[-87.65877600011225,41.88226799976843],[-87.65671000016636,41.88230299958383],[-87.65669000014333,41.88165899956323],[-87.65470300024322,41.88169300023185],[-87.65461299969013,41.87909800017263],[-87.65705699998051,41.879057000080536],[-87.65710000016486,41.88033000032931]]]}},{"type":"Feature","properties":{"JoinField":"CITY OF CHICAGO:Ward 34 Precinct 07","cd_district":7,"house_district":10,"senate_district":5,"bor_district":2,"ccc_district":2},"geometry":{"type":"Polygon","coordinates":[[[-87.65669000014333,41.88165899956323],[-87.6567019997974,41.88298300036524],[-87.65556699961729,41.88300200034212],[-87.65557900017069,41.883408000179145],[-87.65441000022128,41.88342700015596],[-87.65439799966794,41.883023000411185],[-87.65207100027641,41.88306299955781],[-87.65203100023047,41.881699999655325],[-87.65669000014333,41.88165899956323]]]}},{"type":"Feature","properties":{"JoinField":"CITY OF CHICAGO:Ward 34 Precinct 08","cd_district":7,"house_district":10,"senate_district":5,"bor_district":3,"ccc_district":2},"geometry":{"type":"Polygon","coordinates":[[[-87.65461299969013,41.87909800017263],[-87.65470300024322,41.88169300023185],[-87.65203100023047,41.881699999655325],[-87.65195000009237,41.87913900026473],[-87.65461299969013,41.87909800017263]]]}},{"type":"Feature","properties":{"JoinField":"CITY OF CHICAGO:Ward 34 Precinct 09","cd_district":7,"house_district":9,"senate_district":5,"bor_district":3,"ccc_district":2},"geometry":{"type":"Polygon","coordinates":[[[-87.65195000009237,41.87913900026473],[-87.65207100027641,41.88306299955781],[-87.64973599961667,41.88310499969606],[-87.64969799966292,41.881775000415985],[-87.64853099980576,41.88176199981649],[-87.64849199980591,41.880471999683095],[-87.6473219998104,41.88049199970607],[-87.64727999967221,41.87921700026442],[-87.65195000009237,41.87913900026473]]]}},{"type":"Feature","properties":{"JoinField":"CITY OF CHICAGO:Ward 34 Precinct 10","cd_district":7,"house_district":9,"senate_district":5,"bor_district":2,"ccc_district":2},"geometry":{"type":"Polygon","coordinates":[[[-87.64849199980591,41.880471999683095],[-87.64856699966725,41.88312499971903],[-87.6460460003226,41.883156000249244],[-87.64592600018472,41.88050700039781],[-87.64849199980591,41.880471999683095]]]}},{"type":"Feature","properties":{"JoinField":"CITY OF CHICAGO:Ward 34 Precinct 11","cd_district":7,"house_district":9,"senate_district":5,"bor_district":3,"ccc_district":2},"geometry":{"type":"Polygon","coordinates":[[[-87.64249800038237,41.87673299992804],[-87.64257700042816,41.87927400019498],[-87.64578199983936,41.87922999996459],[-87.64581599960866,41.878058999922985],[-87.64587999986207,41.87923200005679],[-87.64727999967221,41.87921700026442],[-87.6473219998104,41.88049199970607],[-87.64592600018472,41.88050700039781],[-87.64600100004606,41.88179000020841],[-87.64119299955723,41.88185999983915],[-87.64117100034133,41.881196999841734],[-87.63966600018574,41.881216999864705],[-87.63956099984023,41.878045000176655],[-87.63769800026245,41.878068000337976],[-87.63737699984864,41.87679900027371],[-87.64249800038237,41.87673299992804]]]}},{"type":"Feature","properties":{"JoinField":"CITY OF CHICAGO:Ward 34 Precinct 12","cd_district":7,"house_district":9,"senate_district":5,"bor_district":2,"ccc_district":2},"geometry":{"type":"Polygon","coordinates":[[[-87.64600100004606,41.88179000020841],[-87.64615399990714,41.885426999756305],[-87.64644599988293,41.88680000011999],[-87.63989199981592,41.88681800005071],[-87.63985399986217,41.88571899973209],[-87.64131299969512,41.88569899970912],[-87.64119299955723,41.88185999983915],[-87.64600100004606,41.88179000020841]]]}},{"type":"Feature","properties":{"JoinField":"CITY OF CHICAGO:Ward 34 Precinct 13","cd_district":7,"house_district":9,"senate_district":5,"bor_district":2,"ccc_district":2},"geometry":{"type":"Polygon","coordinates":[[[-87.64759099962487,41.888263000137385],[-87.64826500012964,41.889042000088295],[-87.64433399961433,41.889033999719345],[-87.64430900026014,41.88804099979234],[-87.64053299969817,41.88794499986193],[-87.63995600006933,41.88761900011684],[-87.63989199981592,41.88681800005071],[-87.6475060002017,41.88679699998164],[-87.64759099962487,41.888263000137385]]]}},{"type":"Feature","properties":{"JoinField":"CITY OF CHICAGO:Ward 34 Precinct 14","cd_district":7,"house_district":9,"senate_district":5,"bor_district":2,"ccc_district":2},"geometry":{"type":"Polygon","coordinates":[[[-87.63995600006933,41.88761900011684],[-87.64097899958114,41.88802800009216],[-87.64430900026014,41.88804099979234],[-87.64433399961433,41.889033999719345],[-87.64287399973529,41.88904900041109],[-87.64295299978107,41.89113200024167],[-87.64307700010346,41.891253999572484],[-87.64147600001735,41.89139000044821],[-87.64072200032001,41.89018599978414],[-87.63974000000098,41.88923700008752],[-87.6391469996343,41.88684400035038],[-87.63819199966105,41.88572099982434],[-87.63985399986217,41.88571899973209],[-87.63995600006933,41.88761900011684]]]}},{"type":"Feature","properties":{"JoinField":"CITY OF CHICAGO:Ward 34 Precinct 15","cd_district":7,"house_district":6,"senate_district":3,"bor_district":3,"ccc_district":2},"geometry":{"type":"Polygon","coordinates":[[[-87.63626499982985,41.87556700011703],[-87.63670400028934,41.87556199988643],[-87.63680799968938,41.87569000039326],[-87.63638800010608,41.87569699981674],[-87.63713799961897,41.876802000412056],[-87.63737699984864,41.87679900027371],[-87.63769800026245,41.878068000337976],[-87.63225600021423,41.878133999784325],[-87.63234699991409,41.88131399984127],[-87.63529700015641,41.88127900002587],[-87.63536000036368,41.88383299999299],[-87.63242399986768,41.88386299957784],[-87.632406999983,41.88320899999542],[-87.62943499962552,41.883215000272116],[-87.62929899964905,41.87816700040679],[-87.63078499982782,41.87814800042992],[-87.63074899996633,41.87688399969687],[-87.628739999951,41.87690699985819],[-87.62870199999725,41.87555499956363],[-87.63071300010483,41.87569299963229],[-87.63067500015109,41.874521999590684],[-87.63556800006313,41.87445400005214],[-87.63585599985447,41.875103000303284],[-87.63626499982985,41.87556700011703]]]}},{"type":"Feature","properties":{"JoinField":"CITY OF CHICAGO:Ward 34 Precinct 16","cd_district":7,"house_district":6,"senate_district":3,"bor_district":3,"ccc_district":2},"geometry":{"type":"Polygon","coordinates":[[[-87.63509900001878,41.87202699964638],[-87.63556800006313,41.87445400005214],[-87.63067500015109,41.874521999590684],[-87.63061099989767,41.87223200010675],[-87.63357299979407,41.87215099996871],[-87.63362899967854,41.86994299976965],[-87.63461500018207,41.86992299974668],[-87.63499000038814,41.87108899955774],[-87.6345819995596,41.871561999786536],[-87.63460599976702,41.871973999900206],[-87.63509900001878,41.87202699964638]]]}},{"type":"Feature","properties":{"JoinField":"CITY OF CHICAGO:Ward 34 Precinct 17","cd_district":7,"house_district":6,"senate_district":3,"bor_district":3,"ccc_district":3},"geometry":{"type":"Polygon","coordinates":[[[-87.6326620000512,41.867406999733305],[-87.63437800004465,41.86737099987181],[-87.63461500018207,41.86992299974668],[-87.63362899967854,41.86994299976965],[-87.63357299979407,41.87215099996871],[-87.63061099989767,41.87223200010675],[-87.63043699996751,41.86743199998688],[-87.62749900027859,41.86747400012507],[-87.6274859996791,41.86733800014866],[-87.63266400014345,41.86726400033342],[-87.6326620000512,41.867406999733305]]]}},{"type":"Feature","properties":{"JoinField":"CITY OF CHICAGO:Ward 34 Precinct 18","cd_district":7,"house_district":5,"senate_district":3,"bor_district":3,"ccc_district":2},"geometry":{"type":"Polygon","coordinates":[[[-87.62749900027859,41.86747400012507],[-87.62267299985899,41.867561999686586],[-87.6226349999053,41.86582399957797],[-87.62747299997892,41.86574200029315],[-87.62749900027859,41.86747400012507]]]}},{"type":"Feature","properties":{"JoinField":"CITY OF CHICAGO:Ward 34 Precinct 19","cd_district":7,"house_district":5,"senate_district":3,"bor_district":3,"ccc_district":2},"geometry":{"type":"Polygon","coordinates":[[[-87.62603700030729,41.87617200013773],[-87.62608199968452,41.878245999553315],[-87.62929899964905,41.87816700040679],[-87.62945699974068,41.88448200024419],[-87.62624800014504,41.88449599999046],[-87.62617100019145,41.880788999912454],[-87.62443800031343,41.88082499977395],[-87.62439700022134,41.87827900017578],[-87.62425099978378,41.87828000022188],[-87.62421399987613,41.876997999558114],[-87.62528599984898,41.87699100013458],[-87.6253039997797,41.87620299976868],[-87.62603700030729,41.87617200013773]]]}},{"type":"Feature","properties":{"JoinField":"CITY OF CHICAGO:Ward 34 Precinct 20","cd_district":7,"house_district":5,"senate_district":3,"bor_district":3,"ccc_district":2},"geometry":{"type":"Polygon","coordinates":[[[-87.62617100019145,41.880788999912454],[-87.62627699968374,41.88573699966287],[-87.62391300038462,41.88576600010089],[-87.62389999978512,41.88447399987524],[-87.6244520000597,41.88447099973689],[-87.62451600031312,41.88431599978361],[-87.62443800031343,41.88082499977395],[-87.62617100019145,41.880788999912454]]]}},{"type":"Feature","properties":{"JoinField":"CITY OF CHICAGO:Ward 35 Precinct 01","cd_district":3,"house_district":4,"senate_district":2,"bor_district":1,"ccc_district":8},"geometry":{"type":"Polygon","coordinates":[[[-87.73632799983727,41.9170450000268],[-87.73643500027498,41.920705999782115],[-87.7340010004458,41.92073600026623],[-87.73394999989256,41.918905000365555],[-87.72905399984217,41.918965999581246],[-87.72900000004995,41.91713499968057],[-87.73632799983727,41.9170450000268]]]}},{"type":"Feature","properties":{"JoinField":"CITY OF CHICAGO:Ward 35 Precinct 02","cd_district":3,"house_district":3,"senate_district":2,"bor_district":1,"ccc_district":8},"geometry":{"type":"Polygon","coordinates":[[[-87.7340010004458,41.92073600026623],[-87.73643500027498,41.920705999782115],[-87.73649500034395,41.922534999590596],[-87.73161099994763,41.92259399961347],[-87.73165099999363,41.923923999792805],[-87.7292039995649,41.923950000092475],[-87.72922100034884,41.92445800013667],[-87.72770200044693,41.92447299992904],[-87.72675299985104,41.922647000258905],[-87.727075000311,41.92264500016665],[-87.72669599992042,41.921882000054325],[-87.72666700038172,41.9208249998739],[-87.72581799990076,41.92083400028895],[-87.72487599962767,41.91901600008839],[-87.73394999989256,41.918905000365555],[-87.7340010004458,41.92073600026623]]]}},{"type":"Feature","properties":{"JoinField":"CITY OF CHICAGO:Ward 35 Precinct 03","cd_district":3,"house_district":3,"senate_district":2,"bor_district":1,"ccc_district":8},"geometry":{"type":"Polygon","coordinates":[[[-87.72487599962767,41.91901600008839],[-87.72581799990076,41.92083400028895],[-87.72666700038172,41.9208249998739],[-87.72669599992042,41.921882000054325],[-87.727075000311,41.92264500016665],[-87.72675299985104,41.922647000258905],[-87.72770200044693,41.92447299992904],[-87.72188200005422,41.924542000413055],[-87.72172099982424,41.919051999949886],[-87.72487599962767,41.91901600008839]]]}},{"type":"Feature","properties":{"JoinField":"CITY OF CHICAGO:Ward 35 Precinct 04","cd_district":3,"house_district":3,"senate_district":2,"bor_district":2,"ccc_district":8},"geometry":{"type":"Polygon","coordinates":[[[-87.72172099982424,41.919051999949886],[-87.72188200005422,41.924542000413055],[-87.71699400037278,41.9246029996288],[-87.71693899963509,41.922773999820265],[-87.71754899988639,41.92276700039679],[-87.71759200007074,41.924093000391736],[-87.71820499956107,41.924088000161134],[-87.71816300032219,41.92276000007399],[-87.71938500001772,41.92274300018937],[-87.71933000017935,41.920913000334735],[-87.71688499984282,41.92094299991959],[-87.71685600030412,41.92002900003837],[-87.71523800033339,41.92004800001524],[-87.71525200007972,41.92050500040551],[-87.71360999990156,41.92052500042848],[-87.71356300043209,41.91914999997255],[-87.72172099982424,41.919051999949886]]]}},{"type":"Feature","properties":{"JoinField":"CITY OF CHICAGO:Ward 35 Precinct 05","cd_district":3,"house_district":3,"senate_district":2,"bor_district":2,"ccc_district":8},"geometry":{"type":"Polygon","coordinates":[[[-87.71356300043209,41.91914999997255],[-87.71360999990156,41.92052500042848],[-87.71525200007972,41.92050500040551],[-87.71523800033339,41.92004800001524],[-87.71685600030412,41.92002900003837],[-87.71688499984282,41.92094299991959],[-87.71933000017935,41.920913000334735],[-87.71938500001772,41.92274300018937],[-87.71816300032219,41.92276000007399],[-87.71820499956107,41.924088000161134],[-87.71759200007074,41.924093000391736],[-87.71754899988639,41.92276700039679],[-87.71693899963509,41.922773999820265],[-87.71699400037278,41.9246029996288],[-87.71210499974592,41.92466099960552],[-87.71193299990796,41.91916599981107],[-87.71356300043209,41.91914999997255]]]}},{"type":"Feature","properties":{"JoinField":"CITY OF CHICAGO:Ward 35 Precinct 06","cd_district":3,"house_district":39,"senate_district":20,"bor_district":2,"ccc_district":8},"geometry":{"type":"Polygon","coordinates":[[[-87.71193299990796,41.91916599981107],[-87.71210499974592,41.92466099960552],[-87.70231799987573,41.92476299981263],[-87.70223299955325,41.922384999867916],[-87.70714200020313,41.92232299970675],[-87.70711299976512,41.92145200000982],[-87.70744899997135,41.921346999664365],[-87.7076310002704,41.921051000403395],[-87.70743400017892,41.920762999712736],[-87.70708100008807,41.92066299959782],[-87.70703999999597,41.91922499983394],[-87.71193299990796,41.91916599981107]]]}},{"type":"Feature","properties":{"JoinField":"CITY OF CHICAGO:Ward 35 Precinct 07","cd_district":3,"house_district":3,"senate_district":2,"bor_district":1,"ccc_district":8},"geometry":{"type":"Polygon","coordinates":[[[-87.72676899968957,41.92448400043634],[-87.72687600012728,41.92813199959215],[-87.71708800021099,41.928254999868386],[-87.71699400037278,41.9246029996288],[-87.72676899968957,41.92448400043634]]]}},{"type":"Feature","properties":{"JoinField":"CITY OF CHICAGO:Ward 35 Precinct 08","cd_district":3,"house_district":3,"senate_district":2,"bor_district":2,"ccc_district":8},"geometry":{"type":"Polygon","coordinates":[[[-87.71699400037278,41.9246029996288],[-87.71708800021099,41.928254999868386],[-87.71220199972248,41.928315999983454],[-87.71210499974592,41.92466099960552],[-87.71699400037278,41.9246029996288]]]}},{"type":"Feature","properties":{"JoinField":"CITY OF CHICAGO:Ward 35 Precinct 09","cd_district":3,"house_district":39,"senate_district":20,"bor_district":2,"ccc_district":8},"geometry":{"type":"Polygon","coordinates":[[[-87.71210499974592,41.92466099960552],[-87.71220199972248,41.928315999983454],[-87.7048749999812,41.92840300039819],[-87.70540600018671,41.92834200028312],[-87.70577500011615,41.92807299956934],[-87.70234700031375,41.92596799962354],[-87.70231799987573,41.92476299981263],[-87.71210499974592,41.92466099960552]]]}},{"type":"Feature","properties":{"JoinField":"CITY OF CHICAGO:Ward 35 Precinct 10","cd_district":3,"house_district":39,"senate_district":20,"bor_district":1,"ccc_district":8},"geometry":{"type":"Polygon","coordinates":[[[-87.72687600012728,41.92813199959215],[-87.72697900038054,41.93179000010849],[-87.71963599990141,41.93187999976226],[-87.7195349997404,41.92822400023749],[-87.72687600012728,41.92813199959215]]]}},{"type":"Feature","properties":{"JoinField":"CITY OF CHICAGO:Ward 35 Precinct 11","cd_district":3,"house_district":39,"senate_district":20,"bor_district":1,"ccc_district":8},"geometry":{"type":"Polygon","coordinates":[[[-87.7195349997404,41.92822400023749],[-87.71963599990141,41.93187999976226],[-87.71719499974938,41.93191100029247],[-87.71721299968016,41.93282800031204],[-87.71599500016907,41.93283799987387],[-87.7160099999615,41.93328599984909],[-87.71534099968733,41.933318999572236],[-87.7150830003801,41.93316000033383],[-87.71506400040323,41.93285000042721],[-87.71456599992092,41.93286100003519],[-87.7143659996911,41.93271499959758],[-87.71435800022152,41.932404999691016],[-87.71367200006273,41.93230599962226],[-87.71364699980916,41.9319549996236],[-87.71414600033762,41.93194900024622],[-87.71413699992257,41.93149700008655],[-87.71289800034242,41.93151199987892],[-87.7129049997659,41.928306999568406],[-87.7195349997404,41.92822400023749]]]}},{"type":"Feature","properties":{"JoinField":"CITY OF CHICAGO:Ward 35 Precinct 12","cd_district":3,"house_district":39,"senate_district":20,"bor_district":2,"ccc_district":8},"geometry":{"type":"Polygon","coordinates":[[[-87.7129049997659,41.928306999568406],[-87.71289800034242,41.93151199987892],[-87.71413699992257,41.93149700008655],[-87.71414600033762,41.93194900024622],[-87.70498100037281,41.93204099999218],[-87.7048749999812,41.92840300039819],[-87.7129049997659,41.928306999568406]]]}},{"type":"Feature","properties":{"JoinField":"CITY OF CHICAGO:Ward 35 Precinct 13","cd_district":3,"house_district":40,"senate_district":20,"bor_district":1,"ccc_district":8},"geometry":{"type":"Polygon","coordinates":[[[-87.72208799966143,41.93185100022356],[-87.7221489997765,41.934276999683846],[-87.71966100015499,41.93654399990572],[-87.72391899956216,41.93913299968824],[-87.71739900016371,41.93921599991853],[-87.71719499974938,41.93191100029247],[-87.72208799966143,41.93185100022356]]]}},{"type":"Feature","properties":{"JoinField":"CITY OF CHICAGO:Ward 35 Precinct 14","cd_district":3,"house_district":39,"senate_district":20,"bor_district":2,"ccc_district":8},"geometry":{"type":"Polygon","coordinates":[[[-87.71364699980916,41.9319549996236],[-87.71367200006273,41.93230599962226],[-87.71435800022152,41.932404999691016],[-87.7143659996911,41.93271499959758],[-87.71456599992092,41.93286100003519],[-87.71506400040323,41.93285000042721],[-87.7150830003801,41.93316000033383],[-87.71534099968733,41.933318999572236],[-87.7160099999615,41.93328599984909],[-87.71599500016907,41.93283799987387],[-87.71721299968016,41.93282800031204],[-87.71733299981804,41.93739300038669],[-87.71243000034423,41.93746300001749],[-87.71231000020629,41.93198400006162],[-87.71364699980916,41.9319549996236]]]}},{"type":"Feature","properties":{"JoinField":"CITY OF CHICAGO:Ward 35 Precinct 15","cd_district":3,"house_district":40,"senate_district":20,"bor_district":2,"ccc_district":8},"geometry":{"type":"Polygon","coordinates":[[[-87.71231000020629,41.93198400006162],[-87.71249199960607,41.939279000125794],[-87.70884100031185,41.93932000021789],[-87.7086579999667,41.93247200008278],[-87.69762700028582,41.93255300022082],[-87.69765799991671,41.93370400023946],[-87.69495700036526,41.93211099962298],[-87.71231000020629,41.93198400006162]]]}},{"type":"Feature","properties":{"JoinField":"CITY OF CHICAGO:Ward 35 Precinct 16","cd_district":3,"house_district":40,"senate_district":20,"bor_district":2,"ccc_district":8},"geometry":{"type":"Polygon","coordinates":[[[-87.69762700028582,41.93255300022082],[-87.7086579999667,41.93247200008278],[-87.70884100031185,41.93932000021789],[-87.70807400001507,41.93932699964137],[-87.70767999983207,41.939103000103444],[-87.70766399999354,41.93888599998894],[-87.70261900026662,41.935923000046444],[-87.70264100038185,41.936276000137354],[-87.69997699983861,41.934710999912795],[-87.70004100009203,41.93508600011887],[-87.69765799991671,41.93370400023946],[-87.69762700028582,41.93255300022082]]]}},{"type":"Feature","properties":{"JoinField":"CITY OF CHICAGO:Ward 35 Precinct 17","cd_district":3,"house_district":40,"senate_district":20,"bor_district":2,"ccc_district":12},"geometry":{"type":"Polygon","coordinates":[[[-87.68776599970107,41.928582999705725],[-87.69396400043826,41.93212400022247],[-87.69495700036526,41.93211099962298],[-87.69765799991671,41.93370400023946],[-87.69772500030848,41.93574299983965],[-87.6904250000137,41.93577400036986],[-87.69037400035978,41.93396899986948],[-87.68794099967738,41.933986999800254],[-87.68776599970107,41.928582999705725]]]}},{"type":"Feature","properties":{"JoinField":"CITY OF CHICAGO:Ward 35 Precinct 18","cd_district":3,"house_district":40,"senate_district":20,"bor_district":2,"ccc_district":8},"geometry":{"type":"Polygon","coordinates":[[[-87.71733299981804,41.93739300038669],[-87.71752000034769,41.944342999829644],[-87.71643199963705,41.94275500034303],[-87.71513199994183,41.94186199963161],[-87.71401599973854,41.941404000094565],[-87.71080199991235,41.94056700016699],[-87.70843899976,41.93932400040234],[-87.71249199960607,41.939279000125794],[-87.71243000034423,41.93746300001749],[-87.71733299981804,41.93739300038669]]]}},{"type":"Feature","properties":{"JoinField":"CITY OF CHICAGO:Ward 35 Precinct 19","cd_district":3,"house_district":40,"senate_district":20,"bor_district":2,"ccc_district":12},"geometry":{"type":"Polygon","coordinates":[[[-87.69765799991671,41.93370400023946],[-87.70004100009203,41.93508600011887],[-87.69997699983861,41.934710999912795],[-87.70264100038185,41.936276000137354],[-87.70261900026662,41.935923000046444],[-87.70766399999354,41.93888599998894],[-87.70769799976284,41.93933099982581],[-87.69782300033114,41.939392999987035],[-87.6978119998239,41.939039999896124],[-87.69306400030331,41.93578099979334],[-87.69772500030848,41.93574299983965],[-87.69765799991671,41.93370400023946]]]}},{"type":"Feature","properties":{"JoinField":"CITY OF CHICAGO:Ward 35 Precinct 20","cd_district":3,"house_district":40,"senate_district":20,"bor_district":2,"ccc_district":12},"geometry":{"type":"Polygon","coordinates":[[[-87.69037400035978,41.93396899986948],[-87.6904250000137,41.93577400036986],[-87.69306400030331,41.93578099979334],[-87.6978119998239,41.939039999896124],[-87.69792300044605,41.942790000158425],[-87.69530400017942,41.94279899967415],[-87.69519899983396,41.94236899962971],[-87.69350800009408,41.94019600014536],[-87.69144400024038,41.93868000038174],[-87.68997399990013,41.93665899981306],[-87.68798599995392,41.93606200016126],[-87.68794099967738,41.933986999800254],[-87.69037400035978,41.93396899986948]]]}},{"type":"Feature","properties":{"JoinField":"CITY OF CHICAGO:Ward 35 Precinct 21","cd_district":3,"house_district":40,"senate_district":20,"bor_district":2,"ccc_district":8},"geometry":{"type":"Polygon","coordinates":[[[-87.70767999983207,41.939103000103444],[-87.70807400001507,41.93932699964137],[-87.70843899976,41.93932400040234],[-87.71080199991235,41.94056700016699],[-87.71490100008106,41.94174699972433],[-87.71616399986868,41.94251800020561],[-87.71701699963478,41.94349600034019],[-87.71752000034769,41.944342999829644],[-87.71781300036963,41.95379100025451],[-87.7129049997659,41.953858999793056],[-87.71279099990471,41.949329999579845],[-87.70780400015445,41.94591799961603],[-87.70767999983207,41.939103000103444]]]}},{"type":"Feature","properties":{"JoinField":"CITY OF CHICAGO:Ward 35 Precinct 22","cd_district":3,"house_district":40,"senate_district":20,"bor_district":2,"ccc_district":12},"geometry":{"type":"Polygon","coordinates":[[[-87.6980310000306,41.946682999820666],[-87.70536900027912,41.94664599991302],[-87.70547399972526,41.95029199987596],[-87.69935800007158,41.950322000360075],[-87.6994630004171,41.95396900036911],[-87.69444600018272,41.953993999723366],[-87.69598600015377,41.951788999662654],[-87.69675899982792,41.95045600024429],[-87.69680900033507,41.950077999899804],[-87.69672800019703,41.94876699969734],[-87.69530400017942,41.94279899967415],[-87.69792300044605,41.942790000158425],[-87.6980310000306,41.946682999820666]]]}},{"type":"Feature","properties":{"JoinField":"CITY OF CHICAGO:Ward 36 Precinct 01","cd_district":3,"house_district":3,"senate_district":2,"bor_district":2,"ccc_district":8},"geometry":{"type":"Polygon","coordinates":[[[-87.80110000016487,41.93444800037497],[-87.80126999991052,41.939437000217424],[-87.80002400000757,41.9394429995948],[-87.80004600012279,41.93991799991579],[-87.79818799987623,41.939945000261616],[-87.79813199999177,41.93812199983046],[-87.79325399987215,41.93819899978405],[-87.79314000001096,41.93456000014396],[-87.80110000016487,41.93444800037497]]]}},{"type":"Feature","properties":{"JoinField":"CITY OF CHICAGO:Ward 36 Precinct 02","cd_district":3,"house_district":3,"senate_district":2,"bor_district":2,"ccc_district":8},"geometry":{"type":"Polygon","coordinates":[[[-87.79314000001096,41.93456000014396],[-87.79325399987215,41.93819899978405],[-87.78727300014879,41.93829699980677],[-87.78741999973317,41.94197500034602],[-87.78560100038584,41.94200399988472],[-87.78544600043256,41.93832500019863],[-87.78603100043028,41.93831699982974],[-87.78581000013139,41.93466100030497],[-87.79314000001096,41.93456000014396]]]}},{"type":"Feature","properties":{"JoinField":"CITY OF CHICAGO:Ward 36 Precinct 03","cd_district":3,"house_district":3,"senate_district":2,"bor_district":2,"ccc_district":8},"geometry":{"type":"Polygon","coordinates":[[[-87.79669200013564,41.93086799985838],[-87.79670599988196,41.93132700034084],[-87.80099399977325,41.931271999603155],[-87.80110000016487,41.93444800037497],[-87.79314000001096,41.93456000014396],[-87.79302800024197,41.93091300013492],[-87.79669200013564,41.93086799985838]]]}},{"type":"Feature","properties":{"JoinField":"CITY OF CHICAGO:Ward 36 Precinct 04","cd_district":3,"house_district":3,"senate_district":2,"bor_district":2,"ccc_district":8},"geometry":{"type":"Polygon","coordinates":[[[-87.79302800024197,41.93091300013492],[-87.79314000001096,41.93456000014396],[-87.78581000013139,41.93466100030497],[-87.78568899994735,41.931001999742534],[-87.79302800024197,41.93091300013492]]]}},{"type":"Feature","properties":{"JoinField":"CITY OF CHICAGO:Ward 36 Precinct 05","cd_district":3,"house_district":3,"senate_district":2,"bor_district":1,"ccc_district":8},"geometry":{"type":"Polygon","coordinates":[[[-87.80085200041947,41.92718499998779],[-87.80099399977325,41.931271999603155],[-87.79670599988196,41.93132700034084],[-87.79669200013564,41.93086799985838],[-87.79302800024197,41.93091300013492],[-87.79290900015019,41.92727000031033],[-87.80085200041947,41.92718499998779]]]}},{"type":"Feature","properties":{"JoinField":"CITY OF CHICAGO:Ward 36 Precinct 06","cd_district":3,"house_district":3,"senate_district":2,"bor_district":1,"ccc_district":8},"geometry":{"type":"Polygon","coordinates":[[[-87.80073699961281,41.92355399981727],[-87.80085200041947,41.92718499998779],[-87.79290900015019,41.92727000031033],[-87.79302800024197,41.93091300013492],[-87.79063799974386,41.93094199967362],[-87.79040699988309,41.923636000001466],[-87.80073699961281,41.92355399981727]]]}},{"type":"Feature","properties":{"JoinField":"CITY OF CHICAGO:Ward 36 Precinct 07","cd_district":3,"house_district":3,"senate_district":2,"bor_district":2,"ccc_district":8},"geometry":{"type":"Polygon","coordinates":[[[-87.79040699988309,41.923636000001466],[-87.79063799974386,41.93094199967362],[-87.77961200029353,41.93108700006508],[-87.77948900001729,41.92742900044806],[-87.78558299955574,41.92733899989497],[-87.78544300029421,41.92367800013966],[-87.79040699988309,41.923636000001466]]]}},{"type":"Feature","properties":{"JoinField":"CITY OF CHICAGO:Ward 36 Precinct 08","cd_district":3,"house_district":78,"senate_district":39,"bor_district":1,"ccc_district":8},"geometry":{"type":"Polygon","coordinates":[[[-87.80067600039706,41.92155800040143],[-87.80073699961281,41.92355399981727],[-87.79240800042885,41.92362100020904],[-87.79233499976039,41.92119499984943],[-87.79881199987386,41.921154999803434],[-87.79882599962014,41.92089999973524],[-87.80067600039706,41.92155800040143]]]}},{"type":"Feature","properties":{"JoinField":"CITY OF CHICAGO:Ward 36 Precinct 09","cd_district":3,"house_district":4,"senate_district":2,"bor_district":1,"ccc_district":8},"geometry":{"type":"Polygon","coordinates":[[[-87.78523199955708,41.91663800014362],[-87.78657000010537,41.91675300005096],[-87.78769099963989,41.91704299993455],[-87.78788100030789,41.92323799963401],[-87.78688900042698,41.9230790003956],[-87.78317900021068,41.92195599986957],[-87.77682999970466,41.920783999781804],[-87.776731999682,41.91789399960845],[-87.78032499989877,41.917853000415676],[-87.78040099980626,41.91829199997585],[-87.78527699983363,41.91822799972249],[-87.78523199955708,41.91663800014362]]]}},{"type":"Feature","properties":{"JoinField":"CITY OF CHICAGO:Ward 36 Precinct 10","cd_district":3,"house_district":4,"senate_district":2,"bor_district":1,"ccc_district":8},"geometry":{"type":"Polygon","coordinates":[[[-87.76693999958127,41.9168690000044],[-87.76816000008392,41.91685600030422],[-87.76820100017596,41.91805199970008],[-87.776731999682,41.91789399960845],[-87.77682999970466,41.920783999781804],[-87.78317900021068,41.92195599986957],[-87.78811000007641,41.9233569997258],[-87.79040699988309,41.923636000001466],[-87.77206899958463,41.92388499979296],[-87.7719250001386,41.919882999600816],[-87.76701799958096,41.918980000226895],[-87.76693999958127,41.9168690000044]]]}},{"type":"Feature","properties":{"JoinField":"CITY OF CHICAGO:Ward 36 Precinct 11","cd_district":3,"house_district":4,"senate_district":2,"bor_district":1,"ccc_district":8},"geometry":{"type":"Polygon","coordinates":[[[-87.76580600034663,41.91876300011239],[-87.7719250001386,41.919882999600816],[-87.77206899958463,41.92388499979296],[-87.7659909998847,41.923980999723426],[-87.76580600034663,41.91876300011239]]]}},{"type":"Feature","properties":{"JoinField":"CITY OF CHICAGO:Ward 36 Precinct 12","cd_district":3,"house_district":3,"senate_district":2,"bor_district":1,"ccc_district":8},"geometry":{"type":"Polygon","coordinates":[[[-87.75717099964186,41.91716700025688],[-87.76580600034663,41.91876300011239],[-87.7659909998847,41.923980999723426],[-87.75860700021286,41.92407499956164],[-87.75855000028224,41.92224899989151],[-87.75732100026391,41.92226599977613],[-87.75717099964186,41.91716700025688]]]}},{"type":"Feature","properties":{"JoinField":"CITY OF CHICAGO:Ward 36 Precinct 13","cd_district":3,"house_district":4,"senate_district":2,"bor_district":1,"ccc_district":8},"geometry":{"type":"Polygon","coordinates":[[[-87.74130099984126,41.9139060000619],[-87.73622400043723,41.913522000340095],[-87.73619800013756,41.91003699970781],[-87.7459900002383,41.913923999992676],[-87.74601000026126,41.91449300015188],[-87.75589500015411,41.91570899957071],[-87.7559380003384,41.91693400030391],[-87.75717099964186,41.91716700025688],[-87.7572159999184,41.91865100034346],[-87.75353400009396,41.91866299999748],[-87.75337499995624,41.916843999750824],[-87.74945099976378,41.91688900002737],[-87.74943099974081,41.916441000052146],[-87.749259999949,41.9164359998216],[-87.74608300003041,41.91647399977535],[-87.74611100042227,41.91693300025781],[-87.74142200002524,41.91698499995783],[-87.74130099984126,41.9139060000619]]]}},{"type":"Feature","properties":{"JoinField":"CITY OF CHICAGO:Ward 36 Precinct 14","cd_district":3,"house_district":4,"senate_district":2,"bor_district":3,"ccc_district":8},"geometry":{"type":"Polygon","coordinates":[[[-87.73621500002218,41.90522900011831],[-87.7363150001371,41.909529999709775],[-87.73626200039098,41.90976000042372],[-87.73550200041694,41.90975900037762],[-87.73619800013756,41.91003699970781],[-87.73616200027607,41.91157999981721],[-87.73493200021159,41.91159599965573],[-87.73489000007339,41.91027699998364],[-87.7336699995708,41.91029399986826],[-87.73365499977837,41.90977500021614],[-87.73142100017895,41.90980399975484],[-87.73140500034043,41.909316999779776],[-87.73018099965338,41.9093339996644],[-87.73015999958426,41.90863399975933],[-87.72893099956593,41.908652999736205],[-87.72891199958906,41.90804100029197],[-87.72646500005965,41.90807700015347],[-87.72638600001386,41.9053759997027],[-87.73621500002218,41.90522900011831]]]}},{"type":"Feature","properties":{"JoinField":"CITY OF CHICAGO:Ward 36 Precinct 15","cd_district":3,"house_district":4,"senate_district":2,"bor_district":1,"ccc_district":8},"geometry":{"type":"Polygon","coordinates":[[[-87.72387800036938,41.90314700033383],[-87.7239229997466,41.904456999590934],[-87.72574500013161,41.904445999982954],[-87.72576400010848,41.90535599967967],[-87.72639300033666,41.90562899967864],[-87.72646500005965,41.90807700015347],[-87.72583299969313,41.90808000029182],[-87.72580300010833,41.90641399990625],[-87.72530499962602,41.90622700027592],[-87.71972300031615,41.906341000137104],[-87.71965900006279,41.90453300039769],[-87.7190800003417,41.90453899977507],[-87.71977199987788,41.90352299968674],[-87.72147800030945,41.90420599970719],[-87.72144599973308,41.903173999780336],[-87.72387800036938,41.90314700033383]]]}},{"type":"Feature","properties":{"JoinField":"CITY OF CHICAGO:Ward 36 Precinct 16","cd_district":3,"house_district":4,"senate_district":2,"bor_district":3,"ccc_district":1},"geometry":{"type":"Polygon","coordinates":[[[-87.7066010004358,41.89685699985074],[-87.71020999959177,41.89915599974967],[-87.71521400012597,41.89911799979592],[-87.71527800037939,41.900940000180924],[-87.7189370000425,41.90090999969681],[-87.71898100027289,41.90226099994527],[-87.72019899978397,41.90224900029119],[-87.7202149996225,41.902722999666764],[-87.72143099994065,41.90271300010494],[-87.72147800030945,41.90420599970719],[-87.71977199987788,41.90352299968674],[-87.7190800003417,41.90453899977507],[-87.71662300035115,41.90456199993639],[-87.71654500035146,41.90224099992224],[-87.71278300043508,41.90074300008945],[-87.71188400034629,41.90005299974621],[-87.71138399977173,41.90019600004541],[-87.70881299991999,41.899171000441356],[-87.70667400020488,41.89919499974951],[-87.7066010004358,41.89685699985074]]]}},{"type":"Feature","properties":{"JoinField":"CITY OF CHICAGO:Ward 36 Precinct 17","cd_district":7,"house_district":4,"senate_district":2,"bor_district":3,"ccc_district":1},"geometry":{"type":"Polygon","coordinates":[[[-87.69991100039232,41.89562899987851],[-87.70664599981302,41.898311000352464],[-87.70667400020488,41.89919499974951],[-87.7019510000386,41.8992379999338],[-87.70192899992338,41.89802199961565],[-87.70104399958086,41.898032000076796],[-87.70102899978849,41.89661699957492],[-87.70039500022904,41.89633700015247],[-87.70043500027498,41.89803600026124],[-87.69676300001242,41.89807300016889],[-87.69679100040429,41.899283000210346],[-87.69556000029377,41.899288999587725],[-87.69546799964843,41.89565800031653],[-87.69991100039232,41.89562899987851]]]}},{"type":"Feature","properties":{"JoinField":"CITY OF CHICAGO:Ward 36 Precinct 18","cd_district":3,"house_district":4,"senate_district":2,"bor_district":2,"ccc_district":1},"geometry":{"type":"Polygon","coordinates":[[[-87.69546799964843,41.89565800031653],[-87.69556000029377,41.899288999587725],[-87.69432700009094,41.89930300023332],[-87.69434900020616,41.90021900020673],[-87.6918849998928,41.900241000321955],[-87.69177300012382,41.8957019996476],[-87.69546799964843,41.89565800031653]]]}},{"type":"Feature","properties":{"JoinField":"CITY OF CHICAGO:Ward 36 Precinct 19","cd_district":3,"house_district":4,"senate_district":2,"bor_district":2,"ccc_district":1},"geometry":{"type":"Polygon","coordinates":[[[-87.69681499971244,41.90019900018376],[-87.69686800035788,41.90243099969092],[-87.68780499970092,41.90251600001346],[-87.68779099995464,41.90207999969226],[-87.68700599972709,41.902087000015115],[-87.68696000030371,41.900293000021975],[-87.69681499971244,41.90019900018376]]]}},{"type":"Feature","properties":{"JoinField":"CITY OF CHICAGO:Ward 36 Precinct 20","cd_district":3,"house_district":4,"senate_district":2,"bor_district":2,"ccc_district":1},"geometry":{"type":"Polygon","coordinates":[[[-87.69177300012382,41.8957019996476],[-87.6918849998928,41.900241000321955],[-87.68696000030371,41.900293000021975],[-87.68684300030418,41.895742999739696],[-87.69177300012382,41.8957019996476]]]}},{"type":"Feature","properties":{"JoinField":"CITY OF CHICAGO:Ward 36 Precinct 21","cd_district":7,"house_district":4,"senate_district":2,"bor_district":2,"ccc_district":1},"geometry":{"type":"Polygon","coordinates":[[[-87.68738900030206,41.89062900042808],[-87.69306899963459,41.89289100041941],[-87.69991100039232,41.89562899987851],[-87.68684300030418,41.895742999739696],[-87.68669499977437,41.89064800040495],[-87.68738900030206,41.89062900042808]]]}},{"type":"Feature","properties":{"JoinField":"CITY OF CHICAGO:Ward 36 Precinct 22","cd_district":7,"house_district":4,"senate_district":2,"bor_district":2,"ccc_district":1},"geometry":{"type":"Polygon","coordinates":[[[-87.68684300030418,41.895742999739696],[-87.68696000030371,41.900293000021975],[-87.68450999973663,41.90033099997572],[-87.68448600042854,41.8994220003251],[-87.6820460003226,41.89946599965623],[-87.68194900034604,41.895827000016084],[-87.68684300030418,41.895742999739696]]]}},{"type":"Feature","properties":{"JoinField":"CITY OF CHICAGO:Ward 36 Precinct 23","cd_district":7,"house_district":4,"senate_district":2,"bor_district":2,"ccc_district":1},"geometry":{"type":"Polygon","coordinates":[[[-87.68669499977437,41.89064800040495],[-87.68684300030418,41.895742999739696],[-87.68194900034604,41.895827000016084],[-87.68180399995458,41.89074300028926],[-87.68669499977437,41.89064800040495]]]}},{"type":"Feature","properties":{"JoinField":"CITY OF CHICAGO:Ward 36 Precinct 24","cd_district":7,"house_district":4,"senate_district":2,"bor_district":2,"ccc_district":2},"geometry":{"type":"Polygon","coordinates":[[[-87.68194900034604,41.895827000016084],[-87.6820460003226,41.89946599965623],[-87.67715599964964,41.899550999978715],[-87.6770520002496,41.89591200033857],[-87.68194900034604,41.895827000016084]]]}},{"type":"Feature","properties":{"JoinField":"CITY OF CHICAGO:Ward 36 Precinct 25","cd_district":7,"house_district":4,"senate_district":2,"bor_district":2,"ccc_district":1},"geometry":{"type":"Polygon","coordinates":[[[-87.68180399995458,41.89074300028926],[-87.68194900034604,41.895827000016084],[-87.6770520002496,41.89591200033857],[-87.67690899995034,41.89082400042736],[-87.68180399995458,41.89074300028926]]]}},{"type":"Feature","properties":{"JoinField":"CITY OF CHICAGO:Ward 36 Precinct 26","cd_district":7,"house_district":4,"senate_district":2,"bor_district":2,"ccc_district":2},"geometry":{"type":"Polygon","coordinates":[[[-87.6770520002496,41.89591200033857],[-87.67715599964964,41.899550999978715],[-87.67228199971447,41.89963300016291],[-87.67220399971478,41.89690700035783],[-87.67463800044334,41.896858999942935],[-87.67462599988994,41.896419000336664],[-87.67584500034644,41.896404999691015],[-87.67583199974695,41.8959320003616],[-87.6770520002496,41.89591200033857]]]}},{"type":"Feature","properties":{"JoinField":"CITY OF CHICAGO:Ward 36 Precinct 27","cd_district":7,"house_district":4,"senate_district":2,"bor_district":2,"ccc_district":2},"geometry":{"type":"Polygon","coordinates":[[[-87.67690899995034,41.89082400042736],[-87.6770520002496,41.89591200033857],[-87.67583199974695,41.8959320003616],[-87.67584500034644,41.896404999691015],[-87.67462599988994,41.896419000336664],[-87.67463800044334,41.896858999942935],[-87.67220399971478,41.89690700035783],[-87.67202200031505,41.890902999573825],[-87.67690899995034,41.89082400042736]]]}},{"type":"Feature","properties":{"JoinField":"CITY OF CHICAGO:Ward 37 Precinct 01","cd_district":7,"house_district":8,"senate_district":4,"bor_district":3,"ccc_district":1},"geometry":{"type":"Polygon","coordinates":[[[-87.76154299980954,41.88029000028337],[-87.7616090001552,41.882286999745304],[-87.76492600023471,41.882243999560956],[-87.7651810003029,41.88928999983369],[-87.76428200021411,41.88930000029484],[-87.7643469996143,41.89110299980365],[-87.76050300041311,41.891144999941844],[-87.76011899979198,41.880308000214086],[-87.76154299980954,41.88029000028337]]]}},{"type":"Feature","properties":{"JoinField":"CITY OF CHICAGO:Ward 37 Precinct 02","cd_district":3,"house_district":4,"senate_district":2,"bor_district":3,"ccc_district":8},"geometry":{"type":"Polygon","coordinates":[[[-87.74603599966161,41.90598800004619],[-87.74161199979392,41.906050000207415],[-87.74165700007046,41.90775399964741],[-87.74138099993314,41.90967600014733],[-87.73626200039098,41.90976000042372],[-87.73621500002218,41.90522900011831],[-87.72638600001386,41.9053759997027],[-87.72639300033666,41.90562899967864],[-87.72576400010848,41.90535599967967],[-87.72574500013161,41.904445999982954],[-87.7239229997466,41.904456999590934],[-87.72387800036938,41.90314700033383],[-87.72265999995898,41.90315799994181],[-87.72264500016661,41.90270199959764],[-87.7459779996849,41.902351999645134],[-87.74603599966161,41.90598800004619]]]}},{"type":"Feature","properties":{"JoinField":"CITY OF CHICAGO:Ward 37 Precinct 03","cd_district":7,"house_district":8,"senate_district":4,"bor_district":3,"ccc_district":1},"geometry":{"type":"Polygon","coordinates":[[[-87.75533699960283,41.887808999885465],[-87.75559899999382,41.89493600029624],[-87.75070600008178,41.894963999788786],[-87.75044299964469,41.887865999816086],[-87.75533699960283,41.887808999885465]]]}},{"type":"Feature","properties":{"JoinField":"CITY OF CHICAGO:Ward 37 Precinct 04","cd_district":7,"house_district":78,"senate_district":39,"bor_district":3,"ccc_district":1},"geometry":{"type":"Polygon","coordinates":[[[-87.76565399963232,41.90214499999183],[-87.7658479995855,41.907565999970984],[-87.76212000033769,41.90761000020137],[-87.7620639995539,41.9058019995627],[-87.76105899997282,41.90581200002384],[-87.76093200041146,41.90219200036057],[-87.76565399963232,41.90214499999183]]]}},{"type":"Feature","properties":{"JoinField":"CITY OF CHICAGO:Ward 37 Precinct 05","cd_district":7,"house_district":8,"senate_district":4,"bor_district":3,"ccc_district":1},"geometry":{"type":"Polygon","coordinates":[[[-87.74800200039198,41.88788499979296],[-87.75044299964469,41.887865999816086],[-87.75070600008178,41.894963999788786],[-87.74580699989309,41.895003999834785],[-87.7455469995943,41.88778100039292],[-87.74796000025378,41.887757000185445],[-87.74800200039198,41.88788499979296]]]}},{"type":"Feature","properties":{"JoinField":"CITY OF CHICAGO:Ward 37 Precinct 06","cd_district":7,"house_district":8,"senate_district":4,"bor_district":3,"ccc_district":1},"geometry":{"type":"Polygon","coordinates":[[[-87.76083200029655,41.90036699983722],[-87.76105899997282,41.90581200002384],[-87.76081999974315,41.90581500016219],[-87.76087499958152,41.9076249999938],[-87.75590199957759,41.90768600010887],[-87.7557950000392,41.90315499980346],[-87.75826999996048,41.90312900040311],[-87.75819700019139,41.90039400018304],[-87.76083200029655,41.90036699983722]]]}},{"type":"Feature","properties":{"JoinField":"CITY OF CHICAGO:Ward 37 Precinct 07","cd_district":3,"house_district":4,"senate_district":2,"bor_district":3,"ccc_district":1},"geometry":{"type":"Polygon","coordinates":[[[-87.73348099984821,41.89523100041038],[-87.73368300017029,41.902553999967154],[-87.72876399995857,41.902633000013],[-87.72854899993638,41.8953220001103],[-87.73348099984821,41.89523100041038]]]}},{"type":"Feature","properties":{"JoinField":"CITY OF CHICAGO:Ward 37 Precinct 08","cd_district":7,"house_district":8,"senate_district":4,"bor_district":3,"ccc_district":1},"geometry":{"type":"Polygon","coordinates":[[[-87.76064299967464,41.8948899999736],[-87.76083200029655,41.90036699983722],[-87.75328200016412,41.90044299974471],[-87.75315599974954,41.89495600031921],[-87.76064299967464,41.8948899999736]]]}},{"type":"Feature","properties":{"JoinField":"CITY OF CHICAGO:Ward 37 Precinct 09","cd_district":7,"house_district":78,"senate_district":39,"bor_district":3,"ccc_district":1},"geometry":{"type":"Polygon","coordinates":[[[-87.7651810003029,41.88928999983369],[-87.765395000279,41.89485400011205],[-87.76064299967464,41.8948899999736],[-87.76050300041311,41.891144999941844],[-87.7643469996143,41.89110299980365],[-87.76428200021411,41.88930000029484],[-87.7651810003029,41.88928999983369]]]}},{"type":"Feature","properties":{"JoinField":"CITY OF CHICAGO:Ward 37 Precinct 10","cd_district":7,"house_district":8,"senate_district":4,"bor_district":1,"ccc_district":1},"geometry":{"type":"Polygon","coordinates":[[[-87.7557960000853,41.909501000171076],[-87.75572799964743,41.91133700030235],[-87.7606170002743,41.911269999910644],[-87.76070299974361,41.91353199990192],[-87.75581299996992,41.91360899985551],[-87.75589500015411,41.91570899957071],[-87.75285800039637,41.915325999895],[-87.75264699965925,41.90954100021702],[-87.7557960000853,41.909501000171076]]]}},{"type":"Feature","properties":{"JoinField":"CITY OF CHICAGO:Ward 37 Precinct 11","cd_district":7,"house_district":8,"senate_district":4,"bor_district":3,"ccc_district":1},"geometry":{"type":"Polygon","coordinates":[[[-87.76011899979198,41.880308000214086],[-87.76037699999853,41.887742000393075],[-87.75533699960283,41.887808999885465],[-87.75506699974221,41.88037199956818],[-87.76011899979198,41.880308000214086]]]}},{"type":"Feature","properties":{"JoinField":"CITY OF CHICAGO:Ward 37 Precinct 12","cd_district":7,"house_district":8,"senate_district":4,"bor_district":1,"ccc_district":1},"geometry":{"type":"Polygon","coordinates":[[[-87.76212000033769,41.90761000020137],[-87.7658479995855,41.907565999970984],[-87.76588699958535,41.90886399957395],[-87.76572400016244,41.90937899994094],[-87.76299500021906,41.90940900042506],[-87.76306199971145,41.91123600014134],[-87.75572799964743,41.91133700030235],[-87.75567399985516,41.90999200033059],[-87.755925999785,41.90899999955042],[-87.75590199957759,41.90768600010887],[-87.76087499958152,41.9076249999938],[-87.76081999974315,41.90581500016219],[-87.76105899997282,41.90581200002384],[-87.7620639995539,41.9058019995627],[-87.76212000033769,41.90761000020137]]]}},{"type":"Feature","properties":{"JoinField":"CITY OF CHICAGO:Ward 37 Precinct 13","cd_district":7,"house_district":10,"senate_district":5,"bor_district":3,"ccc_district":1},"geometry":{"type":"Polygon","coordinates":[[[-87.72091999975817,41.88520400026448],[-87.72580500020058,41.88546699980225],[-87.72587799996967,41.88833399981428],[-87.72672500035844,41.88905299969622],[-87.72760799970939,41.89091600017332],[-87.72826899961461,41.89148899961771],[-87.73239700022134,41.89194299986963],[-87.73493899963506,41.89246899984454],[-87.73758000001698,41.89339100009465],[-87.74004899966155,41.8946840003664],[-87.7405250000287,41.895101999857445],[-87.72608000029174,41.89536800043294],[-87.72614000036072,41.897201000425866],[-87.72491599967361,41.89720599975715],[-87.7249710004113,41.89903499956563],[-87.72253000025927,41.89905200034957],[-87.72225900035255,41.889899000038895],[-87.72103499966545,41.88990400026944],[-87.72091999975817,41.88520400026448]]]}},{"type":"Feature","properties":{"JoinField":"CITY OF CHICAGO:Ward 37 Precinct 14","cd_district":7,"house_district":8,"senate_district":4,"bor_district":3,"ccc_district":1},"geometry":{"type":"Polygon","coordinates":[[[-87.7557950000392,41.90315499980346],[-87.755925999785,41.90899999955042],[-87.7557960000853,41.909501000171076],[-87.75103499996521,41.90956300033224],[-87.75099499991927,41.90774300003949],[-87.74854200011316,41.90776200001636],[-87.74850200006722,41.905960999700426],[-87.74603599966161,41.90598800004619],[-87.74598500000769,41.90326100019507],[-87.74659700035124,41.90325599996447],[-87.74660599986697,41.903709000170295],[-87.7479770001384,41.90369899970915],[-87.7484510004133,41.903692000285616],[-87.74843999990605,41.9032369999876],[-87.7557950000392,41.90315499980346]]]}},{"type":"Feature","properties":{"JoinField":"CITY OF CHICAGO:Ward 37 Precinct 15","cd_district":7,"house_district":8,"senate_district":4,"bor_district":3,"ccc_district":1},"geometry":{"type":"Polygon","coordinates":[[[-87.74836099986021,41.899571000001686],[-87.74838099988318,41.900491000159604],[-87.75819700019139,41.90039400018304],[-87.75826999996048,41.90312900040311],[-87.74843999990605,41.9032369999876],[-87.7484510004133,41.903692000285616],[-87.74660599986697,41.903709000170295],[-87.74659700035124,41.90325599996447],[-87.74598500000769,41.90326100019507],[-87.7459120002386,41.89959500020916],[-87.74836099986021,41.899571000001686]]]}},{"type":"Feature","properties":{"JoinField":"CITY OF CHICAGO:Ward 37 Precinct 16","cd_district":7,"house_district":8,"senate_district":4,"bor_district":1,"ccc_district":1},"geometry":{"type":"Polygon","coordinates":[[[-87.76572400016244,41.90937899994094],[-87.76553300034766,41.91016400016855],[-87.76580600034663,41.91876300011239],[-87.7559380003384,41.91693400030391],[-87.75581299996992,41.91360899985551],[-87.76070299974361,41.91353199990192],[-87.7606170002743,41.911269999910644],[-87.76306199971145,41.91123600014134],[-87.76299500021906,41.90940900042506],[-87.76572400016244,41.90937899994094]]]}},{"type":"Feature","properties":{"JoinField":"CITY OF CHICAGO:Ward 37 Precinct 17","cd_district":7,"house_district":8,"senate_district":4,"bor_district":3,"ccc_district":1},"geometry":{"type":"Polygon","coordinates":[[[-87.76037699999853,41.887742000393075],[-87.76064299967464,41.8948899999736],[-87.75559899999382,41.89493600029624],[-87.75533699960283,41.887808999885465],[-87.76037699999853,41.887742000393075]]]}},{"type":"Feature","properties":{"JoinField":"CITY OF CHICAGO:Ward 37 Precinct 18","cd_district":7,"house_district":78,"senate_district":39,"bor_district":3,"ccc_district":1},"geometry":{"type":"Polygon","coordinates":[[[-87.765395000279,41.89485400011205],[-87.76565399963232,41.90214499999183],[-87.76093200041146,41.90219200036057],[-87.76064299967464,41.8948899999736],[-87.765395000279,41.89485400011205]]]}},{"type":"Feature","properties":{"JoinField":"CITY OF CHICAGO:Ward 37 Precinct 19","cd_district":3,"house_district":4,"senate_district":2,"bor_district":3,"ccc_district":1},"geometry":{"type":"Polygon","coordinates":[[[-87.72854899993638,41.8953220001103],[-87.72876399995857,41.902633000013],[-87.72264500016661,41.90270199959764],[-87.72253000025927,41.89905200034957],[-87.7249710004113,41.89903499956563],[-87.72491599967361,41.89720599975715],[-87.72614000036072,41.897201000425866],[-87.72608000029174,41.89536800043294],[-87.72854899993638,41.8953220001103]]]}},{"type":"Feature","properties":{"JoinField":"CITY OF CHICAGO:Ward 37 Precinct 20","cd_district":7,"house_district":8,"senate_district":4,"bor_district":3,"ccc_district":1},"geometry":{"type":"Polygon","coordinates":[[[-87.75315599974954,41.89495600031921],[-87.75328200016412,41.90044299974471],[-87.74838099988318,41.900491000159604],[-87.74836099986021,41.899571000001686],[-87.7459120002386,41.89959500020916],[-87.74580699989309,41.895003999834785],[-87.75315599974954,41.89495600031921]]]}},{"type":"Feature","properties":{"JoinField":"CITY OF CHICAGO:Ward 37 Precinct 21","cd_district":3,"house_district":10,"senate_district":5,"bor_district":3,"ccc_district":1},"geometry":{"type":"Polygon","coordinates":[[[-87.74580699989309,41.895003999834785],[-87.7459779996849,41.902351999645134],[-87.73368300017029,41.902553999967154],[-87.73348099984821,41.89523100041038],[-87.74580699989309,41.895003999834785]]]}},{"type":"Feature","properties":{"JoinField":"CITY OF CHICAGO:Ward 37 Precinct 22","cd_district":3,"house_district":8,"senate_district":4,"bor_district":1,"ccc_district":1},"geometry":{"type":"Polygon","coordinates":[[[-87.74854200011316,41.90776200001636],[-87.75099499991927,41.90774300003949],[-87.75103499996521,41.90956300033224],[-87.75264699965925,41.90954100021702],[-87.75285800039637,41.915325999895],[-87.74601000026126,41.91449300015188],[-87.7459900002383,41.913923999992676],[-87.73550200041694,41.90975900037762],[-87.74142500016359,41.90964999984766],[-87.74165700007046,41.90775399964741],[-87.74161199979392,41.906050000207415],[-87.74850200006722,41.905960999700426],[-87.74854200011316,41.90776200001636]]]}},{"type":"Feature","properties":{"JoinField":"CITY OF CHICAGO:Ward 38 Precinct 01","cd_district":5,"house_district":20,"senate_district":10,"bor_district":2,"ccc_district":9},"geometry":{"type":"Polygon","coordinates":[[[-87.84657600008228,41.962484000036625],[-87.84656000024376,41.96640700018298],[-87.83668499991279,41.96659699995166],[-87.83669899965906,41.95935999986415],[-87.84239999995998,41.95927599958776],[-87.84399299967714,41.959553999817274],[-87.84511200001873,41.96011000027636],[-87.8459829997156,41.96087799971997],[-87.84643800001368,41.96175399964744],[-87.84657600008228,41.962484000036625]]]}},{"type":"Feature","properties":{"JoinField":"CITY OF CHICAGO:Ward 38 Precinct 02","cd_district":5,"house_district":20,"senate_district":10,"bor_district":2,"ccc_district":9},"geometry":{"type":"Polygon","coordinates":[[[-87.83296099995016,41.95031299994503],[-87.83673500041988,41.950218000060715],[-87.83674800012005,41.95205500023815],[-87.84765400033183,41.952685999659195],[-87.84739199994078,41.95575800013165],[-87.85800199999227,41.955372000317595],[-87.85880200001225,41.95649499994437],[-87.85880099996615,41.95744399964093],[-87.8556939996783,41.96262000001303],[-87.85576200011616,41.964497000236406],[-87.8548409999122,41.96613800036846],[-87.84656000024376,41.96640700018298],[-87.84657900022063,41.96242500001381],[-87.84643800001368,41.96175399964744],[-87.84615400040678,41.96110500029556],[-87.84569299983207,41.96055400006708],[-87.84399299967714,41.959553999817274],[-87.84239999995998,41.95927599958776],[-87.83267800038936,41.95943799986384],[-87.83182100043877,41.95570100020103],[-87.8317930000469,41.95216399986873],[-87.82934999980262,41.95222600002995],[-87.82927900012572,41.95040899987549],[-87.83112199968048,41.95036100035992],[-87.83105100000358,41.948544000205516],[-87.8326449997669,41.94849999997507],[-87.83289100031936,41.94849399969837],[-87.83296099995016,41.95031299994503]]]}},{"type":"Feature","properties":{"JoinField":"CITY OF CHICAGO:Ward 38 Precinct 03","cd_district":3,"house_district":20,"senate_district":10,"bor_district":2,"ccc_district":9},"geometry":{"type":"Polygon","coordinates":[[[-87.82934999980262,41.95222600002995],[-87.82011400016091,41.95246400021347],[-87.82000799976936,41.94759699970183],[-87.8238279996624,41.94576000042372],[-87.82418700003001,41.94617399973038],[-87.82573799960898,41.94556699961737],[-87.826719999928,41.94553800007867],[-87.82677199962802,41.94684600014284],[-87.83649500014411,41.94657900042057],[-87.83673500041988,41.950218000060715],[-87.83296099995016,41.95031299994503],[-87.83289100031936,41.94849399969837],[-87.83105100000358,41.948544000205516],[-87.83112199968048,41.95036100035992],[-87.82927900012572,41.95040899987549],[-87.82934999980262,41.95222600002995]]]}},{"type":"Feature","properties":{"JoinField":"CITY OF CHICAGO:Ward 38 Precinct 04","cd_district":3,"house_district":20,"senate_district":10,"bor_district":2,"ccc_district":9},"geometry":{"type":"Polygon","coordinates":[[[-87.85524899984142,41.94828399990672],[-87.85507800004962,41.949159999834194],[-87.85411699979966,41.95132799998726],[-87.84776500005466,41.951675999847566],[-87.84765400033183,41.952685999659195],[-87.83674800012005,41.95205500023815],[-87.83649500014411,41.94657900042057],[-87.82677199962802,41.94684600014284],[-87.826719999928,41.94553800007867],[-87.82531599993342,41.94563199991694],[-87.82418700003001,41.94617399973038],[-87.8238279996624,41.94576000042372],[-87.83377100043128,41.94111500025713],[-87.8362109996379,41.94039600037519],[-87.83605999986906,41.93755899994795],[-87.84958799958645,41.93728599994898],[-87.84988899997734,41.937645000316536],[-87.85108400022636,41.93841599989855],[-87.8518840002464,41.93942399961793],[-87.85220899994533,41.94111400021097],[-87.85362699968624,41.94477900015079],[-87.85524899984142,41.94828399990672]]]}},{"type":"Feature","properties":{"JoinField":"CITY OF CHICAGO:Ward 38 Precinct 05","cd_district":3,"house_district":20,"senate_district":10,"bor_district":2,"ccc_district":9},"geometry":{"type":"Polygon","coordinates":[[[-87.8362109996379,41.94039600037519],[-87.83377100043128,41.94111500025713],[-87.82538300032519,41.94506099966543],[-87.82415300026071,41.9450920001957],[-87.82384699963927,41.937790999854826],[-87.83605999986906,41.93755899994795],[-87.8362109996379,41.94039600037519]]]}},{"type":"Feature","properties":{"JoinField":"CITY OF CHICAGO:Ward 38 Precinct 06","cd_district":5,"house_district":20,"senate_district":10,"bor_district":2,"ccc_district":9},"geometry":{"type":"Polygon","coordinates":[[[-87.82011400016091,41.95246400021347],[-87.80972000017783,41.95270799977442],[-87.80955000043213,41.94884999992763],[-87.81690000033473,41.94870699962837],[-87.81692399964282,41.94915499960359],[-87.82000799976936,41.94759699970183],[-87.82011400016091,41.95246400021347]]]}},{"type":"Feature","properties":{"JoinField":"CITY OF CHICAGO:Ward 38 Precinct 07","cd_district":3,"house_district":20,"senate_district":10,"bor_district":2,"ccc_district":9},"geometry":{"type":"Polygon","coordinates":[[[-87.82407000003042,41.94310800043394],[-87.82415300026071,41.9450920001957],[-87.82538300032519,41.94506099966543],[-87.81692399964282,41.94915499960359],[-87.81690000033473,41.94870699962837],[-87.81446899974452,41.948753999997166],[-87.81426999956079,41.94330300043316],[-87.82407000003042,41.94310800043394]]]}},{"type":"Feature","properties":{"JoinField":"CITY OF CHICAGO:Ward 38 Precinct 08","cd_district":3,"house_district":20,"senate_district":10,"bor_district":2,"ccc_district":9},"geometry":{"type":"Polygon","coordinates":[[[-87.82384699963927,41.937790999854826],[-87.82407000003042,41.94310800043394],[-87.81670899962057,41.943252999926074],[-87.81651899985195,41.93793900038463],[-87.82384699963927,41.937790999854826]]]}},{"type":"Feature","properties":{"JoinField":"CITY OF CHICAGO:Ward 38 Precinct 09","cd_district":3,"house_district":20,"senate_district":10,"bor_district":2,"ccc_district":9},"geometry":{"type":"Polygon","coordinates":[[[-87.81426999956079,41.94330300043316],[-87.81446899974452,41.948753999997166],[-87.80955000043213,41.94884999992763],[-87.80972000017783,41.95270799977442],[-87.80726899956466,41.95276499970504],[-87.80700499998073,41.94526500007976],[-87.81182500012363,41.945171000241544],[-87.81171599959367,41.94335199999483],[-87.81426999956079,41.94330300043316]]]}},{"type":"Feature","properties":{"JoinField":"CITY OF CHICAGO:Ward 38 Precinct 10","cd_district":3,"house_district":20,"senate_district":10,"bor_district":2,"ccc_district":9},"geometry":{"type":"Polygon","coordinates":[[[-87.81657799987477,41.93961899961721],[-87.81670899962057,41.943252999926074],[-87.81171599959367,41.94335199999483],[-87.81182500012363,41.945171000241544],[-87.80700499998073,41.94526500007976],[-87.8068120000737,41.93981200042356],[-87.81657799987477,41.93961899961721]]]}},{"type":"Feature","properties":{"JoinField":"CITY OF CHICAGO:Ward 38 Precinct 11","cd_district":5,"house_district":19,"senate_district":10,"bor_district":2,"ccc_district":9},"geometry":{"type":"Polygon","coordinates":[[[-87.80729099967988,41.95386600011585],[-87.79420399961487,41.96007200032261],[-87.7868050001506,41.96021699981475],[-87.78655899959813,41.95291600037319],[-87.79627199965302,41.952742999589816],[-87.80726899956466,41.95276499970504],[-87.80729099967988,41.95386600011585]]]}},{"type":"Feature","properties":{"JoinField":"CITY OF CHICAGO:Ward 38 Precinct 12","cd_district":3,"house_district":19,"senate_district":10,"bor_district":2,"ccc_district":9},"geometry":{"type":"Polygon","coordinates":[[[-87.80344899967156,41.948970000065515],[-87.80713399963435,41.94889900038862],[-87.80726899956466,41.95276499970504],[-87.79627199965302,41.952742999589816],[-87.79606199986137,41.947293000071966],[-87.80338000008692,41.94715199986496],[-87.80344899967156,41.948970000065515]]]}},{"type":"Feature","properties":{"JoinField":"CITY OF CHICAGO:Ward 38 Precinct 13","cd_district":3,"house_district":20,"senate_district":10,"bor_district":2,"ccc_district":9},"geometry":{"type":"Polygon","coordinates":[[[-87.8068120000737,41.93981200042356],[-87.80713399963435,41.94889900038862],[-87.80344899967156,41.948970000065515],[-87.80310199985735,41.939870000400276],[-87.8068120000737,41.93981200042356]]]}},{"type":"Feature","properties":{"JoinField":"CITY OF CHICAGO:Ward 38 Precinct 14","cd_district":3,"house_district":19,"senate_district":10,"bor_district":2,"ccc_district":9},"geometry":{"type":"Polygon","coordinates":[[[-87.80128899988739,41.93989799989282],[-87.80310199985735,41.939870000400276],[-87.80338000008692,41.94715199986496],[-87.79606199986137,41.947293000071966],[-87.79584000041564,41.94181300006994],[-87.79948799957151,41.94174799977043],[-87.79946500030945,41.939928000376995],[-87.80004600012279,41.93991799991579],[-87.80002400000757,41.9394429995948],[-87.80126999991052,41.939437000217424],[-87.80128899988739,41.93989799989282]]]}},{"type":"Feature","properties":{"JoinField":"CITY OF CHICAGO:Ward 38 Precinct 15","cd_district":3,"house_district":19,"senate_district":10,"bor_district":2,"ccc_district":8},"geometry":{"type":"Polygon","coordinates":[[[-87.7921799998071,41.941883999746835],[-87.79232700029081,41.94554899968665],[-87.79598700000003,41.945479000055855],[-87.79627199965302,41.952742999589816],[-87.78655899959813,41.95291600037319],[-87.78620999969172,41.94199400032289],[-87.7921799998071,41.941883999746835]]]}},{"type":"Feature","properties":{"JoinField":"CITY OF CHICAGO:Ward 38 Precinct 16","cd_district":3,"house_district":3,"senate_district":2,"bor_district":2,"ccc_district":8},"geometry":{"type":"Polygon","coordinates":[[[-87.79813199999177,41.93812199983046],[-87.79818799987623,41.939945000261616],[-87.79946500030945,41.939928000376995],[-87.79952000014788,41.94172200037008],[-87.79584000041564,41.94181300006994],[-87.79598700000003,41.945479000055855],[-87.79232700029081,41.94554899968665],[-87.7921799998071,41.941883999746835],[-87.78741999973317,41.94197500034602],[-87.78727300014879,41.93829699980677],[-87.79813199999177,41.93812199983046]]]}},{"type":"Feature","properties":{"JoinField":"CITY OF CHICAGO:Ward 38 Precinct 17","cd_district":5,"house_district":19,"senate_district":10,"bor_district":2,"ccc_district":12},"geometry":{"type":"Polygon","coordinates":[[[-87.78669899975898,41.95656599962126],[-87.78696000010387,41.96303100008066],[-87.78679599973555,41.96348300024033],[-87.78674199994333,41.966538999974944],[-87.78196600003082,41.96660100013611],[-87.78197599959265,41.96471100021256],[-87.77960199983238,41.96474299988961],[-87.77947800040937,41.960770000135426],[-87.78314999977266,41.96072199972059],[-87.78313499998023,41.96026800036799],[-87.78558100036287,41.96023599979162],[-87.78546100022493,41.95658499959808],[-87.78669899975898,41.95656599962126]]]}},{"type":"Feature","properties":{"JoinField":"CITY OF CHICAGO:Ward 38 Precinct 18","cd_district":3,"house_district":19,"senate_district":10,"bor_district":2,"ccc_district":12},"geometry":{"type":"Polygon","coordinates":[[[-87.78655899959813,41.95291600037319],[-87.78669899975898,41.95656599962126],[-87.78546100022493,41.95658499959808],[-87.78558100036287,41.96023599979162],[-87.78313499998023,41.96026800036799],[-87.78314999977266,41.96072199972059],[-87.77947800040937,41.960770000135426],[-87.77934699976419,41.956665999736174],[-87.77811999983811,41.956685999759145],[-87.77800099974633,41.95303200032663],[-87.78655899959813,41.95291600037319]]]}},{"type":"Feature","properties":{"JoinField":"CITY OF CHICAGO:Ward 38 Precinct 19","cd_district":3,"house_district":19,"senate_district":10,"bor_district":2,"ccc_district":8},"geometry":{"type":"Polygon","coordinates":[[[-87.78630699966828,41.945663000447155],[-87.78655899959813,41.95291600037319],[-87.77922100024892,41.953014000395854],[-87.77893899983496,41.94574699982422],[-87.78630699966828,41.945663000447155]]]}},{"type":"Feature","properties":{"JoinField":"CITY OF CHICAGO:Ward 38 Precinct 20","cd_district":3,"house_district":19,"senate_district":10,"bor_district":2,"ccc_district":12},"geometry":{"type":"Polygon","coordinates":[[[-87.77934699976419,41.956665999736174],[-87.77960199983238,41.96474299988961],[-87.77716099968035,41.964778999751104],[-87.77708199963456,41.96222399973783],[-87.7734139995564,41.96227200015272],[-87.77336800013308,41.960855999604746],[-87.77275599978952,41.9608639999737],[-87.77280300015832,41.9622789995762],[-87.77219199986087,41.96228799999125],[-87.77201099960791,41.956766999897184],[-87.77934699976419,41.956665999736174]]]}},{"type":"Feature","properties":{"JoinField":"CITY OF CHICAGO:Ward 38 Precinct 21","cd_district":3,"house_district":19,"senate_district":10,"bor_district":2,"ccc_district":12},"geometry":{"type":"Polygon","coordinates":[[[-87.77800099974633,41.95303200032663],[-87.77811999983811,41.956685999759145],[-87.76712299992647,41.9568320001967],[-87.76718400004154,41.958655999774635],[-87.76225600031415,41.95871599984355],[-87.7620760001073,41.95324300016438],[-87.77800099974633,41.95303200032663]]]}},{"type":"Feature","properties":{"JoinField":"CITY OF CHICAGO:Ward 38 Precinct 22","cd_district":3,"house_district":19,"senate_district":10,"bor_district":2,"ccc_district":8},"geometry":{"type":"Polygon","coordinates":[[[-87.77893899983496,41.94574699982422],[-87.77922100024892,41.953014000395854],[-87.77677499986629,41.95305599963473],[-87.77659200042046,41.9480469997693],[-87.76927300014881,41.94812999999954],[-87.76922499973392,41.94676299991255],[-87.76678799976634,41.946790000258375],[-87.76675600008929,41.94587700042331],[-87.77893899983496,41.94574699982422]]]}},{"type":"Feature","properties":{"JoinField":"CITY OF CHICAGO:Ward 38 Precinct 23","cd_district":3,"house_district":19,"senate_district":10,"bor_district":2,"ccc_district":8},"geometry":{"type":"Polygon","coordinates":[[[-87.76922499973392,41.94676299991255],[-87.76927300014881,41.94812999999954],[-87.77659200042046,41.9480469997693],[-87.77677499986629,41.95305599963473],[-87.76699999965024,41.95318500018766],[-87.76678799976634,41.946790000258375],[-87.76922499973392,41.94676299991255]]]}},{"type":"Feature","properties":{"JoinField":"CITY OF CHICAGO:Ward 38 Precinct 24","cd_district":3,"house_district":19,"senate_district":10,"bor_district":2,"ccc_district":12},"geometry":{"type":"Polygon","coordinates":[[[-87.77201099960791,41.956766999897184],[-87.77219199986087,41.96228799999125],[-87.77280300015832,41.9622789995762],[-87.77275599978952,41.9608639999737],[-87.77336800013308,41.960855999604746],[-87.7734139995564,41.96227200015272],[-87.77708199963456,41.96222399973783],[-87.7771649998648,41.96491599977361],[-87.76739199974094,41.96504500032654],[-87.76712299992647,41.9568320001967],[-87.77201099960791,41.956766999897184]]]}},{"type":"Feature","properties":{"JoinField":"CITY OF CHICAGO:Ward 38 Precinct 25","cd_district":3,"house_district":19,"senate_district":10,"bor_district":2,"ccc_district":12},"geometry":{"type":"Polygon","coordinates":[[[-87.7620760001073,41.95324300016438],[-87.76225600031415,41.95871599984355],[-87.7573259995952,41.95877599991252],[-87.75728400035632,41.957404999641085],[-87.75246800039787,41.95746499971],[-87.75207200012267,41.95701300044965],[-87.75278799986626,41.9570040000346],[-87.75233499966049,41.95647199978299],[-87.7521930003067,41.9551859998341],[-87.75230199993729,41.955184999787946],[-87.75223899973003,41.95336000016391],[-87.7620760001073,41.95324300016438]]]}},{"type":"Feature","properties":{"JoinField":"CITY OF CHICAGO:Ward 39 Precinct 01","cd_district":5,"house_district":15,"senate_district":8,"bor_district":2,"ccc_district":10},"geometry":{"type":"Polygon","coordinates":[[[-87.74084100021196,41.98519599969569],[-87.74832299990646,41.98875900032766],[-87.74832600004481,41.98993599974665],[-87.73289499980439,41.99008000009201],[-87.73417799961493,41.988292000375566],[-87.74084100021196,41.98519599969569]]]}},{"type":"Feature","properties":{"JoinField":"CITY OF CHICAGO:Ward 39 Precinct 02","cd_district":5,"house_district":15,"senate_district":8,"bor_district":2,"ccc_district":10},"geometry":{"type":"Polygon","coordinates":[[[-87.72843299998294,41.98283200039657],[-87.72863999963624,41.990134999930376],[-87.7188620001811,41.99026300043715],[-87.71865499962848,41.982939999981056],[-87.72843299998294,41.98283200039657]]]}},{"type":"Feature","properties":{"JoinField":"CITY OF CHICAGO:Ward 39 Precinct 03","cd_district":5,"house_district":19,"senate_district":10,"bor_district":2,"ccc_district":12},"geometry":{"type":"Polygon","coordinates":[[[-87.73249999957528,41.954500999721404],[-87.74093099986572,41.95914599988805],[-87.74361200029352,41.96076699999708],[-87.73272099987423,41.96089200036556],[-87.73263799964394,41.95906999998056],[-87.73182299983154,41.9590800004417],[-87.7317140002009,41.955429000248216],[-87.73252599987495,41.95541699969482],[-87.73249999957528,41.954500999721404]]]}},{"type":"Feature","properties":{"JoinField":"CITY OF CHICAGO:Ward 39 Precinct 04","cd_district":5,"house_district":15,"senate_district":8,"bor_district":2,"ccc_district":10},"geometry":{"type":"Polygon","coordinates":[[[-87.74652199959058,41.98187700042331],[-87.74736399974876,41.98317500002628],[-87.74825699956085,41.983567000117034],[-87.74832299990646,41.98875900032766],[-87.74084100021196,41.98519599969569],[-87.73417799961493,41.988292000375566],[-87.73289499980439,41.99008000009201],[-87.73186199983138,41.99009399983828],[-87.73834999955278,41.98162699968634],[-87.74082200023508,41.978166000160854],[-87.74113300018774,41.97869899955924],[-87.74079599993541,41.97960299987858],[-87.74077099968184,41.980197000291355],[-87.74162400034731,41.98101500024211],[-87.74306700034174,41.981821999685565],[-87.74431200019859,41.98215000042222],[-87.74652199959058,41.98187700042331]]]}},{"type":"Feature","properties":{"JoinField":"CITY OF CHICAGO:Ward 39 Precinct 05","cd_district":5,"house_district":15,"senate_district":8,"bor_district":2,"ccc_district":12},"geometry":{"type":"Polygon","coordinates":[[[-87.73928000017185,41.971767000047066],[-87.7393780001945,41.97541600014836],[-87.7319199998081,41.975492000055795],[-87.73183100020049,41.971845000046756],[-87.73928000017185,41.971767000047066]]]}},{"type":"Feature","properties":{"JoinField":"CITY OF CHICAGO:Ward 39 Precinct 06","cd_district":3,"house_district":15,"senate_district":8,"bor_district":2,"ccc_district":12},"geometry":{"type":"Polygon","coordinates":[[[-87.73363199961705,41.96363900023971],[-87.7378509999237,41.96654000002104],[-87.74016499961499,41.96810800038395],[-87.73047799985977,41.96821499992234],[-87.73038700015991,41.96564099993225],[-87.73112900020317,41.9656359997017],[-87.73363199961705,41.96363900023971]]]}},{"type":"Feature","properties":{"JoinField":"CITY OF CHICAGO:Ward 39 Precinct 07","cd_district":3,"house_district":15,"senate_district":8,"bor_district":2,"ccc_district":12},"geometry":{"type":"Polygon","coordinates":[[[-87.73917599987249,41.968121000084125],[-87.73928000017185,41.971767000047066],[-87.73429899979897,41.97181300036971],[-87.7342009997763,41.9681739998303],[-87.73917599987249,41.968121000084125]]]}},{"type":"Feature","properties":{"JoinField":"CITY OF CHICAGO:Ward 39 Precinct 08","cd_district":3,"house_district":15,"senate_district":8,"bor_district":2,"ccc_district":12},"geometry":{"type":"Polygon","coordinates":[[[-87.7342009997763,41.9681739998303],[-87.73429899979897,41.97181300036971],[-87.73183100020049,41.971845000046756],[-87.7319199998081,41.975492000055795],[-87.72823299975312,41.97553200010179],[-87.72802800019201,41.96824200026816],[-87.7342009997763,41.9681739998303]]]}},{"type":"Feature","properties":{"JoinField":"CITY OF CHICAGO:Ward 39 Precinct 09","cd_district":5,"house_district":15,"senate_district":8,"bor_district":2,"ccc_district":12},"geometry":{"type":"Polygon","coordinates":[[[-87.74016499961499,41.96810800038395],[-87.74445699969073,41.97075099995874],[-87.74186599981601,41.97309500013421],[-87.74185800034638,41.97354400015553],[-87.74062200000526,41.97356100004015],[-87.74055699970575,41.97175500039299],[-87.73928000017185,41.971767000047066],[-87.73917599987249,41.968121000084125],[-87.74016499961499,41.96810800038395]]]}},{"type":"Feature","properties":{"JoinField":"CITY OF CHICAGO:Ward 39 Precinct 10","cd_district":3,"house_district":15,"senate_district":8,"bor_district":2,"ccc_district":12},"geometry":{"type":"Polygon","coordinates":[[[-87.72445399995212,41.97010299975369],[-87.72459800029742,41.975570000055484],[-87.72432400025235,41.97557400023999],[-87.72302799984226,41.974585999644205],[-87.72185000037717,41.974134000383856],[-87.71989800029246,41.9738459996932],[-87.7164430001443,41.972011999654114],[-87.72079700038125,41.97196500018464],[-87.72074699987411,41.97014399984579],[-87.72344400014043,41.97011200016874],[-87.72445399995212,41.97010299975369]]]}},{"type":"Feature","properties":{"JoinField":"CITY OF CHICAGO:Ward 39 Precinct 11","cd_district":5,"house_district":15,"senate_district":8,"bor_district":2,"ccc_district":12},"geometry":{"type":"Polygon","coordinates":[[[-87.74782600036957,41.969397999618025],[-87.74790100023091,41.97276800034297],[-87.74825699956085,41.983567000117034],[-87.74736399974876,41.98317500002628],[-87.74695699986563,41.98234300032925],[-87.74652199959058,41.98187700042331],[-87.74431200019859,41.98215000042222],[-87.74306700034174,41.981821999685565],[-87.74162400034731,41.98101500024211],[-87.74100699977316,41.98053199955217],[-87.74072400021242,41.97998899969264],[-87.74113300018774,41.97869899955924],[-87.74104899991136,41.978369999675806],[-87.74028599979903,41.977870000000564],[-87.73797500024602,41.97707900039558],[-87.73810299985354,41.97542799980238],[-87.7393780001945,41.97541600014836],[-87.73928000017185,41.971767000047066],[-87.74055699970575,41.97175500039299],[-87.74062200000526,41.97356100004015],[-87.74185800034638,41.97354400015553],[-87.74186599981601,41.97309500013421],[-87.74445699969073,41.97075099995874],[-87.74016499961499,41.96810800038395],[-87.74772200007021,41.96802900033816],[-87.74755899974798,41.9685350002901],[-87.74782600036957,41.969397999618025]]]}},{"type":"Feature","properties":{"JoinField":"CITY OF CHICAGO:Ward 39 Precinct 12","cd_district":5,"house_district":15,"senate_district":8,"bor_district":2,"ccc_district":10},"geometry":{"type":"Polygon","coordinates":[[[-87.71495900005777,41.982989000442046],[-87.71520299961873,41.99030899986053],[-87.70916499996474,41.99038399972187],[-87.70698200001925,41.98308000014197],[-87.71495900005777,41.982989000442046]]]}},{"type":"Feature","properties":{"JoinField":"CITY OF CHICAGO:Ward 39 Precinct 13","cd_district":5,"house_district":15,"senate_district":8,"bor_district":2,"ccc_district":12},"geometry":{"type":"Polygon","coordinates":[[[-87.74734699986413,41.96245899978305],[-87.74696300014233,41.9629000003348],[-87.74761300043957,41.964295999960484],[-87.74772200007021,41.96802900033816],[-87.74016499961499,41.96810800038395],[-87.737519999948,41.96631100025252],[-87.7386030004281,41.96630099979137],[-87.7384250003135,41.9608290001583],[-87.74454099996711,41.96075600038915],[-87.74734699986413,41.96245899978305]]]}},{"type":"Feature","properties":{"JoinField":"CITY OF CHICAGO:Ward 39 Precinct 14","cd_district":5,"house_district":15,"senate_district":8,"bor_district":2,"ccc_district":10},"geometry":{"type":"Polygon","coordinates":[[[-87.74868100022792,41.9899329996083],[-87.75023099976079,41.990083000230356],[-87.75131999961826,41.99037800034449],[-87.750981000173,41.99430399972988],[-87.75021900010671,41.997296000110396],[-87.73900700017288,41.9972499997877],[-87.7369879996964,41.990976000042394],[-87.73681799995069,41.99003299972321],[-87.74868100022792,41.9899329996083]]]}},{"type":"Feature","properties":{"JoinField":"CITY OF CHICAGO:Ward 39 Precinct 15","cd_district":5,"house_district":15,"senate_district":8,"bor_district":2,"ccc_district":10},"geometry":{"type":"Polygon","coordinates":[[[-87.72843299998294,41.98283200039657],[-87.71865499962848,41.982939999981056],[-87.7188620001811,41.99026300043715],[-87.71520299961873,41.99030899986053],[-87.71477599971257,41.97567799964003],[-87.72823299975312,41.97553200010179],[-87.72843299998294,41.98283200039657]]]}},{"type":"Feature","properties":{"JoinField":"CITY OF CHICAGO:Ward 39 Precinct 16","cd_district":5,"house_district":15,"senate_district":8,"bor_district":2,"ccc_district":12},"geometry":{"type":"Polygon","coordinates":[[[-87.7384250003135,41.9608290001583],[-87.7386030004281,41.96630099979137],[-87.737519999948,41.96631100025252],[-87.72969299963216,41.96092700018096],[-87.7384250003135,41.9608290001583]]]}},{"type":"Feature","properties":{"JoinField":"CITY OF CHICAGO:Ward 39 Precinct 17","cd_district":5,"house_district":15,"senate_district":8,"bor_district":2,"ccc_district":10},"geometry":{"type":"Polygon","coordinates":[[[-87.77278300013529,41.98732199971056],[-87.78372500020856,41.99299300042668],[-87.78745999977912,41.996911000342436],[-87.7874429998945,41.99735600017931],[-87.77997399990016,41.99741400015603],[-87.77982900040803,41.996893999558495],[-87.77924899974153,41.996698999559214],[-87.77839399988318,41.997077999949795],[-87.77736500009462,41.996951000388435],[-87.77677099968184,41.99720400036438],[-87.77577100033136,41.996643999720845],[-87.7738509999237,41.99698400011158],[-87.7722790002756,41.9967890001123],[-87.77150899984042,41.99642000018292],[-87.77122999956481,41.99564899970164],[-87.77125399977223,41.995139999611354],[-87.77150200041694,41.9946890003971],[-87.77224899979149,41.9940450003765],[-87.77355999999395,41.993538000378464],[-87.7737390001547,41.99311999998804],[-87.77342199992535,41.99232200006031],[-87.77298499955805,41.99185099992377],[-87.7722790002756,41.991568000362975],[-87.77107399956537,41.9913999998102],[-87.77094700000401,41.99107199997286],[-87.77148100034788,41.99082999960484],[-87.77174399988564,41.99014000016092],[-87.77299299992694,41.990196000045444],[-87.77342099987919,41.989865000069756],[-87.77199699986164,41.989120999934244],[-87.77278300013529,41.98732199971056]]]}},{"type":"Feature","properties":{"JoinField":"CITY OF CHICAGO:Ward 39 Precinct 18","cd_district":5,"house_district":19,"senate_district":10,"bor_district":2,"ccc_district":10},"geometry":{"type":"Polygon","coordinates":[[[-87.77838500036745,41.99021700011451],[-87.78759999994003,41.990192999907094],[-87.78745999977912,41.996911000342436],[-87.78372500020856,41.99299300042668],[-87.77838500036745,41.99021700011451]]]}},{"type":"Feature","properties":{"JoinField":"CITY OF CHICAGO:Ward 39 Precinct 19","cd_district":5,"house_district":15,"senate_district":8,"bor_district":2,"ccc_district":10},"geometry":{"type":"Polygon","coordinates":[[[-87.71477599971257,41.97567799964003],[-87.71495900005777,41.982989000442046],[-87.7088770001734,41.98306799958857],[-87.70868100012802,41.97574800017014],[-87.71477599971257,41.97567799964003]]]}},{"type":"Feature","properties":{"JoinField":"CITY OF CHICAGO:Ward 39 Precinct 20","cd_district":5,"house_district":19,"senate_district":10,"bor_district":2,"ccc_district":10},"geometry":{"type":"Polygon","coordinates":[[[-87.75495399992712,41.97722199979552],[-87.7639639999386,41.98274600002793],[-87.77278300013529,41.98732199971056],[-87.77199699986164,41.989120999934244],[-87.77342099987919,41.989865000069756],[-87.77299299992694,41.990196000045444],[-87.77174399988564,41.99014000016092],[-87.77148100034788,41.99082999960484],[-87.77089300021174,41.99119800038744],[-87.77107399956537,41.9913999998102],[-87.77279899997382,41.99172500040851],[-87.77342199992535,41.99232200006031],[-87.77367199976294,41.99292600003491],[-87.77336800013308,41.992951000288485],[-87.77205199970001,41.99185500010822],[-87.77080999998145,41.99160999960185],[-87.77043899995982,41.9911819996496],[-87.76954700019388,41.99112000038775],[-87.76909099984971,41.99064700015896],[-87.76884800033491,41.990610000251365],[-87.76803799985379,41.99103199992692],[-87.7672739996953,41.99081199967412],[-87.76603800025345,41.99078800036597],[-87.76586899965457,41.991676999993615],[-87.76447900030558,41.99544400014054],[-87.75495399992712,41.97722199979552]]]}},{"type":"Feature","properties":{"JoinField":"CITY OF CHICAGO:Ward 39 Precinct 21","cd_district":5,"house_district":19,"senate_district":10,"bor_district":2,"ccc_district":12},"geometry":{"type":"Polygon","coordinates":[[[-87.73249999957528,41.954500999721404],[-87.73252599987495,41.95541699969482],[-87.7317140002009,41.955429000248216],[-87.73182299983154,41.9590800004417],[-87.73263799964394,41.95906999998056],[-87.73272099987423,41.96089200036556],[-87.72782799996219,41.96094700020393],[-87.72761800017054,41.95366199970158],[-87.73093900043449,41.953618000370454],[-87.73249999957528,41.954500999721404]]]}},{"type":"Feature","properties":{"JoinField":"CITY OF CHICAGO:Ward 39 Precinct 22","cd_district":5,"house_district":15,"senate_district":8,"bor_district":2,"ccc_district":10},"geometry":{"type":"Polygon","coordinates":[[[-87.73399900035355,41.99059999979022],[-87.73371799998569,41.99099800015762],[-87.73377499991625,41.99724300036422],[-87.72890900035003,41.99725299992605],[-87.72886400007349,41.99121300017987],[-87.72863999963624,41.990134999930376],[-87.73289499980439,41.99008000009201],[-87.73399900035355,41.99059999979022]]]}},{"type":"Feature","properties":{"JoinField":"CITY OF CHICAGO:Ward 39 Precinct 23","cd_district":5,"house_district":15,"senate_district":8,"bor_district":2,"ccc_district":10},"geometry":{"type":"Polygon","coordinates":[[[-87.77997399990016,41.99741400015603],[-87.77514400019544,41.99743500022515],[-87.77012599991491,41.99714000011096],[-87.76576800039288,41.99734899985651],[-87.76459700035127,41.99512199968058],[-87.76586899965457,41.991676999993615],[-87.76603800025345,41.99078800036597],[-87.7672739996953,41.99081199967412],[-87.76803799985379,41.99103199992692],[-87.76889299971214,41.99060299992857],[-87.76968500026254,41.991176000272276],[-87.77043899995982,41.9911819996496],[-87.77080999998145,41.99160999960185],[-87.77205199970001,41.99185500010822],[-87.77336800013308,41.992951000288485],[-87.77367199976294,41.99292600003491],[-87.7737390001547,41.99311999998804],[-87.77355999999395,41.993538000378464],[-87.77200700032279,41.99420100037594],[-87.77125399977223,41.995139999611354],[-87.77126100009502,41.99593200016176],[-87.77170099970135,41.99654699974428],[-87.77260099983624,41.996861999881446],[-87.7738509999237,41.99698400011158],[-87.77577100033136,41.996643999720845],[-87.77677099968184,41.99720400036438],[-87.77736500009462,41.996951000388435],[-87.77839399988318,41.997077999949795],[-87.77924899974153,41.996698999559214],[-87.77982900040803,41.996893999558495],[-87.77997399990016,41.99741400015603]]]}},{"type":"Feature","properties":{"JoinField":"CITY OF CHICAGO:Ward 39 Precinct 24","cd_district":3,"house_district":19,"senate_district":10,"bor_district":2,"ccc_district":12},"geometry":{"type":"Polygon","coordinates":[[[-87.72205099975378,41.95502899978857],[-87.72281199977391,41.955541000017206],[-87.72766899982446,41.95547699976379],[-87.72782799996219,41.96094700020393],[-87.72415799979183,41.960991999581154],[-87.72410500004565,41.95917200018772],[-87.72287499998123,41.95918699998009],[-87.72282000014286,41.957364999595086],[-87.72159500030898,41.95738000028683],[-87.72152499977886,41.95503600011136],[-87.72205099975378,41.95502899978857]]]}},{"type":"Feature","properties":{"JoinField":"CITY OF CHICAGO:Ward 39 Precinct 25","cd_district":3,"house_district":15,"senate_district":8,"bor_district":2,"ccc_district":12},"geometry":{"type":"Polygon","coordinates":[[[-87.72441700004447,41.968738999805055],[-87.72804199993828,41.96869899975911],[-87.72823299975312,41.97553200010179],[-87.72459800029742,41.975570000055484],[-87.72441700004447,41.968738999805055]]]}},{"type":"Feature","properties":{"JoinField":"CITY OF CHICAGO:Ward 39 Precinct 26","cd_district":3,"house_district":19,"senate_district":10,"bor_district":2,"ccc_district":12},"geometry":{"type":"Polygon","coordinates":[[[-87.72969299963216,41.96092700018096],[-87.73363199961705,41.96363900023971],[-87.73112900020317,41.9656359997017],[-87.73038700015991,41.96564099993225],[-87.73047799985977,41.96821499992234],[-87.72802800019201,41.96824200026816],[-87.72801400044574,41.96778499987789],[-87.72739299968714,41.96779400029294],[-87.7273189998719,41.9646009996365],[-87.7279280000771,41.96459400021297],[-87.72782799996219,41.96094700020393],[-87.72969299963216,41.96092700018096]]]}},{"type":"Feature","properties":{"JoinField":"CITY OF CHICAGO:Ward 39 Precinct 27","cd_district":5,"house_district":15,"senate_district":8,"bor_district":2,"ccc_district":10},"geometry":{"type":"Polygon","coordinates":[[[-87.7288270001659,41.99081499981247],[-87.72890900035003,41.99725299992605],[-87.72278899961259,41.997264999580125],[-87.72274600032762,41.996790000158455],[-87.7233559996796,41.99680599999698],[-87.72329699965678,41.99372099982435],[-87.72205900012273,41.993721999870445],[-87.72199099968486,41.99068400006661],[-87.72136799973339,41.99066400004364],[-87.72135700012541,41.99022999981469],[-87.72863999963624,41.990134999930376],[-87.7288270001659,41.99081499981247]]]}},{"type":"Feature","properties":{"JoinField":"CITY OF CHICAGO:Ward 39 Precinct 28","cd_district":3,"house_district":15,"senate_district":8,"bor_district":2,"ccc_district":12},"geometry":{"type":"Polygon","coordinates":[[[-87.71492700038073,41.971795999585765],[-87.71604799991525,41.971911000392424],[-87.71989800029246,41.9738459996932],[-87.721434000079,41.97403999964632],[-87.72263299961321,41.97441799999075],[-87.72333000027925,41.97477700035836],[-87.72417399963035,41.975575000286085],[-87.70868100012802,41.97574800017014],[-87.708629000428,41.97391700026941],[-87.71091199958909,41.97378400043135],[-87.71106500034944,41.9735640001785],[-87.71102100011905,41.97205299974621],[-87.71492700038073,41.971795999585765]]]}},{"type":"Feature","properties":{"JoinField":"CITY OF CHICAGO:Ward 39 Precinct 29","cd_district":5,"house_district":15,"senate_district":8,"bor_district":2,"ccc_district":12},"geometry":{"type":"Polygon","coordinates":[[[-87.73810299985354,41.97542799980238],[-87.73797500024602,41.97707900039558],[-87.74082200023508,41.978166000160854],[-87.73834999955278,41.98162699968634],[-87.7379930001768,41.9790499995579],[-87.72833099977578,41.97908999960384],[-87.72823299975312,41.97553200010179],[-87.73810299985354,41.97542799980238]]]}},{"type":"Feature","properties":{"JoinField":"CITY OF CHICAGO:Ward 39 Precinct 30","cd_district":5,"house_district":15,"senate_district":8,"bor_district":2,"ccc_district":10},"geometry":{"type":"Polygon","coordinates":[[[-87.73834999955278,41.98162699968634],[-87.73186199983138,41.99009399983828],[-87.72863999963624,41.990134999930376],[-87.72833099977578,41.97908999960384],[-87.7379930001768,41.9790499995579],[-87.73834999955278,41.98162699968634]]]}},{"type":"Feature","properties":{"JoinField":"CITY OF CHICAGO:Ward 39 Precinct 31","cd_district":5,"house_district":15,"senate_district":8,"bor_district":2,"ccc_district":10},"geometry":{"type":"Polygon","coordinates":[[[-87.73681799995069,41.99003299972321],[-87.7369879996964,41.990976000042394],[-87.73900700017288,41.9972499997877],[-87.73377499991625,41.99724300036422],[-87.73371799998569,41.99099800015762],[-87.73399900035355,41.99059999979022],[-87.73289499980439,41.99008000009201],[-87.73681799995069,41.99003299972321]]]}},{"type":"Feature","properties":{"JoinField":"CITY OF CHICAGO:Ward 39 Precinct 32","cd_district":5,"house_district":15,"senate_district":8,"bor_district":2,"ccc_district":10},"geometry":{"type":"Polygon","coordinates":[[[-87.74791199983889,41.97288100015811],[-87.75495399992712,41.97722199979552],[-87.76447900030558,41.99544400014054],[-87.76421399977625,41.996137999768905],[-87.75311299956525,41.99100000024987],[-87.75332600039457,41.989973999700396],[-87.75297000016536,41.98952899986352],[-87.75171199970896,41.98860200028213],[-87.75153999987106,41.987257000310365],[-87.75131999961826,41.99037800034449],[-87.74983600043106,41.99001699988469],[-87.74832600004481,41.98993599974665],[-87.74791199983889,41.97288100015811]]]}},{"type":"Feature","properties":{"JoinField":"CITY OF CHICAGO:Ward 39 Precinct 33","cd_district":5,"house_district":15,"senate_district":8,"bor_district":2,"ccc_district":10},"geometry":{"type":"Polygon","coordinates":[[[-87.75726999971067,41.99289799964305],[-87.76421399977625,41.996137999768905],[-87.76459700035127,41.99512199968058],[-87.76576800039288,41.99734899985651],[-87.7579020000772,41.99731600013337],[-87.75781000033123,41.9974269998562],[-87.75645499989827,41.99731299999502],[-87.7567540001969,41.99696800027306],[-87.75469999990503,41.99599899965415],[-87.75726999971067,41.99289799964305]]]}},{"type":"Feature","properties":{"JoinField":"CITY OF CHICAGO:Ward 39 Precinct 34","cd_district":5,"house_district":15,"senate_district":8,"bor_district":2,"ccc_district":10},"geometry":{"type":"Polygon","coordinates":[[[-87.75335700002552,41.990138000068725],[-87.75311299956525,41.99100000024987],[-87.75726999971067,41.99289799964305],[-87.75469999990503,41.99599899965415],[-87.7567540001969,41.99696800027306],[-87.75645499989827,41.99731299999502],[-87.75021900010671,41.997296000110396],[-87.750981000173,41.99430399972988],[-87.75153999987106,41.987257000310365],[-87.75171199970896,41.98860200028213],[-87.75297000016536,41.98952899986352],[-87.75335700002552,41.990138000068725]]]}},{"type":"Feature","properties":{"JoinField":"CITY OF CHICAGO:Ward 39 Precinct 35","cd_district":5,"house_district":15,"senate_district":8,"bor_district":2,"ccc_district":10},"geometry":{"type":"Polygon","coordinates":[[[-87.7088770001734,41.98306799958857],[-87.69915699979566,41.98312100023401],[-87.6989229997966,41.97581799980088],[-87.70868100012802,41.97574800017014],[-87.7088770001734,41.98306799958857]]]}},{"type":"Feature","properties":{"JoinField":"CITY OF CHICAGO:Ward 40 Precinct 01","cd_district":9,"house_district":18,"senate_district":9,"bor_district":2,"ccc_district":13},"geometry":{"type":"Polygon","coordinates":[[[-87.69494699990406,42.004947000403774],[-87.69496599988094,42.00855899969815],[-87.69016299962271,42.00865499962856],[-87.69014699978419,42.00805099965396],[-87.68808399997658,42.00814000016095],[-87.68801500039194,42.00629300042169],[-87.68385500010811,42.00637499970651],[-87.68381600010827,42.00514300044915],[-87.6900709998767,42.005032999873094],[-87.69009199994582,42.00592799977744],[-87.69070300024322,42.00591900026171],[-87.6906790000358,42.00502300031127],[-87.69494699990406,42.004947000403774]]]}},{"type":"Feature","properties":{"JoinField":"CITY OF CHICAGO:Ward 40 Precinct 02","cd_district":9,"house_district":16,"senate_district":8,"bor_district":2,"ccc_district":13},"geometry":{"type":"Polygon","coordinates":[[[-87.68993099971584,41.9995440003554],[-87.6900709998767,42.005032999873094],[-87.68381600010827,42.00514300044915],[-87.68385500010811,42.00637499970651],[-87.68801500039194,42.00629300042169],[-87.68808399997658,42.00814000016095],[-87.68242199967551,42.008385999814095],[-87.68265899981293,42.00892799962753],[-87.68189100036932,42.00896100025],[-87.67793799973884,42.00035700007555],[-87.68021500042187,42.00031499993736],[-87.68021000019132,42.00014400014555],[-87.68750800039385,42.00003499961559],[-87.68749599984051,41.999585999594274],[-87.68847099983674,41.9995679996635],[-87.68993099971584,41.9995440003554]]]}},{"type":"Feature","properties":{"JoinField":"CITY OF CHICAGO:Ward 40 Precinct 03","cd_district":9,"house_district":16,"senate_district":8,"bor_district":2,"ccc_district":13},"geometry":{"type":"Polygon","coordinates":[[[-87.67989500005416,41.99308800031099],[-87.67992699973121,41.99426299963778],[-87.68238899995237,41.99421900030666],[-87.68257300034367,41.997853999762356],[-87.67683700022735,41.99795900010781],[-87.67976000012385,42.00430599962226],[-87.6751960000953,42.004367999783426],[-87.67511800009561,42.00164600016285],[-87.67185699990057,42.00170400013957],[-87.67030400022941,41.99694099992723],[-87.67019399965335,41.99565399993219],[-87.67548800007108,41.99555299977118],[-87.675325999795,41.99316600031074],[-87.67989500005416,41.99308800031099]]]}},{"type":"Feature","properties":{"JoinField":"CITY OF CHICAGO:Ward 40 Precinct 04","cd_district":5,"house_district":13,"senate_district":7,"bor_district":2,"ccc_district":10},"geometry":{"type":"Polygon","coordinates":[[[-87.69673200038147,41.98313199984199],[-87.69794599970811,41.983126999611386],[-87.69798000037667,41.984256999560955],[-87.69921799991073,41.98492499978897],[-87.6992379999337,41.9855449996021],[-87.70331199984889,41.98796699977726],[-87.70297300040363,41.988340999937236],[-87.70303999989602,41.990422999721716],[-87.69818099975328,41.99045000006748],[-87.69829999984506,41.99399299977716],[-87.69586399992363,41.994021000169084],[-87.69573500027002,41.98996100000022],[-87.69695099968885,41.98995499972352],[-87.69690700035773,41.988590999774885],[-87.69569100003957,41.988597000051584],[-87.69563200001676,41.986776999758774],[-87.6944169997447,41.98678400008157],[-87.69427000016032,41.982232999753194],[-87.69464699955932,41.98223099966094],[-87.6953509996489,41.98267999968232],[-87.69671499959753,41.98267799959007],[-87.69673200038147,41.98313199984199]]]}},{"type":"Feature","properties":{"JoinField":"CITY OF CHICAGO:Ward 40 Precinct 05","cd_district":9,"house_district":16,"senate_district":8,"bor_district":2,"ccc_district":13},"geometry":{"type":"Polygon","coordinates":[[[-87.69575000006239,41.99046399981381],[-87.69586399992363,41.994021000169084],[-87.68361399978625,41.99419800023759],[-87.68352400013248,41.99060900020527],[-87.69575000006239,41.99046399981381]]]}},{"type":"Feature","properties":{"JoinField":"CITY OF CHICAGO:Ward 40 Precinct 06","cd_district":9,"house_district":16,"senate_district":8,"bor_district":2,"ccc_district":13},"geometry":{"type":"Polygon","coordinates":[[[-87.68352400013248,41.99060900020527],[-87.68361399978625,41.99419800023759],[-87.67992699973121,41.99426299963778],[-87.67989500005416,41.99308800031099],[-87.675325999795,41.99316600031074],[-87.67526100039481,41.99075299965125],[-87.68352400013248,41.99060900020527]]]}},{"type":"Feature","properties":{"JoinField":"CITY OF CHICAGO:Ward 40 Precinct 07","cd_district":9,"house_district":14,"senate_district":7,"bor_district":2,"ccc_district":10},"geometry":{"type":"Polygon","coordinates":[[[-87.67526100039481,41.99075299965125],[-87.67548800007108,41.99555299977118],[-87.67019399965335,41.99565399993219],[-87.67002800009209,41.99079799992779],[-87.67526100039481,41.99075299965125]]]}},{"type":"Feature","properties":{"JoinField":"CITY OF CHICAGO:Ward 40 Precinct 08","cd_district":5,"house_district":16,"senate_district":8,"bor_district":2,"ccc_district":10},"geometry":{"type":"Polygon","coordinates":[[[-87.69569100003957,41.988597000051584],[-87.69690700035773,41.988590999774885],[-87.69695099968885,41.98995499972352],[-87.69573500027002,41.98996100000022],[-87.69575000006239,41.99046399981381],[-87.68967300040862,41.99049999967531],[-87.68954900008623,41.98681199957417],[-87.69563200001676,41.986776999758774],[-87.69569100003957,41.988597000051584]]]}},{"type":"Feature","properties":{"JoinField":"CITY OF CHICAGO:Ward 40 Precinct 09","cd_district":5,"house_district":16,"senate_district":8,"bor_district":2,"ccc_district":10},"geometry":{"type":"Polygon","coordinates":[[[-87.68967300040862,41.99049999967531],[-87.67504400028037,41.99075799988185],[-87.67483599968159,41.983322999656764],[-87.6794019998024,41.98324699974927],[-87.6795369997327,41.98193500040003],[-87.68441299976007,41.97950799999427],[-87.68844799967542,41.97772200037008],[-87.68922100024895,41.97770799972449],[-87.68929500006419,41.97952499987889],[-87.69330199958756,41.97950499985592],[-87.69345000011737,41.98132300005648],[-87.694237999584,41.981320999964225],[-87.6944169997447,41.98678400008157],[-87.68954900008623,41.98681199957417],[-87.68967300040862,41.99049999967531]]]}},{"type":"Feature","properties":{"JoinField":"CITY OF CHICAGO:Ward 40 Precinct 10","cd_district":9,"house_district":16,"senate_district":8,"bor_district":2,"ccc_district":10},"geometry":{"type":"Polygon","coordinates":[[[-87.67483599968159,41.983322999656764],[-87.67504400028037,41.99075799988185],[-87.67002800009209,41.99079799992779],[-87.66978399963182,41.987923999592965],[-87.66875699993557,41.98349000016344],[-87.67301600028816,41.983423999817774],[-87.6730490000113,41.98465199979],[-87.67464499986681,41.98462999967478],[-87.67460900000532,41.983357000325384],[-87.67483599968159,41.983322999656764]]]}},{"type":"Feature","properties":{"JoinField":"CITY OF CHICAGO:Ward 40 Precinct 11","cd_district":5,"house_district":13,"senate_district":7,"bor_district":2,"ccc_district":10},"geometry":{"type":"Polygon","coordinates":[[[-87.6989229997966,41.97581799980088],[-87.6990320003265,41.97928699969532],[-87.69921799991073,41.98492499978897],[-87.69798000037667,41.984256999560955],[-87.69794599970811,41.983126999611386],[-87.69673200038147,41.98313199984199],[-87.69671499959753,41.98267799959007],[-87.6953509996489,41.98267999968232],[-87.69464699955932,41.98223099966094],[-87.69427000016032,41.982232999753194],[-87.694237999584,41.981320999964225],[-87.69345000011737,41.98132300005648],[-87.69337500025603,41.98041400040586],[-87.69420699995305,41.98041100026751],[-87.69407800029944,41.97585499970853],[-87.6989229997966,41.97581799980088]]]}},{"type":"Feature","properties":{"JoinField":"CITY OF CHICAGO:Ward 40 Precinct 12","cd_district":5,"house_district":13,"senate_district":7,"bor_district":2,"ccc_district":10},"geometry":{"type":"Polygon","coordinates":[[[-87.6940629996077,41.975916999869696],[-87.69420699995305,41.98041100026751],[-87.69337500025603,41.98041400040586],[-87.69330199958756,41.97950499985592],[-87.68929500006419,41.97952499987889],[-87.68922100024895,41.97770799972449],[-87.6819030000234,41.97781700025439],[-87.68184500004668,41.97599699996164],[-87.6940629996077,41.975916999869696]]]}},{"type":"Feature","properties":{"JoinField":"CITY OF CHICAGO:Ward 40 Precinct 13","cd_district":5,"house_district":13,"senate_district":7,"bor_district":2,"ccc_district":10},"geometry":{"type":"Polygon","coordinates":[[[-87.68184500004668,41.97599699996164],[-87.6819030000234,41.97781700025439],[-87.68844799967542,41.97772200037008],[-87.68441299976007,41.97950799999427],[-87.6795369997327,41.98193500040003],[-87.67940399989465,41.97603299982313],[-87.68184500004668,41.97599699996164]]]}},{"type":"Feature","properties":{"JoinField":"CITY OF CHICAGO:Ward 40 Precinct 14","cd_district":9,"house_district":13,"senate_district":7,"bor_district":2,"ccc_district":10},"geometry":{"type":"Polygon","coordinates":[[[-87.6792960003101,41.97239800036749],[-87.67950600010181,41.983156000049405],[-87.67483599968159,41.983322999656764],[-87.67463500030499,41.9760990001688],[-87.67714600008782,41.976064000353404],[-87.67707000018032,41.97329999969526],[-87.67632299990646,41.973314000340906],[-87.67630900016019,41.97244499983691],[-87.6792960003101,41.97239800036749]]]}},{"type":"Feature","properties":{"JoinField":"CITY OF CHICAGO:Ward 40 Precinct 15","cd_district":9,"house_district":13,"senate_district":7,"bor_district":2,"ccc_district":10},"geometry":{"type":"Polygon","coordinates":[[[-87.67483599968159,41.983322999656764],[-87.67460900000532,41.983357000325384],[-87.67464499986681,41.98462999967478],[-87.6730490000113,41.98465199979],[-87.67301600028816,41.983423999817774],[-87.66875699993557,41.98349000016344],[-87.66827900037555,41.9798440002005],[-87.67473899970503,41.979745000131686],[-87.67483599968159,41.983322999656764]]]}},{"type":"Feature","properties":{"JoinField":"CITY OF CHICAGO:Ward 40 Precinct 16","cd_district":9,"house_district":13,"senate_district":7,"bor_district":2,"ccc_district":10},"geometry":{"type":"Polygon","coordinates":[[[-87.67473899970503,41.979745000131686],[-87.66827900037555,41.9798440002005],[-87.66841700044415,41.97619099991476],[-87.67463500030499,41.9760990001688],[-87.67473899970503,41.979745000131686]]]}},{"type":"Feature","properties":{"JoinField":"CITY OF CHICAGO:Ward 40 Precinct 17","cd_district":5,"house_district":13,"senate_district":7,"bor_district":2,"ccc_district":12},"geometry":{"type":"Polygon","coordinates":[[[-87.70109300004191,41.96851400022098],[-87.70311000042614,41.970887999981244],[-87.70381799980083,41.97244900002141],[-87.70474800041984,41.97577499961659],[-87.6989229997966,41.97581799980088],[-87.6988879999812,41.97473400017401],[-87.69640899987542,41.974783999781835],[-87.69624400036031,41.96855300022082],[-87.70109300004191,41.96851400022098]]]}},{"type":"Feature","properties":{"JoinField":"CITY OF CHICAGO:Ward 40 Precinct 18","cd_district":5,"house_district":13,"senate_district":7,"bor_district":2,"ccc_district":12},"geometry":{"type":"Polygon","coordinates":[[[-87.69631800017555,41.97074200044301],[-87.69640899987542,41.974783999781835],[-87.6988879999812,41.97473400017401],[-87.6989229997966,41.97581799980088],[-87.6923469996143,41.97586700026193],[-87.69208099993818,41.97414600003793],[-87.68994100017699,41.97080599979711],[-87.69631800017555,41.97074200044301]]]}},{"type":"Feature","properties":{"JoinField":"CITY OF CHICAGO:Ward 40 Precinct 19","cd_district":5,"house_district":13,"senate_district":7,"bor_district":2,"ccc_district":12},"geometry":{"type":"Polygon","coordinates":[[[-87.68921299988,41.96971299975519],[-87.6919280000771,41.97383400003912],[-87.69223699993756,41.97474299968974],[-87.6923469996143,41.97586700026193],[-87.68673199968202,41.97592700033084],[-87.68653599963665,41.9704630001674],[-87.6889650001346,41.97041199961416],[-87.68894099992718,41.96971799998579],[-87.68921299988,41.96971299975519]]]}},{"type":"Feature","properties":{"JoinField":"CITY OF CHICAGO:Ward 40 Precinct 20","cd_district":9,"house_district":13,"senate_district":7,"bor_district":2,"ccc_district":12},"geometry":{"type":"Polygon","coordinates":[[[-87.68653599963665,41.9704630001674],[-87.68673199968202,41.97592700033084],[-87.67940399989465,41.97603299982313],[-87.67923900037954,41.970573999890235],[-87.68653599963665,41.9704630001674]]]}},{"type":"Feature","properties":{"JoinField":"CITY OF CHICAGO:Ward 40 Precinct 21","cd_district":9,"house_district":13,"senate_district":7,"bor_district":2,"ccc_district":10},"geometry":{"type":"Polygon","coordinates":[[[-87.67707000018032,41.97329999969526],[-87.67714600008782,41.976064000353404],[-87.66841700044415,41.97619099991476],[-87.66820799979934,41.97436600029073],[-87.66957699997852,41.97433899994496],[-87.6695600000939,41.97343599967172],[-87.67707000018032,41.97329999969526]]]}},{"type":"Feature","properties":{"JoinField":"CITY OF CHICAGO:Ward 40 Precinct 22","cd_district":5,"house_district":13,"senate_district":7,"bor_district":2,"ccc_district":12},"geometry":{"type":"Polygon","coordinates":[[[-87.69496499983484,41.966737000112516],[-87.69502199976546,41.96856099969045],[-87.69624400036031,41.96855300022082],[-87.69631800017555,41.97074200044301],[-87.68994100017699,41.97080599979711],[-87.68953899962509,41.97039999996008],[-87.68921299988,41.96971299975519],[-87.68894099992718,41.96971799998579],[-87.68884800013507,41.96675800018164],[-87.69496499983484,41.966737000112516]]]}},{"type":"Feature","properties":{"JoinField":"CITY OF CHICAGO:Ward 40 Precinct 23","cd_district":5,"house_district":11,"senate_district":6,"bor_district":2,"ccc_district":12},"geometry":{"type":"Polygon","coordinates":[[[-87.69848300019027,41.9612489997416],[-87.69845799993669,41.96361800017064],[-87.6996340002089,41.96476700009703],[-87.70346599975602,41.964738999705105],[-87.70360499987083,41.96849400019801],[-87.69502199976546,41.96856099969045],[-87.69496499983484,41.966737000112516],[-87.6979839996618,41.96670999976675],[-87.69746299991749,41.96621000009151],[-87.69871400005104,41.96619899958421],[-87.69558499964796,41.96307400026495],[-87.69479400004303,41.96127299994902],[-87.69848300019027,41.9612489997416]]]}},{"type":"Feature","properties":{"JoinField":"CITY OF CHICAGO:Ward 41 Precinct 01","cd_district":5,"house_district":77,"senate_district":39,"bor_district":1,"ccc_district":17},"geometry":{"type":"Polygon","coordinates":[[[-87.90208200028405,41.95103600001147],[-87.9077849997779,41.95174899961671],[-87.91445399975225,41.95353600018632],[-87.91500600002684,41.953780999793366],[-87.91519599979551,41.95595400017703],[-87.91561999956332,41.957367999733435],[-87.91680400020442,41.957700999801375],[-87.9201709998917,41.958164999615065],[-87.9204747533188,41.99389224537764],[-87.9389669997272,41.993515000217144],[-87.93865299963619,41.99454299995955],[-87.93741900028658,41.99722300034125],[-87.9375120000787,41.99833000012944],[-87.94003200027657,41.998130999945715],[-87.94009699967677,42.0007920003506],[-87.93521999960325,42.00093599979658],[-87.93510163623148,42.00116674245123],[-87.93527712633829,42.00815155015397],[-87.9335610004398,42.00818000020689],[-87.9335059997021,42.00558300005548],[-87.92924805810324,42.00501588851673],[-87.92548378773735,42.007754965669115],[-87.92281589723261,42.0061175634919],[-87.92191514104958,42.004923786324845],[-87.92075399979723,42.0039680002231],[-87.92050500000573,42.00507700010354],[-87.91374000010086,42.00511400001113],[-87.91377299982406,42.00870099995126],[-87.91291499982736,42.00873000038928],[-87.91296000010391,42.00616299982266],[-87.9125659999209,42.00612900005336],[-87.91266600003581,42.00512899980356],[-87.90785600035412,42.0052439997109],[-87.90771400010101,42.0089190001118],[-87.905901000131,42.00898499955815],[-87.90482499997375,42.00901700013452],[-87.89972300031616,42.00765300018588],[-87.8996260003396,42.00719999998006],[-87.89797199960805,42.00664599961323],[-87.89638099998314,42.00575800003173],[-87.89638600021368,42.005357000425306],[-87.89593199996182,42.00535000010245],[-87.89591800021549,42.00588799973144],[-87.89545100026339,42.005663000147365],[-87.89407199962307,42.00570800042391],[-87.8941179999457,42.00288799988135],[-87.89348799967144,42.002899000388595],[-87.89347299987901,42.003272999649255],[-87.89312700011095,42.003284000156555],[-87.89312700011095,42.00417199973805],[-87.8918699997007,42.00410200010725],[-87.8900149995925,42.00332600029475],[-87.89013100044525,42.00231999976825],[-87.89604399973075,42.00227000016042],[-87.89596399963881,42.00029800005274],[-87.88907600035708,41.999237999733964],[-87.8845310003054,41.998222999691734],[-87.8845320003515,41.99513200014172],[-87.88009800002266,41.99523699958792],[-87.8778960001003,41.98892099970442],[-87.87633299996793,41.98535099964897],[-87.87598300001542,41.98536800043291],[-87.87585999973913,41.98511400041082],[-87.8759619999463,41.98265100014362],[-87.87379900002378,41.97672999958985],[-87.87576699994707,41.976720000028024],[-87.87587300033869,41.97400099964648],[-87.8696500002473,41.97403200017669],[-87.86816300002238,41.97382999985467],[-87.86680700044269,41.97394399971586],[-87.86680799958947,41.9738170001545],[-87.86244199969849,41.974016000338224],[-87.86199599981552,41.97386200043104],[-87.8619319995621,41.97516100008016],[-87.86159500020904,41.97582800026203],[-87.85645499969843,41.980312000198694],[-87.85583299979305,41.981194000402866],[-87.85578000004693,41.98203799975391],[-87.8567269996513,41.984781000342934],[-87.85641499965249,41.98593200036157],[-87.85551400037076,41.98796399963891],[-87.85585099972383,41.98905699968083],[-87.85413199959208,41.9886499997977],[-87.85070199969749,41.9884379999138],[-87.84652899971354,41.98785299991607],[-87.84647399987517,41.97678400028144],[-87.84153899982493,41.97687099979686],[-87.84155000033223,41.97378799971648],[-87.83796499958504,41.97384200040807],[-87.83790999974667,41.97146000027885],[-87.83665200018964,41.97132799958757],[-87.83665799956697,41.97023200030662],[-87.84159100042427,41.970142999799634],[-87.84156199998625,41.9719169997698],[-87.84653900017469,41.9719300003693],[-87.84656000024376,41.96640700018298],[-87.8548409999122,41.96613800036846],[-87.85477799970488,41.96670000020492],[-87.85511700004946,41.96810200010725],[-87.85506200021109,41.96866900017426],[-87.85425699996057,41.97048899956775],[-87.85410200000723,41.97122400018753],[-87.85438400042125,41.97182299993153],[-87.85537300016381,41.9725270000211],[-87.85627100020645,41.972432000136735],[-87.85781000013134,41.97166299974771],[-87.85902100021895,41.97146699970233],[-87.85952900026314,41.97157100000169],[-87.86092399984267,41.97233200002182],[-87.86165899956313,41.972989999788695],[-87.86185399956241,41.97335899971813],[-87.87224700039872,41.97306499965009],[-87.88087800001966,41.97308200043403],[-87.88055899969805,41.95711499975749],[-87.8832359999414,41.957232999803125],[-87.88429700030628,41.957525999825066],[-87.88925599966461,41.95797399980029],[-87.89289910560922,41.958050564481994],[-87.89287730514349,41.950793773014254],[-87.90156608710521,41.950653697310315],[-87.90208200028405,41.95103600001147]],[[-87.91505200034948,41.957140000011066],[-87.91513999991105,41.957181000103105],[-87.91561999956332,41.957367999733435],[-87.91505200034948,41.957140000011066]],[[-87.91469700016637,41.956955999619765],[-87.9149239998427,41.957079999942096],[-87.91505200034948,41.957140000011066],[-87.91469700016637,41.956955999619765]],[[-87.91428299996045,41.956700999551515],[-87.91450999963672,41.95684599994297],[-87.91469700016637,41.956955999619765],[-87.91428299996045,41.956700999551515]],[[-87.90371199990881,42.003389999648846],[-87.90214100030687,42.00340700043279],[-87.90214699968425,42.00418799957657],[-87.90373900025463,42.004175999922495],[-87.90371199990881,42.003389999648846]]]}},{"type":"Feature","properties":{"JoinField":"CITY OF CHICAGO:Ward 41 Precinct 02","cd_district":8,"house_district":55,"senate_district":28,"bor_district":2,"ccc_district":9},"geometry":{"type":"Polygon","coordinates":[[[-87.84647399987517,41.97678400028144],[-87.84652899971354,41.98785299991607],[-87.84194599970806,41.98716699975728],[-87.84187800016952,41.98394599960824],[-87.84150500005569,41.981019000426556],[-87.84153899982493,41.97687099979686],[-87.84647399987517,41.97678400028144]]]}},{"type":"Feature","properties":{"JoinField":"CITY OF CHICAGO:Ward 41 Precinct 03","cd_district":8,"house_district":55,"senate_district":28,"bor_district":2,"ccc_district":10},"geometry":{"type":"Polygon","coordinates":[[[-87.84155399961736,41.974695000174165],[-87.84150500005569,41.981019000426556],[-87.84187800016952,41.98394599960824],[-87.84194599970806,41.98716699975728],[-87.83661800042034,41.98636499964505],[-87.83662900002827,41.97479000005853],[-87.84155399961736,41.974695000174165]]]}},{"type":"Feature","properties":{"JoinField":"CITY OF CHICAGO:Ward 41 Precinct 04","cd_district":5,"house_district":20,"senate_district":10,"bor_district":2,"ccc_district":10},"geometry":{"type":"Polygon","coordinates":[[[-87.83172799974733,41.97305600013436],[-87.83176299956273,41.973947999900304],[-87.83342000043262,41.97392000040776],[-87.83341400015593,41.97491699961989],[-87.8336799998321,41.97499499961958],[-87.83356099974031,41.97539700017148],[-87.83662699993607,41.97522200019523],[-87.83661800042034,41.98636499964505],[-87.82332699994106,41.98450900039012],[-87.8234369996178,41.98366099995525],[-87.82781800020052,41.9840540000921],[-87.82834600026769,41.98378300018538],[-87.83300300008835,41.98370600023179],[-87.83358299985554,41.98357100030148],[-87.83359599955571,41.98266900007434],[-87.83507200017266,41.98267500035104],[-87.83509211710748,41.98114691190051],[-87.83435000015237,41.981084999872905],[-87.83435523870327,41.980846050904574],[-87.83509588256891,41.98083546318611],[-87.8351003746825,41.98049520109271],[-87.82885945739798,41.98060038130262],[-87.82886118859295,41.98032514468974],[-87.8286913911947,41.98032794787656],[-87.82869565308187,41.97928573524854],[-87.8280817866451,41.97929115006656],[-87.82808245753932,41.97912286352937],[-87.82869622864797,41.97911960438631],[-87.82863885549875,41.978439501082164],[-87.82931278046044,41.97842917776438],[-87.82930100024095,41.978071000276486],[-87.82996100010001,41.97805999976924],[-87.82996200014617,41.97733000027932],[-87.82960729494067,41.97733620919877],[-87.82960423724569,41.97695912526348],[-87.83361886571805,41.97689061221206],[-87.83362227414858,41.97591846396597],[-87.8244245901227,41.97607476074165],[-87.8246859996591,41.97408700001512],[-87.82673499972043,41.974034000268944],[-87.82674099999713,41.97314099955753],[-87.83172799974733,41.97305600013436]],[[-87.8287219231782,41.98025600031423],[-87.82871100001262,41.98025600031423],[-87.82869211155167,41.98025641130437],[-87.8287219231782,41.98025600031423]]]}},{"type":"Feature","properties":{"JoinField":"CITY OF CHICAGO:Ward 41 Precinct 05","cd_district":5,"house_district":20,"senate_district":10,"bor_district":2,"ccc_district":10},"geometry":{"type":"Polygon","coordinates":[[[-87.82408599986894,41.97869100008961],[-87.82351999984809,41.98309299984214],[-87.82528300021028,41.98306700044179],[-87.82527099965688,41.981961999846476],[-87.82813599957666,41.98192099975438],[-87.82814199985336,41.983986999700335],[-87.82641999958327,41.98396999981571],[-87.8234369996178,41.98366099995525],[-87.82332699994106,41.98450900039012],[-87.81683199989686,41.98353400039383],[-87.8168770001734,41.97881999974322],[-87.82408599986894,41.97869100008961]]]}},{"type":"Feature","properties":{"JoinField":"CITY OF CHICAGO:Ward 41 Precinct 06","cd_district":5,"house_district":20,"senate_district":10,"bor_district":2,"ccc_district":10},"geometry":{"type":"Polygon","coordinates":[[[-87.81943400027887,41.97326900006436],[-87.81940099965635,41.974222999991525],[-87.8246859996591,41.97408700001512],[-87.8240930001918,41.978638000343494],[-87.8168770001734,41.97881999974322],[-87.81695300008084,41.970660000258874],[-87.81896400018843,41.97060999975173],[-87.81898200011915,41.97322099964947],[-87.81943400027887,41.97326900006436]]]}},{"type":"Feature","properties":{"JoinField":"CITY OF CHICAGO:Ward 41 Precinct 07","cd_district":5,"house_district":20,"senate_district":10,"bor_district":2,"ccc_district":10},"geometry":{"type":"Polygon","coordinates":[[[-87.81691700021935,41.97428900033714],[-87.81684899978148,41.982457000190436],[-87.81683199989686,41.98293599979661],[-87.81410800018404,41.982309999706786],[-87.81413999986108,41.98191799961603],[-87.81376399960885,41.981551999825],[-87.81172299991647,41.981054000241954],[-87.81177999984709,41.97929500006427],[-87.81194400021542,41.978726999951164],[-87.81200500033049,41.974415999898554],[-87.81691700021935,41.97428900033714]]]}},{"type":"Feature","properties":{"JoinField":"CITY OF CHICAGO:Ward 41 Precinct 08","cd_district":5,"house_district":20,"senate_district":10,"bor_district":2,"ccc_district":10},"geometry":{"type":"Polygon","coordinates":[[[-87.81200500033049,41.974415999898554],[-87.81194400021542,41.978726999951164],[-87.81177999984709,41.97929500006427],[-87.81172299991647,41.981054000241954],[-87.81376399960885,41.981551999825],[-87.81413999986108,41.98191799961603],[-87.81410800018404,41.982309999706786],[-87.81683199989686,41.98293599979661],[-87.81683099985071,41.9831970001415],[-87.8133530004406,41.982488999867485],[-87.80694199977341,41.982474000075115],[-87.8070670001419,41.97453800012863],[-87.81200500033049,41.974415999898554]]]}},{"type":"Feature","properties":{"JoinField":"CITY OF CHICAGO:Ward 41 Precinct 09","cd_district":5,"house_district":20,"senate_district":10,"bor_district":2,"ccc_district":10},"geometry":{"type":"Polygon","coordinates":[[[-87.79976199961658,41.975554000217016],[-87.7997089998704,41.97792799997728],[-87.80700099979629,41.97786799990831],[-87.80694099972732,41.98220200012224],[-87.79760700006295,41.98228799959156],[-87.79759000017833,41.982106000191834],[-87.79382099993916,41.98210900033013],[-87.7939359998465,41.97560199973253],[-87.79976199961658,41.975554000217016]]]}},{"type":"Feature","properties":{"JoinField":"CITY OF CHICAGO:Ward 41 Precinct 10","cd_district":5,"house_district":20,"senate_district":10,"bor_district":2,"ccc_district":10},"geometry":{"type":"Polygon","coordinates":[[[-87.80715599974957,41.96826999976071],[-87.80700099979629,41.97786799990831],[-87.7997089998704,41.97792799997728],[-87.79976199961658,41.975554000217016],[-87.80241200041343,41.97553400019399],[-87.80254200011319,41.96829700010653],[-87.80715599974957,41.96826999976071]]]}},{"type":"Feature","properties":{"JoinField":"CITY OF CHICAGO:Ward 41 Precinct 11","cd_district":5,"house_district":19,"senate_district":10,"bor_district":2,"ccc_district":10},"geometry":{"type":"Polygon","coordinates":[[[-87.8024660002057,41.9719129995853],[-87.80241200041343,41.97553400019399],[-87.7939359998465,41.97560199973253],[-87.7940030002382,41.97198100002316],[-87.8024660002057,41.9719129995853]]]}},{"type":"Feature","properties":{"JoinField":"CITY OF CHICAGO:Ward 41 Precinct 12","cd_district":5,"house_district":19,"senate_district":10,"bor_district":2,"ccc_district":10},"geometry":{"type":"Polygon","coordinates":[[[-87.80252500022851,41.96875100035845],[-87.8024660002057,41.9719129995853],[-87.7940030002382,41.97198100002316],[-87.79406500039943,41.9688119995742],[-87.80252500022851,41.96875100035845]]]}},{"type":"Feature","properties":{"JoinField":"CITY OF CHICAGO:Ward 41 Precinct 13","cd_district":5,"house_district":19,"senate_district":10,"bor_district":2,"ccc_district":10},"geometry":{"type":"Polygon","coordinates":[[[-87.78674199994333,41.966538999974944],[-87.78677200042745,41.96842699980624],[-87.78801300009985,41.968410999967716],[-87.7880099999615,41.96886700031189],[-87.79406500039943,41.9688119995742],[-87.7939709996619,41.97379099985483],[-87.78548799967143,41.9738459996932],[-87.78558999987854,41.96844199959867],[-87.7782339996993,41.96853300019785],[-87.77726800011806,41.967648999901485],[-87.77723100021046,41.966667999628555],[-87.78674199994333,41.966538999974944]]]}},{"type":"Feature","properties":{"JoinField":"CITY OF CHICAGO:Ward 41 Precinct 14","cd_district":5,"house_district":19,"senate_district":10,"bor_district":2,"ccc_district":10},"geometry":{"type":"Polygon","coordinates":[[[-87.7939709996619,41.97379099985483],[-87.79382099993916,41.98210900033013],[-87.78653400024388,41.982069000284184],[-87.78666299989749,41.975655000378026],[-87.78544600043256,41.975505999802124],[-87.78548799967143,41.9738459996932],[-87.7939709996619,41.97379099985483]]]}},{"type":"Feature","properties":{"JoinField":"CITY OF CHICAGO:Ward 41 Precinct 15","cd_district":5,"house_district":55,"senate_district":28,"bor_district":2,"ccc_district":9},"geometry":{"type":"Polygon","coordinates":[[[-87.82332699994106,41.98450900039012],[-87.822151999715,41.99321099968796],[-87.82141399985619,41.99685100027352],[-87.8166939998282,41.996976999788785],[-87.81674100019694,41.99061799972094],[-87.8174099995718,41.99095700006558],[-87.81773400012395,41.9905490001363],[-87.81779200010067,41.988781000442884],[-87.81801000026127,41.988772000027836],[-87.81805599968459,41.983796999931656],[-87.82332699994106,41.98450900039012]]]}},{"type":"Feature","properties":{"JoinField":"CITY OF CHICAGO:Ward 41 Precinct 16","cd_district":5,"house_district":20,"senate_district":10,"bor_district":2,"ccc_district":9},"geometry":{"type":"Polygon","coordinates":[[[-87.81276999963575,41.98261300018987],[-87.81805599968459,41.983796999931656],[-87.81801000026127,41.988772000027836],[-87.81779200010067,41.988781000442884],[-87.8176950001241,41.99061999981319],[-87.8174099995718,41.99095700006558],[-87.81674100019694,41.99061799972094],[-87.81673399987415,41.99246300026732],[-87.81137500005616,41.99257099985181],[-87.81138100033286,41.991647999555596],[-87.81171400040074,41.991114000111054],[-87.81198700039971,41.98900499998081],[-87.81201800003066,41.9882290001683],[-87.81183599973156,41.988141999753566],[-87.8118860002387,41.982632000166745],[-87.81276999963575,41.98261300018987]]]}},{"type":"Feature","properties":{"JoinField":"CITY OF CHICAGO:Ward 41 Precinct 17","cd_district":5,"house_district":20,"senate_district":10,"bor_district":2,"ccc_district":9},"geometry":{"type":"Polygon","coordinates":[[[-87.81683199989686,41.98353400039383],[-87.81343199958707,41.98267500035104],[-87.8118860002387,41.982632000166745],[-87.81183599973156,41.988141999753566],[-87.80691400028087,41.98585400036188],[-87.80694199977341,41.982474000075115],[-87.81353099965588,41.98250599975216],[-87.81683099985071,41.9831970001415],[-87.81683199989686,41.98353400039383]]]}},{"type":"Feature","properties":{"JoinField":"CITY OF CHICAGO:Ward 41 Precinct 18","cd_district":5,"house_district":20,"senate_district":10,"bor_district":2,"ccc_district":9},"geometry":{"type":"Polygon","coordinates":[[[-87.80691400028087,41.98585400036188],[-87.81201800003066,41.9882290001683],[-87.81171400040074,41.991114000111054],[-87.81138100033286,41.991647999555596],[-87.81137500005616,41.99257099985181],[-87.81367800013953,41.992527999667516],[-87.81361499993227,41.99545199961017],[-87.8068180003504,41.99539200044052],[-87.80691400028087,41.98585400036188]]]}},{"type":"Feature","properties":{"JoinField":"CITY OF CHICAGO:Ward 41 Precinct 19","cd_district":5,"house_district":20,"senate_district":10,"bor_district":2,"ccc_district":9},"geometry":{"type":"Polygon","coordinates":[[[-87.80691400028087,41.98585400036188],[-87.80683300014283,41.99400400028446],[-87.80680899993536,41.99603899970015],[-87.79961500003219,41.991970000015556],[-87.79972999993953,41.99163299976317],[-87.7994969999865,41.991269000064335],[-87.80224900009125,41.98856699956741],[-87.80304900011123,41.98798999993858],[-87.80677700025831,41.985788000016214],[-87.80691400028087,41.98585400036188]]]}},{"type":"Feature","properties":{"JoinField":"CITY OF CHICAGO:Ward 41 Precinct 20","cd_district":5,"house_district":20,"senate_district":10,"bor_district":2,"ccc_district":9},"geometry":{"type":"Polygon","coordinates":[[[-87.80694099972732,41.98220200012224],[-87.80691400028087,41.98585400036188],[-87.80677700025831,41.985788000016214],[-87.80553200040146,41.986428999898465],[-87.80304900011123,41.98798999993858],[-87.8022940003678,41.98852600037469],[-87.80037900019067,41.99039800036746],[-87.80006500009966,41.990185000437464],[-87.79958100026289,41.98950399960995],[-87.79951199977893,41.98872799979739],[-87.79980399975477,41.98771900003186],[-87.8004309998907,41.98684100001219],[-87.79890899985043,41.986508999990406],[-87.79757100020146,41.98642699980627],[-87.79760700006295,41.98228799959156],[-87.80694099972732,41.98220200012224]]]}},{"type":"Feature","properties":{"JoinField":"CITY OF CHICAGO:Ward 41 Precinct 21","cd_district":5,"house_district":20,"senate_district":10,"bor_district":2,"ccc_district":10},"geometry":{"type":"Polygon","coordinates":[[[-87.78775199975496,41.98206099991529],[-87.79759000017833,41.982106000191834],[-87.79757100020146,41.98642699980627],[-87.79890899985043,41.986508999990406],[-87.8004309998907,41.98684100001219],[-87.79980399975477,41.98771900003186],[-87.79955199982487,41.988462000121274],[-87.79961700012444,41.98959600025523],[-87.80037900019067,41.99039800036746],[-87.7994969999865,41.991269000064335],[-87.79972999993953,41.99163299976317],[-87.79961500003219,41.991970000015556],[-87.78769299973209,41.985266000225806],[-87.78775199975496,41.98206099991529]]]}},{"type":"Feature","properties":{"JoinField":"CITY OF CHICAGO:Ward 41 Precinct 22","cd_district":5,"house_district":20,"senate_district":10,"bor_district":2,"ccc_district":10},"geometry":{"type":"Polygon","coordinates":[[[-87.79566400039329,41.98974099974737],[-87.79341700019438,41.9920100000615],[-87.7876260002397,41.988775000166186],[-87.78769299973209,41.985266000225806],[-87.79566400039329,41.98974099974737]]]}},{"type":"Feature","properties":{"JoinField":"CITY OF CHICAGO:Ward 41 Precinct 23","cd_district":5,"house_district":20,"senate_district":10,"bor_district":2,"ccc_district":9},"geometry":{"type":"Polygon","coordinates":[[[-87.79566400039329,41.98974099974737],[-87.80300800001913,41.99389000042322],[-87.80096600028065,41.99503800030351],[-87.80031700002951,41.99560500037052],[-87.79854300005934,41.99576899983953],[-87.79878999975864,41.99680099976638],[-87.7971719997879,41.996973999650436],[-87.79720000017983,41.99788999962385],[-87.79557800002465,41.99820699985321],[-87.7955689996096,41.9971860004336],[-87.79480400030434,41.993718999732096],[-87.79537799979482,41.99310600024177],[-87.79341700019438,41.9920100000615],[-87.79566400039329,41.98974099974737]]]}},{"type":"Feature","properties":{"JoinField":"CITY OF CHICAGO:Ward 41 Precinct 24","cd_district":5,"house_district":20,"senate_district":10,"bor_district":2,"ccc_district":9},"geometry":{"type":"Polygon","coordinates":[[[-87.79482000014286,41.99367400035487],[-87.7955689996096,41.9971860004336],[-87.79557800002465,41.99820699985321],[-87.79720000017983,41.99788999962385],[-87.7971719997879,41.996973999650436],[-87.79878999975864,41.99680099976638],[-87.79854300005934,41.99576899983953],[-87.80031700002951,41.99560500037052],[-87.80096600028065,41.99503800030351],[-87.80300800001913,41.99389000042322],[-87.80680899993536,41.99603899970015],[-87.80680099956646,41.99697799983488],[-87.80491900001181,41.99585900039261],[-87.80489599985049,41.99777599976261],[-87.80085299956625,41.99713099969591],[-87.80102800044182,41.99796300029226],[-87.79925200037945,41.99856400012857],[-87.7971850003874,41.99882300038121],[-87.79712400027233,42.000939999981085],[-87.79116599981103,42.00098000002703],[-87.78958199960954,41.999229000218236],[-87.79021600006831,41.99890299957383],[-87.79087199974293,41.9988879997814],[-87.79088799958146,41.99733099992574],[-87.79231000040613,41.99732399960294],[-87.79165199973994,41.99376400000864],[-87.79482000014286,41.99367400035487]]]}},{"type":"Feature","properties":{"JoinField":"CITY OF CHICAGO:Ward 41 Precinct 25","cd_district":5,"house_district":20,"senate_district":10,"bor_district":2,"ccc_district":9},"geometry":{"type":"Polygon","coordinates":[[[-87.8068180003504,41.99539200044052],[-87.81361499993227,41.99545199961017],[-87.81360000013984,41.99797099976189],[-87.81196700037674,41.998011999853986],[-87.81198300021526,41.998976000242294],[-87.80897399995013,41.99726400043335],[-87.80739199984089,41.99775000036226],[-87.80679200005073,41.997771000431385],[-87.80674999991254,42.00150499995584],[-87.79981400021592,42.00152900016326],[-87.79948100014798,41.99998500000777],[-87.79712600036459,42.0000050000308],[-87.7971850003874,41.99882300038121],[-87.79925200037945,41.99856400012857],[-87.80102800044182,41.99796300029226],[-87.80085299956625,41.99713099969591],[-87.80489599985049,41.99777599976261],[-87.80491900001181,41.99585900039261],[-87.80680099956646,41.99697799983488],[-87.8068180003504,41.99539200044052]]]}},{"type":"Feature","properties":{"JoinField":"CITY OF CHICAGO:Ward 41 Precinct 26","cd_district":5,"house_district":20,"senate_district":10,"bor_district":2,"ccc_district":9},"geometry":{"type":"Polygon","coordinates":[[[-87.81192500023855,41.999011000057635],[-87.8116979996629,41.99915500040299],[-87.81475600038908,42.0007799997972],[-87.81494400006551,42.00102800044192],[-87.81160399982468,42.003973999600476],[-87.81161799957101,42.00430999980671],[-87.80671800023549,42.00447400017504],[-87.80679200005073,41.997771000431385],[-87.80739199984089,41.99775000036226],[-87.80897399995013,41.99726400043335],[-87.81192500023855,41.999011000057635]]]}},{"type":"Feature","properties":{"JoinField":"CITY OF CHICAGO:Ward 41 Precinct 27","cd_district":5,"house_district":20,"senate_district":10,"bor_district":2,"ccc_district":9},"geometry":{"type":"Polygon","coordinates":[[[-87.81673399987415,41.99248600042864],[-87.8166939998282,41.996976999788785],[-87.82141399985619,41.99685100027352],[-87.82135699992557,42.00186000013895],[-87.81876199986635,42.0018559999545],[-87.81769900030861,42.001250999933745],[-87.81682499957401,42.00212399972287],[-87.81492400004254,42.00105699998062],[-87.81497000036518,42.00092300009641],[-87.81475600038908,42.0007799997972],[-87.8116979996629,41.99915500040299],[-87.81198300021526,41.998976000242294],[-87.81196700037674,41.998011999853986],[-87.81360000013984,41.99797099976189],[-87.81367800013953,41.992527999667516],[-87.81673399987415,41.99248600042864]]]}},{"type":"Feature","properties":{"JoinField":"CITY OF CHICAGO:Ward 41 Precinct 28","cd_district":9,"house_district":20,"senate_district":10,"bor_district":2,"ccc_district":9},"geometry":{"type":"Polygon","coordinates":[[[-87.81682499957401,42.00212399972287],[-87.81769900030861,42.001250999933745],[-87.81876199986635,42.0018559999545],[-87.82135699992557,42.00186000013895],[-87.82132100006407,42.00604899996142],[-87.82149499999423,42.00615899963816],[-87.82132000001798,42.00631899982204],[-87.82131899997182,42.00669700016647],[-87.82155299997095,42.006844999796954],[-87.82111599960365,42.00722500023363],[-87.82131799992572,42.00735399988724],[-87.82125299962621,42.011357000125486],[-87.81641599959869,42.0114560001943],[-87.81645100031335,42.005993000076955],[-87.81437299981405,42.006065999846044],[-87.81440000015982,42.00422000015294],[-87.81161799957101,42.00430999980671],[-87.81160399982468,42.003973999600476],[-87.81492400004254,42.00105699998062],[-87.81682499957401,42.00212399972287]]]}},{"type":"Feature","properties":{"JoinField":"CITY OF CHICAGO:Ward 41 Precinct 29","cd_district":9,"house_district":20,"senate_district":10,"bor_district":2,"ccc_district":9},"geometry":{"type":"Polygon","coordinates":[[[-87.81437299981405,42.006065999846044],[-87.81645100031335,42.005993000076955],[-87.81641599959869,42.0114560001943],[-87.80663800014355,42.011713000354746],[-87.80671800023549,42.00447400017504],[-87.81440000015982,42.00422000015294],[-87.81437299981405,42.006065999846044]]]}},{"type":"Feature","properties":{"JoinField":"CITY OF CHICAGO:Ward 41 Precinct 30","cd_district":9,"house_district":20,"senate_district":10,"bor_district":2,"ccc_district":9},"geometry":{"type":"Polygon","coordinates":[[[-87.81394099967736,42.011520999594495],[-87.81388099960839,42.0188019999124],[-87.80654700044369,42.01896500023463],[-87.80663800014355,42.011713000354746],[-87.81394099967736,42.011520999594495]]]}},{"type":"Feature","properties":{"JoinField":"CITY OF CHICAGO:Ward 41 Precinct 31","cd_district":9,"house_district":20,"senate_district":10,"bor_district":2,"ccc_district":9},"geometry":{"type":"Polygon","coordinates":[[[-87.81998799974633,42.01138000028686],[-87.82006599974608,42.01554599994802],[-87.82122400008751,42.015520999694445],[-87.82121299958021,42.01863999963632],[-87.81388099960839,42.0188019999124],[-87.81394099967736,42.011520999594495],[-87.81998799974633,42.01138000028686]]]}},{"type":"Feature","properties":{"JoinField":"CITY OF CHICAGO:Ward 42 Precinct 01","cd_district":7,"house_district":26,"senate_district":13,"bor_district":null,"ccc_district":null},"geometry":{"type":"Polygon","coordinates":[[[-87.61389299966214,41.89055299962126],[-87.61401299980008,41.89294300011943],[-87.61367200026257,41.89309800007271],[-87.61254300035915,41.89311900014178],[-87.61203600036112,41.89343200018669],[-87.61024699969926,41.896191999761015],[-87.60991599972357,41.89623099976086],[-87.60689599985045,41.896218000060685],[-87.60679299959719,41.89637700019847],[-87.60584499994673,41.89640899987552],[-87.60565400013195,41.89623900012981],[-87.60236899972949,41.896335000060276],[-87.60227599993743,41.893913999931215],[-87.60235099979877,41.89327700023341],[-87.60979500043891,41.89312799965751],[-87.60978900016221,41.892073999615434],[-87.59850899979045,41.89219199966112],[-87.59856899985942,41.891379999987066],[-87.6009059997121,41.89137599980262],[-87.60092799982732,41.891058000426426],[-87.60952499967897,41.89096499973499],[-87.609504999656,41.88924100027202],[-87.6112910001795,41.889225999580276],[-87.61155399971727,41.89055999994412],[-87.61389299966214,41.89055299962126]]]}},{"type":"Feature","properties":{"JoinField":"CITY OF CHICAGO:Ward 42 Precinct 02","cd_district":7,"house_district":26,"senate_district":13,"bor_district":3,"ccc_district":3},"geometry":{"type":"Polygon","coordinates":[[[-87.62413499983035,41.87316199982649],[-87.62451600031312,41.88431599978361],[-87.6244520000597,41.88447099973689],[-87.62389999978512,41.88447399987524],[-87.62391300038462,41.88576600010089],[-87.62451000003642,41.88575400044681],[-87.62447800035937,41.88831599988356],[-87.6230320002266,41.88828999958389],[-87.62057400018995,41.88791100009263],[-87.62055700030527,41.88451399992124],[-87.6142570002603,41.884532999898056],[-87.61405700003047,41.885294999964344],[-87.61417500007616,41.888817999650996],[-87.61391499977736,41.888835000434995],[-87.61391099959292,41.88808099983834],[-87.61343800026344,41.88788699988521],[-87.61272499975888,41.88792699993115],[-87.6127530001508,41.88351699980973],[-87.61332699964129,41.8829329998581],[-87.61402100016898,41.88261599962874],[-87.61590499981583,41.88237100002169],[-87.61622700027579,41.88217399993022],[-87.61647800015953,41.88174800007022],[-87.61648899976751,41.8814420003481],[-87.61576799979332,41.8814370001175],[-87.61572399956287,41.880586999590435],[-87.61648100029788,41.88056000014393],[-87.61618700022984,41.873279999872125],[-87.62413499983035,41.87316199982649]]]}},{"type":"Feature","properties":{"JoinField":"CITY OF CHICAGO:Ward 42 Precinct 03","cd_district":7,"house_district":26,"senate_district":13,"bor_district":3,"ccc_district":3},"geometry":{"type":"Polygon","coordinates":[[[-87.62055700030527,41.88451399992124],[-87.62059200012067,41.887817000254415],[-87.61757699957883,41.88755599990952],[-87.61745800038636,41.88452799966751],[-87.62055700030527,41.88451399992124]]]}},{"type":"Feature","properties":{"JoinField":"CITY OF CHICAGO:Ward 42 Precinct 04","cd_district":7,"house_district":26,"senate_district":13,"bor_district":3,"ccc_district":3},"geometry":{"type":"Polygon","coordinates":[[[-87.61755100017848,41.88584900033118],[-87.61757200024755,41.88800900011529],[-87.61516099968037,41.88789000002356],[-87.61415800019154,41.88805100025348],[-87.6140780000996,41.88578800021611],[-87.61755100017848,41.88584900033118]]]}},{"type":"Feature","properties":{"JoinField":"CITY OF CHICAGO:Ward 42 Precinct 05","cd_district":7,"house_district":26,"senate_district":13,"bor_district":3,"ccc_district":3},"geometry":{"type":"Polygon","coordinates":[[[-87.61745800038636,41.88452799966751],[-87.61755100017848,41.88584900033118],[-87.6140780000996,41.88578800021611],[-87.61406200026107,41.88520400026448],[-87.6157580002315,41.88526500037949],[-87.61579800027744,41.884567999713454],[-87.61745800038636,41.88452799966751]]]}},{"type":"Feature","properties":{"JoinField":"CITY OF CHICAGO:Ward 42 Precinct 06","cd_district":7,"house_district":26,"senate_district":13,"bor_district":3,"ccc_district":3},"geometry":{"type":"Polygon","coordinates":[[[-87.61579800027744,41.884567999713454],[-87.6157580002315,41.88526500037949],[-87.61406200026107,41.88520400026448],[-87.6142570002603,41.884532999898056],[-87.61579800027744,41.884567999713454]]]}},{"type":"Feature","properties":{"JoinField":"CITY OF CHICAGO:Ward 42 Precinct 07","cd_district":7,"house_district":26,"senate_district":13,"bor_district":3,"ccc_district":3},"geometry":{"type":"Polygon","coordinates":[[[-87.62002099986921,41.8877230004162],[-87.6230320002266,41.88828999958389],[-87.62447800035937,41.88831599988356],[-87.62419499989932,41.8898640002235],[-87.62425199982988,41.891730999985725],[-87.62266899967454,41.89176099957052],[-87.62264999969767,41.89095900035761],[-87.6217709996319,41.89086799975843],[-87.62163100037031,41.890978000334485],[-87.6196319999168,41.891015000242135],[-87.61960499957104,41.890153000060934],[-87.61267099996661,41.89017099999171],[-87.61250400035931,41.88912999964981],[-87.61417500007616,41.888817999650996],[-87.61415800019154,41.88805100025348],[-87.61443000014435,41.8879599996543],[-87.61757200024755,41.88800900011529],[-87.61757699957883,41.88755599990952],[-87.62002099986921,41.8877230004162]]]}},{"type":"Feature","properties":{"JoinField":"CITY OF CHICAGO:Ward 42 Precinct 08","cd_district":7,"house_district":26,"senate_district":13,"bor_district":3,"ccc_district":3},"geometry":{"type":"Polygon","coordinates":[[[-87.6196319999168,41.891015000242135],[-87.6138939997083,41.891110000126446],[-87.61389299966214,41.89055299962126],[-87.61961199989383,41.89037200026763],[-87.6196319999168,41.891015000242135]]]}},{"type":"Feature","properties":{"JoinField":"CITY OF CHICAGO:Ward 42 Precinct 09","cd_district":5,"house_district":26,"senate_district":13,"bor_district":3,"ccc_district":12},"geometry":{"type":"Polygon","coordinates":[[[-87.62806899958463,41.89167199996285],[-87.62815299986102,41.89487600022727],[-87.62275800018153,41.89496900001939],[-87.62266899967454,41.89176099957052],[-87.62806899958463,41.89167199996285]]]}},{"type":"Feature","properties":{"JoinField":"CITY OF CHICAGO:Ward 42 Precinct 10","cd_district":7,"house_district":26,"senate_district":13,"bor_district":3,"ccc_district":2},"geometry":{"type":"Polygon","coordinates":[[[-87.62800400018443,41.8875060003017],[-87.62806899958463,41.89167199996285],[-87.62425199982988,41.891730999985725],[-87.62419499989932,41.8898640002235],[-87.62435500008314,41.888930000319306],[-87.62524299966469,41.88885599960474],[-87.62800400018443,41.8875060003017]]]}},{"type":"Feature","properties":{"JoinField":"CITY OF CHICAGO:Ward 42 Precinct 11","cd_district":7,"house_district":6,"senate_district":3,"bor_district":3,"ccc_district":2},"geometry":{"type":"Polygon","coordinates":[[[-87.632406999983,41.88320899999542],[-87.63242399986768,41.88386299957784],[-87.63536000036368,41.88383299999299],[-87.6353679998333,41.886809999681816],[-87.63581299967018,41.88737799979492],[-87.63477000013535,41.88751399977133],[-87.62800400018443,41.8875060003017],[-87.62524299966469,41.88885599960474],[-87.62435500008314,41.888930000319306],[-87.62453999962122,41.888105000045755],[-87.62451000003642,41.88575400044681],[-87.62627699968374,41.88573699966287],[-87.62624800014504,41.88449599999046],[-87.62945699974068,41.88448200024419],[-87.62943499962552,41.883215000272116],[-87.632406999983,41.88320899999542]]]}},{"type":"Feature","properties":{"JoinField":"CITY OF CHICAGO:Ward 42 Precinct 12","cd_district":7,"house_district":5,"senate_district":3,"bor_district":3,"ccc_district":12},"geometry":{"type":"Polygon","coordinates":[[[-87.62953699983262,41.88750800039395],[-87.63397100016147,41.88751299972523],[-87.63402800009209,41.88998300031528],[-87.62960700036274,41.89004000024585],[-87.62953699983262,41.88750800039395]]]}},{"type":"Feature","properties":{"JoinField":"CITY OF CHICAGO:Ward 42 Precinct 13","cd_district":7,"house_district":5,"senate_district":3,"bor_district":3,"ccc_district":12},"geometry":{"type":"Polygon","coordinates":[[[-87.62953699983262,41.88750800039395],[-87.62960700036274,41.89004000024585],[-87.62800900041498,41.8900649996001],[-87.62800400018443,41.8875060003017],[-87.62953699983262,41.88750800039395]]]}},{"type":"Feature","properties":{"JoinField":"CITY OF CHICAGO:Ward 42 Precinct 14","cd_district":7,"house_district":9,"senate_district":5,"bor_district":2,"ccc_district":2},"geometry":{"type":"Polygon","coordinates":[[[-87.63956099984023,41.878045000176655],[-87.63966600018574,41.881216999864705],[-87.64117100034133,41.881196999841734],[-87.64131299969512,41.88569899970912],[-87.63536000036368,41.88573300037774],[-87.63529700015641,41.88127900002587],[-87.63234699991409,41.88131399984127],[-87.63225600021423,41.878133999784325],[-87.63956099984023,41.878045000176655]]]}},{"type":"Feature","properties":{"JoinField":"CITY OF CHICAGO:Ward 42 Precinct 15","cd_district":7,"house_district":6,"senate_district":3,"bor_district":2,"ccc_district":2},"geometry":{"type":"Polygon","coordinates":[[[-87.63968300007036,41.88905599983457],[-87.63696299964266,41.88913199974206],[-87.63680799968938,41.88849199990591],[-87.63541300010985,41.88694499961207],[-87.63536000036368,41.88573300037774],[-87.63819199966105,41.88572099982434],[-87.6391469996343,41.88684400035038],[-87.63968300007036,41.88905599983457]]]}},{"type":"Feature","properties":{"JoinField":"CITY OF CHICAGO:Ward 42 Precinct 16","cd_district":7,"house_district":5,"senate_district":3,"bor_district":3,"ccc_district":12},"geometry":{"type":"Polygon","coordinates":[[[-87.63553500033998,41.88996400033841],[-87.63557600043202,41.891566999617396],[-87.63406900018418,41.89158699964037],[-87.6341330004376,41.893988999792555],[-87.62813499993024,41.894072000022845],[-87.62800900041498,41.8900649996001],[-87.63553500033998,41.88996400033841]]]}},{"type":"Feature","properties":{"JoinField":"CITY OF CHICAGO:Ward 42 Precinct 17","cd_district":7,"house_district":5,"senate_district":3,"bor_district":2,"ccc_district":2},"geometry":{"type":"Polygon","coordinates":[[[-87.63581299967018,41.88737799979492],[-87.63680799968938,41.88849199990591],[-87.63696299964266,41.88913199974206],[-87.63809599973058,41.88912400027243],[-87.64063800004362,41.892464999660035],[-87.63408800016106,41.8923889997526],[-87.63406900018418,41.89158699964037],[-87.63557600043202,41.891566999617396],[-87.63553500033998,41.88996400033841],[-87.63402800009209,41.88998300031528],[-87.63397100016147,41.88751299972523],[-87.63581299967018,41.88737799979492]]]}},{"type":"Feature","properties":{"JoinField":"CITY OF CHICAGO:Ward 42 Precinct 18","cd_district":7,"house_district":5,"senate_district":3,"bor_district":2,"ccc_district":12},"geometry":{"type":"Polygon","coordinates":[[[-87.63408800016106,41.8923889997526],[-87.64063800004362,41.892464999660035],[-87.64145599999438,41.89349600044011],[-87.6370920001956,41.893559999794206],[-87.6371259999649,41.89475199990494],[-87.63120300021825,41.89483300004298],[-87.63118700037973,41.89403099993075],[-87.6341330004376,41.893988999792555],[-87.63408800016106,41.8923889997526]]]}},{"type":"Feature","properties":{"JoinField":"CITY OF CHICAGO:Ward 42 Precinct 19","cd_district":7,"house_district":9,"senate_district":5,"bor_district":2,"ccc_district":12},"geometry":{"type":"Polygon","coordinates":[[[-87.64140799957949,41.89139499977949],[-87.64103500036492,41.89142400021751],[-87.64194199992335,41.89252399968291],[-87.64388599963911,41.894000000299854],[-87.64413899961511,41.89645600024426],[-87.64292899957366,41.89647600026723],[-87.64294899959663,41.895504999556124],[-87.64150300036312,41.8955000002249],[-87.64144100020195,41.89345600039417],[-87.63809599973058,41.88912400027243],[-87.63968300007036,41.88905599983457],[-87.63981900004677,41.889353000040956],[-87.64072200032001,41.89018599978414],[-87.64140799957949,41.89139499977949]]]}},{"type":"Feature","properties":{"JoinField":"CITY OF CHICAGO:Ward 42 Precinct 20","cd_district":7,"house_district":9,"senate_district":5,"bor_district":2,"ccc_district":12},"geometry":{"type":"Polygon","coordinates":[[[-87.64145599999438,41.89349600044011],[-87.64150300036312,41.8955000002249],[-87.64294899959663,41.895504999556124],[-87.64292899957366,41.89647600026723],[-87.63857700032827,41.89653300019785],[-87.63855600025914,41.8955350000403],[-87.63714800008012,41.895554000017114],[-87.6370920001956,41.893559999794206],[-87.64145599999438,41.89349600044011]]]}},{"type":"Feature","properties":{"JoinField":"CITY OF CHICAGO:Ward 42 Precinct 21","cd_district":7,"house_district":12,"senate_district":6,"bor_district":2,"ccc_district":12},"geometry":{"type":"Polygon","coordinates":[[[-87.63120300021825,41.89483300004298],[-87.6371259999649,41.89475199990494],[-87.63714800008012,41.895554000017114],[-87.63855600025914,41.8955350000403],[-87.63857700032827,41.89653300019785],[-87.63181200042345,41.89662800008222],[-87.63179399959336,41.89562499969401],[-87.62817499997624,41.8956790003856],[-87.62813499993024,41.894072000022845],[-87.63118700037973,41.89403099993075],[-87.63120300021825,41.89483300004298]]]}},{"type":"Feature","properties":{"JoinField":"CITY OF CHICAGO:Ward 42 Precinct 22","cd_district":7,"house_district":12,"senate_district":6,"bor_district":2,"ccc_district":12},"geometry":{"type":"Polygon","coordinates":[[[-87.63181200042345,41.89662800008222],[-87.63051700005946,41.896646000012936],[-87.6305499997826,41.897978000284525],[-87.62981500006214,41.897988999892505],[-87.62986499966996,41.89991200043852],[-87.62828999988358,41.89993699979277],[-87.62824399956088,41.89831599968369],[-87.62690299977356,41.89834500012171],[-87.62682599981997,41.89569900040857],[-87.63179399959336,41.89562499969401],[-87.63181200042345,41.89662800008222]]]}},{"type":"Feature","properties":{"JoinField":"CITY OF CHICAGO:Ward 42 Precinct 23","cd_district":5,"house_district":26,"senate_district":13,"bor_district":2,"ccc_district":3},"geometry":{"type":"Polygon","coordinates":[[[-87.62685000002745,41.896694999574606],[-87.62690299977356,41.89834500012171],[-87.62824399956088,41.89831599968369],[-87.62828999988358,41.89993699979277],[-87.62416100013002,41.90000600027673],[-87.62409499978435,41.89784999977775],[-87.62424300031415,41.89673399957445],[-87.62685000002745,41.896694999574606]]]}},{"type":"Feature","properties":{"JoinField":"CITY OF CHICAGO:Ward 42 Precinct 24","cd_district":5,"house_district":12,"senate_district":6,"bor_district":2,"ccc_district":3},"geometry":{"type":"Polygon","coordinates":[[[-87.62828999988358,41.89993699979277],[-87.62834100043676,41.902380000037],[-87.62450699989807,41.90243800001372],[-87.62420200022211,41.90141899978704],[-87.62416100013002,41.90000600027673],[-87.62828999988358,41.89993699979277]]]}},{"type":"Feature","properties":{"JoinField":"CITY OF CHICAGO:Ward 43 Precinct 01","cd_district":5,"house_district":12,"senate_district":6,"bor_district":2,"ccc_district":3},"geometry":{"type":"Polygon","coordinates":[[[-87.62584799968539,41.903988000445906],[-87.62584100026191,41.90490200032713],[-87.6287100003662,41.904853999912234],[-87.62877499976639,41.906763999858754],[-87.62751199997876,41.90678499992788],[-87.62773500036991,41.90781499976248],[-87.6272010000261,41.90782300013143],[-87.62688599988894,41.90679400034287],[-87.62470399998955,41.90683000020442],[-87.62402500015361,41.90402999968478],[-87.62584799968539,41.903988000445906]]]}},{"type":"Feature","properties":{"JoinField":"CITY OF CHICAGO:Ward 43 Precinct 02","cd_district":5,"house_district":12,"senate_district":6,"bor_district":2,"ccc_district":3},"geometry":{"type":"Polygon","coordinates":[[[-87.62877499976639,41.906763999858754],[-87.62883099965086,41.9094820001942],[-87.62525100003359,41.909526999571426],[-87.62470399998955,41.90683000020442],[-87.62688599988894,41.90679400034287],[-87.6272010000261,41.90782300013143],[-87.62755700025531,41.90781799990083],[-87.62773500036991,41.90781499976248],[-87.62751199997876,41.90678499992788],[-87.62877499976639,41.906763999858754]]]}},{"type":"Feature","properties":{"JoinField":"CITY OF CHICAGO:Ward 43 Precinct 03","cd_district":5,"house_district":12,"senate_district":6,"bor_district":2,"ccc_district":12},"geometry":{"type":"Polygon","coordinates":[[[-87.62888600038855,41.91122300044117],[-87.63168199982442,41.911181000302975],[-87.63285499995823,41.913173999580465],[-87.63322399988766,41.91291300013489],[-87.63321600041803,41.913760999670444],[-87.63611700019936,41.91847300022886],[-87.63344100000211,41.91861799972094],[-87.63074699987413,41.91853899967515],[-87.63001300019977,41.91871100041237],[-87.62808100013802,41.91864500006676],[-87.62747400002502,41.91787300043865],[-87.62773200023156,41.917697999563075],[-87.62765100009352,41.91731299979517],[-87.62671099991269,41.91644500023665],[-87.62666000025877,41.916126999961136],[-87.62401599973856,41.91422600042961],[-87.62217100009156,41.91356599967122],[-87.62130399967981,41.913702999693726],[-87.62020100007607,41.914151999715045],[-87.6203109997528,41.913630999970735],[-87.62087100039633,41.913055000388],[-87.62295899955814,41.91262700043575],[-87.62460599996689,41.911304999725985],[-87.62471699968972,41.91067400030494],[-87.62521800031044,41.909998999754066],[-87.62525100003359,41.909526999571426],[-87.62883099965086,41.9094820001942],[-87.62888600038855,41.91122300044117]]]}},{"type":"Feature","properties":{"JoinField":"CITY OF CHICAGO:Ward 43 Precinct 04","cd_district":5,"house_district":12,"senate_district":6,"bor_district":2,"ccc_district":12},"geometry":{"type":"Polygon","coordinates":[[[-87.63611700019936,41.91847300022886],[-87.639365999841,41.92376999988562],[-87.63805300044555,41.92379300004694],[-87.63811000037617,41.925627000086024],[-87.63911600000336,41.925612000293654],[-87.63932699984116,41.932920000058004],[-87.63322599997986,41.93293099966593],[-87.63210200030704,41.932727000150976],[-87.63139700017138,41.93283799987387],[-87.6307629997126,41.931991000384414],[-87.63115399975726,41.930371000321486],[-87.63108900035706,41.929196000095374],[-87.63070000040466,41.92815799989182],[-87.62959899999385,41.92665299973618],[-87.62961399978622,41.92612599971517],[-87.62984200040796,41.92603299992305],[-87.62962899957864,41.92519299985713],[-87.62929899964905,41.9246160002283],[-87.62954900038602,41.9243970000216],[-87.6294910004093,41.92416099993028],[-87.62867599969758,41.9229360000964],[-87.6292710001565,41.922546000097896],[-87.62935999976412,41.92228299966075],[-87.62854499995177,41.9210029999885],[-87.6289640003883,41.920783999781804],[-87.62895700006544,41.92065800026654],[-87.62806100011505,41.919399999810196],[-87.62851000013637,41.9191580003415],[-87.62808100013802,41.91864500006676],[-87.63001300019977,41.91871100041237],[-87.63074699987413,41.91853899967515],[-87.63344100000211,41.91861799972094],[-87.63611700019936,41.91847300022886]]]}},{"type":"Feature","properties":{"JoinField":"CITY OF CHICAGO:Ward 43 Precinct 05","cd_district":5,"house_district":12,"senate_district":6,"bor_district":2,"ccc_district":12},"geometry":{"type":"Polygon","coordinates":[[[-87.639365999841,41.92376999988562],[-87.64180699999304,41.92781300016986],[-87.63922799977234,41.92866499988986],[-87.63911600000336,41.925612000293654],[-87.63811000037617,41.925627000086024],[-87.63805300044555,41.92379300004694],[-87.639365999841,41.92376999988562]]]}},{"type":"Feature","properties":{"JoinField":"CITY OF CHICAGO:Ward 43 Precinct 06","cd_district":5,"house_district":12,"senate_district":6,"bor_district":2,"ccc_district":12},"geometry":{"type":"Polygon","coordinates":[[[-87.64180699999304,41.92781300016986],[-87.64286600026566,41.929620999909275],[-87.64344600003284,41.93001400004613],[-87.63932699984116,41.93136200015624],[-87.63922799977234,41.92866499988986],[-87.64180699999304,41.92781300016986]]]}},{"type":"Feature","properties":{"JoinField":"CITY OF CHICAGO:Ward 43 Precinct 07","cd_district":5,"house_district":12,"senate_district":6,"bor_district":2,"ccc_district":10},"geometry":{"type":"Polygon","coordinates":[[[-87.64645700039023,41.929108999680636],[-87.64658099981324,41.93276800024307],[-87.63932699984116,41.932920000058004],[-87.63932699984116,41.93136200015624],[-87.64344600003284,41.93001400004613],[-87.64292400024237,41.92966200000137],[-87.64474699977416,41.92923500009522],[-87.64645700039023,41.929108999680636]]]}},{"type":"Feature","properties":{"JoinField":"CITY OF CHICAGO:Ward 43 Precinct 08","cd_district":5,"house_district":12,"senate_district":6,"bor_district":2,"ccc_district":12},"geometry":{"type":"Polygon","coordinates":[[[-87.64633600020619,41.92549300020187],[-87.64645700039023,41.929108999680636],[-87.64474699977416,41.92923500009522],[-87.64292400024237,41.92966200000137],[-87.6404789999059,41.92558499994783],[-87.64633600020619,41.92549300020187]]]}},{"type":"Feature","properties":{"JoinField":"CITY OF CHICAGO:Ward 43 Precinct 09","cd_district":5,"house_district":12,"senate_district":6,"bor_district":2,"ccc_district":12},"geometry":{"type":"Polygon","coordinates":[[[-87.64378699957035,41.92188800033102],[-87.64779299994694,41.92475400029696],[-87.64876099962038,41.92545400020202],[-87.6404789999059,41.92558499994783],[-87.63828000012188,41.92196899956974],[-87.64378699957035,41.92188800033102]]]}},{"type":"Feature","properties":{"JoinField":"CITY OF CHICAGO:Ward 43 Precinct 10","cd_district":5,"house_district":12,"senate_district":6,"bor_district":2,"ccc_district":12},"geometry":{"type":"Polygon","coordinates":[[[-87.63881599965862,41.9183219995607],[-87.63912599956518,41.918552000274644],[-87.64378699957035,41.92188800033102],[-87.63828000012188,41.92196899956974],[-87.63611700019936,41.91847300022886],[-87.63881599965862,41.9183219995607]]]}},{"type":"Feature","properties":{"JoinField":"CITY OF CHICAGO:Ward 43 Precinct 11","cd_district":5,"house_district":12,"senate_district":6,"bor_district":2,"ccc_district":12},"geometry":{"type":"Polygon","coordinates":[[[-87.63482299988152,41.91480600019679],[-87.63494600015775,41.915567000216924],[-87.63881599965862,41.9183219995607],[-87.63611700019936,41.91847300022886],[-87.63387000000046,41.91482400012757],[-87.63482299988152,41.91480600019679]]]}},{"type":"Feature","properties":{"JoinField":"CITY OF CHICAGO:Ward 43 Precinct 12","cd_district":5,"house_district":12,"senate_district":6,"bor_district":2,"ccc_district":12},"geometry":{"type":"Polygon","coordinates":[[[-87.63863999963621,41.912820000342776],[-87.63881599965862,41.9183219995607],[-87.63493399960436,41.91555799980188],[-87.63482299988152,41.91480600019679],[-87.63387000000046,41.91482400012757],[-87.63321600041803,41.913760999670444],[-87.63322399988766,41.91291300013489],[-87.63863999963621,41.912820000342776]]]}},{"type":"Feature","properties":{"JoinField":"CITY OF CHICAGO:Ward 43 Precinct 13","cd_district":5,"house_district":12,"senate_district":6,"bor_district":2,"ccc_district":12},"geometry":{"type":"Polygon","coordinates":[[[-87.63863999963621,41.912820000342776],[-87.64115999983409,41.91284299960478],[-87.64113499958052,41.914660999805335],[-87.64293699994255,41.91463400035889],[-87.64306100026494,41.918261000344955],[-87.63881599965862,41.9183219995607],[-87.63863999963621,41.912820000342776]]]}},{"type":"Feature","properties":{"JoinField":"CITY OF CHICAGO:Ward 43 Precinct 14","cd_district":5,"house_district":12,"senate_district":6,"bor_district":2,"ccc_district":12},"geometry":{"type":"Polygon","coordinates":[[[-87.64552200043994,41.91916000043375],[-87.64492299979656,41.91916799990332],[-87.64489300021177,41.920040999692446],[-87.6437280004468,41.92007200022266],[-87.64378699957035,41.92188800033102],[-87.63881599965862,41.9183219995607],[-87.64550399960984,41.918224000437306],[-87.64552200043994,41.91916000043375]]]}},{"type":"Feature","properties":{"JoinField":"CITY OF CHICAGO:Ward 43 Precinct 15","cd_district":5,"house_district":12,"senate_district":6,"bor_district":2,"ccc_district":12},"geometry":{"type":"Polygon","coordinates":[[[-87.64444900042099,41.91388600003893],[-87.64715800034139,41.913847000039084],[-87.64731200024858,41.91819399995319],[-87.64306100026494,41.918261000344955],[-87.64293699994255,41.91463400035889],[-87.64113499958052,41.914660999805335],[-87.64115999983409,41.91284299960478],[-87.63986100018496,41.912875000181145],[-87.6398060003466,41.91109599998049],[-87.64435599972956,41.91098700034985],[-87.64444900042099,41.91388600003893]]]}},{"type":"Feature","properties":{"JoinField":"CITY OF CHICAGO:Ward 43 Precinct 16","cd_district":5,"house_district":12,"senate_district":6,"bor_district":2,"ccc_district":12},"geometry":{"type":"Polygon","coordinates":[[[-87.64850899969053,41.91818000020692],[-87.64864499966694,41.92217900026071],[-87.64876099962038,41.92545400020202],[-87.64378699957035,41.92188800033102],[-87.6437280004468,41.92007200022266],[-87.64491799956596,41.92002299976167],[-87.64492299979656,41.91916799990332],[-87.64552200043994,41.91916000043375],[-87.64550399960984,41.918224000437306],[-87.64850899969053,41.91818000020692]]]}},{"type":"Feature","properties":{"JoinField":"CITY OF CHICAGO:Ward 43 Precinct 17","cd_district":5,"house_district":11,"senate_district":6,"bor_district":2,"ccc_district":12},"geometry":{"type":"Polygon","coordinates":[[[-87.64876099962038,41.92545400020202],[-87.65296900031905,41.92846899984454],[-87.65298099997312,41.929020000073024],[-87.64888900012721,41.929084000326384],[-87.64901200040345,41.93271999982818],[-87.64658099981324,41.93276800024307],[-87.64633600020619,41.92549300020187],[-87.64876099962038,41.92545400020202]]]}},{"type":"Feature","properties":{"JoinField":"CITY OF CHICAGO:Ward 43 Precinct 18","cd_district":5,"house_district":11,"senate_district":6,"bor_district":2,"ccc_district":12},"geometry":{"type":"Polygon","coordinates":[[[-87.65296900031905,41.92846899984454],[-87.65620200012216,41.93076499960512],[-87.6586440003203,41.93073800015861],[-87.65870999976664,41.93255600035917],[-87.64901200040345,41.93271999982818],[-87.64888900012721,41.929084000326384],[-87.65298099997312,41.929020000073024],[-87.65296900031905,41.92846899984454]]]}},{"type":"Feature","properties":{"JoinField":"CITY OF CHICAGO:Ward 43 Precinct 19","cd_district":5,"house_district":11,"senate_district":6,"bor_district":2,"ccc_district":12},"geometry":{"type":"Polygon","coordinates":[[[-87.6584529996062,41.92529199992589],[-87.6586440003203,41.93073800015861],[-87.65620200012216,41.93076499960512],[-87.64876099962038,41.92545400020202],[-87.6584529996062,41.92529199992589]]]}},{"type":"Feature","properties":{"JoinField":"CITY OF CHICAGO:Ward 43 Precinct 20","cd_district":5,"house_district":12,"senate_district":6,"bor_district":2,"ccc_district":12},"geometry":{"type":"Polygon","coordinates":[[[-87.65336699978718,41.91810500034552],[-87.65361300033965,41.92537600020228],[-87.64876099962038,41.92545400020202],[-87.64850899969053,41.91818000020692],[-87.65336699978718,41.91810500034552]]]}},{"type":"Feature","properties":{"JoinField":"CITY OF CHICAGO:Ward 43 Precinct 21","cd_district":5,"house_district":10,"senate_district":5,"bor_district":2,"ccc_district":12},"geometry":{"type":"Polygon","coordinates":[[[-87.65712599956521,41.92167999973225],[-87.65833499956057,41.921660999755375],[-87.65839399958338,41.92347699986368],[-87.65718699968028,41.92349499979446],[-87.65724899984144,41.92531199994892],[-87.65361300033965,41.92537600020228],[-87.65342799990225,41.91992299964676],[-87.65706700044166,41.91986699976229],[-87.65712599956521,41.92167999973225]]]}},{"type":"Feature","properties":{"JoinField":"CITY OF CHICAGO:Ward 43 Precinct 22","cd_district":5,"house_district":10,"senate_district":5,"bor_district":2,"ccc_district":12},"geometry":{"type":"Polygon","coordinates":[[[-87.65320500041042,41.91356000029384],[-87.65336699978718,41.91810500034552],[-87.64731200024858,41.91819399995319],[-87.64715800034139,41.913847000039084],[-87.64836100006005,41.91382700001611],[-87.64827199955312,41.91091999995808],[-87.64950099957144,41.91089999993511],[-87.65320500041042,41.91356000029384]]]}},{"type":"Feature","properties":{"JoinField":"CITY OF CHICAGO:Ward 43 Precinct 23","cd_district":5,"house_district":10,"senate_district":5,"bor_district":2,"ccc_district":12},"geometry":{"type":"Polygon","coordinates":[[[-87.6533960002252,41.91369500022415],[-87.6582799997222,41.917193999703386],[-87.65827899967604,41.91984699973932],[-87.65342799990225,41.91992299964676],[-87.6532119998339,41.913735000270094],[-87.6533960002252,41.91369500022415]]]}},{"type":"Feature","properties":{"JoinField":"CITY OF CHICAGO:Ward 44 Precinct 01","cd_district":5,"house_district":12,"senate_district":6,"bor_district":2,"ccc_district":10},"geometry":{"type":"Polygon","coordinates":[[[-87.64197999987704,41.940083000330276],[-87.64439999996,41.94004500037653],[-87.64443399972924,41.9411350002801],[-87.63957799972485,41.94119799958804],[-87.63953000020928,41.9394550001482],[-87.64034800016003,41.939430999940726],[-87.64034099983724,41.93918800042593],[-87.64194400001554,41.93917599987253],[-87.64197999987704,41.940083000330276]]]}},{"type":"Feature","properties":{"JoinField":"CITY OF CHICAGO:Ward 44 Precinct 02","cd_district":5,"house_district":11,"senate_district":6,"bor_district":2,"ccc_district":10},"geometry":{"type":"Polygon","coordinates":[[[-87.66382099983923,41.93976500005476],[-87.66383300039263,41.94021900030668],[-87.66444799997521,41.94021199998389],[-87.66453999972117,41.943407999879355],[-87.6639169997697,41.9434180003405],[-87.66392800027694,41.943802000062306],[-87.65908399992662,41.943908999600694],[-87.65896900001928,41.93983799982391],[-87.66382099983923,41.93976500005476]]]}},{"type":"Feature","properties":{"JoinField":"CITY OF CHICAGO:Ward 44 Precinct 03","cd_district":5,"house_district":12,"senate_district":6,"bor_district":2,"ccc_district":10},"geometry":{"type":"Polygon","coordinates":[[[-87.63943400027887,41.936587000090014],[-87.63955400041675,41.940138000168645],[-87.63880900023514,41.94024299961478],[-87.6381179998458,41.940553000420664],[-87.6381179998458,41.94093400000418],[-87.63401699958484,41.94247800015961],[-87.63440300029816,41.94156400027845],[-87.63394699995405,41.94127599958779],[-87.63401400034581,41.940354000236994],[-87.63376399960885,41.93948100044787],[-87.63224299961468,41.93684300020436],[-87.63943400027887,41.936587000090014]]]}},{"type":"Feature","properties":{"JoinField":"CITY OF CHICAGO:Ward 44 Precinct 04","cd_district":5,"house_district":12,"senate_district":6,"bor_district":2,"ccc_district":10},"geometry":{"type":"Polygon","coordinates":[[[-87.63210200030704,41.932727000150976],[-87.63322599997986,41.93293099966593],[-87.63932699984116,41.932920000058004],[-87.63943400027887,41.936587000090014],[-87.63224299961468,41.93684300020436],[-87.63181200042345,41.93540599958726],[-87.63053399994408,41.93351100033243],[-87.63057099985173,41.933259000402586],[-87.63086499991977,41.93303399991919],[-87.63210200030704,41.932727000150976]]]}},{"type":"Feature","properties":{"JoinField":"CITY OF CHICAGO:Ward 44 Precinct 05","cd_district":5,"house_district":11,"senate_district":6,"bor_district":2,"ccc_district":10},"geometry":{"type":"Polygon","coordinates":[[[-87.64932699964129,41.94179600018532],[-87.64942999989455,41.945461000125135],[-87.64614799963044,41.945502000217175],[-87.64454500035146,41.94287100029646],[-87.64445799993672,41.941866999862214],[-87.64932699964129,41.94179600018532]]]}},{"type":"Feature","properties":{"JoinField":"CITY OF CHICAGO:Ward 44 Precinct 06","cd_district":5,"house_district":12,"senate_district":6,"bor_district":2,"ccc_district":10},"geometry":{"type":"Polygon","coordinates":[[[-87.64782300043106,41.936425999860035],[-87.64920400026438,41.93813599957679],[-87.64923699998752,41.93908200003432],[-87.64436900032905,41.939146000287735],[-87.64431999986806,41.93765499987842],[-87.64188299990047,41.93769800006271],[-87.6418579996469,41.93655400036687],[-87.64782300043106,41.936425999860035]]]}},{"type":"Feature","properties":{"JoinField":"CITY OF CHICAGO:Ward 44 Precinct 07","cd_district":5,"house_district":12,"senate_district":6,"bor_district":2,"ccc_district":10},"geometry":{"type":"Polygon","coordinates":[[[-87.64488799998117,41.93282700026589],[-87.64468000028177,41.93357599973268],[-87.64421999975315,41.934363000052485],[-87.64427899977596,41.93651300027477],[-87.6418579996469,41.93655400036687],[-87.64178099969337,41.934297999752914],[-87.64138799955651,41.93430500007577],[-87.64134300017929,41.93286999955092],[-87.64488799998117,41.93282700026589]]]}},{"type":"Feature","properties":{"JoinField":"CITY OF CHICAGO:Ward 44 Precinct 08","cd_district":5,"house_district":12,"senate_district":6,"bor_district":2,"ccc_district":10},"geometry":{"type":"Polygon","coordinates":[[[-87.64138799955651,41.93430500007577],[-87.64178099969337,41.934297999752914],[-87.6418579996469,41.93655400036687],[-87.63943400027887,41.936587000090014],[-87.63932699984116,41.932920000058004],[-87.64134300017929,41.93286999955092],[-87.64138799955651,41.93430500007577]]]}},{"type":"Feature","properties":{"JoinField":"CITY OF CHICAGO:Ward 44 Precinct 09","cd_district":5,"house_district":11,"senate_district":6,"bor_district":2,"ccc_district":10},"geometry":{"type":"Polygon","coordinates":[[[-87.65870999976664,41.93255600035917],[-87.65896900001928,41.93983799982391],[-87.65775199965503,41.939856999800725],[-87.65768900034703,41.938036000361194],[-87.65404499957702,41.93809000015341],[-87.65385899999279,41.932637999644044],[-87.65870999976664,41.93255600035917]]]}},{"type":"Feature","properties":{"JoinField":"CITY OF CHICAGO:Ward 44 Precinct 10","cd_district":5,"house_district":11,"senate_district":6,"bor_district":2,"ccc_district":10},"geometry":{"type":"Polygon","coordinates":[[[-87.65768900034703,41.938036000361194],[-87.65775199965503,41.939856999800725],[-87.65896900001928,41.93983799982391],[-87.6590730003187,41.94349300020184],[-87.65421999955328,41.94357100020153],[-87.65404499957702,41.93809000015341],[-87.65768900034703,41.938036000361194]]]}},{"type":"Feature","properties":{"JoinField":"CITY OF CHICAGO:Ward 44 Precinct 11","cd_district":5,"house_district":11,"senate_district":6,"bor_district":2,"ccc_district":10},"geometry":{"type":"Polygon","coordinates":[[[-87.65908399992662,41.943908999600694],[-87.66150500005568,41.94387099964695],[-87.66158300005537,41.94663400025894],[-87.65916099988021,41.946677999590065],[-87.6592100003412,41.948966999927165],[-87.65795199988486,41.94898599990404],[-87.65424499980685,41.944466000105876],[-87.65421999955328,41.94357100020153],[-87.6590730003187,41.94349300020184],[-87.65908399992662,41.943908999600694]]]}},{"type":"Feature","properties":{"JoinField":"CITY OF CHICAGO:Ward 44 Precinct 12","cd_district":5,"house_district":12,"senate_district":6,"bor_district":2,"ccc_district":10},"geometry":{"type":"Polygon","coordinates":[[[-87.63955400041675,41.940138000168645],[-87.63958299995545,41.9413409998873],[-87.64051000043611,41.94336999992561],[-87.64481400016592,41.94332100036394],[-87.64573999970116,41.94484100031195],[-87.64179700043121,41.94615999998405],[-87.64220699955337,41.94687200044251],[-87.64098599990393,41.94737000002556],[-87.64074300038914,41.9476179997709],[-87.63822400023736,41.948211000137576],[-87.63774399968582,41.94729500016416],[-87.63682599962016,41.94610400009958],[-87.63375400004702,41.94313699997264],[-87.63344600023271,41.94277999969728],[-87.633298999749,41.942291999676115],[-87.6336889997475,41.94218800027602],[-87.63401699958484,41.94247800015961],[-87.6381179998458,41.94093400000418],[-87.6381179998458,41.940553000420664],[-87.63880900023514,41.94024299961478],[-87.63955400041675,41.940138000168645]]]}},{"type":"Feature","properties":{"JoinField":"CITY OF CHICAGO:Ward 44 Precinct 13","cd_district":5,"house_district":11,"senate_district":6,"bor_district":2,"ccc_district":10},"geometry":{"type":"Polygon","coordinates":[[[-87.6540299997846,41.94445699969083],[-87.65453699978269,41.94474699957442],[-87.65795199988486,41.94898599990404],[-87.64954199966354,41.94911499955765],[-87.64940399959488,41.94452900031314],[-87.6540299997846,41.94445699969083]]]}},{"type":"Feature","properties":{"JoinField":"CITY OF CHICAGO:Ward 44 Precinct 14","cd_district":5,"house_district":11,"senate_district":6,"bor_district":2,"ccc_district":10},"geometry":{"type":"Polygon","coordinates":[[[-87.65385899999279,41.932637999644044],[-87.65410599969209,41.93991199963915],[-87.65336399964883,41.93991899996195],[-87.65333199997178,41.93895799971199],[-87.64991000044614,41.93900700017298],[-87.64920400026438,41.93813599957679],[-87.64901200040345,41.93271999982818],[-87.65385899999279,41.932637999644044]]]}},{"type":"Feature","properties":{"JoinField":"CITY OF CHICAGO:Ward 44 Precinct 15","cd_district":5,"house_district":12,"senate_district":6,"bor_district":2,"ccc_district":10},"geometry":{"type":"Polygon","coordinates":[[[-87.64443399972924,41.9411350002801],[-87.64448500028249,41.94272799999726],[-87.64481400016592,41.94332100036394],[-87.64051000043611,41.94336999992561],[-87.63988300030019,41.94216800025305],[-87.63957799972485,41.94119799958804],[-87.64443399972924,41.9411350002801]]]}},{"type":"Feature","properties":{"JoinField":"CITY OF CHICAGO:Ward 44 Precinct 16","cd_district":5,"house_district":11,"senate_district":6,"bor_district":2,"ccc_district":10},"geometry":{"type":"Polygon","coordinates":[[[-87.66514199960358,41.94378700026988],[-87.66574699962428,41.94378099999318],[-87.66581800020049,41.94654199961366],[-87.66642600035959,41.94652999995958],[-87.66652999975963,41.95067400040483],[-87.66473499972045,41.95070199989743],[-87.66468099992818,41.94888000041175],[-87.6592100003412,41.948966999927165],[-87.65916099988021,41.946677999590065],[-87.66158300005537,41.94663400025894],[-87.66150500005568,41.94387099964695],[-87.66392800027694,41.943802000062306],[-87.6639169997697,41.9434180003405],[-87.66513200004175,41.94339900036363],[-87.66514199960358,41.94378700026988]]]}},{"type":"Feature","properties":{"JoinField":"CITY OF CHICAGO:Ward 44 Precinct 17","cd_district":5,"house_district":12,"senate_district":6,"bor_district":2,"ccc_district":10},"geometry":{"type":"Polygon","coordinates":[[[-87.64188299990047,41.93769800006271],[-87.64431999986806,41.93765499987842],[-87.64439999996,41.94004500037653],[-87.64197999987704,41.940083000330276],[-87.64194400001554,41.93917599987253],[-87.64034099983724,41.93918800042593],[-87.64034800016003,41.939430999940726],[-87.63953000020928,41.9394550001482],[-87.63943400027887,41.936587000090014],[-87.6418579996469,41.93655400036687],[-87.64188299990047,41.93769800006271]]]}},{"type":"Feature","properties":{"JoinField":"CITY OF CHICAGO:Ward 44 Precinct 18","cd_district":5,"house_district":12,"senate_district":6,"bor_district":2,"ccc_district":10},"geometry":{"type":"Polygon","coordinates":[[[-87.64901200040345,41.93271999982818],[-87.64920400026438,41.93813599957679],[-87.64782300043106,41.936425999860035],[-87.64427899977596,41.93651300027477],[-87.64421999975315,41.934363000052485],[-87.64468000028177,41.93357599973268],[-87.64488599988897,41.93280099996622],[-87.64901200040345,41.93271999982818]]]}},{"type":"Feature","properties":{"JoinField":"CITY OF CHICAGO:Ward 44 Precinct 19","cd_district":5,"house_district":13,"senate_district":7,"bor_district":2,"ccc_district":10},"geometry":{"type":"Polygon","coordinates":[[[-87.66473499972045,41.95070199989743],[-87.66411800004562,41.95071100031248],[-87.66416899969954,41.952532999798166],[-87.66082700026584,41.95258100021306],[-87.6622500002373,41.95437800034449],[-87.65679200035049,41.95445200015973],[-87.65680600009676,41.951086999665335],[-87.65323499999522,41.951143999595956],[-87.65317299983406,41.94906199981148],[-87.66468099992818,41.94888000041175],[-87.66473499972045,41.95070199989743]]]}},{"type":"Feature","properties":{"JoinField":"CITY OF CHICAGO:Ward 44 Precinct 20","cd_district":5,"house_district":11,"senate_district":6,"bor_district":2,"ccc_district":10},"geometry":{"type":"Polygon","coordinates":[[[-87.65416299962271,41.94174200039305],[-87.65424499980685,41.944466000105876],[-87.64940399959488,41.94452900031314],[-87.64932699964129,41.94179600018532],[-87.65416299962271,41.94174200039305]]]}},{"type":"Feature","properties":{"JoinField":"CITY OF CHICAGO:Ward 44 Precinct 21","cd_district":5,"house_district":12,"senate_district":6,"bor_district":2,"ccc_district":10},"geometry":{"type":"Polygon","coordinates":[[[-87.64920400026438,41.93813599957679],[-87.64991000044614,41.93900700017298],[-87.65333199997178,41.93895799971199],[-87.65336399964883,41.93991899996195],[-87.65410599969209,41.93991199963915],[-87.65416299962271,41.94174200039305],[-87.64445799993672,41.941866999862214],[-87.64436900032905,41.939146000287735],[-87.64923699998752,41.93908200003432],[-87.64920400026438,41.93813599957679]]]}},{"type":"Feature","properties":{"JoinField":"CITY OF CHICAGO:Ward 45 Precinct 01","cd_district":5,"house_district":15,"senate_district":8,"bor_district":2,"ccc_district":10},"geometry":{"type":"Polygon","coordinates":[[[-87.77587699982365,42.00157200034761],[-87.78135599977952,42.004132999738204],[-87.7825510000286,42.00489399975834],[-87.78872299956674,42.01199699996164],[-87.77906000001894,42.01199099968494],[-87.77911799999566,42.015538999625164],[-87.77692200035,42.01545700034035],[-87.7769439995659,42.01198200016921],[-87.77415200031453,42.01196200014624],[-87.77416900019915,42.01099899980403],[-87.77637000007542,42.01099000028836],[-87.77875200020463,42.00986799980842],[-87.77741599974854,42.008330999975726],[-87.77547500017107,42.00918199964963],[-87.7754560001942,42.00802300016136],[-87.77515899998781,42.007696000370174],[-87.77453099980573,42.00739900016379],[-87.77679699998151,42.006317999775945],[-87.77406599994589,42.00504899971162],[-87.77633600030612,42.003969000269194],[-87.77455700010546,42.003149000226244],[-87.77587699982365,42.00157200034761]]]}},{"type":"Feature","properties":{"JoinField":"CITY OF CHICAGO:Ward 45 Precinct 02","cd_district":5,"house_district":15,"senate_district":8,"bor_district":2,"ccc_district":10},"geometry":{"type":"Polygon","coordinates":[[[-87.77381400001605,42.000613000189844],[-87.77587699982365,42.00157200034761],[-87.77455700010546,42.003149000226244],[-87.77633600030612,42.003969000269194],[-87.77406599994589,42.00504899971162],[-87.77679699998151,42.006317999775945],[-87.77453099980573,42.00739900016379],[-87.77515899998781,42.007696000370174],[-87.7754560001942,42.00802300016136],[-87.77547500017107,42.00918199964963],[-87.77741599974854,42.008330999975726],[-87.77875200020463,42.00986799980842],[-87.77637000007542,42.01099000028836],[-87.77416900019915,42.01099899980403],[-87.77415200031453,42.01196200014624],[-87.77334499997175,42.011949000446066],[-87.77043599982147,42.006340999937265],[-87.77015700044518,42.006450999614],[-87.7693930002867,42.00495399982731],[-87.76986899975452,42.00524699984919],[-87.76998799984625,42.005147999780434],[-87.77381400001605,42.000613000189844]]]}},{"type":"Feature","properties":{"JoinField":"CITY OF CHICAGO:Ward 45 Precinct 03","cd_district":5,"house_district":16,"senate_district":8,"bor_district":2,"ccc_district":10},"geometry":{"type":"Polygon","coordinates":[[[-87.76185399976225,42.003699000408574],[-87.76455600025918,42.00496500033455],[-87.76548099974832,42.00371800038545],[-87.76775899957812,42.00473499962061],[-87.76753399999404,42.008432000136736],[-87.76166299994748,42.00841300015986],[-87.76185399976225,42.003699000408574]]]}},{"type":"Feature","properties":{"JoinField":"CITY OF CHICAGO:Ward 45 Precinct 04","cd_district":5,"house_district":15,"senate_district":8,"bor_district":2,"ccc_district":10},"geometry":{"type":"Polygon","coordinates":[[[-87.76669299988203,41.99730200038704],[-87.77381400001605,42.000613000189844],[-87.76986899975452,42.00524699984919],[-87.7693930002867,42.00495399982731],[-87.76546299981754,41.997342999579814],[-87.76669299988203,41.99730200038704]]]}},{"type":"Feature","properties":{"JoinField":"CITY OF CHICAGO:Ward 45 Precinct 05","cd_district":5,"house_district":15,"senate_district":8,"bor_district":2,"ccc_district":10},"geometry":{"type":"Polygon","coordinates":[[[-87.75291000009639,41.99730300043319],[-87.7574679998483,41.99731500008721],[-87.75781000033123,41.9974269998562],[-87.7579020000772,41.99731600013337],[-87.76546299981754,41.997342999579814],[-87.7693930002867,42.00495399982731],[-87.76579499983933,42.003325000248594],[-87.76455600025918,42.00496500033455],[-87.76185399976225,42.003699000408574],[-87.76195299983107,42.00265700002058],[-87.76227000006043,42.00168700025489],[-87.75291000009639,41.99730300043319]]]}},{"type":"Feature","properties":{"JoinField":"CITY OF CHICAGO:Ward 45 Precinct 06","cd_district":5,"house_district":15,"senate_district":8,"bor_district":2,"ccc_district":10},"geometry":{"type":"Polygon","coordinates":[[[-87.7876260002397,41.988775000166186],[-87.79537799979482,41.99310600024177],[-87.79469299968213,41.99369999975522],[-87.79165199973994,41.99376400000864],[-87.79231000040613,41.99732399960294],[-87.79088799958146,41.99733099992574],[-87.79087199974293,41.9988879997814],[-87.79021600006831,41.99890299957383],[-87.78958199960954,41.999229000218236],[-87.7907660002507,42.00053100000571],[-87.78690899955063,42.00248800032102],[-87.78271400035078,42.00422999971477],[-87.78221499982237,42.00463699959789],[-87.76669299988203,41.99730200038704],[-87.77012599991491,41.99714000011096],[-87.7758729996392,41.997445999833076],[-87.7874429998945,41.99735600017931],[-87.7876260002397,41.988775000166186]]]}},{"type":"Feature","properties":{"JoinField":"CITY OF CHICAGO:Ward 45 Precinct 07","cd_district":5,"house_district":19,"senate_district":10,"bor_district":2,"ccc_district":10},"geometry":{"type":"Polygon","coordinates":[[[-87.78526900036405,41.984599000043886],[-87.78767699989362,41.985948000200096],[-87.78759999994003,41.990192999907094],[-87.78104599987296,41.99018300034527],[-87.78031999966822,41.98940599958729],[-87.78082799971236,41.98915000037226],[-87.77933300001791,41.98753899982506],[-87.78121300037964,41.98654199971355],[-87.78099100003459,41.986542999759706],[-87.78102899998834,41.984731999881944],[-87.78526900036405,41.984703000343245],[-87.78526900036405,41.984599000043886]]]}},{"type":"Feature","properties":{"JoinField":"CITY OF CHICAGO:Ward 45 Precinct 08","cd_district":5,"house_district":19,"senate_district":10,"bor_district":2,"ccc_district":10},"geometry":{"type":"Polygon","coordinates":[[[-87.77321000004144,41.98166000030881],[-87.77663999993604,41.985422000225185],[-87.77678600037359,41.9847279996975],[-87.78102899998834,41.984731999881944],[-87.78099100003459,41.986542999759706],[-87.78121300037964,41.98654199971355],[-87.77933300001791,41.98753899982506],[-87.78082799971236,41.98915000037226],[-87.78031999966822,41.98940599958729],[-87.78104599987296,41.99018300034527],[-87.77838500036745,41.99021700011451],[-87.77278300013529,41.98732199971056],[-87.77311900034158,41.98655999964433],[-87.77321000004144,41.98166000030881]]]}},{"type":"Feature","properties":{"JoinField":"CITY OF CHICAGO:Ward 45 Precinct 09","cd_district":5,"house_district":19,"senate_district":10,"bor_district":2,"ccc_district":10},"geometry":{"type":"Polygon","coordinates":[[[-87.77321899955717,41.98111000012648],[-87.77311900034158,41.98655999964433],[-87.77278300013529,41.98732199971056],[-87.76422700037574,41.982893999658415],[-87.76258700028978,41.98190700000811],[-87.76287700017338,41.981890000123485],[-87.762884999643,41.98115600044912],[-87.77265499962851,41.98105300019586],[-87.77321899955717,41.98111000012648]]]}},{"type":"Feature","properties":{"JoinField":"CITY OF CHICAGO:Ward 45 Precinct 10","cd_district":5,"house_district":19,"senate_district":10,"bor_district":2,"ccc_district":10},"geometry":{"type":"Polygon","coordinates":[[[-87.78352700007093,41.982911999589135],[-87.78223299975309,41.98290500016566],[-87.78526900036405,41.984703000343245],[-87.77678600037359,41.9847279996975],[-87.77663999993604,41.985422000225185],[-87.77321000004144,41.98166000030881],[-87.77327700043321,41.97789800039243],[-87.7730960001802,41.976982000419014],[-87.78352700007093,41.982911999589135]]]}},{"type":"Feature","properties":{"JoinField":"CITY OF CHICAGO:Ward 45 Precinct 11","cd_district":5,"house_district":19,"senate_district":10,"bor_district":2,"ccc_district":10},"geometry":{"type":"Polygon","coordinates":[[[-87.78666199985139,41.9757029998936],[-87.78653400024388,41.982069000284184],[-87.78775199975496,41.98206099991529],[-87.78767699989362,41.985948000200096],[-87.78223299975309,41.98290500016566],[-87.78352700007093,41.982911999589135],[-87.77079800032743,41.975680999778376],[-87.78666199985139,41.9757029998936]]]}},{"type":"Feature","properties":{"JoinField":"CITY OF CHICAGO:Ward 45 Precinct 12","cd_district":5,"house_district":19,"senate_district":10,"bor_district":2,"ccc_district":10},"geometry":{"type":"Polygon","coordinates":[[[-87.77327700043321,41.97789800039243],[-87.77321899955717,41.98111000012648],[-87.764716000443,41.98114099975737],[-87.7647090001202,41.97847299992907],[-87.76641200041342,41.97714699993418],[-87.76471999972819,41.975910999593],[-87.76494800034988,41.97574800017014],[-87.77079800032743,41.975680999778376],[-87.77309800027246,41.976961000349945],[-87.77327100015651,41.977107999934276],[-87.7730960001802,41.976982000419014],[-87.77327700043321,41.97789800039243]]]}},{"type":"Feature","properties":{"JoinField":"CITY OF CHICAGO:Ward 45 Precinct 13","cd_district":5,"house_district":19,"senate_district":10,"bor_district":2,"ccc_district":10},"geometry":{"type":"Polygon","coordinates":[[[-87.76095799981181,41.97573999980119],[-87.76497899998083,41.975737999709],[-87.76471999972819,41.975910999593],[-87.76641200041342,41.97714699993418],[-87.7647090001202,41.97847299992907],[-87.764716000443,41.98114099975737],[-87.762884999643,41.98115600044912],[-87.76287700017338,41.981890000123485],[-87.76258700028978,41.98190700000811],[-87.75533000017936,41.977452999656236],[-87.75533000017936,41.977076000257284],[-87.75824000037568,41.977041999588664],[-87.76095799981181,41.97573999980119]]]}},{"type":"Feature","properties":{"JoinField":"CITY OF CHICAGO:Ward 45 Precinct 14","cd_district":5,"house_district":19,"senate_district":10,"bor_district":2,"ccc_district":10},"geometry":{"type":"Polygon","coordinates":[[[-87.77099400037281,41.97124999958788],[-87.7784459995832,41.973231000110616],[-87.78589599960065,41.975656000424124],[-87.77333200027158,41.975681999824474],[-87.7733369996028,41.9752709997569],[-87.7724859999289,41.975238000033755],[-87.77094199977341,41.97451499996731],[-87.77099400037281,41.97124999958788]]]}},{"type":"Feature","properties":{"JoinField":"CITY OF CHICAGO:Ward 45 Precinct 15","cd_district":5,"house_district":19,"senate_district":10,"bor_district":2,"ccc_district":10},"geometry":{"type":"Polygon","coordinates":[[[-87.75966300034713,41.96922399968787],[-87.75952400023237,41.96929500026408],[-87.76241400040578,41.971008000119184],[-87.76391500037693,41.97141500000231],[-87.76469300028168,41.972274000045104],[-87.77079800032743,41.975680999778376],[-87.7637429996397,41.97581999989313],[-87.76028100006806,41.975653000285774],[-87.76019499969942,41.973372000317624],[-87.75770900017017,41.973400999856324],[-87.75757800042436,41.96973599991651],[-87.75510199955761,41.96976400030843],[-87.75504699971924,41.96793599964673],[-87.75744299959473,41.967905000015776],[-87.75966300034713,41.96922399968787]]]}},{"type":"Feature","properties":{"JoinField":"CITY OF CHICAGO:Ward 45 Precinct 16","cd_district":5,"house_district":19,"senate_district":10,"bor_district":2,"ccc_district":10},"geometry":{"type":"Polygon","coordinates":[[[-87.75757800042436,41.96973599991651],[-87.75770900017017,41.973400999856324],[-87.76019499969942,41.973372000317624],[-87.76028100006806,41.975653000285774],[-87.76089499960449,41.97564800005523],[-87.76091300043458,41.97576600010086],[-87.75824000037568,41.977041999588664],[-87.75533000017936,41.977076000257284],[-87.75533000017936,41.977452999656236],[-87.75495399992712,41.97722199979552],[-87.75205900042249,41.97162599984006],[-87.75516399971877,41.97159100002466],[-87.75510199955761,41.96976400030843],[-87.75757800042436,41.96973599991651]]]}},{"type":"Feature","properties":{"JoinField":"CITY OF CHICAGO:Ward 45 Precinct 17","cd_district":5,"house_district":19,"senate_district":10,"bor_district":2,"ccc_district":10},"geometry":{"type":"Polygon","coordinates":[[[-87.78558999987854,41.96844199959867],[-87.78544600043256,41.975505999802124],[-87.77823199960704,41.9731720000878],[-87.7782339996993,41.96853300019785],[-87.78558999987854,41.96844199959867]]]}},{"type":"Feature","properties":{"JoinField":"CITY OF CHICAGO:Ward 45 Precinct 18","cd_district":5,"house_district":19,"senate_district":10,"bor_district":2,"ccc_district":10},"geometry":{"type":"Polygon","coordinates":[[[-87.7782339996993,41.96853300019785],[-87.77823199960704,41.9731720000878],[-87.76756000029371,41.970329000283186],[-87.76747700006348,41.96778299978564],[-87.77726800011806,41.967648999901485],[-87.7782339996993,41.96853300019785]]]}},{"type":"Feature","properties":{"JoinField":"CITY OF CHICAGO:Ward 45 Precinct 19","cd_district":5,"house_district":19,"senate_district":10,"bor_district":2,"ccc_district":10},"geometry":{"type":"Polygon","coordinates":[[[-87.76135500013311,41.96759500010921],[-87.76747700006348,41.96778299978564],[-87.76756000029371,41.970329000283186],[-87.77099400037281,41.97124999958788],[-87.77094199977341,41.97451499996731],[-87.7724859999289,41.975238000033755],[-87.7733369996028,41.9752709997569],[-87.77333200027158,41.975681999824474],[-87.77079800032743,41.975680999778376],[-87.76469300028168,41.972274000045104],[-87.76391500037693,41.97141500000231],[-87.76241400040578,41.971008000119184],[-87.75744299959473,41.967905000015776],[-87.76075000011235,41.96787699962391],[-87.76135500013311,41.96759500010921]]]}},{"type":"Feature","properties":{"JoinField":"CITY OF CHICAGO:Ward 45 Precinct 20","cd_district":5,"house_district":19,"senate_district":10,"bor_district":2,"ccc_district":10},"geometry":{"type":"Polygon","coordinates":[[[-87.75504699971924,41.96793599964673],[-87.75516399971877,41.97159100002466],[-87.75205900042249,41.97162599984006],[-87.75495399992712,41.97722199979552],[-87.74791199983889,41.97288100015811],[-87.74782600036957,41.969397999618025],[-87.74755899974798,41.9685350002901],[-87.74772200007021,41.96802900033816],[-87.74785700000052,41.96802600019981],[-87.75504699971924,41.96793599964673]]]}},{"type":"Feature","properties":{"JoinField":"CITY OF CHICAGO:Ward 45 Precinct 21","cd_district":5,"house_district":19,"senate_district":10,"bor_district":2,"ccc_district":12},"geometry":{"type":"Polygon","coordinates":[[[-87.78197599959265,41.96471100021256],[-87.78196600003082,41.96660100013611],[-87.77723100021046,41.966667999628555],[-87.77726800011806,41.967648999901485],[-87.76747700006348,41.96778299978564],[-87.76739199974094,41.96504500032654],[-87.78197599959265,41.96471100021256]]]}},{"type":"Feature","properties":{"JoinField":"CITY OF CHICAGO:Ward 45 Precinct 22","cd_district":5,"house_district":19,"senate_district":10,"bor_district":2,"ccc_district":12},"geometry":{"type":"Polygon","coordinates":[[[-87.76075000011235,41.96787699962391],[-87.74772200007021,41.96802900033816],[-87.74761300043957,41.964295999960484],[-87.74697299970416,41.962852999966],[-87.747588000186,41.96223500024513],[-87.74814699988411,41.962537999828896],[-87.75065899971304,41.962510000336295],[-87.75070299994343,41.96397500044594],[-87.75131200014863,41.96398399996167],[-87.7513360003561,41.96431700002955],[-87.75192100035383,41.964321000214056],[-87.75186599961614,41.9624959996907],[-87.75604800001514,41.96244399999068],[-87.76075000011235,41.96787699962391]]]}},{"type":"Feature","properties":{"JoinField":"CITY OF CHICAGO:Ward 45 Precinct 23","cd_district":5,"house_district":19,"senate_district":10,"bor_district":2,"ccc_district":12},"geometry":{"type":"Polygon","coordinates":[[[-87.75893400000405,41.963067999988255],[-87.76001600043804,41.96335899991794],[-87.76733299971812,41.963274999641555],[-87.76747700006348,41.96778299978564],[-87.76135500013311,41.96759500010921],[-87.76075000011235,41.96787699962391],[-87.75683300024275,41.96335000040227],[-87.75742599971011,41.96308699996513],[-87.75893400000405,41.963067999988255]]]}},{"type":"Feature","properties":{"JoinField":"CITY OF CHICAGO:Ward 45 Precinct 24","cd_district":5,"house_district":19,"senate_district":10,"bor_district":2,"ccc_district":12},"geometry":{"type":"Polygon","coordinates":[[[-87.76718400004154,41.958655999774635],[-87.76733299971812,41.963274999641555],[-87.76001600043804,41.96335899991794],[-87.75893400000405,41.963067999988255],[-87.75742599971011,41.96308699996513],[-87.75683300024275,41.96335000040227],[-87.75608499992279,41.96248600012888],[-87.75744999991753,41.96247000029035],[-87.7573869997102,41.960600000389775],[-87.76231600038307,41.96054200041306],[-87.76225600031415,41.95871599984355],[-87.76718400004154,41.958655999774635]]]}},{"type":"Feature","properties":{"JoinField":"CITY OF CHICAGO:Ward 45 Precinct 25","cd_district":3,"house_district":19,"senate_district":10,"bor_district":2,"ccc_district":12},"geometry":{"type":"Polygon","coordinates":[[[-87.74909999976512,41.95449300025183],[-87.75431900032157,41.960450999813816],[-87.75604800001514,41.96244399999068],[-87.75186599961614,41.9624959996907],[-87.75192100035383,41.964321000214056],[-87.7514130003097,41.96432799963753],[-87.75131200014863,41.96398399996167],[-87.75070299994343,41.96397500044594],[-87.75065899971304,41.962510000336295],[-87.74814699988411,41.962537999828896],[-87.747588000186,41.96223500024513],[-87.74730499972594,41.95341800014063],[-87.74909999976512,41.95449300025183]]]}},{"type":"Feature","properties":{"JoinField":"CITY OF CHICAGO:Ward 45 Precinct 26","cd_district":3,"house_district":19,"senate_district":10,"bor_district":2,"ccc_district":12},"geometry":{"type":"Polygon","coordinates":[[[-87.75223899973003,41.95336000016391],[-87.75230199993729,41.955184999787946],[-87.7521930003067,41.9551859998341],[-87.75233499966049,41.95647199978299],[-87.75278799986626,41.9570040000346],[-87.75207200012267,41.95701300044965],[-87.75246800039787,41.95746499971],[-87.75728400035632,41.957404999641085],[-87.7573259995952,41.95877599991252],[-87.76225600031415,41.95871599984355],[-87.76231600038307,41.96054200041306],[-87.7573869997102,41.960600000389775],[-87.75744999991753,41.96247000029035],[-87.75608499992279,41.96248600012888],[-87.74934200013314,41.95469899985903],[-87.74730499972594,41.95341800014063],[-87.75223899973003,41.95336000016391]]]}},{"type":"Feature","properties":{"JoinField":"CITY OF CHICAGO:Ward 45 Precinct 27","cd_district":5,"house_district":19,"senate_district":10,"bor_district":2,"ccc_district":12},"geometry":{"type":"Polygon","coordinates":[[[-87.74255700020535,41.95310300000352],[-87.74275000011238,41.95347400002515],[-87.74730499972594,41.95341800014063],[-87.747588000186,41.96223500024513],[-87.7473730001638,41.9624330003827],[-87.74454099996711,41.96075600038915],[-87.74361200029352,41.96076699999708],[-87.73093900043449,41.953618000370454],[-87.74252599967508,41.95347400002515],[-87.74255700020535,41.95310300000352]]]}},{"type":"Feature","properties":{"JoinField":"CITY OF CHICAGO:Ward 45 Precinct 28","cd_district":3,"house_district":19,"senate_district":10,"bor_district":2,"ccc_district":8},"geometry":{"type":"Polygon","coordinates":[[[-87.75211700039921,41.94925299962631],[-87.7521829998455,41.95151200037856],[-87.75709000040314,41.951452000309644],[-87.75710400014947,41.95190200037706],[-87.75956500032447,41.95187299993904],[-87.75961099974779,41.95327199970308],[-87.74275000011238,41.95347400002515],[-87.74255700020535,41.95310300000352],[-87.74242999974467,41.94983799962404],[-87.74267100006654,41.94983799962404],[-87.74266099960539,41.94937699994864],[-87.74656599982097,41.949321000064174],[-87.74657900042047,41.94977999964732],[-87.74688900032709,41.94977600036219],[-87.74975999962425,41.949738000408445],[-87.74974399978572,41.94928500020262],[-87.75211700039921,41.94925299962631]]]}},{"type":"Feature","properties":{"JoinField":"CITY OF CHICAGO:Ward 45 Precinct 29","cd_district":5,"house_district":19,"senate_district":10,"bor_district":2,"ccc_district":8},"geometry":{"type":"Polygon","coordinates":[[[-87.73247300012883,41.953597000301386],[-87.72761800017054,41.95366199970158],[-87.72766899982446,41.95547699976379],[-87.72281199977391,41.955541000017206],[-87.72205099975378,41.95502899978857],[-87.72152499977886,41.95503600011136],[-87.72153999957129,41.95555999999408],[-87.7178670001619,41.95560800040897],[-87.7177599997242,41.95195800026153],[-87.72508400022639,41.951868999754595],[-87.72508100008804,41.95275800028156],[-87.72758799968642,41.95272200042001],[-87.7275319998019,41.950906000311704],[-87.72913700007246,41.9518329998931],[-87.73242000038266,41.95178500037753],[-87.73247300012883,41.953597000301386]]]}},{"type":"Feature","properties":{"JoinField":"CITY OF CHICAGO:Ward 46 Precinct 01","cd_district":5,"house_district":11,"senate_district":6,"bor_district":2,"ccc_district":10},"geometry":{"type":"Polygon","coordinates":[[[-87.64499000018833,41.94700899956575],[-87.64554899988639,41.947928999723615],[-87.64430199993728,41.94835300039068],[-87.64492099970431,41.94939199974107],[-87.644146999984,41.94977300022384],[-87.64292100010402,41.947708000323985],[-87.64499000018833,41.94700899956575]]]}},{"type":"Feature","properties":{"JoinField":"CITY OF CHICAGO:Ward 46 Precinct 02","cd_district":5,"house_district":11,"senate_district":6,"bor_district":2,"ccc_district":10},"geometry":{"type":"Polygon","coordinates":[[[-87.64573999970116,41.94484100031195],[-87.64727600038708,41.94735400018703],[-87.64554899988639,41.947928999723615],[-87.64499000018833,41.94700899956575],[-87.64292100010402,41.947708000323985],[-87.64199999990007,41.94610900033018],[-87.64573999970116,41.94484100031195]]]}},{"type":"Feature","properties":{"JoinField":"CITY OF CHICAGO:Ward 46 Precinct 03","cd_district":5,"house_district":11,"senate_district":6,"bor_district":2,"ccc_district":10},"geometry":{"type":"Polygon","coordinates":[[[-87.64942999989455,41.945461000125135],[-87.64961999966323,41.95119800028755],[-87.64784899983147,41.951642000078266],[-87.64554899988639,41.947928999723615],[-87.64727600038708,41.94735400018703],[-87.64614799963044,41.945502000217175],[-87.64942999989455,41.945461000125135]]]}},{"type":"Feature","properties":{"JoinField":"CITY OF CHICAGO:Ward 46 Precinct 04","cd_district":5,"house_district":11,"senate_district":6,"bor_district":2,"ccc_district":10},"geometry":{"type":"Polygon","coordinates":[[[-87.64554899988639,41.947928999723615],[-87.64784899983147,41.951642000078266],[-87.64503200032652,41.952352000444534],[-87.64487899956612,41.95110699968836],[-87.644146999984,41.94977300022384],[-87.64492099970431,41.94939199974107],[-87.64430199993728,41.94835300039068],[-87.64554899988639,41.947928999723615]]]}},{"type":"Feature","properties":{"JoinField":"CITY OF CHICAGO:Ward 46 Precinct 05","cd_district":5,"house_district":11,"senate_district":6,"bor_district":2,"ccc_district":10},"geometry":{"type":"Polygon","coordinates":[[[-87.64199999990007,41.94610900033018],[-87.64470100035084,41.950690000243355],[-87.64498299986553,41.95148299994054],[-87.64503200032652,41.952352000444534],[-87.64784899983147,41.951642000078266],[-87.6478960002002,41.95284899998143],[-87.64655400036679,41.952933000257815],[-87.646648000205,41.95461400043581],[-87.64107799964995,41.954846000342684],[-87.63992500043838,41.95177099973188],[-87.63822400023736,41.948211000137576],[-87.64074300038914,41.9476179997709],[-87.64098599990393,41.94737000002556],[-87.64205999996898,41.947026000349695],[-87.64220699955337,41.94687200044251],[-87.64179700043121,41.94615999998405],[-87.64199999990007,41.94610900033018]]]}},{"type":"Feature","properties":{"JoinField":"CITY OF CHICAGO:Ward 46 Precinct 06","cd_district":9,"house_district":11,"senate_district":6,"bor_district":2,"ccc_district":10},"geometry":{"type":"Polygon","coordinates":[[[-87.64961999966323,41.95119800028755],[-87.64969999975517,41.954560999790374],[-87.646648000205,41.95461400043581],[-87.64655400036679,41.952933000257815],[-87.6478960002002,41.95284899998143],[-87.64784899983147,41.951642000078266],[-87.64961999966323,41.95119800028755]]]}},{"type":"Feature","properties":{"JoinField":"CITY OF CHICAGO:Ward 46 Precinct 07","cd_district":9,"house_district":13,"senate_district":7,"bor_district":2,"ccc_district":10},"geometry":{"type":"Polygon","coordinates":[[[-87.65196199974645,41.94908099978835],[-87.65212299997643,41.95452199979053],[-87.64969999975517,41.954560999790374],[-87.64954199966354,41.94911499955765],[-87.65196199974645,41.94908099978835]]]}},{"type":"Feature","properties":{"JoinField":"CITY OF CHICAGO:Ward 46 Precinct 08","cd_district":9,"house_district":13,"senate_district":7,"bor_district":2,"ccc_district":10},"geometry":{"type":"Polygon","coordinates":[[[-87.65323499999522,41.951143999595956],[-87.65680600009676,41.951086999665335],[-87.65679200035049,41.95445200015973],[-87.65212299997643,41.95452199979053],[-87.65196199974645,41.94908099978835],[-87.65317299983406,41.94906199981148],[-87.65323499999522,41.951143999595956]]]}},{"type":"Feature","properties":{"JoinField":"CITY OF CHICAGO:Ward 46 Precinct 09","cd_district":5,"house_district":13,"senate_district":7,"bor_district":2,"ccc_district":10},"geometry":{"type":"Polygon","coordinates":[[[-87.66575199985488,41.95068600005891],[-87.66576300036212,41.95113800021858],[-87.66897099991166,41.95109700012648],[-87.66904899991135,41.954289999883656],[-87.66421500002218,41.95435500018317],[-87.66425800020653,41.957620999709434],[-87.6622500002373,41.95437800034449],[-87.66082700026584,41.95258100021306],[-87.66416899969954,41.952532999798166],[-87.66411800004562,41.95071100031248],[-87.66575199985488,41.95068600005891]]]}},{"type":"Feature","properties":{"JoinField":"CITY OF CHICAGO:Ward 46 Precinct 10","cd_district":9,"house_district":13,"senate_district":7,"bor_district":2,"ccc_district":10},"geometry":{"type":"Polygon","coordinates":[[[-87.66595400017695,41.961634999555656],[-87.66749700028629,41.968900000035035],[-87.66443200013669,41.96895299978115],[-87.66380199986236,41.96494600025778],[-87.66373500036991,41.96166299994752],[-87.6570329997731,41.96175199955519],[-87.65679200035049,41.95445200015973],[-87.6622500002373,41.95437800034449],[-87.66447100013653,41.95795599986957],[-87.66595400017695,41.961634999555656]]]}},{"type":"Feature","properties":{"JoinField":"CITY OF CHICAGO:Ward 46 Precinct 11","cd_district":9,"house_district":11,"senate_district":6,"bor_district":2,"ccc_district":10},"geometry":{"type":"Polygon","coordinates":[[[-87.65586399982368,41.95841600039813],[-87.65624600035261,41.95861999991314],[-87.6569270002808,41.95858199995939],[-87.6570329997731,41.96175199955519],[-87.6523270003907,41.96180900038513],[-87.65229599986048,41.96066499978997],[-87.65215499965348,41.960332999768184],[-87.6498710004463,41.96036899962968],[-87.64981599970861,41.95848800012118],[-87.65586399982368,41.95841600039813]]]}},{"type":"Feature","properties":{"JoinField":"CITY OF CHICAGO:Ward 46 Precinct 12","cd_district":9,"house_district":11,"senate_district":6,"bor_district":2,"ccc_district":10},"geometry":{"type":"Polygon","coordinates":[[[-87.64969999975517,41.954560999790374],[-87.64983999991603,41.959299999795235],[-87.64667899983596,41.959360999910245],[-87.64625600011425,41.95758499984794],[-87.64525599986445,41.95463699969781],[-87.64969999975517,41.954560999790374]]]}},{"type":"Feature","properties":{"JoinField":"CITY OF CHICAGO:Ward 46 Precinct 13","cd_district":9,"house_district":13,"senate_district":7,"bor_district":2,"ccc_district":10},"geometry":{"type":"Polygon","coordinates":[[[-87.65684199995832,41.958580999913295],[-87.65624600035261,41.95861999991314],[-87.65586399982368,41.95841600039813],[-87.65303000043411,41.958449000121334],[-87.65053100030536,41.9545480000902],[-87.65679200035049,41.95445200015973],[-87.65684199995832,41.958580999913295]]]}},{"type":"Feature","properties":{"JoinField":"CITY OF CHICAGO:Ward 46 Precinct 14","cd_district":9,"house_district":13,"senate_district":7,"bor_district":2,"ccc_district":10},"geometry":{"type":"Polygon","coordinates":[[[-87.65053100030536,41.9545480000902],[-87.65246999979064,41.95757600033221],[-87.65303000043411,41.958449000121334],[-87.64981599970861,41.95848800012118],[-87.64969999975517,41.954560999790374],[-87.65053100030536,41.9545480000902]]]}},{"type":"Feature","properties":{"JoinField":"CITY OF CHICAGO:Ward 46 Precinct 15","cd_district":9,"house_district":11,"senate_district":6,"bor_district":2,"ccc_district":10},"geometry":{"type":"Polygon","coordinates":[[[-87.64525599986445,41.95463699969781],[-87.64625600011425,41.95758499984794],[-87.64667899983596,41.959360999910245],[-87.64983999991603,41.959299999795235],[-87.6498710004463,41.96036899962968],[-87.65215499965348,41.960332999768184],[-87.65229599986048,41.96066499978997],[-87.6523270003907,41.96180900038513],[-87.64623099986073,41.96198899969261],[-87.64603499981536,41.95946400016351],[-87.64581899974701,41.95849400039788],[-87.64533499991029,41.95709399968837],[-87.64420900014522,41.954896999996606],[-87.64418599998385,41.954658999813034],[-87.64525599986445,41.95463699969781]]]}},{"type":"Feature","properties":{"JoinField":"CITY OF CHICAGO:Ward 46 Precinct 16","cd_district":9,"house_district":13,"senate_district":7,"bor_district":2,"ccc_district":10},"geometry":{"type":"Polygon","coordinates":[[[-87.64581899974701,41.95849400039788],[-87.64623099986073,41.96198899969261],[-87.65474799962044,41.96177899990096],[-87.65477700005846,41.964445999683164],[-87.64998800044583,41.96451300007493],[-87.65009399993812,41.96825099978389],[-87.64938000028673,41.968252999876086],[-87.64963600040107,41.9691750001262],[-87.64420099977627,41.9698139999162],[-87.64298899964257,41.9685999996903],[-87.64173200013164,41.96765500017818],[-87.639202000372,41.966204999860906],[-87.63643599962165,41.965522999886616],[-87.63197099966186,41.96524100037192],[-87.63139099989468,41.96313200024167],[-87.63146499970992,41.962923999642896],[-87.6318329995932,41.96257799987484],[-87.63442400036729,41.96134899985651],[-87.63558700004,41.96028500025261],[-87.63652900031309,41.9597469997243],[-87.63752899966357,41.95949499979446],[-87.63902300021124,41.95952899956376],[-87.6407580001815,41.96002299986162],[-87.64088999997347,41.96065999955937],[-87.64039000029823,41.960857999697],[-87.63886800025796,41.960324000252456],[-87.63682200033503,41.960723999812785],[-87.63632199976047,41.961014999742474],[-87.63556299983253,41.96195900010781],[-87.63543100004057,41.962403999944684],[-87.6358349997854,41.96273900010482],[-87.6364819999443,41.96286599966618],[-87.64042600015972,41.962454999598606],[-87.64141099971783,41.96231300024482],[-87.64203699980766,41.96198899969261],[-87.6423239995529,41.961204000364376],[-87.64158200040896,41.960364000298455],[-87.64171600029312,41.95856900025922],[-87.64139399983321,41.95594999999258],[-87.64107799964995,41.954846000342684],[-87.64418599998385,41.954658999813034],[-87.64533499991029,41.95709399968837],[-87.64581899974701,41.95849400039788]]]}},{"type":"Feature","properties":{"JoinField":"CITY OF CHICAGO:Ward 46 Precinct 17","cd_district":9,"house_district":13,"senate_district":7,"bor_district":2,"ccc_district":10},"geometry":{"type":"Polygon","coordinates":[[[-87.66373500036991,41.96166299994752],[-87.66384400000055,41.96530899991046],[-87.65747400032484,41.96539999961033],[-87.65514399989564,41.96177299962426],[-87.66373500036991,41.96166299994752]]]}},{"type":"Feature","properties":{"JoinField":"CITY OF CHICAGO:Ward 46 Precinct 18","cd_district":9,"house_district":13,"senate_district":7,"bor_district":2,"ccc_district":10},"geometry":{"type":"Polygon","coordinates":[[[-87.66384400000055,41.96530899991046],[-87.66443200013669,41.96895299978115],[-87.6596699999705,41.96902500040352],[-87.65747400032484,41.96539999961033],[-87.66384400000055,41.96530899991046]]]}},{"type":"Feature","properties":{"JoinField":"CITY OF CHICAGO:Ward 46 Precinct 19","cd_district":9,"house_district":13,"senate_district":7,"bor_district":2,"ccc_district":10},"geometry":{"type":"Polygon","coordinates":[[[-87.65514399989564,41.96177299962426],[-87.65937499985631,41.968362000406046],[-87.6596699999705,41.96902500040352],[-87.654822000335,41.969089999803714],[-87.65474799962044,41.96177899990096],[-87.65514399989564,41.96177299962426]]]}},{"type":"Feature","properties":{"JoinField":"CITY OF CHICAGO:Ward 46 Precinct 20","cd_district":9,"house_district":13,"senate_district":7,"bor_district":2,"ccc_district":10},"geometry":{"type":"Polygon","coordinates":[[[-87.6500430002842,41.96644600018283],[-87.65479199985089,41.96637399956046],[-87.654822000335,41.969089999803714],[-87.64963600040107,41.9691750001262],[-87.64938000028673,41.968252999876086],[-87.65009399993812,41.96825099978389],[-87.6500430002842,41.96644600018283]]]}},{"type":"Feature","properties":{"JoinField":"CITY OF CHICAGO:Ward 46 Precinct 21","cd_district":9,"house_district":13,"senate_district":7,"bor_district":2,"ccc_district":10},"geometry":{"type":"Polygon","coordinates":[[[-87.654822000335,41.969089999803714],[-87.65488399959685,41.971580000416736],[-87.65041899963711,41.97163999958639],[-87.64963600040107,41.9691750001262],[-87.654822000335,41.969089999803714]]]}},{"type":"Feature","properties":{"JoinField":"CITY OF CHICAGO:Ward 46 Precinct 22","cd_district":9,"house_district":13,"senate_district":7,"bor_district":2,"ccc_district":10},"geometry":{"type":"Polygon","coordinates":[[[-87.65477700005846,41.964445999683164],[-87.65479199985089,41.96637399956046],[-87.6500430002842,41.96644600018283],[-87.64998800044583,41.96451300007493],[-87.65477700005846,41.964445999683164]]]}},{"type":"Feature","properties":{"JoinField":"CITY OF CHICAGO:Ward 46 Precinct 23","cd_district":9,"house_district":13,"senate_district":7,"bor_district":2,"ccc_district":10},"geometry":{"type":"Polygon","coordinates":[[[-87.66105199984986,41.96901900012682],[-87.66110699968823,41.97143900020973],[-87.65488399959685,41.971580000416736],[-87.654822000335,41.969089999803714],[-87.66105199984986,41.96901900012682]]]}},{"type":"Feature","properties":{"JoinField":"CITY OF CHICAGO:Ward 47 Precinct 01","cd_district":5,"house_district":13,"senate_district":7,"bor_district":2,"ccc_district":10},"geometry":{"type":"Polygon","coordinates":[[[-87.6840140002459,41.967766999947116],[-87.68404099969234,41.96868500001278],[-87.68890700015788,41.96861500038199],[-87.6889650001346,41.97041199961416],[-87.67923900037954,41.970573999890235],[-87.67918599973405,41.96875599968968],[-87.68080099956643,41.968733999574454],[-87.68077600021218,41.96781400031591],[-87.6840140002459,41.967766999947116]]]}},{"type":"Feature","properties":{"JoinField":"CITY OF CHICAGO:Ward 47 Precinct 02","cd_district":5,"house_district":13,"senate_district":7,"bor_district":2,"ccc_district":10},"geometry":{"type":"Polygon","coordinates":[[[-87.68074899986641,41.966896000250244],[-87.68080099956643,41.968733999574454],[-87.67918599973405,41.96875599968968],[-87.6792960003101,41.97239800036749],[-87.67630900016019,41.97244499983691],[-87.67620499986083,41.96879499968952],[-87.67417399973027,41.968822000035345],[-87.67412300007635,41.96699600036516],[-87.68074899986641,41.966896000250244]]]}},{"type":"Feature","properties":{"JoinField":"CITY OF CHICAGO:Ward 47 Precinct 03","cd_district":5,"house_district":13,"senate_district":7,"bor_district":2,"ccc_district":10},"geometry":{"type":"Polygon","coordinates":[[[-87.67620499986083,41.96879499968952],[-87.67632299990646,41.973314000340906],[-87.6727299996897,41.97339300038669],[-87.67259699985163,41.968842000058316],[-87.67620499986083,41.96879499968952]]]}},{"type":"Feature","properties":{"JoinField":"CITY OF CHICAGO:Ward 47 Precinct 04","cd_district":9,"house_district":13,"senate_district":7,"bor_district":2,"ccc_district":10},"geometry":{"type":"Polygon","coordinates":[[[-87.67259699985163,41.968842000058316],[-87.6727299996897,41.97339300038669],[-87.6695600000939,41.97343599967172],[-87.66957699997852,41.97433899994496],[-87.66820799979934,41.97436600029073],[-87.66749700028629,41.968900000035035],[-87.67259699985163,41.968842000058316]]]}},{"type":"Feature","properties":{"JoinField":"CITY OF CHICAGO:Ward 47 Precinct 05","cd_district":9,"house_district":13,"senate_district":7,"bor_district":2,"ccc_district":10},"geometry":{"type":"Polygon","coordinates":[[[-87.66749700028629,41.968900000035035],[-87.66841700044415,41.97619099991476],[-87.66475199960507,41.976247999845384],[-87.66465399958236,41.972597999697996],[-87.66114000031075,41.97265200038959],[-87.66105199984986,41.96901900012682],[-87.66749700028629,41.968900000035035]]]}},{"type":"Feature","properties":{"JoinField":"CITY OF CHICAGO:Ward 47 Precinct 06","cd_district":9,"house_district":13,"senate_district":7,"bor_district":2,"ccc_district":10},"geometry":{"type":"Polygon","coordinates":[[[-87.66465399958236,41.972597999697996],[-87.66475199960507,41.976247999845384],[-87.65986600001582,41.976322999706724],[-87.65976799999316,41.972675999697685],[-87.66465399958236,41.972597999697996]]]}},{"type":"Feature","properties":{"JoinField":"CITY OF CHICAGO:Ward 47 Precinct 07","cd_district":5,"house_district":11,"senate_district":6,"bor_district":2,"ccc_district":12},"geometry":{"type":"Polygon","coordinates":[[[-87.69479400004303,41.96127299994902],[-87.69558499964796,41.96307400026495],[-87.69871400005104,41.96619899958421],[-87.69746299991749,41.96621000009151],[-87.6979839996618,41.96670999976675],[-87.68884800013507,41.96675800018164],[-87.6888159995587,41.96573799990881],[-87.6894249997639,41.965732999678266],[-87.6893970002713,41.96485200041951],[-87.69001099980778,41.96484600014287],[-87.68999800010761,41.964390999844795],[-87.68938799985625,41.964397000121494],[-87.68929099987969,41.961307999764415],[-87.69479400004303,41.96127299994902]]]}},{"type":"Feature","properties":{"JoinField":"CITY OF CHICAGO:Ward 47 Precinct 08","cd_district":5,"house_district":13,"senate_district":7,"bor_district":2,"ccc_district":10},"geometry":{"type":"Polygon","coordinates":[[[-87.68929099987969,41.961307999764415],[-87.68938799985625,41.964397000121494],[-87.68999800010761,41.964390999844795],[-87.69001099980778,41.96484600014287],[-87.6893970002713,41.96485200041951],[-87.6894249997639,41.965732999678266],[-87.6888159995587,41.96573799990881],[-87.68890700015788,41.96861500038199],[-87.68404099969234,41.96868500001278],[-87.68393600024615,41.964977999934774],[-87.68612100028389,41.96491000039623],[-87.6838299998546,41.96138499971801],[-87.68929099987969,41.961307999764415]]]}},{"type":"Feature","properties":{"JoinField":"CITY OF CHICAGO:Ward 47 Precinct 09","cd_district":5,"house_district":13,"senate_district":7,"bor_district":2,"ccc_district":10},"geometry":{"type":"Polygon","coordinates":[[[-87.6838299998546,41.96138499971801],[-87.68612100028389,41.96491000039623],[-87.68393600024615,41.964977999934774],[-87.6840140002459,41.967766999947116],[-87.68077600021218,41.96781400031591],[-87.68074899986641,41.966896000250244],[-87.67913299998793,41.966919000411565],[-87.67895900005777,41.96145800038647],[-87.6838299998546,41.96138499971801]]]}},{"type":"Feature","properties":{"JoinField":"CITY OF CHICAGO:Ward 47 Precinct 10","cd_district":5,"house_district":13,"senate_district":7,"bor_district":2,"ccc_district":10},"geometry":{"type":"Polygon","coordinates":[[[-87.67895900005777,41.96145800038647],[-87.67913299998793,41.966919000411565],[-87.67412300007635,41.96699600036516],[-87.6739769996388,41.96152499987892],[-87.67895900005777,41.96145800038647]]]}},{"type":"Feature","properties":{"JoinField":"CITY OF CHICAGO:Ward 47 Precinct 11","cd_district":5,"house_district":13,"senate_district":7,"bor_district":2,"ccc_district":10},"geometry":{"type":"Polygon","coordinates":[[[-87.6740779997998,41.96516899974961],[-87.67417399973027,41.968822000035345],[-87.66749700028629,41.968900000035035],[-87.6667340001739,41.965270999956715],[-87.6740779997998,41.96516899974961]]]}},{"type":"Feature","properties":{"JoinField":"CITY OF CHICAGO:Ward 47 Precinct 12","cd_district":5,"house_district":13,"senate_district":7,"bor_district":2,"ccc_district":10},"geometry":{"type":"Polygon","coordinates":[[[-87.66920499991079,41.959768999839525],[-87.6693470001639,41.96523400004912],[-87.6667340001739,41.965270999956715],[-87.66598599985394,41.96174600017781],[-87.66526900006426,41.95983900036964],[-87.66920499991079,41.959768999839525]]]}},{"type":"Feature","properties":{"JoinField":"CITY OF CHICAGO:Ward 47 Precinct 13","cd_district":5,"house_district":13,"senate_district":7,"bor_district":2,"ccc_district":10},"geometry":{"type":"Polygon","coordinates":[[[-87.6739769996388,41.96152499987892],[-87.6740779997998,41.96516899974961],[-87.6693470001639,41.96523400004912],[-87.6692579996569,41.96159200027063],[-87.6739769996388,41.96152499987892]]]}},{"type":"Feature","properties":{"JoinField":"CITY OF CHICAGO:Ward 47 Precinct 14","cd_district":5,"house_district":11,"senate_district":6,"bor_district":2,"ccc_district":12},"geometry":{"type":"Polygon","coordinates":[[[-87.69476000027373,41.96127299994902],[-87.68868299972064,41.961312999995016],[-87.68852000029773,41.95584699973932],[-87.69328000037166,41.955825999670196],[-87.69322399958787,41.95400100004616],[-87.69444600018272,41.953993999723366],[-87.69435599962964,41.95772600005489],[-87.69476000027373,41.96127299994902]]]}},{"type":"Feature","properties":{"JoinField":"CITY OF CHICAGO:Ward 47 Precinct 15","cd_district":5,"house_district":11,"senate_district":6,"bor_district":2,"ccc_district":12},"geometry":{"type":"Polygon","coordinates":[[[-87.68846699965229,41.95403199967711],[-87.68868299972064,41.961312999995016],[-87.68504199998824,41.961364999695036],[-87.68482900005824,41.954074999861405],[-87.68846699965229,41.95403199967711]]]}},{"type":"Feature","properties":{"JoinField":"CITY OF CHICAGO:Ward 47 Precinct 16","cd_district":5,"house_district":11,"senate_district":6,"bor_district":2,"ccc_district":12},"geometry":{"type":"Polygon","coordinates":[[[-87.68482900005824,41.954074999861405],[-87.68504199998824,41.961364999695036],[-87.6838299998546,41.96138499971801],[-87.67875399959735,41.95416200027614],[-87.68482900005824,41.954074999861405]]]}},{"type":"Feature","properties":{"JoinField":"CITY OF CHICAGO:Ward 47 Precinct 17","cd_district":5,"house_district":11,"senate_district":6,"bor_district":2,"ccc_district":12},"geometry":{"type":"Polygon","coordinates":[[[-87.67875399959735,41.95416200027614],[-87.68362200015514,41.96107299971919],[-87.6838299998546,41.96138499971801],[-87.68314899992635,41.961399000363656],[-87.68205599988443,41.95983400013904],[-87.6820450002765,41.95958300025529],[-87.68182399997755,41.95958600039364],[-87.68136000016386,41.95867999998205],[-87.68119000041816,41.958682000074305],[-87.68078100044278,41.957775999662715],[-87.67643399962935,41.95783999991613],[-87.6764100003212,41.956927000081066],[-87.67429199977596,41.95695699966586],[-87.67426600037555,41.95604599992299],[-87.67384299975458,41.95606699999212],[-87.67379400019291,41.95422499958414],[-87.67875399959735,41.95416200027614]]]}},{"type":"Feature","properties":{"JoinField":"CITY OF CHICAGO:Ward 47 Precinct 18","cd_district":5,"house_district":13,"senate_district":7,"bor_district":2,"ccc_district":12},"geometry":{"type":"Polygon","coordinates":[[[-87.67426600037555,41.95604599992299],[-87.67429199977596,41.95695699966586],[-87.6764100003212,41.956927000081066],[-87.67643399962935,41.95783999991613],[-87.68078100044278,41.957775999662715],[-87.68119000041816,41.958682000074305],[-87.68136000016386,41.95867999998205],[-87.68182399997755,41.95958600039364],[-87.6820450002765,41.95958300025529],[-87.68205599988443,41.95983400013904],[-87.68314899992635,41.961399000363656],[-87.6739769996388,41.96152499987892],[-87.67384299975458,41.95606699999212],[-87.67426600037555,41.95604599992299]]]}},{"type":"Feature","properties":{"JoinField":"CITY OF CHICAGO:Ward 47 Precinct 19","cd_district":5,"house_district":13,"senate_district":7,"bor_district":2,"ccc_district":12},"geometry":{"type":"Polygon","coordinates":[[[-87.67379400019291,41.95422499958414],[-87.6739769996388,41.96152499987892],[-87.6692579996569,41.96159200027063],[-87.6690990004185,41.956128000107185],[-87.66758900003231,41.95614099980736],[-87.66751900040151,41.95430999990663],[-87.67379400019291,41.95422499958414]]]}},{"type":"Feature","properties":{"JoinField":"CITY OF CHICAGO:Ward 47 Precinct 20","cd_district":5,"house_district":13,"senate_district":7,"bor_district":2,"ccc_district":10},"geometry":{"type":"Polygon","coordinates":[[[-87.66751900040151,41.95430999990663],[-87.66758900003231,41.95614099980736],[-87.6690990004185,41.956128000107185],[-87.66920499991079,41.959768999839525],[-87.66526900006426,41.95983900036964],[-87.66425800020653,41.957620999709434],[-87.66421500002218,41.95435500018317],[-87.66751900040151,41.95430999990663]]]}},{"type":"Feature","properties":{"JoinField":"CITY OF CHICAGO:Ward 47 Precinct 21","cd_district":5,"house_district":11,"senate_district":6,"bor_district":2,"ccc_district":12},"geometry":{"type":"Polygon","coordinates":[[[-87.67367300000893,41.948748999766565],[-87.67379400019291,41.95422499958414],[-87.66904899991135,41.954289999883656],[-87.66890699965825,41.94881400006608],[-87.67367300000893,41.948748999766565]]]}},{"type":"Feature","properties":{"JoinField":"CITY OF CHICAGO:Ward 47 Precinct 22","cd_district":5,"house_district":11,"senate_district":6,"bor_district":2,"ccc_district":10},"geometry":{"type":"Polygon","coordinates":[[[-87.66876300021227,41.94334299957984],[-87.66897099991166,41.95109700012648],[-87.66576300036212,41.95113800021858],[-87.66575199985488,41.95068600005891],[-87.66652999975963,41.95067400040483],[-87.66642600035959,41.94652999995958],[-87.66581800020049,41.94654199961366],[-87.66574699962428,41.94378099999318],[-87.66514199960358,41.94378700026988],[-87.66513200004175,41.94339900036363],[-87.66876300021227,41.94334299957984]]]}},{"type":"Feature","properties":{"JoinField":"CITY OF CHICAGO:Ward 47 Precinct 23","cd_district":5,"house_district":11,"senate_district":6,"bor_district":2,"ccc_district":12},"geometry":{"type":"Polygon","coordinates":[[[-87.67356000019379,41.94327700013349],[-87.67367300000893,41.948748999766565],[-87.66890699965825,41.94881400006608],[-87.66876300021227,41.94334299957984],[-87.67356000019379,41.94327700013349]]]}},{"type":"Feature","properties":{"JoinField":"CITY OF CHICAGO:Ward 47 Precinct 24","cd_district":5,"house_district":11,"senate_district":6,"bor_district":2,"ccc_district":12},"geometry":{"type":"Polygon","coordinates":[[[-87.67855300022075,41.94686400007362],[-87.67875399959735,41.95416200027614],[-87.67379400019291,41.95422499958414],[-87.67362499959404,41.946928000327034],[-87.67855300022075,41.94686400007362]]]}},{"type":"Feature","properties":{"JoinField":"CITY OF CHICAGO:Ward 47 Precinct 25","cd_district":5,"house_district":11,"senate_district":6,"bor_district":2,"ccc_district":12},"geometry":{"type":"Polygon","coordinates":[[[-87.67603099993067,41.943246999649375],[-87.67608000039166,41.94506299975768],[-87.6797149998473,41.945024999803934],[-87.67975199975496,41.94637700009855],[-87.6809690001192,41.94635800012168],[-87.68103100028043,41.94865499992835],[-87.67860499992076,41.9486869996054],[-87.67855300022075,41.94686400007362],[-87.67362499959404,41.946928000327034],[-87.67356000019379,41.94327700013349],[-87.67603099993067,41.943246999649375]]]}},{"type":"Feature","properties":{"JoinField":"CITY OF CHICAGO:Ward 47 Precinct 26","cd_district":5,"house_district":11,"senate_district":6,"bor_district":2,"ccc_district":12},"geometry":{"type":"Polygon","coordinates":[[[-87.68467099996661,41.94860600036668],[-87.68482900005824,41.954074999861405],[-87.67875399959735,41.95416200027614],[-87.67860499992076,41.9486869996054],[-87.68467099996661,41.94860600036668]]]}},{"type":"Feature","properties":{"JoinField":"CITY OF CHICAGO:Ward 47 Precinct 27","cd_district":5,"house_district":11,"senate_district":6,"bor_district":2,"ccc_district":12},"geometry":{"type":"Polygon","coordinates":[[[-87.68825799990674,41.9467310002355],[-87.68846699965229,41.95403199967711],[-87.68482900005824,41.954074999861405],[-87.68467099996661,41.94860600036668],[-87.68103100028043,41.94865499992835],[-87.68098099977328,41.946831000350414],[-87.68825799990674,41.9467310002355]]]}},{"type":"Feature","properties":{"JoinField":"CITY OF CHICAGO:Ward 47 Precinct 28","cd_district":5,"house_district":40,"senate_district":20,"bor_district":2,"ccc_district":12},"geometry":{"type":"Polygon","coordinates":[[[-87.68798599995392,41.93606200016126],[-87.68997399990013,41.93665899981306],[-87.69144400024038,41.93868000038174],[-87.69350800009408,41.94019600014536],[-87.69519899983396,41.94236899962971],[-87.69672800019703,41.94876699969734],[-87.69684100001211,41.94945099976388],[-87.69675899982792,41.95045600024429],[-87.69444600018272,41.953993999723366],[-87.69322399958787,41.95400100004616],[-87.69328000037166,41.955825999670196],[-87.68852000029773,41.95584699973932],[-87.68798599995392,41.93606200016126]]]}},{"type":"Feature","properties":{"JoinField":"CITY OF CHICAGO:Ward 48 Precinct 01","cd_district":9,"house_district":14,"senate_district":7,"bor_district":2,"ccc_district":10},"geometry":{"type":"Polygon","coordinates":[[[-87.66141400035582,41.98573700036235],[-87.66475399969727,41.98767299970922],[-87.66507500011113,41.98772800044691],[-87.6651649997649,41.99085599990451],[-87.66029399996808,41.99091599997348],[-87.66012600031462,41.98546200027113],[-87.66140499994077,41.98540799957959],[-87.66141400035582,41.98573700036235]]]}},{"type":"Feature","properties":{"JoinField":"CITY OF CHICAGO:Ward 48 Precinct 02","cd_district":9,"house_district":14,"senate_district":7,"bor_district":2,"ccc_district":13},"geometry":{"type":"Polygon","coordinates":[[[-87.65552500037842,41.99459799979792],[-87.6556780002395,41.99790700040779],[-87.65620000002991,41.99823200010678],[-87.65475700003549,41.99818199959964],[-87.65472500035844,41.997283999557],[-87.65451299957522,41.99727800017962],[-87.6544599998291,41.996488999767564],[-87.65471800003564,41.99636799958358],[-87.65483600008127,41.99546300011741],[-87.654681000128,41.99531400044083],[-87.65473800005861,41.994601999982365],[-87.65552500037842,41.99459799979792]]]}},{"type":"Feature","properties":{"JoinField":"CITY OF CHICAGO:Ward 48 Precinct 03","cd_district":9,"house_district":14,"senate_district":7,"bor_district":2,"ccc_district":10},"geometry":{"type":"Polygon","coordinates":[[[-87.660069000384,41.9836219999554],[-87.66012600031462,41.98546200027113],[-87.6552419999183,41.985521000294],[-87.65519200031054,41.98380200016226],[-87.660069000384,41.9836219999554]]]}},{"type":"Feature","properties":{"JoinField":"CITY OF CHICAGO:Ward 48 Precinct 04","cd_district":9,"house_district":13,"senate_district":7,"bor_district":2,"ccc_district":10},"geometry":{"type":"Polygon","coordinates":[[[-87.65638499956805,41.975261000195076],[-87.65173500007018,41.97532999977972],[-87.65137200041744,41.97434900040611],[-87.65254699974423,41.97433499976046],[-87.6521789998609,41.9733510002485],[-87.65633099977578,41.97329300027178],[-87.65638499956805,41.975261000195076]]]}},{"type":"Feature","properties":{"JoinField":"CITY OF CHICAGO:Ward 48 Precinct 05","cd_district":9,"house_district":14,"senate_district":7,"bor_district":2,"ccc_district":10},"geometry":{"type":"Polygon","coordinates":[[[-87.6551399997112,41.981878999616185],[-87.6552419999183,41.985521000294],[-87.65359200027058,41.98544000015596],[-87.65327099985672,41.98522600017981],[-87.65311199971899,41.98495500027309],[-87.65306200011116,41.98387399988525],[-87.6544599998291,41.9838420002082],[-87.65436800008308,41.98188900007733],[-87.6551399997112,41.981878999616185]]]}},{"type":"Feature","properties":{"JoinField":"CITY OF CHICAGO:Ward 48 Precinct 06","cd_district":9,"house_district":14,"senate_district":7,"bor_district":2,"ccc_district":10},"geometry":{"type":"Polygon","coordinates":[[[-87.65996800022299,41.97997099976186],[-87.660069000384,41.9836219999554],[-87.65519200031054,41.98380200016226],[-87.6551399997112,41.981878999616185],[-87.65796499958503,41.98183200014677],[-87.65791499997721,41.98000400038438],[-87.65996800022299,41.97997099976186]]]}},{"type":"Feature","properties":{"JoinField":"CITY OF CHICAGO:Ward 48 Precinct 07","cd_district":9,"house_district":14,"senate_district":7,"bor_district":2,"ccc_district":10},"geometry":{"type":"Polygon","coordinates":[[[-87.66835200014464,41.98075700003557],[-87.66917999965722,41.98543099974091],[-87.66500999981162,41.98549600004043],[-87.66487800001966,41.98081099982784],[-87.66835200014464,41.98075700003557]]]}},{"type":"Feature","properties":{"JoinField":"CITY OF CHICAGO:Ward 48 Precinct 08","cd_district":9,"house_district":14,"senate_district":7,"bor_district":2,"ccc_district":10},"geometry":{"type":"Polygon","coordinates":[[[-87.65528600014875,41.986906000311706],[-87.65538600026366,41.99010600039168],[-87.65437500040593,41.99011399986125],[-87.65412499966897,41.98905799972698],[-87.65318699958033,41.98807800039947],[-87.65433999969122,41.98808399977685],[-87.65425899955312,41.9869359998965],[-87.65528600014875,41.986906000311706]]]}},{"type":"Feature","properties":{"JoinField":"CITY OF CHICAGO:Ward 48 Precinct 09","cd_district":9,"house_district":14,"senate_district":7,"bor_district":2,"ccc_district":10},"geometry":{"type":"Polygon","coordinates":[[[-87.6551059999419,41.98072500035852],[-87.65394200022308,41.98074999971277],[-87.65377899990091,41.979833999739355],[-87.65507899959613,41.97980100001621],[-87.6551059999419,41.98072500035852]]]}},{"type":"Feature","properties":{"JoinField":"CITY OF CHICAGO:Ward 48 Precinct 10","cd_district":9,"house_district":14,"senate_district":7,"bor_district":2,"ccc_district":10},"geometry":{"type":"Polygon","coordinates":[[[-87.66841700044415,41.97619099991476],[-87.66835200014464,41.98075700003557],[-87.66487800001966,41.98081099982784],[-87.66475199960507,41.976247999845384],[-87.66841700044415,41.97619099991476]]]}},{"type":"Feature","properties":{"JoinField":"CITY OF CHICAGO:Ward 48 Precinct 11","cd_district":9,"house_district":14,"senate_district":7,"bor_district":2,"ccc_district":10},"geometry":{"type":"Polygon","coordinates":[[[-87.66475199960507,41.976247999845384],[-87.66495600001934,41.98354800014016],[-87.66254999968271,41.98358500004775],[-87.66234600016776,41.97628599979913],[-87.66475199960507,41.976247999845384]]]}},{"type":"Feature","properties":{"JoinField":"CITY OF CHICAGO:Ward 48 Precinct 12","cd_district":9,"house_district":14,"senate_district":7,"bor_district":2,"ccc_district":10},"geometry":{"type":"Polygon","coordinates":[[[-87.65986600001582,41.976322999706724],[-87.65996800022299,41.97997099976186],[-87.65651500016708,41.980026999646384],[-87.65646399961383,41.97820200002235],[-87.65503200012665,41.97822300009142],[-87.65499300012681,41.97639600037519],[-87.65986600001582,41.976322999706724]]]}},{"type":"Feature","properties":{"JoinField":"CITY OF CHICAGO:Ward 48 Precinct 13","cd_district":9,"house_district":14,"senate_district":7,"bor_district":2,"ccc_district":13},"geometry":{"type":"Polygon","coordinates":[[[-87.65545699994055,41.992358999967905],[-87.65552500037842,41.99459799979792],[-87.65473800005861,41.994601999982365],[-87.65447599966762,41.994392000190714],[-87.6544320003365,41.99409499998433],[-87.65462600028962,41.99381299957031],[-87.65452701011338,41.993391613232404],[-87.65409310161533,41.99300571054516],[-87.65429799955302,41.992375999852584],[-87.65545699994055,41.992358999967905]]]}},{"type":"Feature","properties":{"JoinField":"CITY OF CHICAGO:Ward 48 Precinct 14","cd_district":9,"house_district":14,"senate_district":7,"bor_district":2,"ccc_district":10},"geometry":{"type":"Polygon","coordinates":[[[-87.65651500016708,41.980026999646384],[-87.65791499997721,41.98000400038438],[-87.65796499958503,41.98183200014677],[-87.6551399997112,41.981878999616185],[-87.65503200012665,41.97822300009142],[-87.65646399961383,41.97820200002235],[-87.65651500016708,41.980026999646384]]]}},{"type":"Feature","properties":{"JoinField":"CITY OF CHICAGO:Ward 48 Precinct 15","cd_district":9,"house_district":14,"senate_district":7,"bor_district":2,"ccc_district":10},"geometry":{"type":"Polygon","coordinates":[[[-87.66018100015299,41.98727000001054],[-87.65530300003337,41.98735700042528],[-87.6552419999183,41.985521000294],[-87.66012600031462,41.98546200027113],[-87.66018100015299,41.98727000001054]]]}},{"type":"Feature","properties":{"JoinField":"CITY OF CHICAGO:Ward 48 Precinct 16","cd_district":9,"house_district":14,"senate_district":7,"bor_district":2,"ccc_district":10},"geometry":{"type":"Polygon","coordinates":[[[-87.66018100015299,41.98727000001054],[-87.66033900024462,41.99228600019882],[-87.65758400000158,41.99232700029086],[-87.65742800000214,41.98731899957221],[-87.66018100015299,41.98727000001054]]]}},{"type":"Feature","properties":{"JoinField":"CITY OF CHICAGO:Ward 48 Precinct 17","cd_district":9,"house_district":14,"senate_district":7,"bor_district":2,"ccc_district":10},"geometry":{"type":"Polygon","coordinates":[[[-87.6550330001728,41.97856399962893],[-87.65334699976421,41.978562000436],[-87.65394200022308,41.98074999971277],[-87.6551059999419,41.98072500035852],[-87.65512499991877,41.981367000286866],[-87.65432299980654,41.98136100001017],[-87.6544599998291,41.9838420002082],[-87.65221499972245,41.98387599997744],[-87.65047799965993,41.98412399972284],[-87.65074700037371,41.9824049995911],[-87.6506759997975,41.98068400026648],[-87.65022599973008,41.97972099992427],[-87.65037100012154,41.97959699960188],[-87.64969599957067,41.97903899994992],[-87.6473330003177,41.977732999978],[-87.64959700040123,41.97682699956641],[-87.65093199991185,41.97649999977523],[-87.65499300012681,41.97639600037519],[-87.6550330001728,41.97856399962893]]]}},{"type":"Feature","properties":{"JoinField":"CITY OF CHICAGO:Ward 48 Precinct 18","cd_district":9,"house_district":14,"senate_district":7,"bor_district":2,"ccc_district":10},"geometry":{"type":"Polygon","coordinates":[[[-87.65742800000214,41.98731899957221],[-87.65758400000158,41.99232700029086],[-87.65545699994055,41.992358999967905],[-87.65530300003337,41.98735700042528],[-87.65742800000214,41.98731899957221]]]}},{"type":"Feature","properties":{"JoinField":"CITY OF CHICAGO:Ward 48 Precinct 19","cd_district":9,"house_district":14,"senate_district":7,"bor_district":2,"ccc_district":10},"geometry":{"type":"Polygon","coordinates":[[[-87.66234600016776,41.97628599979913],[-87.66254999968271,41.98358500004775],[-87.660069000384,41.9836219999554],[-87.65986600001582,41.976322999706724],[-87.66234600016776,41.97628599979913]]]}},{"type":"Feature","properties":{"JoinField":"CITY OF CHICAGO:Ward 48 Precinct 20","cd_district":9,"house_district":14,"senate_district":7,"bor_district":2,"ccc_district":10},"geometry":{"type":"Polygon","coordinates":[[[-87.6551399997112,41.981878999616185],[-87.65436800008308,41.98188900007733],[-87.65432299980654,41.98136100001017],[-87.65512499991877,41.981367000286866],[-87.6551399997112,41.981878999616185]]]}},{"type":"Feature","properties":{"JoinField":"CITY OF CHICAGO:Ward 48 Precinct 21","cd_district":9,"house_district":13,"senate_district":7,"bor_district":2,"ccc_district":10},"geometry":{"type":"Polygon","coordinates":[[[-87.66114000031075,41.97265200038959],[-87.65976799999316,41.972675999697685],[-87.65986600001582,41.976322999706724],[-87.65499300012681,41.97639600037519],[-87.65498099957341,41.97528100021805],[-87.65638499956805,41.975261000195076],[-87.65633099977578,41.97329300027178],[-87.6549279998273,41.97331300029481],[-87.65488399959685,41.971580000416736],[-87.66110699968823,41.97143900020973],[-87.66114000031075,41.97265200038959]]]}},{"type":"Feature","properties":{"JoinField":"CITY OF CHICAGO:Ward 48 Precinct 22","cd_district":9,"house_district":14,"senate_district":7,"bor_district":2,"ccc_district":10},"geometry":{"type":"Polygon","coordinates":[[[-87.65545699994055,41.992358999967905],[-87.65429799955302,41.992375999852584],[-87.6542999582764,41.991814254524286],[-87.65544400024038,41.99195700031538],[-87.65545699994055,41.992358999967905]]]}},{"type":"Feature","properties":{"JoinField":"CITY OF CHICAGO:Ward 48 Precinct 23","cd_district":9,"house_district":13,"senate_district":7,"bor_district":2,"ccc_district":10},"geometry":{"type":"Polygon","coordinates":[[[-87.65498099957341,41.97528100021805],[-87.65499300012681,41.97639600037519],[-87.65215200041445,41.97643999970626],[-87.65173500007018,41.97532999977972],[-87.65498099957341,41.97528100021805]]]}},{"type":"Feature","properties":{"JoinField":"CITY OF CHICAGO:Ward 48 Precinct 24","cd_district":9,"house_district":13,"senate_district":7,"bor_district":2,"ccc_district":10},"geometry":{"type":"Polygon","coordinates":[[[-87.65215200041445,41.97643999970626],[-87.65107400016495,41.97647699961391],[-87.64959700040123,41.97682699956641],[-87.6473330003177,41.977732999978],[-87.64664700015891,41.97735899981802],[-87.64643400022891,41.97696899981952],[-87.64631099995268,41.97358100006318],[-87.64612000013784,41.97287299978916],[-87.64510600014177,41.97100600002693],[-87.64420099977627,41.9698139999162],[-87.64963600040107,41.9691750001262],[-87.65041899963711,41.97163999958639],[-87.65488399959685,41.971580000416736],[-87.6549279998273,41.97331300029481],[-87.6521789998609,41.9733510002485],[-87.65254699974423,41.97433499976046],[-87.65137200041744,41.97434900040611],[-87.65215200041445,41.97643999970626]]]}},{"type":"Feature","properties":{"JoinField":"CITY OF CHICAGO:Ward 48 Precinct 25","cd_district":9,"house_district":14,"senate_district":7,"bor_district":2,"ccc_district":10},"geometry":{"type":"Polygon","coordinates":[[[-87.66528099971833,41.99449699963685],[-87.66543599967162,41.998136000176316],[-87.66055300022077,41.998188999922434],[-87.66040599973707,41.994553000420694],[-87.66528099971833,41.99449699963685]]]}},{"type":"Feature","properties":{"JoinField":"CITY OF CHICAGO:Ward 48 Precinct 26","cd_district":9,"house_district":14,"senate_district":7,"bor_district":2,"ccc_district":10},"geometry":{"type":"Polygon","coordinates":[[[-87.65306200011116,41.98387399988525],[-87.65311199971899,41.98495500027309],[-87.65327099985672,41.98522600017981],[-87.65359200027058,41.98544000015596],[-87.6552419999183,41.985521000294],[-87.65528600014875,41.986906000311706],[-87.65425899955312,41.9869359998965],[-87.65433999969122,41.98808399977685],[-87.65318699958033,41.98807800039947],[-87.65012300037614,41.98494399976585],[-87.65047799965993,41.98412399972284],[-87.65306200011116,41.98387399988525]]]}},{"type":"Feature","properties":{"JoinField":"CITY OF CHICAGO:Ward 48 Precinct 27","cd_district":9,"house_district":14,"senate_district":7,"bor_district":2,"ccc_district":13},"geometry":{"type":"Polygon","coordinates":[[[-87.66040599973707,41.994553000420694],[-87.66055300022077,41.998188999922434],[-87.65620000002991,41.99823200010678],[-87.6556780002395,41.99790700040779],[-87.65552500037842,41.99459799979792],[-87.66040599973707,41.994553000420694]]]}},{"type":"Feature","properties":{"JoinField":"CITY OF CHICAGO:Ward 48 Precinct 28","cd_district":9,"house_district":16,"senate_district":8,"bor_district":2,"ccc_district":10},"geometry":{"type":"Polygon","coordinates":[[[-87.66917999965722,41.98543099974091],[-87.66998699999999,41.98971799958605],[-87.6673430003791,41.988079000445566],[-87.66508599971905,41.98809500028409],[-87.66500999981162,41.98549600004043],[-87.66917999965722,41.98543099974091]]]}},{"type":"Feature","properties":{"JoinField":"CITY OF CHICAGO:Ward 48 Precinct 29","cd_district":9,"house_district":14,"senate_district":7,"bor_district":2,"ccc_district":10},"geometry":{"type":"Polygon","coordinates":[[[-87.65377899990091,41.979833999739355],[-87.65334699976421,41.978562000436],[-87.6550330001728,41.97856399962893],[-87.65507899959613,41.97980100001621],[-87.65377899990091,41.979833999739355]]]}},{"type":"Feature","properties":{"JoinField":"CITY OF CHICAGO:Ward 48 Precinct 30","cd_district":9,"house_district":14,"senate_district":7,"bor_district":2,"ccc_district":10},"geometry":{"type":"Polygon","coordinates":[[[-87.6651649997649,41.99085599990451],[-87.66528099971833,41.99449699963685],[-87.66040599973707,41.994553000420694],[-87.66029399996808,41.99091599997348],[-87.6651649997649,41.99085599990451]]]}},{"type":"Feature","properties":{"JoinField":"CITY OF CHICAGO:Ward 48 Precinct 31","cd_district":9,"house_district":14,"senate_district":7,"bor_district":2,"ccc_district":10},"geometry":{"type":"Polygon","coordinates":[[[-87.66495600001934,41.98354800014016],[-87.66507500011113,41.98772800044691],[-87.66475399969727,41.98767299970922],[-87.66141400035582,41.98573700036235],[-87.66140499994077,41.98540799957959],[-87.66012600031462,41.98546200027113],[-87.660069000384,41.9836219999554],[-87.66495600001934,41.98354800014016]]]}},{"type":"Feature","properties":{"JoinField":"CITY OF CHICAGO:Ward 48 Precinct 32","cd_district":9,"house_district":14,"senate_district":7,"bor_district":2,"ccc_district":10},"geometry":{"type":"Polygon","coordinates":[[[-87.66040599973707,41.994553000420694],[-87.65552500037842,41.99459799979792],[-87.65545699994055,41.992358999967905],[-87.66033900024462,41.99228600019882],[-87.66040599973707,41.994553000420694]]]}},{"type":"Feature","properties":{"JoinField":"CITY OF CHICAGO:Ward 48 Precinct 33","cd_district":9,"house_district":14,"senate_district":7,"bor_district":2,"ccc_district":10},"geometry":{"type":"Polygon","coordinates":[[[-87.65544400024038,41.99195700031538],[-87.6542999582764,41.991814254524286],[-87.65437500040593,41.99011399986125],[-87.65538600026366,41.99010600039168],[-87.65544400024038,41.99195700031538]]]}},{"type":"Feature","properties":{"JoinField":"CITY OF CHICAGO:Ward 48 Precinct 34","cd_district":9,"house_district":14,"senate_district":7,"bor_district":2,"ccc_district":10},"geometry":{"type":"Polygon","coordinates":[[[-87.67015100036832,41.99443999970629],[-87.67028999958376,41.99687000025034],[-87.6706229996517,41.99807500006125],[-87.66543599967162,41.998136000176316],[-87.66528099971833,41.99449699963685],[-87.67015100036832,41.99443999970629]]]}},{"type":"Feature","properties":{"JoinField":"CITY OF CHICAGO:Ward 48 Precinct 35","cd_district":9,"house_district":14,"senate_district":7,"bor_district":2,"ccc_district":10},"geometry":{"type":"Polygon","coordinates":[[[-87.66998699999999,41.98971799958605],[-87.67015100036832,41.99443999970629],[-87.66528099971833,41.99449699963685],[-87.66508599971905,41.98809500028409],[-87.6673430003791,41.988079000445566],[-87.66998699999999,41.98971799958605]]]}},{"type":"Feature","properties":{"JoinField":"CITY OF CHICAGO:Ward 49 Precinct 01","cd_district":9,"house_district":14,"senate_district":7,"bor_district":2,"ccc_district":13},"geometry":{"type":"Polygon","coordinates":[[[-87.66824499970693,42.01936499979496],[-87.67318420228906,42.01938600795796],[-87.67630468251502,42.02201163622806],[-87.6770497168709,42.02302962831476],[-87.66541599964864,42.02292400024248],[-87.66685200021959,42.02225399992221],[-87.66634500022155,42.02027000016045],[-87.66824499970693,42.01936499979496]]]}},{"type":"Feature","properties":{"JoinField":"CITY OF CHICAGO:Ward 49 Precinct 02","cd_district":9,"house_district":14,"senate_district":7,"bor_district":2,"ccc_district":13},"geometry":{"type":"Polygon","coordinates":[[[-87.66817500007613,42.01711899964215],[-87.66824499970693,42.01936499979496],[-87.66634500022155,42.02027000016045],[-87.66682599991992,42.02230599962223],[-87.66564899960161,42.022731000335455],[-87.66536600004082,42.02305399994219],[-87.66510399964983,42.023019000126794],[-87.66463599965164,42.021939999831204],[-87.66475399969727,42.02191799971598],[-87.66426100034488,42.02129199962616],[-87.66405499983836,42.021347000363846],[-87.66379000020828,42.02037999983719],[-87.66407699995352,42.02016099963049],[-87.66385699970073,42.01952399993269],[-87.6637100001164,42.01955699965589],[-87.66367999963222,42.019398000417425],[-87.66384199990836,42.019342999679736],[-87.66375400034678,42.01894800035001],[-87.6632309996109,42.01845300000599],[-87.66313299958824,42.017197999687994],[-87.66817500007613,42.01711899964215]]]}},{"type":"Feature","properties":{"JoinField":"CITY OF CHICAGO:Ward 49 Precinct 03","cd_district":9,"house_district":14,"senate_district":7,"bor_district":2,"ccc_district":13},"geometry":{"type":"Polygon","coordinates":[[[-87.6680270004457,42.012751999705074],[-87.66817500007613,42.01711899964215],[-87.66313299958824,42.017197999687994],[-87.66314300004939,42.016916000173296],[-87.6628120000737,42.01662000001306],[-87.66267299995894,42.01581799990083],[-87.66246700035174,42.015763000062464],[-87.66209100009957,42.01459400011305],[-87.66124999998749,42.012881000258005],[-87.6680270004457,42.012751999705074]]]}},{"type":"Feature","properties":{"JoinField":"CITY OF CHICAGO:Ward 49 Precinct 04","cd_district":9,"house_district":14,"senate_district":7,"bor_district":2,"ccc_district":13},"geometry":{"type":"Polygon","coordinates":[[[-87.66208900000731,42.009182999695724],[-87.66577900020064,42.009127999857355],[-87.66592399969278,42.01278700041979],[-87.66124999998749,42.012881000258005],[-87.66100300028819,42.01218899982251],[-87.66065000019734,42.011737999709],[-87.65870000020482,42.010014000245974],[-87.65864799960548,42.009656999970616],[-87.65689599975053,42.00802700034586],[-87.66169199968601,42.00797899993097],[-87.66208900000731,42.009182999695724]]]}},{"type":"Feature","properties":{"JoinField":"CITY OF CHICAGO:Ward 49 Precinct 05","cd_district":9,"house_district":14,"senate_district":7,"bor_district":2,"ccc_district":13},"geometry":{"type":"Polygon","coordinates":[[[-87.65997599969262,42.00154299990959],[-87.66015299976107,42.00369400017803],[-87.66082099998914,42.003680999578535],[-87.6609200000579,42.00553999987113],[-87.66364699990908,42.00549699968684],[-87.66368900004727,42.00673199998187],[-87.66129500026403,42.006766999797264],[-87.66169199968601,42.00797899993097],[-87.65689599975053,42.00802700034586],[-87.6555430003092,42.00675200000484],[-87.65527799977986,42.006729999889615],[-87.65576399970877,42.00630199993742],[-87.65729500016408,42.0062749995916],[-87.6573180003254,42.005242999664745],[-87.65678800016605,42.00423199980702],[-87.65728899988738,42.00418300024529],[-87.65659800039737,42.00212999999957],[-87.65693099956593,42.00211200006879],[-87.65689999993504,42.00158099986328],[-87.65997599969262,42.00154299990959]]]}},{"type":"Feature","properties":{"JoinField":"CITY OF CHICAGO:Ward 49 Precinct 06","cd_district":9,"house_district":14,"senate_district":7,"bor_district":2,"ccc_district":13},"geometry":{"type":"Polygon","coordinates":[[[-87.66055300022077,41.998188999922434],[-87.66082099998914,42.003680999578535],[-87.66015299976107,42.00369400017803],[-87.65997599969262,42.00154299990959],[-87.65689999993504,42.00158099986328],[-87.65693099956593,42.00211200006879],[-87.65659800039737,42.00212999999957],[-87.65619299970712,42.00126699977227],[-87.65634100023692,42.00103699995765],[-87.65587000010038,42.000032000376564],[-87.65581300016976,41.99939399973334],[-87.65512900010322,41.998728999643674],[-87.65499700031125,41.9982960003602],[-87.66055300022077,41.998188999922434]]]}},{"type":"Feature","properties":{"JoinField":"CITY OF CHICAGO:Ward 49 Precinct 07","cd_district":9,"house_district":14,"senate_district":7,"bor_district":2,"ccc_district":13},"geometry":{"type":"Polygon","coordinates":[[[-87.66543599967162,41.998136000176316],[-87.66567699999354,42.00347199983298],[-87.66357500018609,42.00350400040935],[-87.66364699990908,42.00549699968684],[-87.6609200000579,42.00553999987113],[-87.66055300022077,41.998188999922434],[-87.66543599967162,41.998136000176316]]]}},{"type":"Feature","properties":{"JoinField":"CITY OF CHICAGO:Ward 49 Precinct 08","cd_district":9,"house_district":14,"senate_district":7,"bor_district":2,"ccc_district":13},"geometry":{"type":"Polygon","coordinates":[[[-87.6706229996517,41.99807500006125],[-87.6724799998521,42.00351500001727],[-87.66568100017798,42.003623999647914],[-87.66543599967162,41.998136000176316],[-87.6706229996517,41.99807500006125]]]}},{"type":"Feature","properties":{"JoinField":"CITY OF CHICAGO:Ward 49 Precinct 09","cd_district":9,"house_district":14,"senate_district":7,"bor_district":2,"ccc_district":13},"geometry":{"type":"Polygon","coordinates":[[[-87.67511800009561,42.00164600016285],[-87.6753609996104,42.010189000222226],[-87.67342700035573,42.01021399957648],[-87.67383500028501,42.01265000039723],[-87.67236599999086,42.01267499975148],[-87.67220000042965,42.007801999862465],[-87.67082299988152,42.007825000023786],[-87.67054299955976,42.003548999786574],[-87.6724799998521,42.00351500001727],[-87.67185699990057,42.00170400013957],[-87.67511800009561,42.00164600016285]]]}},{"type":"Feature","properties":{"JoinField":"CITY OF CHICAGO:Ward 49 Precinct 10","cd_district":9,"house_district":14,"senate_district":7,"bor_district":2,"ccc_district":13},"geometry":{"type":"Polygon","coordinates":[[[-87.67976000012385,42.00430599962226],[-87.6822879997913,42.0100589996232],[-87.67987900021564,42.01010099976139],[-87.6798990002386,42.01070799987434],[-87.6781230001763,42.01073700031236],[-87.67810300015327,42.01013300033776],[-87.6753609996104,42.010189000222226],[-87.6751960000953,42.004367999783426],[-87.67976000012385,42.00430599962226]]]}},{"type":"Feature","properties":{"JoinField":"CITY OF CHICAGO:Ward 49 Precinct 11","cd_district":9,"house_district":14,"senate_district":7,"bor_district":2,"ccc_district":13},"geometry":{"type":"Polygon","coordinates":[[[-87.6822879997913,42.0100589996232],[-87.68308599971908,42.012322999706726],[-87.68349699978666,42.012210999937736],[-87.68755699995552,42.01225300007593],[-87.68752100009402,42.01563699964788],[-87.68418299994545,42.015575000386036],[-87.68408299983054,42.01515099971891],[-87.68048400023639,42.01512200018021],[-87.68018399989165,42.01009600043011],[-87.6822879997913,42.0100589996232]]]}},{"type":"Feature","properties":{"JoinField":"CITY OF CHICAGO:Ward 49 Precinct 12","cd_district":9,"house_district":14,"senate_district":7,"bor_district":2,"ccc_district":13},"geometry":{"type":"Polygon","coordinates":[[[-87.68048400023639,42.01512200018021],[-87.68408299983054,42.01515099971891],[-87.68418299994545,42.015575000386036],[-87.68752100009402,42.01563699964788],[-87.68751399977123,42.017402000102265],[-87.69019700029128,42.01743699991766],[-87.69017400012996,42.01952800011719],[-87.6804480003749,42.019446999979095],[-87.68048400023639,42.01512200018021]]]}},{"type":"Feature","properties":{"JoinField":"CITY OF CHICAGO:Ward 49 Precinct 13","cd_district":9,"house_district":14,"senate_district":7,"bor_district":2,"ccc_district":13},"geometry":{"type":"Polygon","coordinates":[[[-87.68018399989165,42.01009600043011],[-87.68030099989119,42.013475999817615],[-87.68049399979822,42.01374200039305],[-87.6804480003749,42.019446999979095],[-87.67630700006794,42.019402999748706],[-87.67539000004842,42.01702399975784],[-87.67463800044334,42.01263499970554],[-87.67383500028501,42.01265000039723],[-87.67342700035573,42.01021399957648],[-87.67810300015327,42.01013300033776],[-87.6781230001763,42.01073700031236],[-87.6798990002386,42.01070799987434],[-87.67987900021564,42.01010099976139],[-87.68018399989165,42.01009600043011]]]}},{"type":"Feature","properties":{"JoinField":"CITY OF CHICAGO:Ward 49 Precinct 14","cd_district":9,"house_district":14,"senate_district":7,"bor_district":2,"ccc_district":13},"geometry":{"type":"Polygon","coordinates":[[[-87.67463800044334,42.01263499970554],[-87.67539000004842,42.01702399975784],[-87.67630700006794,42.019402999748706],[-87.66824499970693,42.01936499979496],[-87.66806699959233,42.01387700032336],[-87.67240600003686,42.01380000036977],[-87.67236599999086,42.01267499975148],[-87.67463800044334,42.01263499970554]]]}},{"type":"Feature","properties":{"JoinField":"CITY OF CHICAGO:Ward 49 Precinct 15","cd_district":9,"house_district":14,"senate_district":7,"bor_district":2,"ccc_district":13},"geometry":{"type":"Polygon","coordinates":[[[-87.67224199966853,42.009012999950016],[-87.67240600003686,42.01380000036977],[-87.66806699959233,42.01387700032336],[-87.6680270004457,42.012751999705074],[-87.66592399969278,42.01278700041979],[-87.66577900020064,42.009127999857355],[-87.67224199966853,42.009012999950016]]]}},{"type":"Feature","properties":{"JoinField":"CITY OF CHICAGO:Ward 49 Precinct 16","cd_district":9,"house_district":14,"senate_district":7,"bor_district":2,"ccc_district":13},"geometry":{"type":"Polygon","coordinates":[[[-87.66782199998528,42.00665399998218],[-87.66786200003122,42.007873999585456],[-87.67220000042965,42.007801999862465],[-87.67224199966853,42.009012999950016],[-87.66208900000731,42.009182999695724],[-87.66129500026403,42.006766999797264],[-87.66782199998528,42.00665399998218]]]}},{"type":"Feature","properties":{"JoinField":"CITY OF CHICAGO:Ward 49 Precinct 17","cd_district":9,"house_district":14,"senate_district":7,"bor_district":2,"ccc_district":13},"geometry":{"type":"Polygon","coordinates":[[[-87.66567699999354,42.00347199983298],[-87.66568100017798,42.003623999647914],[-87.67054299955976,42.003548999786574],[-87.67082299988152,42.007825000023786],[-87.66786200003122,42.007873999585456],[-87.66782199998528,42.00665399998218],[-87.66368900004727,42.00673199998187],[-87.66357500018609,42.00350400040935],[-87.66567699999354,42.00347199983298]]]}},{"type":"Feature","properties":{"JoinField":"CITY OF CHICAGO:Ward 50 Precinct 01","cd_district":9,"house_district":16,"senate_district":8,"bor_district":2,"ccc_district":13},"geometry":{"type":"Polygon","coordinates":[[[-87.7090570003802,42.01186099998523],[-87.70874600042754,42.01549999962532],[-87.69964799995518,42.0157009999013],[-87.69971899963207,42.01206799963853],[-87.7090570003802,42.01186099998523]]]}},{"type":"Feature","properties":{"JoinField":"CITY OF CHICAGO:Ward 50 Precinct 02","cd_district":9,"house_district":16,"senate_district":8,"bor_district":2,"ccc_district":13},"geometry":{"type":"Polygon","coordinates":[[[-87.70874600042754,42.01549999962532],[-87.70866200015115,42.01914400039533],[-87.69958999997846,42.019325999795115],[-87.69964799995518,42.0157009999013],[-87.70874600042754,42.01549999962532]]]}},{"type":"Feature","properties":{"JoinField":"CITY OF CHICAGO:Ward 50 Precinct 03","cd_district":9,"house_district":16,"senate_district":8,"bor_district":2,"ccc_district":13},"geometry":{"type":"Polygon","coordinates":[[[-87.69971899963207,42.01206799963853],[-87.69958999997846,42.019325999795115],[-87.69487900036552,42.019429000048376],[-87.69492899997334,42.01580500020066],[-87.69728899998734,42.015751999555164],[-87.69732699994108,42.01393500030008],[-87.6973389995951,42.01302999993459],[-87.69500299978858,42.01307700030338],[-87.69498599990396,42.01217600012234],[-87.69971899963207,42.01206799963853]]]}},{"type":"Feature","properties":{"JoinField":"CITY OF CHICAGO:Ward 50 Precinct 04","cd_district":9,"house_district":18,"senate_district":9,"bor_district":2,"ccc_district":13},"geometry":{"type":"Polygon","coordinates":[[[-87.69498599990396,42.01217600012234],[-87.69500299978858,42.01307700030338],[-87.6973389995951,42.01302999993459],[-87.69732699994108,42.01393500030008],[-87.69728899998734,42.015751999555164],[-87.69492899997334,42.01580500020066],[-87.69487900036552,42.019429000048376],[-87.69017400012996,42.01952800011719],[-87.6902469998991,42.012280000421754],[-87.69498599990396,42.01217600012234]]]}},{"type":"Feature","properties":{"JoinField":"CITY OF CHICAGO:Ward 50 Precinct 05","cd_district":9,"house_district":16,"senate_district":8,"bor_district":2,"ccc_district":13},"geometry":{"type":"Polygon","coordinates":[[[-87.69983000025428,42.004866000265736],[-87.69971899963207,42.01206799963853],[-87.69498599990396,42.01217600012234],[-87.69494699990406,42.004947000403774],[-87.69983000025428,42.004866000265736]]]}},{"type":"Feature","properties":{"JoinField":"CITY OF CHICAGO:Ward 50 Precinct 06","cd_district":9,"house_district":18,"senate_district":9,"bor_district":2,"ccc_district":13},"geometry":{"type":"Polygon","coordinates":[[[-87.69496599988094,42.00855899969815],[-87.69498599990396,42.01217600012234],[-87.6902469998991,42.012280000421754],[-87.69016299962271,42.00865499962856],[-87.69496599988094,42.00855899969815]]]}},{"type":"Feature","properties":{"JoinField":"CITY OF CHICAGO:Ward 50 Precinct 07","cd_district":9,"house_district":14,"senate_district":7,"bor_district":2,"ccc_district":13},"geometry":{"type":"Polygon","coordinates":[[[-87.69014699978419,42.00805099965396],[-87.69019700029128,42.01743699991766],[-87.6875460003476,42.01741799994079],[-87.68755699995552,42.01225300007593],[-87.68349699978666,42.012210999937736],[-87.68308599971908,42.012322999706726],[-87.68189100036932,42.00896100025],[-87.68265899981293,42.00892799962753],[-87.68242199967551,42.008385999814095],[-87.69014699978419,42.00805099965396]]]}},{"type":"Feature","properties":{"JoinField":"CITY OF CHICAGO:Ward 50 Precinct 08","cd_district":9,"house_district":16,"senate_district":8,"bor_district":2,"ccc_district":13},"geometry":{"type":"Polygon","coordinates":[[[-87.68988300020027,41.99773000033929],[-87.68993099971584,41.9995440003554],[-87.68749599984051,41.999585999594274],[-87.68750800039385,42.00003499961559],[-87.68021000019132,42.00014400014555],[-87.68021500042187,42.00031499993736],[-87.67793799973884,42.00035700007555],[-87.67683700022735,41.99795900010781],[-87.68988300020027,41.99773000033929]]]}},{"type":"Feature","properties":{"JoinField":"CITY OF CHICAGO:Ward 50 Precinct 09","cd_district":9,"house_district":16,"senate_district":8,"bor_district":2,"ccc_district":13},"geometry":{"type":"Polygon","coordinates":[[[-87.70924800019503,42.008328999883474],[-87.70920399996459,42.009987999946304],[-87.70729700015642,42.01004099969242],[-87.7070280003419,42.009471000386384],[-87.70698800029595,42.00830399962996],[-87.70924800019503,42.008328999883474]]]}},{"type":"Feature","properties":{"JoinField":"CITY OF CHICAGO:Ward 50 Precinct 10","cd_district":9,"house_district":16,"senate_district":8,"bor_district":2,"ccc_district":13},"geometry":{"type":"Polygon","coordinates":[[[-87.70934400012544,41.997388999902455],[-87.70934700026379,42.00465799966702],[-87.70460300002838,42.00475399959748],[-87.70451400042077,41.99747600031719],[-87.70934400012544,41.997388999902455]]]}},{"type":"Feature","properties":{"JoinField":"CITY OF CHICAGO:Ward 50 Precinct 11","cd_district":9,"house_district":16,"senate_district":8,"bor_district":2,"ccc_district":13},"geometry":{"type":"Polygon","coordinates":[[[-87.70460300002838,42.00475399959748],[-87.7044530003057,42.01196400023849],[-87.69971899963207,42.01206799963853],[-87.69982900020818,42.004850999574046],[-87.70460300002838,42.00475399959748]]]}},{"type":"Feature","properties":{"JoinField":"CITY OF CHICAGO:Ward 50 Precinct 12","cd_district":9,"house_district":16,"senate_district":8,"bor_district":2,"ccc_district":13},"geometry":{"type":"Polygon","coordinates":[[[-87.70729700015642,42.01004099969242],[-87.70705699988059,42.01004699996912],[-87.70705299969615,42.01189000042325],[-87.70726999981059,42.011897999892824],[-87.7044530003057,42.01196400023849],[-87.70452700012095,42.00835800032149],[-87.70698800029595,42.00830399962996],[-87.7070280003419,42.009471000386384],[-87.70729700015642,42.01004099969242]]]}},{"type":"Feature","properties":{"JoinField":"CITY OF CHICAGO:Ward 50 Precinct 13","cd_district":9,"house_district":16,"senate_district":8,"bor_district":2,"ccc_district":13},"geometry":{"type":"Polygon","coordinates":[[[-87.69964199967853,41.997560999740415],[-87.69982900020818,42.004850999574046],[-87.69494699990406,42.004947000403774],[-87.69476499960501,41.9976460000629],[-87.69964199967853,41.997560999740415]]]}},{"type":"Feature","properties":{"JoinField":"CITY OF CHICAGO:Ward 50 Precinct 14","cd_district":9,"house_district":16,"senate_district":8,"bor_district":2,"ccc_district":13},"geometry":{"type":"Polygon","coordinates":[[[-87.70934700026379,42.00465799966702],[-87.70928900028707,42.00674699977429],[-87.70625000043714,42.006761000419885],[-87.70619499969945,42.00472099987428],[-87.70934700026379,42.00465799966702]]]}},{"type":"Feature","properties":{"JoinField":"CITY OF CHICAGO:Ward 50 Precinct 15","cd_district":9,"house_district":16,"senate_district":8,"bor_district":2,"ccc_district":13},"geometry":{"type":"Polygon","coordinates":[[[-87.69476499960501,41.9976460000629],[-87.69494699990406,42.004947000403774],[-87.6906790000358,42.00502300031127],[-87.69070300024322,42.00591900026171],[-87.69009199994582,42.00592799977744],[-87.68988300020027,41.99773000033929],[-87.69476499960501,41.9976460000629]]]}},{"type":"Feature","properties":{"JoinField":"CITY OF CHICAGO:Ward 50 Precinct 16","cd_district":9,"house_district":16,"senate_district":8,"bor_district":2,"ccc_district":13},"geometry":{"type":"Polygon","coordinates":[[[-87.70920399996459,42.009987999946304],[-87.7090570003802,42.01186099998523],[-87.70705299969615,42.01189000042325],[-87.70705699988059,42.01004699996912],[-87.70920399996459,42.009987999946304]]]}},{"type":"Feature","properties":{"JoinField":"CITY OF CHICAGO:Ward 50 Precinct 17","cd_district":9,"house_district":16,"senate_district":8,"bor_district":2,"ccc_district":13},"geometry":{"type":"Polygon","coordinates":[[[-87.70437500030596,41.99390400016955],[-87.70451400042077,41.99747600031719],[-87.69964199967853,41.997560999740415],[-87.69951600016321,41.993977999984736],[-87.70437500030596,41.99390400016955]]]}},{"type":"Feature","properties":{"JoinField":"CITY OF CHICAGO:Ward 50 Precinct 18","cd_district":9,"house_district":16,"senate_district":8,"bor_district":2,"ccc_district":13},"geometry":{"type":"Polygon","coordinates":[[[-87.70619499969945,42.00472099987428],[-87.70625000043714,42.006761000419885],[-87.70698800029595,42.00674499968204],[-87.70698800029595,42.00830399962996],[-87.70452700012095,42.00835800032149],[-87.70460300002838,42.00475399959748],[-87.70619499969945,42.00472099987428]]]}},{"type":"Feature","properties":{"JoinField":"CITY OF CHICAGO:Ward 50 Precinct 19","cd_district":9,"house_district":16,"senate_district":8,"bor_district":2,"ccc_district":13},"geometry":{"type":"Polygon","coordinates":[[[-87.69951600016321,41.993977999984736],[-87.69964199967853,41.997560999740415],[-87.69476499960501,41.9976460000629],[-87.69464600041255,41.99403499991536],[-87.69951600016321,41.993977999984736]]]}},{"type":"Feature","properties":{"JoinField":"CITY OF CHICAGO:Ward 50 Precinct 20","cd_district":9,"house_district":16,"senate_district":8,"bor_district":2,"ccc_district":13},"geometry":{"type":"Polygon","coordinates":[[[-87.69464600041255,41.99403499991536],[-87.69476499960501,41.9976460000629],[-87.68988300020027,41.99773000033929],[-87.68976400010848,41.994092999892075],[-87.69464600041255,41.99403499991536]]]}},{"type":"Feature","properties":{"JoinField":"CITY OF CHICAGO:Ward 50 Precinct 21","cd_district":9,"house_district":16,"senate_district":8,"bor_district":2,"ccc_district":13},"geometry":{"type":"Polygon","coordinates":[[[-87.68976400010848,41.994092999892075],[-87.68988300020027,41.99773000033929],[-87.68257300034367,41.997853999762356],[-87.68238899995237,41.99421900030666],[-87.68976400010848,41.994092999892075]]]}},{"type":"Feature","properties":{"JoinField":"CITY OF CHICAGO:Ward 50 Precinct 22","cd_district":9,"house_district":16,"senate_district":8,"bor_district":2,"ccc_district":13},"geometry":{"type":"Polygon","coordinates":[[[-87.70451400042077,41.99747600031719],[-87.70460300002838,42.00475399959748],[-87.69982900020818,42.004850999574046],[-87.69964199967853,41.997560999740415],[-87.70451400042077,41.99747600031719]]]}},{"type":"Feature","properties":{"JoinField":"CITY OF CHICAGO:Ward 50 Precinct 23","cd_district":9,"house_district":15,"senate_district":8,"bor_district":2,"ccc_district":13},"geometry":{"type":"Polygon","coordinates":[[[-87.70916499996474,41.99038399972187],[-87.71012400012245,41.993811000377434],[-87.69829999984506,41.99399299977716],[-87.69818099975328,41.99045000006748],[-87.70916499996474,41.99038399972187]]]}},{"type":"Feature","properties":{"JoinField":"CITY OF CHICAGO:Ward 50 Precinct 24","cd_district":9,"house_district":15,"senate_district":8,"bor_district":2,"ccc_district":13},"geometry":{"type":"Polygon","coordinates":[[[-87.72136799973339,41.99066400004364],[-87.72199099968486,41.99068400006661],[-87.72205900012273,41.993721999870445],[-87.72329699965678,41.99372099982435],[-87.7233559996796,41.99680599999698],[-87.72274600032762,41.996790000158455],[-87.72278899961259,41.997264999580125],[-87.71171599979351,41.997347999810415],[-87.71198799974633,41.99647800015964],[-87.71409499978438,41.99444800007518],[-87.71398400006154,41.9903229996068],[-87.72135700012541,41.99022999981469],[-87.72136799973339,41.99066400004364]]]}},{"type":"Feature","properties":{"JoinField":"CITY OF CHICAGO:Ward 50 Precinct 25","cd_district":9,"house_district":15,"senate_district":8,"bor_district":2,"ccc_district":13},"geometry":{"type":"Polygon","coordinates":[[[-87.71398400006154,41.9903229996068],[-87.71404400013046,41.99455999984417],[-87.71198799974633,41.99647800015964],[-87.71171599979351,41.997347999810415],[-87.71067999968221,41.997365999741135],[-87.71002600009979,41.99332100026402],[-87.70916499996474,41.99038399972187],[-87.71398400006154,41.9903229996068]]]}},{"type":"Feature","properties":{"JoinField":"CITY OF CHICAGO:Ward 50 Precinct 26","cd_district":9,"house_district":16,"senate_district":8,"bor_district":2,"ccc_district":13},"geometry":{"type":"Polygon","coordinates":[[[-87.71065600037406,41.997365999741135],[-87.70451400042077,41.99747600031719],[-87.70437500030596,41.99390400016955],[-87.71012400012245,41.993811000377434],[-87.71065600037406,41.997365999741135]]]}},{"type":"Feature","properties":{"JoinField":"CITY OF CHICAGO:Ward 50 Precinct 27","cd_district":9,"house_district":16,"senate_district":8,"bor_district":2,"ccc_district":13},"geometry":{"type":"Polygon","coordinates":[[[-87.70928900028707,42.00674699977429],[-87.70924800019503,42.008328999883474],[-87.70698800029595,42.00830399962996],[-87.70698800029595,42.00674499968204],[-87.70928900028707,42.00674699977429]]]}},{"type":"Feature","properties":{"JoinField":"CITY OF CHICAGO:Ward 50 Precinct 28","cd_district":5,"house_district":15,"senate_district":8,"bor_district":2,"ccc_district":10},"geometry":{"type":"Polygon","coordinates":[[[-87.70698200001925,41.98308000014197],[-87.70916499996474,41.99038399972187],[-87.70303999989602,41.990422999721716],[-87.70297300040363,41.988340999937236],[-87.70331199984889,41.98796699977726],[-87.6992379999337,41.9855449996021],[-87.69915699979566,41.98312100023401],[-87.70698200001925,41.98308000014197]]]}}]}